cluster,z_slope_Intensity,z_level_Intensity_t5
0,1.3388229975967147,0.6551114219326922
1,-0.030456005567748308,-0.3724454877996162
2,-0.7825346018652316,0.9971399175324022
