cluster,CMI_z_center,cmi_label
0,-1.1660435149786588,Young
1,0.32688480520141255,Old
