cluster,z_slope_Intensity,z_level_Intensity_t5
0,1.3203456394316049,0.5958870669307433
1,-0.0913558502465531,-0.4154063300854477
2,-0.777005620980765,1.0377268287075327
