cluster,CMI_z_center,cmi_label
0,0.21786085835212854,Old
1,-1.391192379509944,Young
