cluster,z_slope_Intensity,z_level_Intensity_t5
0,0.8683284276813504,1.1170297548217483
1,-0.21432542498359147,-0.22636025346903665
