cluster,CMI_z_center,cmi_label
0,0.3801622984089753,Old
1,-0.9654628867276107,Young
