cluster,z_slope_Intensity,z_level_Intensity_t5
0,-0.2511742902673364,-0.27607846536433167
1,0.9417045817370152,1.1898567387053414
