cluster,CMI_z_center,cmi_label
0,-1.1321995205541953,Young
1,0.30309784986523836,Old
