cluster,z_slope_Intensity,z_level_Intensity_t5
0,0.771768555389175,0.9089038744501838
1,-0.26797090491901643,-0.3858018784529448
