cluster,z_slope_Intensity,z_level_Intensity_t5
0,0.771768555389175,0.9089038744501837
1,-0.2679709049190163,-0.38580187845294484
