cluster,CMI_z_center,cmi_label
0,0.2641228839301418,Old
1,-1.0010710313918552,Young
