cluster,z_slope_Intensity,z_level_Intensity_t5
0,0.8814607759146958,0.9177931109903932
1,-0.2405263058263443,-0.20416793524030924
