K,silhouette,chosen_k,method,chosen_silhouette,feature
2,0.5340397058650417,2,kmeans,0.5340397058650417,CMI_z
3,0.5289734586924083,2,kmeans,0.5340397058650417,CMI_z
