cluster,CMI_z_center,cmi_label
0,-0.8600952876999892,Young
1,0.45213600208292054,Old
