cluster,z_slope_Intensity,z_level_Intensity_t5
0,0.959220488046546,1.0446918498223794
1,-0.20775763907440348,-0.20829312452246979
