K,silhouette,chosen_k,method,chosen_silhouette,feature
2,0.631082622977892,2,kmeans,0.631082622977892,CMI_z
3,0.536511307549943,2,kmeans,0.631082622977892,CMI_z
