cluster,CMI_z_center,cmi_label
0,0.20082433332396263,Old
1,-1.6905514246930287,Young
