{
"type": "FeatureCollection",
"name": "counties",
"crs": { "type": "name", "properties": { "name": "urn:ogc:def:crs:OGC:1.3:CRS84" } },
"xy_coordinate_resolution": 1e-05,
"features": [
{ "type": "Feature", "properties": { "county": "Sonoma", "GEOID": "06097", "bay_area_9": true, "total": 8, "student": 1, "individual": 6, "company": 1, "zcta_records": 8, "city_only_records": 0, "student_share": 0.125, "lon": -122.8566, "lat": 38.4819, "y2017": 1, "y2017_individual": 1, "y2017_student": 0, "y2017_company": 0, "y2018": 1, "y2018_individual": 1, "y2018_student": 0, "y2018_company": 0, "y2019": 2, "y2019_individual": 0, "y2019_student": 1, "y2019_company": 1, "y2020": 0, "y2020_individual": 0, "y2020_student": 0, "y2020_company": 0, "y2021": 0, "y2021_individual": 0, "y2021_student": 0, "y2021_company": 0, "y2022": 1, "y2022_individual": 1, "y2022_student": 0, "y2022_company": 0, "y2023": 0, "y2023_individual": 0, "y2023_student": 0, "y2023_company": 0, "y2024": 0, "y2024_individual": 0, "y2024_student": 0, "y2024_company": 0, "y2025": 0, "y2025_individual": 0, "y2025_student": 0, "y2025_company": 0, "y2026": 3, "y2026_individual": 3, "y2026_student": 0, "y2026_company": 0 }, "geometry": { "type": "Polygon", "coordinates": [ [ [ -123.53354, 38.76841 ], [ -123.52096, 38.75857 ], [ -123.51894, 38.75937 ], [ -123.51634, 38.76778 ], [ -123.50946, 38.76786 ], [ -123.50704, 38.77353 ], [ -123.49958, 38.77409 ], [ -123.49915, 38.77833 ], [ -123.49704, 38.7786 ], [ -123.36824, 38.77707 ], [ -123.36839, 38.80664 ], [ -123.13625, 38.80914 ], [ -123.13664, 38.83945 ], [ -123.08123, 38.83841 ], [ -123.081, 38.85244 ], [ -123.02767, 38.85292 ], [ -123.00692, 38.85125 ], [ -122.82159, 38.85014 ], [ -122.81972, 38.84901 ], [ -122.81765, 38.84984 ], [ -122.81831, 38.84458 ], [ -122.81287, 38.84327 ], [ -122.81106, 38.84132 ], [ -122.81209, 38.83841 ], [ -122.80867, 38.83664 ], [ -122.7998, 38.83698 ], [ -122.79831, 38.83933 ], [ -122.79599, 38.83895 ], [ -122.79139, 38.83043 ], [ -122.78614, 38.82734 ], [ -122.78019, 38.82684 ], [ -122.77029, 38.81957 ], [ -122.76636, 38.81506 ], [ -122.76761, 38.81387 ], [ -122.76055, 38.81054 ], [ -122.75975, 38.80843 ], [ -122.74776, 38.80334 ], [ -122.7462, 38.79925 ], [ -122.74822, 38.7878 ], [ -122.74225, 38.78234 ], [ -122.73891, 38.78186 ], [ -122.73534, 38.77789 ], [ -122.73588, 38.7745 ], [ -122.73366, 38.77171 ], [ -122.72954, 38.7707 ], [ -122.7282, 38.76608 ], [ -122.72269, 38.76301 ], [ -122.72416, 38.75656 ], [ -122.72151, 38.75658 ], [ -122.72009, 38.75354 ], [ -122.70932, 38.74902 ], [ -122.70877, 38.7464 ], [ -122.71233, 38.74223 ], [ -122.71038, 38.73208 ], [ -122.70092, 38.72887 ], [ -122.69625, 38.7201 ], [ -122.69726, 38.71802 ], [ -122.69545, 38.71309 ], [ -122.68241, 38.70791 ], [ -122.67683, 38.70799 ], [ -122.67423, 38.70635 ], [ -122.6694, 38.70837 ], [ -122.66219, 38.70594 ], [ -122.65409, 38.70701 ], [ -122.64657, 38.70618 ], [ -122.64378, 38.69896 ], [ -122.63705, 38.69373 ], [ -122.6395, 38.68906 ], [ -122.6339, 38.68528 ], [ -122.63159, 38.68023 ], [ -122.62546, 38.6744 ], [ -122.62677, 38.67078 ], [ -122.63325, 38.66913 ], [ -122.62764, 38.66862 ], [ -122.62333, 38.66457 ], [ -122.62327, 38.65255 ], [ -122.62727, 38.64486 ], [ -122.63378, 38.63894 ], [ -122.63248, 38.62795 ], [ -122.62938, 38.62716 ], [ -122.62858, 38.62256 ], [ -122.63368, 38.61998 ], [ -122.63345, 38.61619 ], [ -122.63962, 38.61189 ], [ -122.63906, 38.6092 ], [ -122.64659, 38.59812 ], [ -122.63499, 38.58639 ], [ -122.63507, 38.58301 ], [ -122.63021, 38.57853 ], [ -122.63192, 38.57647 ], [ -122.63183, 38.56937 ], [ -122.62666, 38.5702 ], [ -122.62268, 38.56769 ], [ -122.62042, 38.56567 ], [ -122.62085, 38.56032 ], [ -122.61432, 38.55868 ], [ -122.60808, 38.5599 ], [ -122.60338, 38.55885 ], [ -122.60003, 38.55557 ], [ -122.58731, 38.55265 ], [ -122.58591, 38.54949 ], [ -122.58215, 38.5494 ], [ -122.57719, 38.54231 ], [ -122.57403, 38.54043 ], [ -122.56968, 38.53328 ], [ -122.56952, 38.52948 ], [ -122.56622, 38.52815 ], [ -122.5666, 38.52555 ], [ -122.56409, 38.52532 ], [ -122.56245, 38.52709 ], [ -122.55416, 38.52617 ], [ -122.55053, 38.52199 ], [ -122.54714, 38.5226 ], [ -122.54467, 38.5207 ], [ -122.54336, 38.51856 ], [ -122.54489, 38.51621 ], [ -122.54168, 38.51341 ], [ -122.55003, 38.51119 ], [ -122.54722, 38.51034 ], [ -122.54553, 38.5068 ], [ -122.54316, 38.50749 ], [ -122.5406, 38.50303 ], [ -122.53531, 38.50169 ], [ -122.53776, 38.4982 ], [ -122.54366, 38.49858 ], [ -122.54473, 38.49567 ], [ -122.54178, 38.49319 ], [ -122.53642, 38.48278 ], [ -122.53196, 38.47939 ], [ -122.52963, 38.46959 ], [ -122.52015, 38.4714 ], [ -122.51584, 38.47081 ], [ -122.50607, 38.46498 ], [ -122.50973, 38.46216 ], [ -122.50948, 38.4574 ], [ -122.49794, 38.45542 ], [ -122.49365, 38.45685 ], [ -122.49219, 38.45458 ], [ -122.48, 38.45133 ], [ -122.48591, 38.4382 ], [ -122.49166, 38.4346 ], [ -122.49336, 38.42934 ], [ -122.49761, 38.4243 ], [ -122.47555, 38.40928 ], [ -122.47422, 38.40561 ], [ -122.47081, 38.40499 ], [ -122.47096, 38.4025 ], [ -122.4681, 38.40027 ], [ -122.4703, 38.39678 ], [ -122.46584, 38.39022 ], [ -122.45456, 38.38518 ], [ -122.45469, 38.38264 ], [ -122.44805, 38.37936 ], [ -122.44898, 38.37516 ], [ -122.45364, 38.37411 ], [ -122.45708, 38.36999 ], [ -122.45738, 38.36786 ], [ -122.45248, 38.36236 ], [ -122.44697, 38.35908 ], [ -122.44228, 38.35903 ], [ -122.43752, 38.35699 ], [ -122.4267, 38.34859 ], [ -122.4276, 38.34572 ], [ -122.42579, 38.34594 ], [ -122.42147, 38.33965 ], [ -122.41983, 38.33829 ], [ -122.41746, 38.33949 ], [ -122.41757, 38.33756 ], [ -122.41199, 38.33401 ], [ -122.41387, 38.33058 ], [ -122.40972, 38.32596 ], [ -122.40946, 38.32113 ], [ -122.40837, 38.31991 ], [ -122.4054, 38.32205 ], [ -122.40159, 38.3138 ], [ -122.39629, 38.30909 ], [ -122.39492, 38.30448 ], [ -122.40033, 38.30324 ], [ -122.40372, 38.29993 ], [ -122.40016, 38.28967 ], [ -122.40478, 38.28207 ], [ -122.39649, 38.27129 ], [ -122.3934, 38.27366 ], [ -122.38818, 38.27434 ], [ -122.38984, 38.26088 ], [ -122.38491, 38.25513 ], [ -122.37298, 38.24709 ], [ -122.3738, 38.24384 ], [ -122.37008, 38.2448 ], [ -122.36947, 38.24729 ], [ -122.36554, 38.24624 ], [ -122.36376, 38.24061 ], [ -122.36562, 38.23568 ], [ -122.3638, 38.23048 ], [ -122.3637, 38.22743 ], [ -122.36529, 38.22645 ], [ -122.36406, 38.21507 ], [ -122.36152, 38.21043 ], [ -122.35812, 38.20911 ], [ -122.35068, 38.20183 ], [ -122.34956, 38.19397 ], [ -122.35056, 38.1927 ], [ -122.35513, 38.19686 ], [ -122.36026, 38.19711 ], [ -122.36054, 38.19506 ], [ -122.35705, 38.19063 ], [ -122.35737, 38.18396 ], [ -122.35856, 38.18197 ], [ -122.36679, 38.18382 ], [ -122.36903, 38.1819 ], [ -122.36975, 38.17587 ], [ -122.36558, 38.16603 ], [ -122.36756, 38.15879 ], [ -122.37436, 38.15801 ], [ -122.38477, 38.16096 ], [ -122.404, 38.16041 ], [ -122.40751, 38.15781 ], [ -122.39813, 38.1428 ], [ -122.40001, 38.13859 ], [ -122.433, 38.1233 ], [ -122.4435, 38.11698 ], [ -122.44896, 38.11772 ], [ -122.45093, 38.12034 ], [ -122.44145, 38.13485 ], [ -122.44478, 38.13835 ], [ -122.49752, 38.11513 ], [ -122.4988, 38.1113 ], [ -122.50793, 38.1181 ], [ -122.5131, 38.13212 ], [ -122.51902, 38.13974 ], [ -122.53326, 38.14812 ], [ -122.54371, 38.15807 ], [ -122.54962, 38.15729 ], [ -122.55714, 38.15958 ], [ -122.55799, 38.16353 ], [ -122.55198, 38.169 ], [ -122.55329, 38.16998 ], [ -122.55924, 38.16862 ], [ -122.56319, 38.16932 ], [ -122.56446, 38.17508 ], [ -122.56838, 38.17684 ], [ -122.56509, 38.18222 ], [ -122.57073, 38.18714 ], [ -122.57317, 38.18588 ], [ -122.57069, 38.18352 ], [ -122.5782, 38.18358 ], [ -122.58186, 38.18611 ], [ -122.58212, 38.18802 ], [ -122.59115, 38.18599 ], [ -122.5926, 38.18877 ], [ -122.60092, 38.18526 ], [ -122.6035, 38.18085 ], [ -122.6125, 38.18059 ], [ -122.61511, 38.18235 ], [ -122.62265, 38.18262 ], [ -122.62541, 38.18239 ], [ -122.62818, 38.17889 ], [ -122.63387, 38.17845 ], [ -122.63795, 38.18025 ], [ -122.64924, 38.18113 ], [ -122.65944, 38.18698 ], [ -122.664, 38.1865 ], [ -122.66716, 38.1897 ], [ -122.68072, 38.18974 ], [ -122.6883, 38.19469 ], [ -122.70104, 38.19598 ], [ -122.70444, 38.19846 ], [ -122.71434, 38.20122 ], [ -122.71504, 38.2034 ], [ -122.723, 38.20713 ], [ -122.7399, 38.20702 ], [ -122.89844, 38.31452 ], [ -122.89993, 38.31679 ], [ -122.90924, 38.31427 ], [ -122.91088, 38.31686 ], [ -122.9073, 38.31864 ], [ -122.90811, 38.32075 ], [ -122.91607, 38.32026 ], [ -122.92095, 38.31684 ], [ -122.9166, 38.31321 ], [ -122.91824, 38.31013 ], [ -122.92151, 38.30857 ], [ -122.92564, 38.31274 ], [ -122.93252, 38.31171 ], [ -122.93543, 38.30961 ], [ -122.9367, 38.31045 ], [ -122.9338, 38.31359 ], [ -122.93506, 38.31395 ], [ -122.94033, 38.3109 ], [ -122.9436, 38.31256 ], [ -122.94675, 38.31121 ], [ -122.96129, 38.31654 ], [ -122.96612, 38.31697 ], [ -122.96905, 38.3108 ], [ -122.97108, 38.30994 ], [ -122.97487, 38.31147 ], [ -122.98161, 38.31114 ], [ -122.98413, 38.30822 ], [ -122.98771, 38.30812 ], [ -122.99163, 38.30553 ], [ -122.99475, 38.30619 ], [ -122.99411, 38.29938 ], [ -123.00279, 38.29571 ], [ -123.02433, 38.31057 ], [ -123.03874, 38.31358 ], [ -123.04467, 38.31318 ], [ -123.05106, 38.31069 ], [ -123.05348, 38.30572 ], [ -123.05202, 38.30225 ], [ -123.0535, 38.29939 ], [ -123.05824, 38.29836 ], [ -123.06367, 38.30218 ], [ -123.07403, 38.3184 ], [ -123.07977, 38.32408 ], [ -123.07468, 38.32257 ], [ -123.06844, 38.33521 ], [ -123.06826, 38.35986 ], [ -123.08064, 38.37738 ], [ -123.08557, 38.39052 ], [ -123.09391, 38.39483 ], [ -123.0947, 38.39295 ], [ -123.09641, 38.39341 ], [ -123.09861, 38.40636 ], [ -123.10371, 38.41554 ], [ -123.10903, 38.42042 ], [ -123.11338, 38.42153 ], [ -123.11703, 38.42869 ], [ -123.12175, 38.43001 ], [ -123.12238, 38.43731 ], [ -123.12436, 38.44062 ], [ -123.12797, 38.44068 ], [ -123.12633, 38.44312 ], [ -123.12883, 38.45042 ], [ -123.1368, 38.45477 ], [ -123.14361, 38.45589 ], [ -123.14533, 38.45942 ], [ -123.16159, 38.46822 ], [ -123.16643, 38.47495 ], [ -123.19861, 38.49114 ], [ -123.20228, 38.49431 ], [ -123.20957, 38.49612 ], [ -123.21525, 38.49951 ], [ -123.2203, 38.49862 ], [ -123.23138, 38.50257 ], [ -123.23664, 38.50926 ], [ -123.24567, 38.51197 ], [ -123.25069, 38.51019 ], [ -123.25491, 38.51198 ], [ -123.25467, 38.51588 ], [ -123.25816, 38.51682 ], [ -123.26902, 38.52521 ], [ -123.26875, 38.52989 ], [ -123.27417, 38.53272 ], [ -123.2788, 38.53149 ], [ -123.27911, 38.53586 ], [ -123.28293, 38.53597 ], [ -123.28716, 38.54022 ], [ -123.29715, 38.54345 ], [ -123.30631, 38.54927 ], [ -123.30678, 38.55271 ], [ -123.3104, 38.55618 ], [ -123.32332, 38.56133 ], [ -123.32392, 38.56372 ], [ -123.33064, 38.56686 ], [ -123.3319, 38.56554 ], [ -123.34011, 38.57223 ], [ -123.33936, 38.58298 ], [ -123.34334, 38.59001 ], [ -123.34961, 38.59681 ], [ -123.35479, 38.59821 ], [ -123.35714, 38.59655 ], [ -123.36188, 38.60102 ], [ -123.36831, 38.60323 ], [ -123.37188, 38.60724 ], [ -123.36808, 38.60788 ], [ -123.36665, 38.61048 ], [ -123.3676, 38.61345 ], [ -123.37486, 38.6155 ], [ -123.3793, 38.62195 ], [ -123.39066, 38.63146 ], [ -123.38788, 38.63262 ], [ -123.39434, 38.63715 ], [ -123.39332, 38.63878 ], [ -123.40866, 38.65472 ], [ -123.40566, 38.65673 ], [ -123.40913, 38.65911 ], [ -123.40942, 38.66216 ], [ -123.41605, 38.66733 ], [ -123.41545, 38.66929 ], [ -123.41966, 38.67468 ], [ -123.42467, 38.67568 ], [ -123.43497, 38.68179 ], [ -123.43224, 38.68338 ], [ -123.43264, 38.68731 ], [ -123.44177, 38.69974 ], [ -123.44547, 38.70083 ], [ -123.44613, 38.70369 ], [ -123.44828, 38.70323 ], [ -123.45318, 38.70706 ], [ -123.4558, 38.71214 ], [ -123.46129, 38.717 ], [ -123.47407, 38.72161 ], [ -123.48428, 38.72768 ], [ -123.49329, 38.73651 ], [ -123.50791, 38.74126 ], [ -123.51079, 38.74039 ], [ -123.51478, 38.74197 ], [ -123.52142, 38.74969 ], [ -123.52437, 38.74935 ], [ -123.52736, 38.75236 ], [ -123.52515, 38.7538 ], [ -123.52716, 38.7572 ], [ -123.53159, 38.75951 ], [ -123.53111, 38.76418 ], [ -123.53354, 38.76841 ] ] ] } },
{ "type": "Feature", "properties": { "county": "Alameda", "GEOID": "06001", "bay_area_9": true, "total": 120, "student": 27, "individual": 83, "company": 10, "zcta_records": 107, "city_only_records": 13, "student_share": 0.225, "lon": -121.8648, "lat": 37.6774, "y2017": 4, "y2017_individual": 4, "y2017_student": 0, "y2017_company": 0, "y2018": 10, "y2018_individual": 9, "y2018_student": 1, "y2018_company": 0, "y2019": 18, "y2019_individual": 10, "y2019_student": 5, "y2019_company": 3, "y2020": 9, "y2020_individual": 6, "y2020_student": 2, "y2020_company": 1, "y2021": 15, "y2021_individual": 12, "y2021_student": 1, "y2021_company": 2, "y2022": 12, "y2022_individual": 6, "y2022_student": 3, "y2022_company": 3, "y2023": 7, "y2023_individual": 5, "y2023_student": 2, "y2023_company": 0, "y2024": 5, "y2024_individual": 5, "y2024_student": 0, "y2024_company": 0, "y2025": 15, "y2025_individual": 13, "y2025_student": 1, "y2025_company": 1, "y2026": 25, "y2026_individual": 13, "y2026_student": 12, "y2026_company": 0 }, "geometry": { "type": "Polygon", "coordinates": [ [ [ -122.34225, 37.80556 ], [ -122.33302, 37.8108 ], [ -122.32278, 37.81013 ], [ -122.3173, 37.81626 ], [ -122.3192, 37.81908 ], [ -122.33037, 37.82058 ], [ -122.31611, 37.82734 ], [ -122.30612, 37.82602 ], [ -122.29662, 37.82846 ], [ -122.29804, 37.83635 ], [ -122.31591, 37.83681 ], [ -122.31419, 37.84231 ], [ -122.29923, 37.84048 ], [ -122.30137, 37.85549 ], [ -122.30835, 37.86293 ], [ -122.31694, 37.85881 ], [ -122.31872, 37.86638 ], [ -122.32519, 37.87428 ], [ -122.31866, 37.87531 ], [ -122.31316, 37.87015 ], [ -122.3085, 37.87088 ], [ -122.31145, 37.87977 ], [ -122.31615, 37.88492 ], [ -122.32691, 37.88871 ], [ -122.32691, 37.89249 ], [ -122.31544, 37.89223 ], [ -122.3111, 37.89043 ], [ -122.3095, 37.89298 ], [ -122.31315, 37.89729 ], [ -122.29621, 37.89893 ], [ -122.28817, 37.89784 ], [ -122.27878, 37.90074 ], [ -122.27787, 37.90315 ], [ -122.27108, 37.90582 ], [ -122.27024, 37.90436 ], [ -122.26388, 37.90367 ], [ -122.2607, 37.89964 ], [ -122.25711, 37.89986 ], [ -122.2563, 37.89679 ], [ -122.25377, 37.89622 ], [ -122.24915, 37.89113 ], [ -122.24926, 37.88697 ], [ -122.24197, 37.88193 ], [ -122.23868, 37.88332 ], [ -122.22362, 37.87857 ], [ -122.21637, 37.86908 ], [ -122.22142, 37.86547 ], [ -122.21238, 37.85723 ], [ -122.2089, 37.85194 ], [ -122.2031, 37.85119 ], [ -122.19511, 37.84361 ], [ -122.19562, 37.84191 ], [ -122.1886, 37.83775 ], [ -122.18512, 37.83735 ], [ -122.18382, 37.83435 ], [ -122.18702, 37.82754 ], [ -122.18558, 37.82073 ], [ -122.17787, 37.81632 ], [ -122.16667, 37.81362 ], [ -122.15739, 37.81795 ], [ -122.14881, 37.81376 ], [ -122.14032, 37.8047 ], [ -122.04547, 37.79813 ], [ -122.03047, 37.78773 ], [ -122.0138, 37.78013 ], [ -121.99741, 37.76336 ], [ -122.01077, 37.75513 ], [ -122.01177, 37.74743 ], [ -122.00107, 37.73903 ], [ -121.99543, 37.73835 ], [ -121.9881, 37.73315 ], [ -121.97194, 37.73032 ], [ -121.96004, 37.71853 ], [ -121.557, 37.81649 ], [ -121.55666, 37.54273 ], [ -121.55045, 37.53933 ], [ -121.54575, 37.53253 ], [ -121.54183, 37.53021 ], [ -121.5299, 37.52705 ], [ -121.52882, 37.52806 ], [ -121.52233, 37.52471 ], [ -121.50147, 37.525 ], [ -121.49827, 37.52243 ], [ -121.50237, 37.51847 ], [ -121.49723, 37.51246 ], [ -121.49538, 37.50813 ], [ -121.49602, 37.50494 ], [ -121.49318, 37.50242 ], [ -121.48206, 37.50144 ], [ -121.47936, 37.49648 ], [ -121.47094, 37.49118 ], [ -121.46921, 37.48936 ], [ -121.47192, 37.48178 ], [ -121.86527, 37.48464 ], [ -121.88025, 37.47155 ], [ -121.8826, 37.47055 ], [ -121.88597, 37.47137 ], [ -121.89076, 37.46804 ], [ -121.91133, 37.46224 ], [ -121.92504, 37.45419 ], [ -121.9279, 37.45535 ], [ -121.92844, 37.45739 ], [ -121.93207, 37.45528 ], [ -121.93147, 37.46091 ], [ -121.93412, 37.46033 ], [ -121.93603, 37.46293 ], [ -121.9389, 37.46239 ], [ -121.94109, 37.46495 ], [ -121.94378, 37.46546 ], [ -121.94491, 37.46916 ], [ -121.94709, 37.46742 ], [ -121.94617, 37.46395 ], [ -121.94813, 37.46184 ], [ -121.95192, 37.46146 ], [ -121.95931, 37.46352 ], [ -121.97471, 37.46074 ], [ -121.98001, 37.46089 ], [ -121.99647, 37.46704 ], [ -122.03618, 37.46497 ], [ -122.04087, 37.46286 ], [ -122.04984, 37.46608 ], [ -122.05343, 37.47332 ], [ -122.05554, 37.49523 ], [ -122.08264, 37.50157 ], [ -122.09279, 37.50062 ], [ -122.10253, 37.49724 ], [ -122.10942, 37.50025 ], [ -122.11134, 37.50758 ], [ -122.112, 37.52885 ], [ -122.12869, 37.56059 ], [ -122.13392, 37.56289 ], [ -122.14701, 37.58841 ], [ -122.14636, 37.60739 ], [ -122.1514, 37.62054 ], [ -122.15299, 37.64192 ], [ -122.16037, 37.66465 ], [ -122.16759, 37.67718 ], [ -122.17767, 37.68284 ], [ -122.18409, 37.69101 ], [ -122.18726, 37.6903 ], [ -122.19409, 37.69552 ], [ -122.20155, 37.70502 ], [ -122.20416, 37.7116 ], [ -122.21248, 37.70897 ], [ -122.21177, 37.70201 ], [ -122.21474, 37.69925 ], [ -122.25217, 37.72495 ], [ -122.24837, 37.72777 ], [ -122.26097, 37.73961 ], [ -122.26168, 37.74337 ], [ -122.24395, 37.75178 ], [ -122.27191, 37.76151 ], [ -122.27499, 37.76574 ], [ -122.2794, 37.76813 ], [ -122.28307, 37.76386 ], [ -122.28901, 37.76461 ], [ -122.28877, 37.76874 ], [ -122.29987, 37.77234 ], [ -122.30643, 37.77611 ], [ -122.31539, 37.7766 ], [ -122.31777, 37.77968 ], [ -122.32802, 37.78137 ], [ -122.33162, 37.78707 ], [ -122.33094, 37.79514 ], [ -122.33417, 37.80127 ], [ -122.34225, 37.80556 ] ] ] } },
{ "type": "Feature", "properties": { "county": "Mendocino", "GEOID": "06045", "bay_area_9": false, "total": 1, "student": 0, "individual": 1, "company": 0, "zcta_records": 1, "city_only_records": 0, "student_share": 0.0, "lon": -123.4397, "lat": 39.38, "y2017": 0, "y2017_individual": 0, "y2017_student": 0, "y2017_company": 0, "y2018": 0, "y2018_individual": 0, "y2018_student": 0, "y2018_company": 0, "y2019": 0, "y2019_individual": 0, "y2019_student": 0, "y2019_company": 0, "y2020": 0, "y2020_individual": 0, "y2020_student": 0, "y2020_company": 0, "y2021": 0, "y2021_individual": 0, "y2021_student": 0, "y2021_company": 0, "y2022": 0, "y2022_individual": 0, "y2022_student": 0, "y2022_company": 0, "y2023": 0, "y2023_individual": 0, "y2023_student": 0, "y2023_company": 0, "y2024": 0, "y2024_individual": 0, "y2024_student": 0, "y2024_company": 0, "y2025": 1, "y2025_individual": 1, "y2025_student": 0, "y2025_company": 0, "y2026": 0, "y2026_individual": 0, "y2026_student": 0, "y2026_company": 0 }, "geometry": { "type": "Polygon", "coordinates": [ [ [ -124.02325, 40.00128 ], [ -123.54446, 40.00192 ], [ -123.54456, 39.97702 ], [ -122.93401, 39.97813 ], [ -122.93521, 39.97716 ], [ -122.9269, 39.97127 ], [ -122.92577, 39.96815 ], [ -122.92493, 39.9594 ], [ -122.92738, 39.95633 ], [ -122.92682, 39.94507 ], [ -122.91657, 39.93733 ], [ -122.91316, 39.93581 ], [ -122.90979, 39.93639 ], [ -122.91191, 39.93205 ], [ -122.92062, 39.92893 ], [ -122.92052, 39.91649 ], [ -122.9283, 39.91254 ], [ -122.95, 39.90781 ], [ -122.95096, 39.90611 ], [ -122.94888, 39.90324 ], [ -122.94773, 39.89419 ], [ -122.95073, 39.88302 ], [ -122.94965, 39.8799 ], [ -122.95331, 39.87265 ], [ -122.9506, 39.86913 ], [ -122.95585, 39.85853 ], [ -122.95399, 39.85469 ], [ -122.95748, 39.85181 ], [ -122.96009, 39.84524 ], [ -122.95643, 39.83921 ], [ -122.95143, 39.83748 ], [ -122.94671, 39.83347 ], [ -122.94748, 39.82765 ], [ -122.9436, 39.80165 ], [ -122.93765, 39.79816 ], [ -122.93841, 39.74811 ], [ -122.91252, 39.74816 ], [ -122.91288, 39.70872 ], [ -122.89268, 39.7089 ], [ -122.89041, 39.62292 ], [ -122.8845, 39.61076 ], [ -122.88579, 39.56514 ], [ -122.89031, 39.52901 ], [ -122.9367, 39.53071 ], [ -122.9367, 39.5164 ], [ -123.02524, 39.51871 ], [ -123.02541, 39.51115 ], [ -123.04445, 39.5112 ], [ -123.04439, 39.50359 ], [ -123.06318, 39.50354 ], [ -123.06301, 39.45248 ], [ -123.07312, 39.45268 ], [ -123.07012, 39.43648 ], [ -123.07492, 39.43658 ], [ -123.07511, 39.40768 ], [ -123.05631, 39.40758 ], [ -123.05711, 39.37868 ], [ -123.04751, 39.37858 ], [ -123.04861, 39.36408 ], [ -123.03791, 39.36389 ], [ -123.03771, 39.33619 ], [ -123.02873, 39.33658 ], [ -123.02871, 39.32178 ], [ -123.01971, 39.32178 ], [ -123.01961, 39.27799 ], [ -123.00451, 39.27819 ], [ -123.00361, 39.25739 ], [ -122.99448, 39.25676 ], [ -122.99484, 39.23592 ], [ -123.01271, 39.23619 ], [ -123.01251, 39.22099 ], [ -123.02081, 39.22069 ], [ -123.02111, 39.21369 ], [ -123.02411, 39.21369 ], [ -123.02431, 39.20709 ], [ -123.02881, 39.20679 ], [ -123.02971, 39.19959 ], [ -123.03411, 39.19969 ], [ -123.03481, 39.19239 ], [ -123.04011, 39.19249 ], [ -123.04091, 39.18069 ], [ -123.04541, 39.18059 ], [ -123.04581, 39.17349 ], [ -123.07781, 39.17379 ], [ -123.07811, 39.13874 ], [ -123.08751, 39.13839 ], [ -123.08759, 39.11008 ], [ -123.08521, 39.11009 ], [ -123.08501, 39.09529 ], [ -123.09421, 39.09529 ], [ -123.09421, 39.08052 ], [ -123.09291, 39.08053 ], [ -123.09301, 39.07199 ], [ -123.08371, 39.07179 ], [ -123.08381, 39.06449 ], [ -123.06511, 39.06439 ], [ -123.06521, 39.04999 ], [ -123.05611, 39.04989 ], [ -123.05621, 39.0211 ], [ -123.04701, 39.0209 ], [ -123.04681, 39.0138 ], [ -123.03751, 39.0137 ], [ -123.03731, 39.0065 ], [ -123.02801, 39.0065 ], [ -123.02804, 38.99659 ], [ -123.01863, 38.99661 ], [ -123.01858, 38.99296 ], [ -123.00926, 38.99318 ], [ -123.00925, 38.9967 ], [ -122.98664, 38.99728 ], [ -122.98668, 38.98301 ], [ -122.97743, 38.9829 ], [ -122.97771, 38.94669 ], [ -122.96829, 38.94651 ], [ -122.96992, 38.93266 ], [ -122.96019, 38.93247 ], [ -122.96189, 38.92551 ], [ -122.94907, 38.92544 ], [ -122.94886, 38.90022 ], [ -122.91139, 38.90153 ], [ -122.91136, 38.89517 ], [ -122.89389, 38.89552 ], [ -122.89463, 38.88083 ], [ -122.8757, 38.88084 ], [ -122.87649, 38.87313 ], [ -122.85776, 38.87326 ], [ -122.85849, 38.86585 ], [ -122.83999, 38.86602 ], [ -122.8401, 38.85799 ], [ -122.82139, 38.85792 ], [ -122.82159, 38.85014 ], [ -123.00692, 38.85125 ], [ -123.02767, 38.85292 ], [ -123.081, 38.85244 ], [ -123.08123, 38.83841 ], [ -123.13664, 38.83945 ], [ -123.13625, 38.80914 ], [ -123.36839, 38.80664 ], [ -123.36824, 38.77707 ], [ -123.49704, 38.7786 ], [ -123.49915, 38.77833 ], [ -123.49958, 38.77409 ], [ -123.50704, 38.77353 ], [ -123.50946, 38.76786 ], [ -123.51634, 38.76778 ], [ -123.51894, 38.75937 ], [ -123.52096, 38.75857 ], [ -123.53769, 38.77138 ], [ -123.54248, 38.77232 ], [ -123.54184, 38.77676 ], [ -123.55812, 38.78526 ], [ -123.56131, 38.78453 ], [ -123.56254, 38.7862 ], [ -123.56065, 38.78943 ], [ -123.57986, 38.80284 ], [ -123.58266, 38.8029 ], [ -123.58413, 38.80078 ], [ -123.58653, 38.80274 ], [ -123.58992, 38.80231 ], [ -123.59078, 38.79874 ], [ -123.59325, 38.79903 ], [ -123.59434, 38.80105 ], [ -123.59102, 38.8043 ], [ -123.59268, 38.80707 ], [ -123.5972, 38.80818 ], [ -123.60175, 38.80704 ], [ -123.60279, 38.80901 ], [ -123.60005, 38.80911 ], [ -123.59862, 38.81078 ], [ -123.60274, 38.81707 ], [ -123.60157, 38.81899 ], [ -123.60532, 38.82276 ], [ -123.61248, 38.82669 ], [ -123.61805, 38.82791 ], [ -123.61931, 38.82995 ], [ -123.62566, 38.83159 ], [ -123.62811, 38.83576 ], [ -123.63457, 38.83945 ], [ -123.63864, 38.84387 ], [ -123.64739, 38.84547 ], [ -123.65221, 38.85458 ], [ -123.6547, 38.86564 ], [ -123.65985, 38.87253 ], [ -123.68043, 38.88256 ], [ -123.6881, 38.89359 ], [ -123.70298, 38.90204 ], [ -123.70776, 38.90913 ], [ -123.71104, 38.91021 ], [ -123.7104, 38.91488 ], [ -123.72165, 38.91901 ], [ -123.72537, 38.91744 ], [ -123.72798, 38.91943 ], [ -123.72995, 38.92961 ], [ -123.72763, 38.9295 ], [ -123.72631, 38.93637 ], [ -123.73177, 38.94092 ], [ -123.74192, 38.95623 ], [ -123.736, 38.95805 ], [ -123.73289, 38.95499 ], [ -123.72905, 38.95667 ], [ -123.72135, 38.96388 ], [ -123.71115, 38.97732 ], [ -123.6969, 39.0044 ], [ -123.69074, 39.02129 ], [ -123.69259, 39.02521 ], [ -123.69206, 39.03015 ], [ -123.6901, 39.03116 ], [ -123.69037, 39.03655 ], [ -123.69291, 39.03722 ], [ -123.69394, 39.04189 ], [ -123.69083, 39.04425 ], [ -123.6934, 39.04844 ], [ -123.69124, 39.05079 ], [ -123.6952, 39.05629 ], [ -123.69317, 39.0577 ], [ -123.70275, 39.07322 ], [ -123.70272, 39.07817 ], [ -123.70586, 39.08082 ], [ -123.70392, 39.0819 ], [ -123.70616, 39.09091 ], [ -123.71105, 39.09763 ], [ -123.70831, 39.09835 ], [ -123.70807, 39.10233 ], [ -123.71339, 39.10842 ], [ -123.7163, 39.11817 ], [ -123.72023, 39.12267 ], [ -123.71818, 39.12511 ], [ -123.71818, 39.12788 ], [ -123.72039, 39.1301 ], [ -123.71937, 39.13452 ], [ -123.72754, 39.13843 ], [ -123.72768, 39.14152 ], [ -123.7322, 39.14134 ], [ -123.73322, 39.13914 ], [ -123.73594, 39.13964 ], [ -123.73791, 39.14344 ], [ -123.73907, 39.15463 ], [ -123.73793, 39.16271 ], [ -123.74513, 39.16745 ], [ -123.74675, 39.17198 ], [ -123.75364, 39.17596 ], [ -123.75229, 39.17855 ], [ -123.75617, 39.18191 ], [ -123.76101, 39.19159 ], [ -123.76457, 39.19153 ], [ -123.76589, 39.19366 ], [ -123.77142, 39.19422 ], [ -123.77301, 39.19828 ], [ -123.76992, 39.2018 ], [ -123.7768, 39.21448 ], [ -123.77094, 39.2143 ], [ -123.76975, 39.21559 ], [ -123.77165, 39.21927 ], [ -123.77658, 39.22296 ], [ -123.7787, 39.23078 ], [ -123.78164, 39.23108 ], [ -123.77737, 39.23721 ], [ -123.78348, 39.25265 ], [ -123.78834, 39.25371 ], [ -123.78686, 39.25966 ], [ -123.78857, 39.26076 ], [ -123.78901, 39.26971 ], [ -123.7921, 39.27357 ], [ -123.79899, 39.27135 ], [ -123.80385, 39.27877 ], [ -123.80176, 39.28353 ], [ -123.80482, 39.28966 ], [ -123.80184, 39.29326 ], [ -123.79828, 39.29031 ], [ -123.79542, 39.29105 ], [ -123.79661, 39.30135 ], [ -123.80184, 39.303 ], [ -123.80517, 39.3008 ], [ -123.80953, 39.30279 ], [ -123.81373, 39.30834 ], [ -123.81373, 39.3122 ], [ -123.80683, 39.31165 ], [ -123.80113, 39.31312 ], [ -123.80089, 39.31827 ], [ -123.80877, 39.32437 ], [ -123.80564, 39.32489 ], [ -123.80778, 39.32893 ], [ -123.81057, 39.3274 ], [ -123.81802, 39.3347 ], [ -123.81737, 39.3388 ], [ -123.82772, 39.34843 ], [ -123.82359, 39.35811 ], [ -123.82632, 39.36238 ], [ -123.81705, 39.36055 ], [ -123.82062, 39.36514 ], [ -123.82631, 39.36871 ], [ -123.82345, 39.37116 ], [ -123.82215, 39.37543 ], [ -123.8205, 39.39168 ], [ -123.82189, 39.40681 ], [ -123.81637, 39.40885 ], [ -123.81525, 39.41127 ], [ -123.81499, 39.41785 ], [ -123.81823, 39.42434 ], [ -123.81675, 39.42607 ], [ -123.8104, 39.42594 ], [ -123.80873, 39.42741 ], [ -123.80968, 39.43034 ], [ -123.8156, 39.43038 ], [ -123.81988, 39.43949 ], [ -123.8161, 39.43876 ], [ -123.81254, 39.44264 ], [ -123.81614, 39.44457 ], [ -123.81254, 39.45053 ], [ -123.81354, 39.45338 ], [ -123.80725, 39.46743 ], [ -123.80802, 39.47091 ], [ -123.80438, 39.47308 ], [ -123.80232, 39.48688 ], [ -123.80469, 39.48815 ], [ -123.80429, 39.49002 ], [ -123.80208, 39.48925 ], [ -123.79564, 39.49221 ], [ -123.78417, 39.50942 ], [ -123.76647, 39.5528 ], [ -123.76721, 39.55985 ], [ -123.77099, 39.56521 ], [ -123.77294, 39.57217 ], [ -123.77861, 39.57814 ], [ -123.77707, 39.58379 ], [ -123.78636, 39.59251 ], [ -123.78863, 39.59998 ], [ -123.78727, 39.60785 ], [ -123.78552, 39.60725 ], [ -123.78354, 39.60952 ], [ -123.78232, 39.62149 ], [ -123.78699, 39.62659 ], [ -123.78463, 39.62874 ], [ -123.78636, 39.65993 ], [ -123.78899, 39.66476 ], [ -123.79281, 39.66707 ], [ -123.79189, 39.68117 ], [ -123.79424, 39.68999 ], [ -123.80335, 39.699 ], [ -123.80821, 39.71072 ], [ -123.82474, 39.71813 ], [ -123.82954, 39.72307 ], [ -123.8316, 39.73063 ], [ -123.82846, 39.73205 ], [ -123.82917, 39.73607 ], [ -123.83509, 39.73877 ], [ -123.83155, 39.73954 ], [ -123.83187, 39.74317 ], [ -123.83542, 39.75062 ], [ -123.83809, 39.75241 ], [ -123.83715, 39.77623 ], [ -123.8398, 39.79564 ], [ -123.8441, 39.80534 ], [ -123.84633, 39.80664 ], [ -123.8464, 39.8172 ], [ -123.85171, 39.83204 ], [ -123.85376, 39.8341 ], [ -123.88146, 39.84542 ], [ -123.89529, 39.85593 ], [ -123.89974, 39.85589 ], [ -123.90202, 39.86039 ], [ -123.9041, 39.85978 ], [ -123.90766, 39.86303 ], [ -123.91514, 39.87531 ], [ -123.91585, 39.88111 ], [ -123.93005, 39.9097 ], [ -123.93721, 39.91334 ], [ -123.93956, 39.91302 ], [ -123.95109, 39.92146 ], [ -123.95495, 39.92237 ], [ -123.96265, 39.93764 ], [ -123.97509, 39.95282 ], [ -123.98003, 39.96246 ], [ -123.99586, 39.97304 ], [ -124.00632, 39.98556 ], [ -124.01291, 39.9902 ], [ -124.02325, 40.00128 ] ] ] } },
{ "type": "Feature", "properties": { "county": "Napa", "GEOID": "06055", "bay_area_9": true, "total": 6, "student": 1, "individual": 5, "company": 0, "zcta_records": 6, "city_only_records": 0, "student_share": 0.167, "lon": -122.3273, "lat": 38.5097, "y2017": 0, "y2017_individual": 0, "y2017_student": 0, "y2017_company": 0, "y2018": 1, "y2018_individual": 1, "y2018_student": 0, "y2018_company": 0, "y2019": 0, "y2019_individual": 0, "y2019_student": 0, "y2019_company": 0, "y2020": 0, "y2020_individual": 0, "y2020_student": 0, "y2020_company": 0, "y2021": 0, "y2021_individual": 0, "y2021_student": 0, "y2021_company": 0, "y2022": 0, "y2022_individual": 0, "y2022_student": 0, "y2022_company": 0, "y2023": 2, "y2023_individual": 2, "y2023_student": 0, "y2023_company": 0, "y2024": 1, "y2024_individual": 1, "y2024_student": 0, "y2024_company": 0, "y2025": 1, "y2025_individual": 1, "y2025_student": 0, "y2025_company": 0, "y2026": 1, "y2026_individual": 0, "y2026_student": 1, "y2026_company": 0 }, "geometry": { "type": "Polygon", "coordinates": [ [ [ -122.64661, 38.59911 ], [ -122.63906, 38.6092 ], [ -122.63962, 38.61189 ], [ -122.63345, 38.61619 ], [ -122.63368, 38.61998 ], [ -122.62858, 38.62256 ], [ -122.62938, 38.62716 ], [ -122.63248, 38.62795 ], [ -122.63378, 38.63894 ], [ -122.6242, 38.64981 ], [ -122.62333, 38.66457 ], [ -122.62764, 38.66862 ], [ -122.63325, 38.66913 ], [ -122.46412, 38.70613 ], [ -122.41588, 38.76821 ], [ -122.40305, 38.77298 ], [ -122.40899, 38.77609 ], [ -122.4073, 38.78021 ], [ -122.40802, 38.78465 ], [ -122.4127, 38.78627 ], [ -122.40871, 38.78809 ], [ -122.40409, 38.79891 ], [ -122.39732, 38.80497 ], [ -122.38969, 38.80252 ], [ -122.37974, 38.80215 ], [ -122.37871, 38.80582 ], [ -122.37564, 38.80807 ], [ -122.37372, 38.81649 ], [ -122.37669, 38.82194 ], [ -122.37537, 38.82645 ], [ -122.382, 38.83419 ], [ -122.38959, 38.83836 ], [ -122.39421, 38.84761 ], [ -122.39972, 38.85429 ], [ -122.40357, 38.85608 ], [ -122.39531, 38.86399 ], [ -122.39223, 38.85877 ], [ -122.38138, 38.85005 ], [ -122.37617, 38.84903 ], [ -122.37273, 38.84524 ], [ -122.35072, 38.83587 ], [ -122.34768, 38.83639 ], [ -122.34241, 38.84211 ], [ -122.33847, 38.842 ], [ -122.3347, 38.84376 ], [ -122.33029, 38.84231 ], [ -122.32405, 38.84625 ], [ -122.31497, 38.83955 ], [ -122.30294, 38.84257 ], [ -122.30172, 38.8395 ], [ -122.29527, 38.8388 ], [ -122.2876, 38.83997 ], [ -122.2817, 38.82593 ], [ -122.27573, 38.81869 ], [ -122.27341, 38.80973 ], [ -122.26123, 38.7939 ], [ -122.25858, 38.78626 ], [ -122.25432, 38.78119 ], [ -122.24778, 38.75358 ], [ -122.24265, 38.74969 ], [ -122.2404, 38.74343 ], [ -122.23396, 38.74041 ], [ -122.22927, 38.73108 ], [ -122.2254, 38.7278 ], [ -122.22379, 38.72218 ], [ -122.22669, 38.7205 ], [ -122.22151, 38.7047 ], [ -122.22272, 38.69942 ], [ -122.21981, 38.69612 ], [ -122.21237, 38.6933 ], [ -122.21106, 38.69601 ], [ -122.20633, 38.69572 ], [ -122.20135, 38.69066 ], [ -122.19806, 38.68358 ], [ -122.20211, 38.67774 ], [ -122.19044, 38.66383 ], [ -122.18085, 38.65715 ], [ -122.17408, 38.65886 ], [ -122.16637, 38.65545 ], [ -122.16441, 38.65278 ], [ -122.16034, 38.64395 ], [ -122.16416, 38.64059 ], [ -122.15917, 38.63511 ], [ -122.16076, 38.63281 ], [ -122.1687, 38.62987 ], [ -122.16621, 38.62497 ], [ -122.16646, 38.61966 ], [ -122.16404, 38.61789 ], [ -122.15949, 38.61928 ], [ -122.15568, 38.62278 ], [ -122.14903, 38.62519 ], [ -122.14941, 38.62317 ], [ -122.1417, 38.61171 ], [ -122.13799, 38.61027 ], [ -122.13439, 38.60463 ], [ -122.13162, 38.59477 ], [ -122.12698, 38.58744 ], [ -122.12685, 38.58178 ], [ -122.12143, 38.56841 ], [ -122.12331, 38.56501 ], [ -122.11422, 38.53943 ], [ -122.11529, 38.5352 ], [ -122.1116, 38.53088 ], [ -122.11287, 38.52681 ], [ -122.10399, 38.51574 ], [ -122.10363, 38.51216 ], [ -122.10631, 38.50745 ], [ -122.10718, 38.49451 ], [ -122.10508, 38.49067 ], [ -122.10827, 38.48626 ], [ -122.12322, 38.44957 ], [ -122.12652, 38.43598 ], [ -122.12621, 38.42782 ], [ -122.11772, 38.414 ], [ -122.11458, 38.41373 ], [ -122.11491, 38.41218 ], [ -122.10963, 38.4072 ], [ -122.10947, 38.4045 ], [ -122.08893, 38.38423 ], [ -122.07774, 38.36382 ], [ -122.0735, 38.36138 ], [ -122.07325, 38.35677 ], [ -122.06962, 38.35094 ], [ -122.07093, 38.34844 ], [ -122.06918, 38.34155 ], [ -122.0614, 38.32838 ], [ -122.06173, 38.32567 ], [ -122.06542, 38.3232 ], [ -122.06774, 38.31856 ], [ -122.06484, 38.31591 ], [ -122.20615, 38.3155 ], [ -122.20449, 38.31164 ], [ -122.20084, 38.30938 ], [ -122.20277, 38.30486 ], [ -122.19907, 38.3018 ], [ -122.20338, 38.29335 ], [ -122.20123, 38.29275 ], [ -122.19809, 38.28489 ], [ -122.19012, 38.27753 ], [ -122.19109, 38.2759 ], [ -122.18839, 38.27157 ], [ -122.19431, 38.27093 ], [ -122.19742, 38.27297 ], [ -122.21028, 38.27184 ], [ -122.21208, 38.27302 ], [ -122.21612, 38.26624 ], [ -122.21654, 38.26244 ], [ -122.21309, 38.25925 ], [ -122.20325, 38.25979 ], [ -122.19369, 38.25732 ], [ -122.19432, 38.25213 ], [ -122.19935, 38.25129 ], [ -122.20085, 38.24945 ], [ -122.20377, 38.24913 ], [ -122.20555, 38.25106 ], [ -122.21131, 38.2527 ], [ -122.2121, 38.24858 ], [ -122.20927, 38.24487 ], [ -122.20509, 38.24411 ], [ -122.20418, 38.24126 ], [ -122.20158, 38.24022 ], [ -122.19603, 38.23084 ], [ -122.19322, 38.22131 ], [ -122.19612, 38.21939 ], [ -122.19612, 38.21621 ], [ -122.19392, 38.21371 ], [ -122.20383, 38.20635 ], [ -122.20569, 38.19633 ], [ -122.21155, 38.19198 ], [ -122.20956, 38.18986 ], [ -122.21526, 38.18866 ], [ -122.213, 38.18431 ], [ -122.21482, 38.17906 ], [ -122.20767, 38.17264 ], [ -122.20325, 38.17248 ], [ -122.20344, 38.16878 ], [ -122.19527, 38.16716 ], [ -122.1941, 38.16495 ], [ -122.19883, 38.15933 ], [ -122.19538, 38.15502 ], [ -122.40679, 38.15563 ], [ -122.40751, 38.15781 ], [ -122.404, 38.16041 ], [ -122.39682, 38.16145 ], [ -122.38477, 38.16096 ], [ -122.37436, 38.15801 ], [ -122.36756, 38.15879 ], [ -122.36558, 38.16603 ], [ -122.36975, 38.17587 ], [ -122.36903, 38.1819 ], [ -122.36679, 38.18382 ], [ -122.35856, 38.18197 ], [ -122.35737, 38.18396 ], [ -122.35705, 38.19063 ], [ -122.36054, 38.19506 ], [ -122.36026, 38.19711 ], [ -122.35513, 38.19686 ], [ -122.35056, 38.1927 ], [ -122.34956, 38.19397 ], [ -122.35068, 38.20183 ], [ -122.35812, 38.20911 ], [ -122.36152, 38.21043 ], [ -122.36406, 38.21507 ], [ -122.36529, 38.22645 ], [ -122.3637, 38.22743 ], [ -122.3638, 38.23048 ], [ -122.36562, 38.23568 ], [ -122.36376, 38.24061 ], [ -122.36554, 38.24624 ], [ -122.36947, 38.24729 ], [ -122.37008, 38.2448 ], [ -122.3738, 38.24384 ], [ -122.37298, 38.24709 ], [ -122.38491, 38.25513 ], [ -122.38984, 38.26088 ], [ -122.38818, 38.27434 ], [ -122.3934, 38.27366 ], [ -122.39649, 38.27129 ], [ -122.40478, 38.28207 ], [ -122.40016, 38.28967 ], [ -122.40372, 38.29993 ], [ -122.40033, 38.30324 ], [ -122.39492, 38.30448 ], [ -122.39629, 38.30909 ], [ -122.40159, 38.3138 ], [ -122.4054, 38.32205 ], [ -122.40837, 38.31991 ], [ -122.40946, 38.32113 ], [ -122.40972, 38.32596 ], [ -122.41387, 38.33058 ], [ -122.41199, 38.33401 ], [ -122.41757, 38.33756 ], [ -122.41746, 38.33949 ], [ -122.41983, 38.33829 ], [ -122.42579, 38.34594 ], [ -122.4276, 38.34572 ], [ -122.4267, 38.34859 ], [ -122.43752, 38.35699 ], [ -122.44228, 38.35903 ], [ -122.44697, 38.35908 ], [ -122.45248, 38.36236 ], [ -122.45738, 38.36786 ], [ -122.45364, 38.37411 ], [ -122.44898, 38.37516 ], [ -122.44805, 38.37936 ], [ -122.45469, 38.38264 ], [ -122.45456, 38.38518 ], [ -122.46584, 38.39022 ], [ -122.4703, 38.39678 ], [ -122.4681, 38.40027 ], [ -122.47096, 38.4025 ], [ -122.47081, 38.40499 ], [ -122.47422, 38.40561 ], [ -122.47555, 38.40928 ], [ -122.49761, 38.4243 ], [ -122.49336, 38.42934 ], [ -122.49166, 38.4346 ], [ -122.48591, 38.4382 ], [ -122.48, 38.45133 ], [ -122.49219, 38.45458 ], [ -122.49365, 38.45685 ], [ -122.49794, 38.45542 ], [ -122.50948, 38.4574 ], [ -122.50973, 38.46216 ], [ -122.50607, 38.46498 ], [ -122.51584, 38.47081 ], [ -122.52015, 38.4714 ], [ -122.52963, 38.46959 ], [ -122.53196, 38.47939 ], [ -122.53642, 38.48278 ], [ -122.54178, 38.49319 ], [ -122.54473, 38.49567 ], [ -122.54366, 38.49858 ], [ -122.53776, 38.4982 ], [ -122.53531, 38.50169 ], [ -122.5406, 38.50303 ], [ -122.54316, 38.50749 ], [ -122.54553, 38.5068 ], [ -122.54722, 38.51034 ], [ -122.55003, 38.51119 ], [ -122.54168, 38.51341 ], [ -122.54489, 38.51621 ], [ -122.54336, 38.51856 ], [ -122.54467, 38.5207 ], [ -122.54714, 38.5226 ], [ -122.55053, 38.52199 ], [ -122.55416, 38.52617 ], [ -122.56245, 38.52709 ], [ -122.56409, 38.52532 ], [ -122.5666, 38.52555 ], [ -122.56622, 38.52815 ], [ -122.56952, 38.52948 ], [ -122.56968, 38.53328 ], [ -122.57403, 38.54043 ], [ -122.57719, 38.54231 ], [ -122.58215, 38.5494 ], [ -122.58591, 38.54949 ], [ -122.58731, 38.55265 ], [ -122.60003, 38.55557 ], [ -122.60338, 38.55885 ], [ -122.60808, 38.5599 ], [ -122.61432, 38.55868 ], [ -122.62085, 38.56032 ], [ -122.62042, 38.56567 ], [ -122.62268, 38.56769 ], [ -122.62666, 38.5702 ], [ -122.63183, 38.56937 ], [ -122.63192, 38.57647 ], [ -122.63021, 38.57853 ], [ -122.63307, 38.57994 ], [ -122.63499, 38.58639 ], [ -122.63986, 38.59001 ], [ -122.64661, 38.59911 ] ] ] } },
{ "type": "Feature", "properties": { "county": "Sutter", "GEOID": "06101", "bay_area_9": false, "total": 0, "student": 0, "individual": 0, "company": 0, "zcta_records": 0, "city_only_records": 0, "student_share": 0.0, "lon": -121.7081, "lat": 39.0218, "y2017": 0, "y2017_individual": 0, "y2017_student": 0, "y2017_company": 0, "y2018": 0, "y2018_individual": 0, "y2018_student": 0, "y2018_company": 0, "y2019": 0, "y2019_individual": 0, "y2019_student": 0, "y2019_company": 0, "y2020": 0, "y2020_individual": 0, "y2020_student": 0, "y2020_company": 0, "y2021": 0, "y2021_individual": 0, "y2021_student": 0, "y2021_company": 0, "y2022": 0, "y2022_individual": 0, "y2022_student": 0, "y2022_company": 0, "y2023": 0, "y2023_individual": 0, "y2023_student": 0, "y2023_company": 0, "y2024": 0, "y2024_individual": 0, "y2024_student": 0, "y2024_company": 0, "y2025": 0, "y2025_individual": 0, "y2025_student": 0, "y2025_company": 0, "y2026": 0, "y2026_individual": 0, "y2026_student": 0, "y2026_company": 0 }, "geometry": { "type": "Polygon", "coordinates": [ [ [ -121.94828, 39.24177 ], [ -121.94682, 39.24984 ], [ -121.94226, 39.2561 ], [ -121.94131, 39.26236 ], [ -121.93692, 39.26795 ], [ -121.92957, 39.27061 ], [ -121.92794, 39.27524 ], [ -121.9208, 39.28163 ], [ -121.92136, 39.28915 ], [ -121.91912, 39.28924 ], [ -121.91874, 39.29231 ], [ -121.9167, 39.29211 ], [ -121.91688, 39.29572 ], [ -121.91337, 39.29937 ], [ -121.90856, 39.30143 ], [ -121.90827, 39.30388 ], [ -121.79839, 39.30363 ], [ -121.63015, 39.30567 ], [ -121.63245, 39.30304 ], [ -121.63121, 39.30059 ], [ -121.62376, 39.29562 ], [ -121.62556, 39.29248 ], [ -121.63156, 39.29176 ], [ -121.63147, 39.29082 ], [ -121.62708, 39.27946 ], [ -121.6223, 39.27567 ], [ -121.62229, 39.27335 ], [ -121.6238, 39.2719 ], [ -121.63098, 39.27343 ], [ -121.6323, 39.27038 ], [ -121.62837, 39.26647 ], [ -121.6214, 39.26394 ], [ -121.62705, 39.25941 ], [ -121.63546, 39.26215 ], [ -121.63637, 39.24608 ], [ -121.63438, 39.23981 ], [ -121.62889, 39.23689 ], [ -121.62751, 39.23453 ], [ -121.62885, 39.23053 ], [ -121.62771, 39.2286 ], [ -121.62479, 39.22768 ], [ -121.61827, 39.22978 ], [ -121.61431, 39.22874 ], [ -121.61812, 39.22065 ], [ -121.61369, 39.21453 ], [ -121.61696, 39.21252 ], [ -121.62028, 39.21349 ], [ -121.61944, 39.21045 ], [ -121.62122, 39.20607 ], [ -121.62413, 39.207 ], [ -121.62909, 39.20468 ], [ -121.62438, 39.19937 ], [ -121.62403, 39.19635 ], [ -121.61514, 39.1933 ], [ -121.61312, 39.19062 ], [ -121.61836, 39.18341 ], [ -121.61616, 39.17839 ], [ -121.61116, 39.17571 ], [ -121.61216, 39.17125 ], [ -121.61561, 39.16782 ], [ -121.60551, 39.14846 ], [ -121.60778, 39.1451 ], [ -121.60757, 39.14089 ], [ -121.59768, 39.12779 ], [ -121.60463, 39.11276 ], [ -121.60135, 39.10418 ], [ -121.60268, 39.10016 ], [ -121.59563, 39.09945 ], [ -121.59036, 39.1027 ], [ -121.58739, 39.10161 ], [ -121.58676, 39.0978 ], [ -121.58591, 39.08969 ], [ -121.59774, 39.07574 ], [ -121.61025, 39.05691 ], [ -121.60563, 39.03263 ], [ -121.59462, 39.02371 ], [ -121.59439, 39.02065 ], [ -121.60004, 39.01211 ], [ -121.58407, 39.00956 ], [ -121.57933, 39.00757 ], [ -121.5894, 38.99034 ], [ -121.58655, 38.97998 ], [ -121.58737, 38.97337 ], [ -121.58145, 38.96529 ], [ -121.58046, 38.96129 ], [ -121.58259, 38.9557 ], [ -121.57796, 38.94677 ], [ -121.58218, 38.93565 ], [ -121.57892, 38.92169 ], [ -121.57546, 38.91839 ], [ -121.57555, 38.92436 ], [ -121.5713, 38.93892 ], [ -121.56147, 38.95344 ], [ -121.55352, 38.95375 ], [ -121.54331, 38.9724 ], [ -121.52465, 38.97147 ], [ -121.50903, 38.98279 ], [ -121.49369, 38.9843 ], [ -121.48965, 38.99205 ], [ -121.48786, 38.99064 ], [ -121.48205, 38.9935 ], [ -121.47441, 38.99217 ], [ -121.45946, 38.99784 ], [ -121.4486, 38.99706 ], [ -121.44383, 38.99332 ], [ -121.44196, 38.99486 ], [ -121.43753, 38.99363 ], [ -121.42207, 38.99633 ], [ -121.41463, 38.99601 ], [ -121.4144, 38.92621 ], [ -121.46936, 38.92599 ], [ -121.4698, 38.75194 ], [ -121.48444, 38.75135 ], [ -121.4844, 38.7346 ], [ -121.52177, 38.7364 ], [ -121.60289, 38.73584 ], [ -121.59341, 38.75398 ], [ -121.59262, 38.76286 ], [ -121.60302, 38.77811 ], [ -121.60811, 38.78086 ], [ -121.62528, 38.78534 ], [ -121.63082, 38.78317 ], [ -121.62795, 38.77919 ], [ -121.63148, 38.77612 ], [ -121.63342, 38.76848 ], [ -121.63631, 38.76741 ], [ -121.6404, 38.77276 ], [ -121.64526, 38.77399 ], [ -121.64859, 38.77282 ], [ -121.63902, 38.7677 ], [ -121.65238, 38.76455 ], [ -121.656, 38.76507 ], [ -121.65894, 38.76962 ], [ -121.66221, 38.76982 ], [ -121.66429, 38.76526 ], [ -121.65993, 38.76103 ], [ -121.65846, 38.75527 ], [ -121.66708, 38.75503 ], [ -121.66904, 38.75329 ], [ -121.67, 38.74482 ], [ -121.67345, 38.74303 ], [ -121.67752, 38.74927 ], [ -121.67002, 38.75931 ], [ -121.67772, 38.76067 ], [ -121.68028, 38.76345 ], [ -121.68808, 38.76415 ], [ -121.69269, 38.76831 ], [ -121.68644, 38.77536 ], [ -121.69337, 38.78982 ], [ -121.69067, 38.79563 ], [ -121.69669, 38.79736 ], [ -121.69832, 38.80134 ], [ -121.70125, 38.80303 ], [ -121.70749, 38.80104 ], [ -121.72074, 38.80214 ], [ -121.72335, 38.80376 ], [ -121.72341, 38.82562 ], [ -121.73077, 38.83635 ], [ -121.72992, 38.83926 ], [ -121.72597, 38.84125 ], [ -121.72869, 38.8447 ], [ -121.72828, 38.84737 ], [ -121.72378, 38.85043 ], [ -121.72354, 38.85229 ], [ -121.72816, 38.85341 ], [ -121.72853, 38.85727 ], [ -121.7448, 38.86415 ], [ -121.74862, 38.87132 ], [ -121.7587, 38.86871 ], [ -121.76023, 38.86719 ], [ -121.75808, 38.86261 ], [ -121.7653, 38.86419 ], [ -121.77002, 38.86154 ], [ -121.77674, 38.86134 ], [ -121.78427, 38.85668 ], [ -121.78433, 38.86054 ], [ -121.78667, 38.8637 ], [ -121.79302, 38.86297 ], [ -121.79598, 38.86666 ], [ -121.80173, 38.86428 ], [ -121.8039, 38.87002 ], [ -121.80981, 38.87212 ], [ -121.81481, 38.87658 ], [ -121.81724, 38.88287 ], [ -121.81633, 38.88495 ], [ -121.80916, 38.88774 ], [ -121.80677, 38.89031 ], [ -121.80309, 38.89742 ], [ -121.80399, 38.90172 ], [ -121.79458, 38.90054 ], [ -121.79111, 38.90454 ], [ -121.79258, 38.90636 ], [ -121.8033, 38.90599 ], [ -121.81218, 38.90883 ], [ -121.81525, 38.91121 ], [ -121.80584, 38.91079 ], [ -121.80481, 38.91452 ], [ -121.83001, 38.91906 ], [ -121.83733, 38.92607 ], [ -121.83553, 38.93196 ], [ -121.83013, 38.93842 ], [ -121.83657, 38.94382 ], [ -121.8366, 38.94913 ], [ -121.84037, 38.95452 ], [ -121.83217, 38.96022 ], [ -121.83461, 38.96521 ], [ -121.83365, 38.96975 ], [ -121.82162, 38.9745 ], [ -121.81951, 38.98828 ], [ -121.8021, 38.98977 ], [ -121.79589, 38.99458 ], [ -121.79561, 38.99668 ], [ -121.80796, 39.00441 ], [ -121.8203, 39.00649 ], [ -121.82681, 39.01179 ], [ -121.82098, 39.02028 ], [ -121.82272, 39.0286 ], [ -121.82438, 39.03178 ], [ -121.82908, 39.03212 ], [ -121.83079, 39.03365 ], [ -121.83019, 39.03864 ], [ -121.83874, 39.04509 ], [ -121.84071, 39.05336 ], [ -121.83854, 39.06413 ], [ -121.84939, 39.0714 ], [ -121.86982, 39.06686 ], [ -121.87608, 39.07008 ], [ -121.8891, 39.07237 ], [ -121.89413, 39.078 ], [ -121.89439, 39.08002 ], [ -121.88974, 39.08116 ], [ -121.89537, 39.08763 ], [ -121.89349, 39.09176 ], [ -121.89437, 39.09613 ], [ -121.89851, 39.09669 ], [ -121.89998, 39.10006 ], [ -121.90583, 39.10309 ], [ -121.90352, 39.10806 ], [ -121.90554, 39.11477 ], [ -121.90954, 39.11305 ], [ -121.91274, 39.11354 ], [ -121.90996, 39.11929 ], [ -121.9111, 39.12315 ], [ -121.92072, 39.12203 ], [ -121.92496, 39.1282 ], [ -121.93393, 39.13004 ], [ -121.93795, 39.133 ], [ -121.93954, 39.14132 ], [ -121.93776, 39.14398 ], [ -121.92054, 39.14134 ], [ -121.91721, 39.14728 ], [ -121.92013, 39.15299 ], [ -121.93492, 39.1619 ], [ -121.93939, 39.17421 ], [ -121.94551, 39.17984 ], [ -121.94401, 39.18383 ], [ -121.93968, 39.18784 ], [ -121.93517, 39.18935 ], [ -121.93438, 39.19127 ], [ -121.93711, 39.19407 ], [ -121.92833, 39.19873 ], [ -121.93334, 39.20927 ], [ -121.93242, 39.21157 ], [ -121.9376, 39.21774 ], [ -121.93608, 39.22102 ], [ -121.94124, 39.22158 ], [ -121.94005, 39.22867 ], [ -121.94828, 39.24177 ] ] ] } },
{ "type": "Feature", "properties": { "county": "Glenn", "GEOID": "06021", "bay_area_9": false, "total": 0, "student": 0, "individual": 0, "company": 0, "zcta_records": 0, "city_only_records": 0, "student_share": 0.0, "lon": -122.4406, "lat": 39.593, "y2017": 0, "y2017_individual": 0, "y2017_student": 0, "y2017_company": 0, "y2018": 0, "y2018_individual": 0, "y2018_student": 0, "y2018_company": 0, "y2019": 0, "y2019_individual": 0, "y2019_student": 0, "y2019_company": 0, "y2020": 0, "y2020_individual": 0, "y2020_student": 0, "y2020_company": 0, "y2021": 0, "y2021_individual": 0, "y2021_student": 0, "y2021_company": 0, "y2022": 0, "y2022_individual": 0, "y2022_student": 0, "y2022_company": 0, "y2023": 0, "y2023_individual": 0, "y2023_student": 0, "y2023_company": 0, "y2024": 0, "y2024_individual": 0, "y2024_student": 0, "y2024_company": 0, "y2025": 0, "y2025_individual": 0, "y2025_student": 0, "y2025_company": 0, "y2026": 0, "y2026_individual": 0, "y2026_student": 0, "y2026_company": 0 }, "geometry": { "type": "Polygon", "coordinates": [ [ [ -122.93841, 39.74811 ], [ -122.93765, 39.79816 ], [ -122.91175, 39.79845 ], [ -122.91179, 39.79948 ], [ -122.04647, 39.79765 ], [ -122.04013, 39.79275 ], [ -122.0368, 39.79414 ], [ -122.0366, 39.79798 ], [ -122.0265, 39.80014 ], [ -122.02383, 39.79767 ], [ -122.02559, 39.78815 ], [ -122.03242, 39.77873 ], [ -122.02456, 39.76794 ], [ -122.0166, 39.76142 ], [ -122.00874, 39.75923 ], [ -121.99516, 39.74988 ], [ -121.98218, 39.7339 ], [ -121.97241, 39.73158 ], [ -121.97038, 39.73223 ], [ -121.96922, 39.73959 ], [ -121.9638, 39.7414 ], [ -121.96017, 39.73416 ], [ -121.96123, 39.73075 ], [ -121.965, 39.72839 ], [ -121.96792, 39.72332 ], [ -121.96252, 39.71774 ], [ -121.95559, 39.72078 ], [ -121.95241, 39.73182 ], [ -121.94867, 39.7325 ], [ -121.94694, 39.73065 ], [ -121.94681, 39.72493 ], [ -121.95076, 39.71934 ], [ -121.95095, 39.715 ], [ -121.94744, 39.7111 ], [ -121.94761, 39.70821 ], [ -121.94158, 39.69811 ], [ -121.94491, 39.69092 ], [ -121.95692, 39.68752 ], [ -121.95772, 39.68158 ], [ -121.9602, 39.67788 ], [ -121.97479, 39.67549 ], [ -121.98515, 39.67017 ], [ -121.99434, 39.67146 ], [ -121.99735, 39.66848 ], [ -121.99649, 39.66386 ], [ -121.98983, 39.66027 ], [ -121.98482, 39.66051 ], [ -121.98139, 39.6637 ], [ -121.97582, 39.66346 ], [ -121.96662, 39.65244 ], [ -121.96819, 39.64835 ], [ -121.97599, 39.64864 ], [ -121.98507, 39.64593 ], [ -121.99083, 39.63654 ], [ -121.99213, 39.62916 ], [ -121.99065, 39.62632 ], [ -121.98833, 39.62421 ], [ -121.98355, 39.62328 ], [ -121.9794, 39.61716 ], [ -121.98222, 39.61137 ], [ -121.99232, 39.60818 ], [ -121.99577, 39.60316 ], [ -121.99686, 39.58762 ], [ -121.99506, 39.5823 ], [ -122.00324, 39.57481 ], [ -122.00143, 39.569 ], [ -121.99254, 39.56713 ], [ -121.99063, 39.5643 ], [ -121.99173, 39.56264 ], [ -122.00172, 39.56102 ], [ -122.00313, 39.55929 ], [ -121.99915, 39.54484 ], [ -121.99402, 39.53393 ], [ -121.98567, 39.53102 ], [ -121.98466, 39.53255 ], [ -121.97814, 39.53308 ], [ -121.97337, 39.53114 ], [ -121.97403, 39.52885 ], [ -121.94519, 39.53606 ], [ -121.85653, 39.5369 ], [ -121.85945, 39.5272 ], [ -121.87111, 39.51845 ], [ -121.87734, 39.50955 ], [ -121.87514, 39.50331 ], [ -121.87713, 39.50178 ], [ -121.87171, 39.49077 ], [ -121.87088, 39.48512 ], [ -121.87354, 39.4786 ], [ -121.87121, 39.46718 ], [ -121.86935, 39.4662 ], [ -121.87475, 39.46034 ], [ -121.8731, 39.45086 ], [ -121.8708, 39.44956 ], [ -121.87369, 39.44766 ], [ -121.87694, 39.43835 ], [ -121.87458, 39.4345 ], [ -121.8752, 39.42791 ], [ -121.87803, 39.42766 ], [ -121.87921, 39.42393 ], [ -121.87771, 39.42322 ], [ -121.88095, 39.41983 ], [ -121.88432, 39.41017 ], [ -121.88346, 39.40677 ], [ -121.89027, 39.39058 ], [ -121.89001, 39.38386 ], [ -122.00974, 39.38386 ], [ -122.00783, 39.38585 ], [ -122.00741, 39.39229 ], [ -122.00383, 39.39699 ], [ -122.00374, 39.40348 ], [ -122.00637, 39.40526 ], [ -122.00886, 39.41357 ], [ -122.13616, 39.4145 ], [ -122.13601, 39.38549 ], [ -122.41623, 39.384 ], [ -122.67438, 39.38468 ], [ -122.70005, 39.38297 ], [ -122.73906, 39.38327 ], [ -122.74175, 39.43523 ], [ -122.7326, 39.45075 ], [ -122.73171, 39.48289 ], [ -122.73243, 39.49463 ], [ -122.73655, 39.50851 ], [ -122.73564, 39.58067 ], [ -122.75394, 39.58121 ], [ -122.77248, 39.57946 ], [ -122.8141, 39.5814 ], [ -122.82843, 39.57966 ], [ -122.88535, 39.58011 ], [ -122.8845, 39.61076 ], [ -122.89041, 39.62292 ], [ -122.89268, 39.7089 ], [ -122.91288, 39.70872 ], [ -122.91252, 39.74816 ], [ -122.93841, 39.74811 ] ] ] } },
{ "type": "Feature", "properties": { "county": "Amador", "GEOID": "06005", "bay_area_9": false, "total": 0, "student": 0, "individual": 0, "company": 0, "zcta_records": 0, "city_only_records": 0, "student_share": 0.0, "lon": -120.7346, "lat": 38.4688, "y2017": 0, "y2017_individual": 0, "y2017_student": 0, "y2017_company": 0, "y2018": 0, "y2018_individual": 0, "y2018_student": 0, "y2018_company": 0, "y2019": 0, "y2019_individual": 0, "y2019_student": 0, "y2019_company": 0, "y2020": 0, "y2020_individual": 0, "y2020_student": 0, "y2020_company": 0, "y2021": 0, "y2021_individual": 0, "y2021_student": 0, "y2021_company": 0, "y2022": 0, "y2022_individual": 0, "y2022_student": 0, "y2022_company": 0, "y2023": 0, "y2023_individual": 0, "y2023_student": 0, "y2023_company": 0, "y2024": 0, "y2024_individual": 0, "y2024_student": 0, "y2024_company": 0, "y2025": 0, "y2025_individual": 0, "y2025_student": 0, "y2025_company": 0, "y2026": 0, "y2026_individual": 0, "y2026_student": 0, "y2026_company": 0 }, "geometry": { "type": "Polygon", "coordinates": [ [ [ -121.02708, 38.30025 ], [ -121.02751, 38.50829 ], [ -121.01931, 38.50895 ], [ -121.01313, 38.51315 ], [ -121.01137, 38.51246 ], [ -121.00967, 38.51755 ], [ -121.00531, 38.51959 ], [ -120.99994, 38.5181 ], [ -120.99501, 38.51369 ], [ -120.9901, 38.51615 ], [ -120.9801, 38.51516 ], [ -120.97437, 38.516 ], [ -120.97028, 38.52081 ], [ -120.96457, 38.52028 ], [ -120.95759, 38.52277 ], [ -120.95253, 38.52103 ], [ -120.9457, 38.52369 ], [ -120.94132, 38.5286 ], [ -120.93896, 38.52788 ], [ -120.93642, 38.51941 ], [ -120.92984, 38.5178 ], [ -120.92638, 38.51496 ], [ -120.92207, 38.51939 ], [ -120.91098, 38.5205 ], [ -120.90875, 38.5239 ], [ -120.9054, 38.52431 ], [ -120.90237, 38.53123 ], [ -120.89517, 38.52824 ], [ -120.89124, 38.52829 ], [ -120.88913, 38.52461 ], [ -120.88507, 38.52507 ], [ -120.88066, 38.53086 ], [ -120.88383, 38.53626 ], [ -120.87784, 38.53992 ], [ -120.87631, 38.54327 ], [ -120.8736, 38.54247 ], [ -120.87361, 38.53827 ], [ -120.87082, 38.53618 ], [ -120.86405, 38.53526 ], [ -120.86241, 38.54333 ], [ -120.85594, 38.54328 ], [ -120.85642, 38.54805 ], [ -120.84961, 38.55063 ], [ -120.84722, 38.55379 ], [ -120.84086, 38.55602 ], [ -120.83658, 38.55147 ], [ -120.83292, 38.55586 ], [ -120.82544, 38.55586 ], [ -120.82328, 38.55969 ], [ -120.81722, 38.55807 ], [ -120.81295, 38.56221 ], [ -120.80996, 38.56092 ], [ -120.81257, 38.55961 ], [ -120.81046, 38.55775 ], [ -120.80528, 38.55814 ], [ -120.80462, 38.55984 ], [ -120.80184, 38.55909 ], [ -120.80088, 38.55628 ], [ -120.79466, 38.55762 ], [ -120.79233, 38.55461 ], [ -120.78848, 38.55415 ], [ -120.78418, 38.55091 ], [ -120.77908, 38.55438 ], [ -120.76837, 38.55275 ], [ -120.75996, 38.55493 ], [ -120.75475, 38.55116 ], [ -120.74887, 38.5534 ], [ -120.74661, 38.55271 ], [ -120.74869, 38.55094 ], [ -120.74725, 38.54845 ], [ -120.73896, 38.54831 ], [ -120.73655, 38.54564 ], [ -120.73034, 38.54808 ], [ -120.7223, 38.54695 ], [ -120.71832, 38.54176 ], [ -120.71071, 38.53735 ], [ -120.70596, 38.53517 ], [ -120.70448, 38.53623 ], [ -120.69997, 38.53233 ], [ -120.69063, 38.5278 ], [ -120.68309, 38.52639 ], [ -120.67867, 38.52219 ], [ -120.67718, 38.51781 ], [ -120.65893, 38.5154 ], [ -120.65774, 38.51343 ], [ -120.65076, 38.51003 ], [ -120.63899, 38.50777 ], [ -120.62843, 38.5032 ], [ -120.62208, 38.50439 ], [ -120.6142, 38.50319 ], [ -120.61157, 38.50449 ], [ -120.60616, 38.50235 ], [ -120.60222, 38.50391 ], [ -120.59213, 38.5046 ], [ -120.58925, 38.50333 ], [ -120.57974, 38.50341 ], [ -120.55378, 38.51186 ], [ -120.53724, 38.50957 ], [ -120.5106, 38.51147 ], [ -120.50001, 38.51435 ], [ -120.49821, 38.5163 ], [ -120.49176, 38.51728 ], [ -120.4852, 38.52139 ], [ -120.45916, 38.52389 ], [ -120.45004, 38.52849 ], [ -120.43889, 38.52889 ], [ -120.43499, 38.5267 ], [ -120.42464, 38.53034 ], [ -120.41315, 38.53115 ], [ -120.40509, 38.53608 ], [ -120.3966, 38.53892 ], [ -120.38872, 38.54058 ], [ -120.38353, 38.53874 ], [ -120.38084, 38.54285 ], [ -120.37669, 38.54475 ], [ -120.36306, 38.54457 ], [ -120.35449, 38.54808 ], [ -120.3313, 38.54769 ], [ -120.32836, 38.54515 ], [ -120.32498, 38.54619 ], [ -120.31714, 38.54511 ], [ -120.30172, 38.54911 ], [ -120.29889, 38.55211 ], [ -120.29919, 38.55612 ], [ -120.28959, 38.55614 ], [ -120.27764, 38.55976 ], [ -120.27452, 38.55945 ], [ -120.26656, 38.56765 ], [ -120.26635, 38.57346 ], [ -120.26256, 38.57863 ], [ -120.25103, 38.58438 ], [ -120.24318, 38.58642 ], [ -120.23923, 38.58596 ], [ -120.23385, 38.58832 ], [ -120.23176, 38.59224 ], [ -120.23262, 38.60004 ], [ -120.22869, 38.6008 ], [ -120.22361, 38.60468 ], [ -120.22725, 38.60979 ], [ -120.22071, 38.62138 ], [ -120.21463, 38.62357 ], [ -120.21463, 38.62887 ], [ -120.20475, 38.62773 ], [ -120.20287, 38.62471 ], [ -120.19768, 38.6258 ], [ -120.1971, 38.6292 ], [ -120.19132, 38.63115 ], [ -120.17864, 38.63377 ], [ -120.17019, 38.63243 ], [ -120.1581, 38.63323 ], [ -120.15241, 38.63792 ], [ -120.15008, 38.63745 ], [ -120.14589, 38.63962 ], [ -120.14049, 38.63817 ], [ -120.13172, 38.64906 ], [ -120.13192, 38.65148 ], [ -120.1351, 38.65453 ], [ -120.13223, 38.66031 ], [ -120.12886, 38.66463 ], [ -120.12309, 38.6667 ], [ -120.1167, 38.67978 ], [ -120.12337, 38.68693 ], [ -120.12426, 38.69076 ], [ -120.12283, 38.69455 ], [ -120.11201, 38.70502 ], [ -120.10301, 38.70596 ], [ -120.09837, 38.70396 ], [ -120.09832, 38.70903 ], [ -120.07764, 38.70889 ], [ -120.07769, 38.70213 ], [ -120.08242, 38.70203 ], [ -120.08249, 38.7006 ], [ -120.07239, 38.70277 ], [ -120.07248, 38.50987 ], [ -120.08041, 38.50743 ], [ -120.08276, 38.5083 ], [ -120.08941, 38.5064 ], [ -120.09222, 38.5075 ], [ -120.1003, 38.504 ], [ -120.10337, 38.50544 ], [ -120.108, 38.50384 ], [ -120.11151, 38.49852 ], [ -120.12345, 38.49596 ], [ -120.13939, 38.49834 ], [ -120.14671, 38.49532 ], [ -120.16432, 38.49424 ], [ -120.16922, 38.49629 ], [ -120.18005, 38.49556 ], [ -120.2057, 38.50104 ], [ -120.20941, 38.50076 ], [ -120.21742, 38.49771 ], [ -120.22603, 38.49074 ], [ -120.23555, 38.48988 ], [ -120.24087, 38.48535 ], [ -120.25464, 38.48771 ], [ -120.25993, 38.48672 ], [ -120.26954, 38.4777 ], [ -120.28379, 38.47545 ], [ -120.29374, 38.47735 ], [ -120.30456, 38.47213 ], [ -120.31911, 38.47103 ], [ -120.33104, 38.46519 ], [ -120.33814, 38.46744 ], [ -120.35365, 38.46548 ], [ -120.36492, 38.46657 ], [ -120.38071, 38.46104 ], [ -120.38455, 38.46198 ], [ -120.38641, 38.46596 ], [ -120.38973, 38.4672 ], [ -120.39921, 38.46672 ], [ -120.40676, 38.46891 ], [ -120.41243, 38.46867 ], [ -120.41466, 38.47308 ], [ -120.42321, 38.47332 ], [ -120.43159, 38.46718 ], [ -120.44399, 38.46147 ], [ -120.44867, 38.45245 ], [ -120.4614, 38.44617 ], [ -120.46714, 38.44884 ], [ -120.48595, 38.44565 ], [ -120.49396, 38.44723 ], [ -120.49489, 38.44955 ], [ -120.49967, 38.4477 ], [ -120.4981, 38.44443 ], [ -120.5056, 38.4437 ], [ -120.50464, 38.43938 ], [ -120.52358, 38.42265 ], [ -120.52721, 38.42293 ], [ -120.53013, 38.41888 ], [ -120.5376, 38.41852 ], [ -120.5413, 38.42291 ], [ -120.55034, 38.42028 ], [ -120.56001, 38.41506 ], [ -120.57079, 38.41432 ], [ -120.57227, 38.4125 ], [ -120.5709, 38.40658 ], [ -120.57556, 38.40139 ], [ -120.58135, 38.4016 ], [ -120.59009, 38.39925 ], [ -120.60136, 38.39972 ], [ -120.60807, 38.39799 ], [ -120.61003, 38.39257 ], [ -120.61488, 38.38941 ], [ -120.61408, 38.38251 ], [ -120.61711, 38.37824 ], [ -120.61458, 38.37283 ], [ -120.61055, 38.37198 ], [ -120.61044, 38.37001 ], [ -120.61828, 38.36686 ], [ -120.61779, 38.36102 ], [ -120.61968, 38.35773 ], [ -120.62439, 38.35752 ], [ -120.62827, 38.3554 ], [ -120.6318, 38.34557 ], [ -120.63129, 38.34026 ], [ -120.63851, 38.34084 ], [ -120.64661, 38.33459 ], [ -120.65155, 38.33399 ], [ -120.6565, 38.33091 ], [ -120.66692, 38.33149 ], [ -120.67261, 38.32925 ], [ -120.67493, 38.33069 ], [ -120.68357, 38.32467 ], [ -120.68818, 38.31888 ], [ -120.71358, 38.3149 ], [ -120.71474, 38.31338 ], [ -120.72035, 38.31268 ], [ -120.731, 38.30796 ], [ -120.73829, 38.30777 ], [ -120.75034, 38.29756 ], [ -120.75444, 38.28847 ], [ -120.76729, 38.29032 ], [ -120.779, 38.28762 ], [ -120.79054, 38.28859 ], [ -120.79848, 38.28559 ], [ -120.80336, 38.28887 ], [ -120.80774, 38.28872 ], [ -120.81013, 38.28201 ], [ -120.81288, 38.28178 ], [ -120.81685, 38.28392 ], [ -120.82204, 38.27545 ], [ -120.83536, 38.26744 ], [ -120.84679, 38.26427 ], [ -120.85567, 38.2483 ], [ -120.86997, 38.2444 ], [ -120.87447, 38.24196 ], [ -120.87542, 38.23977 ], [ -120.88006, 38.24061 ], [ -120.88077, 38.23361 ], [ -120.88483, 38.22903 ], [ -120.88906, 38.22719 ], [ -120.89379, 38.22128 ], [ -120.90307, 38.22256 ], [ -120.91494, 38.23004 ], [ -120.92553, 38.22763 ], [ -120.93716, 38.22076 ], [ -120.9534, 38.22631 ], [ -120.96335, 38.2199 ], [ -120.96749, 38.22047 ], [ -120.9721, 38.21795 ], [ -120.98107, 38.22179 ], [ -120.98574, 38.22141 ], [ -120.9955, 38.2254 ], [ -121.02708, 38.30025 ] ] ] } },
{ "type": "Feature", "properties": { "county": "Merced", "GEOID": "06047", "bay_area_9": false, "total": 0, "student": 0, "individual": 0, "company": 0, "zcta_records": 0, "city_only_records": 0, "student_share": 0.0, "lon": -120.614, "lat": 37.1875, "y2017": 0, "y2017_individual": 0, "y2017_student": 0, "y2017_company": 0, "y2018": 0, "y2018_individual": 0, "y2018_student": 0, "y2018_company": 0, "y2019": 0, "y2019_individual": 0, "y2019_student": 0, "y2019_company": 0, "y2020": 0, "y2020_individual": 0, "y2020_student": 0, "y2020_company": 0, "y2021": 0, "y2021_individual": 0, "y2021_student": 0, "y2021_company": 0, "y2022": 0, "y2022_individual": 0, "y2022_student": 0, "y2022_company": 0, "y2023": 0, "y2023_individual": 0, "y2023_student": 0, "y2023_company": 0, "y2024": 0, "y2024_individual": 0, "y2024_student": 0, "y2024_company": 0, "y2025": 0, "y2025_individual": 0, "y2025_student": 0, "y2025_company": 0, "y2026": 0, "y2026_individual": 0, "y2026_student": 0, "y2026_company": 0 }, "geometry": { "type": "Polygon", "coordinates": [ [ [ -121.24846, 37.03349 ], [ -121.2411, 37.03171 ], [ -121.23614, 37.03695 ], [ -121.22451, 37.03974 ], [ -121.22581, 37.05207 ], [ -121.22316, 37.05523 ], [ -121.22452, 37.05624 ], [ -121.22339, 37.05751 ], [ -121.21873, 37.05714 ], [ -121.21306, 37.0551 ], [ -121.20838, 37.06093 ], [ -121.20964, 37.06824 ], [ -121.2158, 37.06922 ], [ -121.22293, 37.07381 ], [ -121.22464, 37.07894 ], [ -121.23549, 37.08623 ], [ -121.24198, 37.08513 ], [ -121.24548, 37.08915 ], [ -121.24302, 37.09271 ], [ -121.23044, 37.09694 ], [ -121.23035, 37.10497 ], [ -121.22554, 37.10684 ], [ -121.2263, 37.10971 ], [ -121.22379, 37.11508 ], [ -121.21734, 37.12304 ], [ -121.22175, 37.1259 ], [ -121.22268, 37.13083 ], [ -121.2268, 37.13477 ], [ -120.96469, 37.34538 ], [ -120.96464, 37.34648 ], [ -120.96844, 37.34601 ], [ -120.97059, 37.34887 ], [ -120.97647, 37.34962 ], [ -120.97889, 37.35711 ], [ -120.97818, 37.36194 ], [ -120.9814, 37.36487 ], [ -120.98164, 37.36645 ], [ -120.97423, 37.36857 ], [ -120.97434, 37.36975 ], [ -120.97886, 37.37094 ], [ -120.97826, 37.37327 ], [ -120.9737, 37.37407 ], [ -120.97312, 37.37615 ], [ -120.97853, 37.37759 ], [ -120.98437, 37.37514 ], [ -120.98556, 37.37838 ], [ -120.98196, 37.3854 ], [ -120.98463, 37.38698 ], [ -120.98848, 37.38663 ], [ -120.99342, 37.38436 ], [ -120.99453, 37.38665 ], [ -120.9942, 37.38875 ], [ -120.99005, 37.38971 ], [ -120.99124, 37.39148 ], [ -120.98872, 37.39651 ], [ -120.88582, 37.44038 ], [ -120.83086, 37.46018 ], [ -120.38767, 37.63336 ], [ -120.3192, 37.52133 ], [ -120.31646, 37.51434 ], [ -120.31656, 37.50559 ], [ -120.31149, 37.49723 ], [ -120.29917, 37.48884 ], [ -120.30022, 37.48429 ], [ -120.29503, 37.48001 ], [ -120.27958, 37.45795 ], [ -120.2751, 37.44071 ], [ -120.28443, 37.43168 ], [ -120.2834, 37.42436 ], [ -120.28155, 37.42176 ], [ -120.27582, 37.41884 ], [ -120.26808, 37.40384 ], [ -120.2547, 37.38541 ], [ -120.24701, 37.38022 ], [ -120.22826, 37.35165 ], [ -120.2165, 37.33734 ], [ -120.20353, 37.31332 ], [ -120.18771, 37.30107 ], [ -120.18272, 37.2914 ], [ -120.18664, 37.28028 ], [ -120.18376, 37.27049 ], [ -120.17764, 37.26153 ], [ -120.14383, 37.23919 ], [ -120.10561, 37.22503 ], [ -120.09008, 37.22147 ], [ -120.06756, 37.20049 ], [ -120.06221, 37.19798 ], [ -120.05736, 37.18803 ], [ -120.05205, 37.18311 ], [ -120.06468, 37.17782 ], [ -120.09474, 37.17255 ], [ -120.10333, 37.16774 ], [ -120.11509, 37.16566 ], [ -120.13281, 37.16736 ], [ -120.14256, 37.16407 ], [ -120.14655, 37.16385 ], [ -120.15295, 37.16602 ], [ -120.16458, 37.1627 ], [ -120.17023, 37.16598 ], [ -120.17413, 37.16593 ], [ -120.17649, 37.16226 ], [ -120.18549, 37.16175 ], [ -120.18759, 37.16025 ], [ -120.19479, 37.16315 ], [ -120.20213, 37.16268 ], [ -120.21366, 37.16432 ], [ -120.2195, 37.16215 ], [ -120.22297, 37.16397 ], [ -120.24388, 37.15701 ], [ -120.24791, 37.15796 ], [ -120.27411, 37.15214 ], [ -120.29038, 37.15243 ], [ -120.29639, 37.1493 ], [ -120.30364, 37.14132 ], [ -120.31094, 37.14111 ], [ -120.31598, 37.13782 ], [ -120.32454, 37.13638 ], [ -120.32861, 37.13388 ], [ -120.32833, 37.13109 ], [ -120.3412, 37.1246 ], [ -120.34975, 37.12257 ], [ -120.35412, 37.12335 ], [ -120.36332, 37.11971 ], [ -120.37223, 37.12113 ], [ -120.37899, 37.12435 ], [ -120.38489, 37.12459 ], [ -120.38883, 37.12098 ], [ -120.39356, 37.1213 ], [ -120.39539, 37.11908 ], [ -120.4041, 37.1157 ], [ -120.4063, 37.11122 ], [ -120.41481, 37.1109 ], [ -120.41697, 37.1082 ], [ -120.42065, 37.10983 ], [ -120.42779, 37.10625 ], [ -120.44423, 37.10314 ], [ -120.45286, 37.09887 ], [ -120.45608, 37.10034 ], [ -120.46137, 37.09907 ], [ -120.46978, 37.09434 ], [ -120.47247, 37.09414 ], [ -120.47669, 37.09639 ], [ -120.59856, 36.99863 ], [ -120.59356, 36.99788 ], [ -120.59003, 36.99219 ], [ -120.58797, 36.99268 ], [ -120.58536, 36.99118 ], [ -120.58599, 36.98532 ], [ -120.58812, 36.98531 ], [ -120.58815, 36.98165 ], [ -120.59048, 36.98164 ], [ -120.59057, 36.95264 ], [ -120.65595, 36.95283 ], [ -120.91873, 36.74038 ], [ -120.93343, 36.7517 ], [ -121.14152, 36.83666 ], [ -121.14303, 36.8463 ], [ -121.14549, 36.84726 ], [ -121.15174, 36.85863 ], [ -121.15263, 36.86535 ], [ -121.16359, 36.86924 ], [ -121.16655, 36.87554 ], [ -121.16608, 36.87984 ], [ -121.1695, 36.88532 ], [ -121.17409, 36.88571 ], [ -121.17642, 36.88942 ], [ -121.18218, 36.89333 ], [ -121.1843, 36.89639 ], [ -121.18294, 36.90193 ], [ -121.18389, 36.9081 ], [ -121.1888, 36.91324 ], [ -121.19315, 36.91268 ], [ -121.19827, 36.91434 ], [ -121.20836, 36.91153 ], [ -121.21706, 36.91351 ], [ -121.22138, 36.9103 ], [ -121.22344, 36.91295 ], [ -121.2246, 36.9203 ], [ -121.23015, 36.92124 ], [ -121.23468, 36.92689 ], [ -121.22921, 36.94103 ], [ -121.22599, 36.94446 ], [ -121.21851, 36.94789 ], [ -121.21179, 36.95711 ], [ -121.21454, 36.96125 ], [ -121.21971, 36.96297 ], [ -121.22483, 36.96743 ], [ -121.23213, 36.96889 ], [ -121.24589, 36.98304 ], [ -121.24514, 36.99292 ], [ -121.24152, 36.99738 ], [ -121.23314, 36.99935 ], [ -121.23698, 37.00658 ], [ -121.23634, 37.00835 ], [ -121.23817, 37.00909 ], [ -121.23334, 37.01175 ], [ -121.24599, 37.02557 ], [ -121.24846, 37.03349 ] ] ] } },
{ "type": "Feature", "properties": { "county": "Yuba", "GEOID": "06115", "bay_area_9": false, "total": 0, "student": 0, "individual": 0, "company": 0, "zcta_records": 0, "city_only_records": 0, "student_share": 0.0, "lon": -121.4387, "lat": 39.2823, "y2017": 0, "y2017_individual": 0, "y2017_student": 0, "y2017_company": 0, "y2018": 0, "y2018_individual": 0, "y2018_student": 0, "y2018_company": 0, "y2019": 0, "y2019_individual": 0, "y2019_student": 0, "y2019_company": 0, "y2020": 0, "y2020_individual": 0, "y2020_student": 0, "y2020_company": 0, "y2021": 0, "y2021_individual": 0, "y2021_student": 0, "y2021_company": 0, "y2022": 0, "y2022_individual": 0, "y2022_student": 0, "y2022_company": 0, "y2023": 0, "y2023_individual": 0, "y2023_student": 0, "y2023_company": 0, "y2024": 0, "y2024_individual": 0, "y2024_student": 0, "y2024_company": 0, "y2025": 0, "y2025_individual": 0, "y2025_student": 0, "y2025_company": 0, "y2026": 0, "y2026_individual": 0, "y2026_student": 0, "y2026_company": 0 }, "geometry": { "type": "Polygon", "coordinates": [ [ [ -121.63631, 39.24941 ], [ -121.63546, 39.26215 ], [ -121.62705, 39.25941 ], [ -121.6214, 39.26394 ], [ -121.62837, 39.26647 ], [ -121.6323, 39.27038 ], [ -121.63098, 39.27343 ], [ -121.6238, 39.2719 ], [ -121.62229, 39.27335 ], [ -121.6223, 39.27567 ], [ -121.62708, 39.27946 ], [ -121.63156, 39.29176 ], [ -121.62417, 39.29341 ], [ -121.61872, 39.302 ], [ -121.62068, 39.30284 ], [ -121.61669, 39.31237 ], [ -121.61215, 39.31628 ], [ -121.61118, 39.31928 ], [ -121.6042, 39.31802 ], [ -121.60328, 39.31273 ], [ -121.60084, 39.31042 ], [ -121.59328, 39.30768 ], [ -121.58839, 39.30889 ], [ -121.58621, 39.31126 ], [ -121.5808, 39.30987 ], [ -121.57603, 39.31084 ], [ -121.56758, 39.30787 ], [ -121.56396, 39.30498 ], [ -121.54873, 39.30877 ], [ -121.54711, 39.31218 ], [ -121.54054, 39.31451 ], [ -121.53641, 39.31421 ], [ -121.53055, 39.31826 ], [ -121.52123, 39.31948 ], [ -121.51714, 39.31737 ], [ -121.50441, 39.31803 ], [ -121.49935, 39.3164 ], [ -121.4979, 39.31421 ], [ -121.49486, 39.31914 ], [ -121.48949, 39.31953 ], [ -121.48667, 39.31742 ], [ -121.48357, 39.31834 ], [ -121.48263, 39.32013 ], [ -121.4847, 39.3213 ], [ -121.48456, 39.32489 ], [ -121.478, 39.32876 ], [ -121.47496, 39.33334 ], [ -121.46865, 39.33376 ], [ -121.46359, 39.33086 ], [ -121.45758, 39.33551 ], [ -121.45315, 39.33457 ], [ -121.44701, 39.33057 ], [ -121.44334, 39.3315 ], [ -121.43481, 39.33748 ], [ -121.43022, 39.33512 ], [ -121.42549, 39.33513 ], [ -121.4192, 39.33903 ], [ -121.40753, 39.33975 ], [ -121.40579, 39.34146 ], [ -121.40676, 39.34466 ], [ -121.40323, 39.34545 ], [ -121.40249, 39.34994 ], [ -121.38786, 39.356 ], [ -121.38275, 39.36276 ], [ -121.3729, 39.36459 ], [ -121.37257, 39.37358 ], [ -121.36715, 39.37817 ], [ -121.36008, 39.39872 ], [ -121.36049, 39.40147 ], [ -121.36349, 39.4033 ], [ -121.35905, 39.4091 ], [ -121.35403, 39.41157 ], [ -121.35186, 39.41534 ], [ -121.34204, 39.4203 ], [ -121.34181, 39.42243 ], [ -121.33407, 39.4258 ], [ -121.33502, 39.43006 ], [ -121.34062, 39.4316 ], [ -121.34534, 39.43892 ], [ -121.34371, 39.44067 ], [ -121.34621, 39.44419 ], [ -121.34514, 39.45257 ], [ -121.33842, 39.45438 ], [ -121.33826, 39.46503 ], [ -121.33344, 39.46509 ], [ -121.33343, 39.46873 ], [ -121.32414, 39.46861 ], [ -121.32407, 39.47571 ], [ -121.31479, 39.4759 ], [ -121.31498, 39.48696 ], [ -121.31016, 39.48683 ], [ -121.3102, 39.49776 ], [ -121.30543, 39.49782 ], [ -121.30512, 39.51959 ], [ -121.27679, 39.52027 ], [ -121.27708, 39.51281 ], [ -121.24024, 39.51309 ], [ -121.24048, 39.52661 ], [ -121.21002, 39.52722 ], [ -121.18517, 39.52669 ], [ -121.1854, 39.51973 ], [ -121.1593, 39.5196 ], [ -121.15898, 39.52613 ], [ -121.14991, 39.52645 ], [ -121.1499, 39.55529 ], [ -121.14089, 39.55555 ], [ -121.14121, 39.56228 ], [ -121.11645, 39.56354 ], [ -121.11631, 39.5671 ], [ -121.10697, 39.56719 ], [ -121.10747, 39.58527 ], [ -121.07954, 39.58526 ], [ -121.0767, 39.59726 ], [ -121.00948, 39.63946 ], [ -121.02438, 39.55905 ], [ -121.03177, 39.55824 ], [ -121.03228, 39.55563 ], [ -121.03945, 39.55023 ], [ -121.04745, 39.54866 ], [ -121.05131, 39.54207 ], [ -121.05748, 39.53999 ], [ -121.0582, 39.53704 ], [ -121.05551, 39.52996 ], [ -121.05157, 39.52532 ], [ -121.05371, 39.52224 ], [ -121.0501, 39.52127 ], [ -121.04874, 39.51702 ], [ -121.04426, 39.5141 ], [ -121.0344, 39.51444 ], [ -121.02209, 39.39156 ], [ -121.02452, 39.38926 ], [ -121.03216, 39.39573 ], [ -121.03529, 39.3954 ], [ -121.03647, 39.39233 ], [ -121.04153, 39.38816 ], [ -121.04753, 39.38974 ], [ -121.04815, 39.39493 ], [ -121.05221, 39.39564 ], [ -121.05999, 39.39463 ], [ -121.06309, 39.39095 ], [ -121.07086, 39.3934 ], [ -121.07951, 39.39283 ], [ -121.0834, 39.39452 ], [ -121.08739, 39.38618 ], [ -121.09205, 39.38586 ], [ -121.09637, 39.38769 ], [ -121.1008, 39.38143 ], [ -121.10455, 39.38026 ], [ -121.11198, 39.38115 ], [ -121.11717, 39.37864 ], [ -121.12801, 39.37975 ], [ -121.12615, 39.37786 ], [ -121.12714, 39.37257 ], [ -121.13368, 39.37163 ], [ -121.13457, 39.36871 ], [ -121.13685, 39.36807 ], [ -121.13707, 39.36332 ], [ -121.14513, 39.35578 ], [ -121.1438, 39.34965 ], [ -121.15477, 39.3486 ], [ -121.15748, 39.34074 ], [ -121.15753, 39.33247 ], [ -121.16252, 39.33262 ], [ -121.16502, 39.33864 ], [ -121.17898, 39.33856 ], [ -121.18345, 39.33597 ], [ -121.18453, 39.33084 ], [ -121.19562, 39.32958 ], [ -121.19827, 39.32394 ], [ -121.20635, 39.31647 ], [ -121.20498, 39.30789 ], [ -121.20015, 39.30237 ], [ -121.21489, 39.29288 ], [ -121.21664, 39.2863 ], [ -121.21985, 39.28308 ], [ -121.24015, 39.284 ], [ -121.24461, 39.28269 ], [ -121.25011, 39.27856 ], [ -121.26336, 39.27483 ], [ -121.26613, 39.27272 ], [ -121.26644, 39.26859 ], [ -121.26238, 39.26455 ], [ -121.25918, 39.25642 ], [ -121.26048, 39.25481 ], [ -121.2693, 39.25212 ], [ -121.26879, 39.24025 ], [ -121.27608, 39.23142 ], [ -121.27953, 39.23054 ], [ -121.27953, 39.03462 ], [ -121.29021, 39.03687 ], [ -121.29333, 39.04397 ], [ -121.30268, 39.04833 ], [ -121.3045, 39.05246 ], [ -121.31155, 39.05199 ], [ -121.31983, 39.04845 ], [ -121.32099, 39.0441 ], [ -121.32401, 39.04291 ], [ -121.3296, 39.04371 ], [ -121.33575, 39.03879 ], [ -121.34876, 39.03445 ], [ -121.35386, 39.0313 ], [ -121.35838, 39.03021 ], [ -121.36119, 39.0326 ], [ -121.36564, 39.03174 ], [ -121.37238, 39.02773 ], [ -121.37707, 39.02101 ], [ -121.38509, 39.01772 ], [ -121.38455, 39.0145 ], [ -121.38827, 39.0145 ], [ -121.39522, 39.01045 ], [ -121.39766, 39.00589 ], [ -121.40789, 38.99905 ], [ -121.41479, 38.99842 ], [ -121.41478, 38.99645 ], [ -121.43753, 38.99363 ], [ -121.44196, 38.99486 ], [ -121.44383, 38.99332 ], [ -121.4486, 38.99706 ], [ -121.45946, 38.99784 ], [ -121.47441, 38.99217 ], [ -121.48205, 38.9935 ], [ -121.48786, 38.99064 ], [ -121.48965, 38.99205 ], [ -121.49369, 38.9843 ], [ -121.50903, 38.98279 ], [ -121.52465, 38.97147 ], [ -121.54331, 38.9724 ], [ -121.55352, 38.95375 ], [ -121.56147, 38.95344 ], [ -121.5713, 38.93892 ], [ -121.57555, 38.92436 ], [ -121.57546, 38.91839 ], [ -121.58068, 38.9245 ], [ -121.58156, 38.92861 ], [ -121.58156, 38.9391 ], [ -121.57796, 38.94677 ], [ -121.58259, 38.9557 ], [ -121.58046, 38.96129 ], [ -121.58145, 38.96529 ], [ -121.58737, 38.97337 ], [ -121.58655, 38.97998 ], [ -121.5894, 38.99034 ], [ -121.57933, 39.00757 ], [ -121.58407, 39.00956 ], [ -121.60004, 39.01211 ], [ -121.59439, 39.02065 ], [ -121.59462, 39.02371 ], [ -121.60563, 39.03263 ], [ -121.61025, 39.05691 ], [ -121.59774, 39.07574 ], [ -121.58591, 39.08969 ], [ -121.58739, 39.10161 ], [ -121.59194, 39.10232 ], [ -121.59563, 39.09945 ], [ -121.60268, 39.10016 ], [ -121.60135, 39.10418 ], [ -121.60463, 39.11276 ], [ -121.59768, 39.12779 ], [ -121.60757, 39.14089 ], [ -121.60778, 39.1451 ], [ -121.60551, 39.14846 ], [ -121.61561, 39.16782 ], [ -121.61216, 39.17125 ], [ -121.61116, 39.17571 ], [ -121.61616, 39.17839 ], [ -121.61836, 39.18341 ], [ -121.61312, 39.19062 ], [ -121.61514, 39.1933 ], [ -121.62403, 39.19635 ], [ -121.62438, 39.19937 ], [ -121.62909, 39.20468 ], [ -121.62413, 39.207 ], [ -121.62122, 39.20607 ], [ -121.61944, 39.21045 ], [ -121.62028, 39.21349 ], [ -121.6143, 39.21311 ], [ -121.61369, 39.21453 ], [ -121.61812, 39.22065 ], [ -121.61431, 39.22874 ], [ -121.61827, 39.22978 ], [ -121.62479, 39.22768 ], [ -121.62771, 39.2286 ], [ -121.62885, 39.23053 ], [ -121.62751, 39.23453 ], [ -121.62889, 39.23689 ], [ -121.63438, 39.23981 ], [ -121.63631, 39.24941 ] ] ] } },
{ "type": "Feature", "properties": { "county": "San Mateo", "GEOID": "06081", "bay_area_9": true, "total": 24, "student": 6, "individual": 17, "company": 1, "zcta_records": 23, "city_only_records": 1, "student_share": 0.25, "lon": -122.3109, "lat": 37.4074, "y2017": 0, "y2017_individual": 0, "y2017_student": 0, "y2017_company": 0, "y2018": 3, "y2018_individual": 3, "y2018_student": 0, "y2018_company": 0, "y2019": 4, "y2019_individual": 3, "y2019_student": 1, "y2019_company": 0, "y2020": 2, "y2020_individual": 2, "y2020_student": 0, "y2020_company": 0, "y2021": 2, "y2021_individual": 1, "y2021_student": 1, "y2021_company": 0, "y2022": 3, "y2022_individual": 2, "y2022_student": 1, "y2022_company": 0, "y2023": 1, "y2023_individual": 1, "y2023_student": 0, "y2023_company": 0, "y2024": 3, "y2024_individual": 3, "y2024_student": 0, "y2024_company": 0, "y2025": 2, "y2025_individual": 1, "y2025_student": 0, "y2025_company": 1, "y2026": 4, "y2026_individual": 1, "y2026_student": 3, "y2026_company": 0 }, "geometry": { "type": "Polygon", "coordinates": [ [ [ -122.52085, 37.59418 ], [ -122.51533, 37.59556 ], [ -122.51472, 37.59829 ], [ -122.50765, 37.59607 ], [ -122.50139, 37.59964 ], [ -122.50043, 37.60414 ], [ -122.50233, 37.60828 ], [ -122.49821, 37.60827 ], [ -122.49679, 37.61214 ], [ -122.49803, 37.62082 ], [ -122.49589, 37.62277 ], [ -122.49409, 37.64404 ], [ -122.49678, 37.68643 ], [ -122.50243, 37.70813 ], [ -122.39338, 37.70827 ], [ -122.38763, 37.67906 ], [ -122.38171, 37.67726 ], [ -122.381, 37.66785 ], [ -122.37429, 37.66221 ], [ -122.38004, 37.64772 ], [ -122.39122, 37.6464 ], [ -122.38931, 37.64019 ], [ -122.38432, 37.64038 ], [ -122.38024, 37.63502 ], [ -122.36507, 37.62815 ], [ -122.36792, 37.62099 ], [ -122.35563, 37.61529 ], [ -122.35913, 37.60932 ], [ -122.37036, 37.61443 ], [ -122.37331, 37.61377 ], [ -122.37854, 37.60559 ], [ -122.36982, 37.60273 ], [ -122.36022, 37.5925 ], [ -122.33464, 37.59179 ], [ -122.33441, 37.58804 ], [ -122.32894, 37.58879 ], [ -122.32512, 37.59153 ], [ -122.31492, 37.59124 ], [ -122.31571, 37.58367 ], [ -122.3059, 37.57548 ], [ -122.28426, 37.57542 ], [ -122.27356, 37.57052 ], [ -122.26287, 37.57391 ], [ -122.25193, 37.56789 ], [ -122.24342, 37.55276 ], [ -122.23288, 37.55259 ], [ -122.22905, 37.55125 ], [ -122.22324, 37.54318 ], [ -122.21248, 37.54019 ], [ -122.20368, 37.54019 ], [ -122.19659, 37.5372 ], [ -122.19465, 37.53265 ], [ -122.20012, 37.52662 ], [ -122.18657, 37.51757 ], [ -122.18348, 37.52077 ], [ -122.17955, 37.51182 ], [ -122.16209, 37.50022 ], [ -122.14963, 37.50267 ], [ -122.13972, 37.50703 ], [ -122.13617, 37.50683 ], [ -122.12771, 37.50005 ], [ -122.1205, 37.47721 ], [ -122.12314, 37.474 ], [ -122.11516, 37.46628 ], [ -122.12392, 37.46101 ], [ -122.12238, 37.45338 ], [ -122.12598, 37.45355 ], [ -122.12829, 37.45186 ], [ -122.13877, 37.4548 ], [ -122.14191, 37.45783 ], [ -122.14493, 37.4582 ], [ -122.14676, 37.45658 ], [ -122.15351, 37.45668 ], [ -122.15769, 37.45349 ], [ -122.15952, 37.45472 ], [ -122.1653, 37.45284 ], [ -122.1689, 37.44741 ], [ -122.17415, 37.44478 ], [ -122.1757, 37.44188 ], [ -122.18218, 37.43948 ], [ -122.18456, 37.43409 ], [ -122.19051, 37.43096 ], [ -122.18961, 37.42714 ], [ -122.19133, 37.4253 ], [ -122.18792, 37.42002 ], [ -122.19027, 37.41848 ], [ -122.18719, 37.41655 ], [ -122.18756, 37.41484 ], [ -122.19236, 37.41387 ], [ -122.19445, 37.40761 ], [ -122.19002, 37.39486 ], [ -122.19101, 37.3844 ], [ -122.20071, 37.37196 ], [ -122.20265, 37.36305 ], [ -122.20247, 37.36027 ], [ -122.1935, 37.345 ], [ -122.18595, 37.3387 ], [ -122.18272, 37.33286 ], [ -122.17507, 37.32574 ], [ -122.17855, 37.32516 ], [ -122.18247, 37.32648 ], [ -122.18652, 37.32203 ], [ -122.19306, 37.31828 ], [ -122.18691, 37.31568 ], [ -122.18557, 37.31167 ], [ -122.18232, 37.30953 ], [ -122.17582, 37.31275 ], [ -122.17081, 37.31198 ], [ -122.16658, 37.30562 ], [ -122.16233, 37.30441 ], [ -122.16267, 37.3009 ], [ -122.16684, 37.29524 ], [ -122.15623, 37.29181 ], [ -122.15257, 37.28822 ], [ -122.15146, 37.23002 ], [ -122.15277, 37.21544 ], [ -122.24257, 37.21513 ], [ -122.24266, 37.19003 ], [ -122.26888, 37.18984 ], [ -122.28858, 37.18675 ], [ -122.31768, 37.18695 ], [ -122.31178, 37.14755 ], [ -122.28938, 37.11347 ], [ -122.29297, 37.10732 ], [ -122.30614, 37.11638 ], [ -122.31391, 37.11816 ], [ -122.32947, 37.11304 ], [ -122.33166, 37.11658 ], [ -122.33707, 37.11738 ], [ -122.33886, 37.12085 ], [ -122.33783, 37.13594 ], [ -122.34324, 37.1406 ], [ -122.34403, 37.1441 ], [ -122.35224, 37.14585 ], [ -122.36094, 37.15018 ], [ -122.35979, 37.15557 ], [ -122.36179, 37.16359 ], [ -122.36709, 37.17282 ], [ -122.37927, 37.18113 ], [ -122.3851, 37.18295 ], [ -122.3948, 37.18151 ], [ -122.39754, 37.18509 ], [ -122.39858, 37.1928 ], [ -122.40507, 37.19579 ], [ -122.40891, 37.2142 ], [ -122.40718, 37.21947 ], [ -122.41582, 37.23284 ], [ -122.41911, 37.24147 ], [ -122.41845, 37.24852 ], [ -122.41169, 37.26584 ], [ -122.40132, 37.33701 ], [ -122.40085, 37.35922 ], [ -122.40775, 37.36393 ], [ -122.40926, 37.37481 ], [ -122.42329, 37.39254 ], [ -122.42416, 37.40121 ], [ -122.42844, 37.40593 ], [ -122.42741, 37.40962 ], [ -122.43187, 37.41214 ], [ -122.44369, 37.43594 ], [ -122.44599, 37.46154 ], [ -122.45209, 37.48054 ], [ -122.45958, 37.49273 ], [ -122.47239, 37.50054 ], [ -122.49379, 37.49234 ], [ -122.49535, 37.49557 ], [ -122.49929, 37.49534 ], [ -122.50073, 37.49802 ], [ -122.4987, 37.50084 ], [ -122.51238, 37.51412 ], [ -122.51669, 37.52134 ], [ -122.51953, 37.5373 ], [ -122.51479, 37.54614 ], [ -122.51369, 37.55224 ], [ -122.51517, 37.56629 ], [ -122.51813, 37.56763 ], [ -122.52036, 37.57534 ], [ -122.51803, 37.57668 ], [ -122.51719, 37.59064 ], [ -122.52085, 37.59418 ] ] ] } },
{ "type": "Feature", "properties": { "county": "El Dorado", "GEOID": "06017", "bay_area_9": false, "total": 0, "student": 0, "individual": 0, "company": 0, "zcta_records": 0, "city_only_records": 0, "student_share": 0.0, "lon": -120.5312, "lat": 38.7897, "y2017": 0, "y2017_individual": 0, "y2017_student": 0, "y2017_company": 0, "y2018": 0, "y2018_individual": 0, "y2018_student": 0, "y2018_company": 0, "y2019": 0, "y2019_individual": 0, "y2019_student": 0, "y2019_company": 0, "y2020": 0, "y2020_individual": 0, "y2020_student": 0, "y2020_company": 0, "y2021": 0, "y2021_individual": 0, "y2021_student": 0, "y2021_company": 0, "y2022": 0, "y2022_individual": 0, "y2022_student": 0, "y2022_company": 0, "y2023": 0, "y2023_individual": 0, "y2023_student": 0, "y2023_company": 0, "y2024": 0, "y2024_individual": 0, "y2024_student": 0, "y2024_company": 0, "y2025": 0, "y2025_individual": 0, "y2025_student": 0, "y2025_company": 0, "y2026": 0, "y2026_individual": 0, "y2026_student": 0, "y2026_company": 0 }, "geometry": { "type": "Polygon", "coordinates": [ [ [ -121.14159, 38.71194 ], [ -121.13451, 38.71203 ], [ -121.1333, 38.73145 ], [ -121.12835, 38.73358 ], [ -121.12097, 38.75253 ], [ -121.11769, 38.75645 ], [ -121.11858, 38.76894 ], [ -121.11167, 38.77379 ], [ -121.1012, 38.78997 ], [ -121.10224, 38.7962 ], [ -121.09809, 38.80333 ], [ -121.09776, 38.80733 ], [ -121.10143, 38.81528 ], [ -121.09343, 38.81385 ], [ -121.08448, 38.81644 ], [ -121.08305, 38.82305 ], [ -121.08872, 38.8271 ], [ -121.08734, 38.83327 ], [ -121.08193, 38.83518 ], [ -121.07268, 38.84294 ], [ -121.05841, 38.84713 ], [ -121.05758, 38.85127 ], [ -121.06181, 38.85992 ], [ -121.05856, 38.86353 ], [ -121.05454, 38.86502 ], [ -121.05326, 38.86835 ], [ -121.05693, 38.87731 ], [ -121.0617, 38.88265 ], [ -121.04614, 38.88886 ], [ -121.04417, 38.89083 ], [ -121.04819, 38.89529 ], [ -121.05337, 38.8973 ], [ -121.05291, 38.90014 ], [ -121.04301, 38.90849 ], [ -121.04051, 38.91554 ], [ -121.0375, 38.91569 ], [ -121.03378, 38.91282 ], [ -121.01893, 38.91824 ], [ -121.01235, 38.91665 ], [ -121.00713, 38.91786 ], [ -121.00488, 38.92011 ], [ -120.99954, 38.91816 ], [ -120.99703, 38.92112 ], [ -120.99116, 38.92363 ], [ -120.99197, 38.92722 ], [ -120.97727, 38.92925 ], [ -120.97042, 38.93309 ], [ -120.96599, 38.93258 ], [ -120.95805, 38.93901 ], [ -120.94835, 38.93832 ], [ -120.9434, 38.93567 ], [ -120.9383, 38.93583 ], [ -120.9382, 38.95664 ], [ -120.94057, 38.95986 ], [ -120.94028, 38.96234 ], [ -120.93621, 38.96393 ], [ -120.93247, 38.96206 ], [ -120.92279, 38.96071 ], [ -120.91387, 38.95521 ], [ -120.90211, 38.95315 ], [ -120.88792, 38.95973 ], [ -120.88159, 38.95671 ], [ -120.87738, 38.95701 ], [ -120.8686, 38.95419 ], [ -120.86307, 38.95395 ], [ -120.85986, 38.95165 ], [ -120.85772, 38.95664 ], [ -120.8521, 38.95954 ], [ -120.85553, 38.96682 ], [ -120.85324, 38.97281 ], [ -120.84756, 38.97693 ], [ -120.84063, 38.97545 ], [ -120.83884, 38.97179 ], [ -120.83506, 38.97151 ], [ -120.83269, 38.97381 ], [ -120.83262, 38.97802 ], [ -120.82938, 38.98039 ], [ -120.82971, 38.98734 ], [ -120.82472, 38.99275 ], [ -120.81549, 38.99478 ], [ -120.8123, 39.00013 ], [ -120.80822, 39.00106 ], [ -120.80192, 39.0011 ], [ -120.7981, 38.99605 ], [ -120.7908, 38.99963 ], [ -120.78679, 38.99962 ], [ -120.78025, 39.00419 ], [ -120.77383, 39.00582 ], [ -120.7738, 39.007 ], [ -120.77022, 39.00702 ], [ -120.76834, 39.00917 ], [ -120.76445, 39.00975 ], [ -120.76362, 39.0082 ], [ -120.7671, 39.00545 ], [ -120.76407, 39.00203 ], [ -120.7601, 39.00308 ], [ -120.76411, 39.00483 ], [ -120.76275, 39.00658 ], [ -120.76065, 39.00548 ], [ -120.75762, 39.00766 ], [ -120.75283, 39.00529 ], [ -120.74766, 39.0104 ], [ -120.74594, 39.00983 ], [ -120.74849, 39.00522 ], [ -120.74721, 39.00297 ], [ -120.74394, 39.00477 ], [ -120.74164, 39.00143 ], [ -120.73833, 39.00202 ], [ -120.73604, 39.0006 ], [ -120.72957, 39.00402 ], [ -120.72317, 38.99933 ], [ -120.72234, 38.99347 ], [ -120.71629, 38.98667 ], [ -120.71134, 38.98576 ], [ -120.70445, 38.9812 ], [ -120.69214, 38.98588 ], [ -120.68793, 38.98995 ], [ -120.68459, 38.98922 ], [ -120.68515, 38.98362 ], [ -120.68089, 38.97789 ], [ -120.68337, 38.97465 ], [ -120.68368, 38.96776 ], [ -120.6747, 38.96268 ], [ -120.67275, 38.95859 ], [ -120.66447, 38.95713 ], [ -120.66037, 38.95407 ], [ -120.65525, 38.95311 ], [ -120.6544, 38.94836 ], [ -120.65104, 38.94887 ], [ -120.64494, 38.94683 ], [ -120.64246, 38.9444 ], [ -120.63538, 38.9434 ], [ -120.62947, 38.9464 ], [ -120.62229, 38.94311 ], [ -120.61135, 38.94264 ], [ -120.60694, 38.93525 ], [ -120.60437, 38.93422 ], [ -120.59847, 38.93684 ], [ -120.59438, 38.9361 ], [ -120.59346, 38.93213 ], [ -120.58731, 38.93144 ], [ -120.58521, 38.92736 ], [ -120.58632, 38.92287 ], [ -120.58054, 38.92023 ], [ -120.57886, 38.91659 ], [ -120.56426, 38.91364 ], [ -120.5591, 38.91577 ], [ -120.55632, 38.91516 ], [ -120.55215, 38.92059 ], [ -120.54609, 38.9207 ], [ -120.54537, 38.92667 ], [ -120.54284, 38.92753 ], [ -120.53449, 38.92601 ], [ -120.53229, 38.92908 ], [ -120.52734, 38.93158 ], [ -120.52285, 38.93033 ], [ -120.51235, 38.93119 ], [ -120.51076, 38.93415 ], [ -120.50484, 38.93522 ], [ -120.5029, 38.94081 ], [ -120.49301, 38.94314 ], [ -120.49175, 38.9452 ], [ -120.49274, 38.94915 ], [ -120.48769, 38.95219 ], [ -120.48618, 38.95862 ], [ -120.48328, 38.96021 ], [ -120.47927, 38.96002 ], [ -120.47478, 38.96438 ], [ -120.47098, 38.96551 ], [ -120.4704, 38.96886 ], [ -120.46175, 38.97844 ], [ -120.45964, 38.985 ], [ -120.4515, 38.98794 ], [ -120.45383, 38.99487 ], [ -120.45068, 38.99938 ], [ -120.44889, 39.00668 ], [ -120.44538, 39.01007 ], [ -120.44521, 39.0176 ], [ -120.44237, 39.02278 ], [ -120.4353, 39.02816 ], [ -120.32812, 39.02243 ], [ -120.25937, 39.02346 ], [ -120.25907, 39.02474 ], [ -120.24041, 39.02367 ], [ -120.24016, 39.03089 ], [ -120.1841, 39.03101 ], [ -120.18356, 39.03837 ], [ -120.16503, 39.03848 ], [ -120.16496, 39.04579 ], [ -120.15298, 39.04581 ], [ -120.15302, 39.06033 ], [ -120.1436, 39.0602 ], [ -120.14366, 39.06728 ], [ -120.00246, 39.06749 ], [ -120.00101, 38.99957 ], [ -119.90432, 38.93332 ], [ -119.9054, 38.92834 ], [ -119.89664, 38.92103 ], [ -119.89155, 38.91814 ], [ -119.88731, 38.91794 ], [ -119.88326, 38.90452 ], [ -119.87986, 38.89942 ], [ -119.88449, 38.89421 ], [ -119.87952, 38.88702 ], [ -119.88281, 38.88099 ], [ -119.88876, 38.87898 ], [ -119.87936, 38.87531 ], [ -119.87775, 38.86831 ], [ -119.8803, 38.86478 ], [ -119.89191, 38.85734 ], [ -119.90076, 38.85741 ], [ -119.90631, 38.85551 ], [ -119.90854, 38.84613 ], [ -119.90849, 38.83435 ], [ -119.92271, 38.82995 ], [ -119.9238, 38.82495 ], [ -119.92186, 38.82096 ], [ -119.93175, 38.81414 ], [ -119.93152, 38.81214 ], [ -119.93607, 38.80728 ], [ -119.94211, 38.80311 ], [ -119.94375, 38.79664 ], [ -119.93995, 38.79532 ], [ -119.93977, 38.79356 ], [ -119.94785, 38.78486 ], [ -119.94793, 38.78164 ], [ -119.96495, 38.77599 ], [ -120.07239, 38.70277 ], [ -120.08249, 38.7006 ], [ -120.08242, 38.70203 ], [ -120.07769, 38.70213 ], [ -120.07764, 38.70889 ], [ -120.09832, 38.70903 ], [ -120.09837, 38.70396 ], [ -120.10301, 38.70596 ], [ -120.11201, 38.70502 ], [ -120.12283, 38.69455 ], [ -120.12426, 38.69076 ], [ -120.12337, 38.68693 ], [ -120.1167, 38.67978 ], [ -120.12309, 38.6667 ], [ -120.12886, 38.66463 ], [ -120.13223, 38.66031 ], [ -120.1351, 38.65453 ], [ -120.13192, 38.65148 ], [ -120.13172, 38.64906 ], [ -120.14049, 38.63817 ], [ -120.14589, 38.63962 ], [ -120.15008, 38.63745 ], [ -120.15241, 38.63792 ], [ -120.1581, 38.63323 ], [ -120.17019, 38.63243 ], [ -120.17864, 38.63377 ], [ -120.19132, 38.63115 ], [ -120.1971, 38.6292 ], [ -120.19768, 38.6258 ], [ -120.20287, 38.62471 ], [ -120.20475, 38.62773 ], [ -120.21463, 38.62887 ], [ -120.21463, 38.62357 ], [ -120.22071, 38.62138 ], [ -120.22725, 38.60979 ], [ -120.22361, 38.60468 ], [ -120.22869, 38.6008 ], [ -120.23262, 38.60004 ], [ -120.23176, 38.59224 ], [ -120.23385, 38.58832 ], [ -120.23923, 38.58596 ], [ -120.24318, 38.58642 ], [ -120.25103, 38.58438 ], [ -120.26256, 38.57863 ], [ -120.26635, 38.57346 ], [ -120.26656, 38.56765 ], [ -120.27452, 38.55945 ], [ -120.27764, 38.55976 ], [ -120.28959, 38.55614 ], [ -120.29919, 38.55612 ], [ -120.29889, 38.55211 ], [ -120.30172, 38.54911 ], [ -120.31962, 38.5449 ], [ -120.32498, 38.54619 ], [ -120.32836, 38.54515 ], [ -120.3313, 38.54769 ], [ -120.35449, 38.54808 ], [ -120.36306, 38.54457 ], [ -120.37669, 38.54475 ], [ -120.38084, 38.54285 ], [ -120.38353, 38.53874 ], [ -120.38872, 38.54058 ], [ -120.3966, 38.53892 ], [ -120.40509, 38.53608 ], [ -120.41315, 38.53115 ], [ -120.42464, 38.53034 ], [ -120.43499, 38.5267 ], [ -120.43889, 38.52889 ], [ -120.45004, 38.52849 ], [ -120.45916, 38.52389 ], [ -120.4852, 38.52139 ], [ -120.49176, 38.51728 ], [ -120.49821, 38.5163 ], [ -120.50001, 38.51435 ], [ -120.5106, 38.51147 ], [ -120.53724, 38.50957 ], [ -120.55378, 38.51186 ], [ -120.57974, 38.50341 ], [ -120.58925, 38.50333 ], [ -120.59213, 38.5046 ], [ -120.60222, 38.50391 ], [ -120.60616, 38.50235 ], [ -120.61157, 38.50449 ], [ -120.6142, 38.50319 ], [ -120.62208, 38.50439 ], [ -120.62843, 38.5032 ], [ -120.63899, 38.50777 ], [ -120.65076, 38.51003 ], [ -120.65774, 38.51343 ], [ -120.65893, 38.5154 ], [ -120.67718, 38.51781 ], [ -120.67867, 38.52219 ], [ -120.68309, 38.52639 ], [ -120.69063, 38.5278 ], [ -120.69997, 38.53233 ], [ -120.70448, 38.53623 ], [ -120.70596, 38.53517 ], [ -120.71071, 38.53735 ], [ -120.71832, 38.54176 ], [ -120.7223, 38.54695 ], [ -120.73034, 38.54808 ], [ -120.73655, 38.54564 ], [ -120.73896, 38.54831 ], [ -120.74725, 38.54845 ], [ -120.74869, 38.55094 ], [ -120.74661, 38.55271 ], [ -120.74887, 38.5534 ], [ -120.75475, 38.55116 ], [ -120.75996, 38.55493 ], [ -120.76837, 38.55275 ], [ -120.77908, 38.55438 ], [ -120.78418, 38.55091 ], [ -120.78848, 38.55415 ], [ -120.79233, 38.55461 ], [ -120.79466, 38.55762 ], [ -120.80088, 38.55628 ], [ -120.80184, 38.55909 ], [ -120.80462, 38.55984 ], [ -120.80528, 38.55814 ], [ -120.81046, 38.55775 ], [ -120.81257, 38.55961 ], [ -120.80996, 38.56092 ], [ -120.81295, 38.56221 ], [ -120.81722, 38.55807 ], [ -120.82328, 38.55969 ], [ -120.82544, 38.55586 ], [ -120.83292, 38.55586 ], [ -120.83658, 38.55147 ], [ -120.84086, 38.55602 ], [ -120.84722, 38.55379 ], [ -120.84961, 38.55063 ], [ -120.85642, 38.54805 ], [ -120.85594, 38.54328 ], [ -120.86241, 38.54333 ], [ -120.86405, 38.53526 ], [ -120.87082, 38.53618 ], [ -120.87361, 38.53827 ], [ -120.8736, 38.54247 ], [ -120.87631, 38.54327 ], [ -120.87784, 38.53992 ], [ -120.88383, 38.53626 ], [ -120.88066, 38.53086 ], [ -120.88507, 38.52507 ], [ -120.88913, 38.52461 ], [ -120.89124, 38.52829 ], [ -120.89517, 38.52824 ], [ -120.90237, 38.53123 ], [ -120.9054, 38.52431 ], [ -120.90875, 38.5239 ], [ -120.91098, 38.5205 ], [ -120.92207, 38.51939 ], [ -120.92638, 38.51496 ], [ -120.92984, 38.5178 ], [ -120.93642, 38.51941 ], [ -120.93896, 38.52788 ], [ -120.94132, 38.5286 ], [ -120.9457, 38.52369 ], [ -120.95253, 38.52103 ], [ -120.95759, 38.52277 ], [ -120.96457, 38.52028 ], [ -120.97028, 38.52081 ], [ -120.97437, 38.516 ], [ -120.9801, 38.51516 ], [ -120.9901, 38.51615 ], [ -120.99501, 38.51369 ], [ -121.00174, 38.51896 ], [ -121.00754, 38.51914 ], [ -121.01137, 38.51246 ], [ -121.01313, 38.51315 ], [ -121.01931, 38.50895 ], [ -121.02751, 38.50829 ], [ -121.07047, 38.60759 ], [ -121.08543, 38.64783 ], [ -121.11866, 38.71707 ], [ -121.12403, 38.71047 ], [ -121.13378, 38.70539 ], [ -121.14159, 38.71194 ] ] ] } },
{ "type": "Feature", "properties": { "county": "Butte", "GEOID": "06007", "bay_area_9": false, "total": 0, "student": 0, "individual": 0, "company": 0, "zcta_records": 0, "city_only_records": 0, "student_share": 0.0, "lon": -121.5786, "lat": 39.7245, "y2017": 0, "y2017_individual": 0, "y2017_student": 0, "y2017_company": 0, "y2018": 0, "y2018_individual": 0, "y2018_student": 0, "y2018_company": 0, "y2019": 0, "y2019_individual": 0, "y2019_student": 0, "y2019_company": 0, "y2020": 0, "y2020_individual": 0, "y2020_student": 0, "y2020_company": 0, "y2021": 0, "y2021_individual": 0, "y2021_student": 0, "y2021_company": 0, "y2022": 0, "y2022_individual": 0, "y2022_student": 0, "y2022_company": 0, "y2023": 0, "y2023_individual": 0, "y2023_student": 0, "y2023_company": 0, "y2024": 0, "y2024_individual": 0, "y2024_student": 0, "y2024_company": 0, "y2025": 0, "y2025_individual": 0, "y2025_student": 0, "y2025_company": 0, "y2026": 0, "y2026_individual": 0, "y2026_student": 0, "y2026_company": 0 }, "geometry": { "type": "Polygon", "coordinates": [ [ [ -122.06943, 39.84053 ], [ -122.05921, 39.84949 ], [ -122.05539, 39.85724 ], [ -122.05569, 39.86397 ], [ -122.04891, 39.86968 ], [ -122.04079, 39.8799 ], [ -122.04111, 39.88207 ], [ -122.04486, 39.88377 ], [ -121.88452, 39.88321 ], [ -121.80404, 39.88434 ], [ -121.8061, 39.88822 ], [ -121.77622, 39.88886 ], [ -121.76651, 39.8976 ], [ -121.75063, 39.9068 ], [ -121.74915, 39.9269 ], [ -121.74456, 39.94185 ], [ -121.73529, 39.95386 ], [ -121.72871, 39.95729 ], [ -121.72497, 39.96763 ], [ -121.7212, 39.97058 ], [ -121.7149, 39.97143 ], [ -121.706, 39.9781 ], [ -121.70324, 39.98423 ], [ -121.64603, 39.98253 ], [ -121.64585, 39.99706 ], [ -121.63544, 39.99682 ], [ -121.63617, 40.02581 ], [ -121.62607, 40.0256 ], [ -121.62609, 40.0395 ], [ -121.61781, 40.03942 ], [ -121.61729, 40.04706 ], [ -121.60873, 40.04675 ], [ -121.60864, 40.05508 ], [ -121.59856, 40.05509 ], [ -121.59846, 40.05761 ], [ -121.59565, 40.05771 ], [ -121.5958, 40.09346 ], [ -121.58614, 40.09329 ], [ -121.58641, 40.10052 ], [ -121.51056, 40.10052 ], [ -121.51055, 40.10798 ], [ -121.49087, 40.10804 ], [ -121.49086, 40.11529 ], [ -121.48097, 40.11509 ], [ -121.48095, 40.12237 ], [ -121.4529, 40.12212 ], [ -121.45273, 40.12973 ], [ -121.44287, 40.12965 ], [ -121.44284, 40.1487 ], [ -121.43689, 40.1519 ], [ -121.40451, 40.15165 ], [ -121.40485, 40.11554 ], [ -121.38593, 40.1159 ], [ -121.38611, 40.10865 ], [ -121.37649, 40.10863 ], [ -121.37679, 40.08603 ], [ -121.36682, 40.08605 ], [ -121.36714, 40.07189 ], [ -121.37684, 40.07175 ], [ -121.37708, 40.05709 ], [ -121.382, 40.05699 ], [ -121.38227, 40.05183 ], [ -121.40035, 40.0521 ], [ -121.40034, 40.03052 ], [ -121.40964, 40.03062 ], [ -121.40956, 40.01573 ], [ -121.41948, 40.01577 ], [ -121.41982, 39.98755 ], [ -121.41026, 39.9873 ], [ -121.41033, 39.95848 ], [ -121.41984, 39.95862 ], [ -121.42057, 39.92961 ], [ -121.41109, 39.92943 ], [ -121.411, 39.91509 ], [ -121.43001, 39.91483 ], [ -121.42996, 39.90031 ], [ -121.411, 39.90042 ], [ -121.41194, 39.87142 ], [ -121.39902, 39.87129 ], [ -121.39853, 39.86288 ], [ -121.38015, 39.86282 ], [ -121.38018, 39.85542 ], [ -121.36121, 39.85547 ], [ -121.36052, 39.84074 ], [ -121.35108, 39.84035 ], [ -121.35082, 39.8257 ], [ -121.33229, 39.8257 ], [ -121.33233, 39.81105 ], [ -121.31847, 39.81091 ], [ -121.31694, 39.7967 ], [ -121.30771, 39.79662 ], [ -121.30781, 39.78936 ], [ -121.29413, 39.78925 ], [ -121.29422, 39.7855 ], [ -121.28947, 39.78544 ], [ -121.28951, 39.78166 ], [ -121.28495, 39.78158 ], [ -121.28585, 39.76762 ], [ -121.26827, 39.7688 ], [ -121.26802, 39.75424 ], [ -121.25107, 39.75404 ], [ -121.24826, 39.74004 ], [ -121.22971, 39.74021 ], [ -121.22945, 39.72566 ], [ -121.21088, 39.72565 ], [ -121.20869, 39.70036 ], [ -121.19053, 39.69989 ], [ -121.19028, 39.68535 ], [ -121.17119, 39.68556 ], [ -121.17114, 39.67109 ], [ -121.16302, 39.67099 ], [ -121.16286, 39.66382 ], [ -121.15514, 39.66391 ], [ -121.15508, 39.65678 ], [ -121.13641, 39.65681 ], [ -121.13672, 39.62817 ], [ -121.11663, 39.62805 ], [ -121.11633, 39.62102 ], [ -121.09754, 39.6209 ], [ -121.0977, 39.6137 ], [ -121.08895, 39.61355 ], [ -121.08892, 39.60331 ], [ -121.07935, 39.60335 ], [ -121.0767, 39.59726 ], [ -121.07954, 39.58526 ], [ -121.10747, 39.58527 ], [ -121.10697, 39.56719 ], [ -121.11631, 39.5671 ], [ -121.11645, 39.56354 ], [ -121.14121, 39.56228 ], [ -121.14089, 39.55555 ], [ -121.1499, 39.55529 ], [ -121.14991, 39.52645 ], [ -121.15898, 39.52613 ], [ -121.1593, 39.5196 ], [ -121.1854, 39.51973 ], [ -121.18517, 39.52669 ], [ -121.21002, 39.52722 ], [ -121.24048, 39.52661 ], [ -121.24024, 39.51309 ], [ -121.27708, 39.51281 ], [ -121.27679, 39.52027 ], [ -121.30512, 39.51959 ], [ -121.30543, 39.49782 ], [ -121.3102, 39.49776 ], [ -121.31016, 39.48683 ], [ -121.31498, 39.48696 ], [ -121.31479, 39.4759 ], [ -121.32407, 39.47571 ], [ -121.32414, 39.46861 ], [ -121.33343, 39.46873 ], [ -121.33344, 39.46509 ], [ -121.33826, 39.46503 ], [ -121.33842, 39.45438 ], [ -121.34514, 39.45257 ], [ -121.34621, 39.44419 ], [ -121.34371, 39.44067 ], [ -121.34534, 39.43892 ], [ -121.34062, 39.4316 ], [ -121.33502, 39.43006 ], [ -121.33407, 39.4258 ], [ -121.34181, 39.42243 ], [ -121.34204, 39.4203 ], [ -121.35186, 39.41534 ], [ -121.35403, 39.41157 ], [ -121.35905, 39.4091 ], [ -121.36349, 39.4033 ], [ -121.36049, 39.40147 ], [ -121.36008, 39.39872 ], [ -121.36715, 39.37817 ], [ -121.37257, 39.37358 ], [ -121.3729, 39.36459 ], [ -121.38275, 39.36276 ], [ -121.38786, 39.356 ], [ -121.40249, 39.34994 ], [ -121.40323, 39.34545 ], [ -121.40676, 39.34466 ], [ -121.40579, 39.34146 ], [ -121.40753, 39.33975 ], [ -121.4192, 39.33903 ], [ -121.42549, 39.33513 ], [ -121.43022, 39.33512 ], [ -121.43481, 39.33748 ], [ -121.44334, 39.3315 ], [ -121.44701, 39.33057 ], [ -121.45315, 39.33457 ], [ -121.45758, 39.33551 ], [ -121.46359, 39.33086 ], [ -121.46865, 39.33376 ], [ -121.47496, 39.33334 ], [ -121.478, 39.32876 ], [ -121.48456, 39.32489 ], [ -121.4847, 39.3213 ], [ -121.48263, 39.32013 ], [ -121.48357, 39.31834 ], [ -121.48667, 39.31742 ], [ -121.48949, 39.31953 ], [ -121.49486, 39.31914 ], [ -121.4979, 39.31421 ], [ -121.49935, 39.3164 ], [ -121.50441, 39.31803 ], [ -121.51714, 39.31737 ], [ -121.52123, 39.31948 ], [ -121.53055, 39.31826 ], [ -121.53641, 39.31421 ], [ -121.54054, 39.31451 ], [ -121.54711, 39.31218 ], [ -121.54873, 39.30877 ], [ -121.56396, 39.30498 ], [ -121.56758, 39.30787 ], [ -121.57603, 39.31084 ], [ -121.5808, 39.30987 ], [ -121.58621, 39.31126 ], [ -121.58839, 39.30889 ], [ -121.59328, 39.30768 ], [ -121.60084, 39.31042 ], [ -121.60328, 39.31273 ], [ -121.6042, 39.31802 ], [ -121.61118, 39.31928 ], [ -121.61215, 39.31628 ], [ -121.61669, 39.31237 ], [ -121.62068, 39.30284 ], [ -121.61872, 39.302 ], [ -121.62376, 39.29562 ], [ -121.63121, 39.30059 ], [ -121.63245, 39.30304 ], [ -121.63015, 39.30567 ], [ -121.79839, 39.30363 ], [ -121.90827, 39.30388 ], [ -121.9087, 39.30799 ], [ -121.90305, 39.33012 ], [ -121.89439, 39.34108 ], [ -121.89719, 39.34383 ], [ -121.8997, 39.35401 ], [ -121.89861, 39.35791 ], [ -121.89563, 39.35923 ], [ -121.89389, 39.35834 ], [ -121.89348, 39.3629 ], [ -121.89136, 39.3642 ], [ -121.88991, 39.36871 ], [ -121.88387, 39.37393 ], [ -121.89001, 39.38386 ], [ -121.89027, 39.39058 ], [ -121.88346, 39.40677 ], [ -121.88432, 39.41017 ], [ -121.88095, 39.41983 ], [ -121.87771, 39.42322 ], [ -121.87921, 39.42393 ], [ -121.87803, 39.42766 ], [ -121.8752, 39.42791 ], [ -121.87458, 39.4345 ], [ -121.87694, 39.43835 ], [ -121.87369, 39.44766 ], [ -121.87095, 39.44832 ], [ -121.8731, 39.45086 ], [ -121.87475, 39.46034 ], [ -121.86935, 39.4662 ], [ -121.87121, 39.46718 ], [ -121.87354, 39.4786 ], [ -121.87088, 39.48512 ], [ -121.87171, 39.49077 ], [ -121.87713, 39.50178 ], [ -121.87514, 39.50331 ], [ -121.87734, 39.50955 ], [ -121.87111, 39.51845 ], [ -121.85945, 39.5272 ], [ -121.85653, 39.5369 ], [ -121.94519, 39.53606 ], [ -121.97403, 39.52885 ], [ -121.97337, 39.53114 ], [ -121.97814, 39.53308 ], [ -121.98466, 39.53255 ], [ -121.98567, 39.53102 ], [ -121.99402, 39.53393 ], [ -121.99915, 39.54484 ], [ -122.00313, 39.55929 ], [ -122.00172, 39.56102 ], [ -121.99173, 39.56264 ], [ -121.99063, 39.5643 ], [ -121.99254, 39.56713 ], [ -122.00143, 39.569 ], [ -122.00324, 39.57481 ], [ -121.99506, 39.5823 ], [ -121.99686, 39.58762 ], [ -121.99577, 39.60316 ], [ -121.99232, 39.60818 ], [ -121.98222, 39.61137 ], [ -121.9794, 39.61716 ], [ -121.98355, 39.62328 ], [ -121.98833, 39.62421 ], [ -121.99065, 39.62632 ], [ -121.99213, 39.62916 ], [ -121.99083, 39.63654 ], [ -121.98507, 39.64593 ], [ -121.97599, 39.64864 ], [ -121.96819, 39.64835 ], [ -121.96662, 39.65244 ], [ -121.97582, 39.66346 ], [ -121.98139, 39.6637 ], [ -121.98482, 39.66051 ], [ -121.98983, 39.66027 ], [ -121.99649, 39.66386 ], [ -121.99735, 39.66848 ], [ -121.99434, 39.67146 ], [ -121.98515, 39.67017 ], [ -121.97479, 39.67549 ], [ -121.96143, 39.67729 ], [ -121.95772, 39.68158 ], [ -121.95692, 39.68752 ], [ -121.94491, 39.69092 ], [ -121.94158, 39.69811 ], [ -121.94761, 39.70821 ], [ -121.94744, 39.7111 ], [ -121.95095, 39.715 ], [ -121.95076, 39.71934 ], [ -121.94681, 39.72493 ], [ -121.94694, 39.73065 ], [ -121.94987, 39.733 ], [ -121.95241, 39.73182 ], [ -121.95559, 39.72078 ], [ -121.96252, 39.71774 ], [ -121.96792, 39.72332 ], [ -121.965, 39.72839 ], [ -121.96123, 39.73075 ], [ -121.96017, 39.73416 ], [ -121.9638, 39.7414 ], [ -121.96922, 39.73959 ], [ -121.97038, 39.73223 ], [ -121.97241, 39.73158 ], [ -121.98218, 39.7339 ], [ -121.99516, 39.74988 ], [ -122.00874, 39.75923 ], [ -122.0166, 39.76142 ], [ -122.02456, 39.76794 ], [ -122.03242, 39.77873 ], [ -122.02559, 39.78815 ], [ -122.02383, 39.79767 ], [ -122.0265, 39.80014 ], [ -122.03362, 39.79939 ], [ -122.0366, 39.79798 ], [ -122.0368, 39.79414 ], [ -122.04013, 39.79275 ], [ -122.04647, 39.79765 ], [ -122.04995, 39.80332 ], [ -122.05428, 39.80415 ], [ -122.06485, 39.81153 ], [ -122.06457, 39.8146 ], [ -122.05911, 39.81911 ], [ -122.05667, 39.8273 ], [ -122.0645, 39.83358 ], [ -122.06943, 39.84053 ] ] ] } },
{ "type": "Feature", "properties": { "county": "Tuolumne", "GEOID": "06109", "bay_area_9": false, "total": 1, "student": 0, "individual": 1, "company": 0, "zcta_records": 1, "city_only_records": 0, "student_share": 0.0, "lon": -119.8808, "lat": 38.026, "y2017": 0, "y2017_individual": 0, "y2017_student": 0, "y2017_company": 0, "y2018": 0, "y2018_individual": 0, "y2018_student": 0, "y2018_company": 0, "y2019": 0, "y2019_individual": 0, "y2019_student": 0, "y2019_company": 0, "y2020": 0, "y2020_individual": 0, "y2020_student": 0, "y2020_company": 0, "y2021": 0, "y2021_individual": 0, "y2021_student": 0, "y2021_company": 0, "y2022": 1, "y2022_individual": 1, "y2022_student": 0, "y2022_company": 0, "y2023": 0, "y2023_individual": 0, "y2023_student": 0, "y2023_company": 0, "y2024": 0, "y2024_individual": 0, "y2024_student": 0, "y2024_company": 0, "y2025": 0, "y2025_individual": 0, "y2025_student": 0, "y2025_company": 0, "y2026": 0, "y2026_individual": 0, "y2026_student": 0, "y2026_company": 0 }, "geometry": { "type": "Polygon", "coordinates": [ [ [ -120.65324, 37.83282 ], [ -120.64344, 37.84048 ], [ -120.64369, 37.84406 ], [ -120.63738, 37.8487 ], [ -120.63797, 37.85238 ], [ -120.63379, 37.86061 ], [ -120.61697, 37.87005 ], [ -120.60474, 37.87324 ], [ -120.60507, 37.87612 ], [ -120.5963, 37.88336 ], [ -120.59737, 37.88597 ], [ -120.59588, 37.88888 ], [ -120.59001, 37.89198 ], [ -120.58752, 37.89522 ], [ -120.58239, 37.8961 ], [ -120.57135, 37.89444 ], [ -120.56436, 37.90305 ], [ -120.5622, 37.91407 ], [ -120.55516, 37.91683 ], [ -120.55111, 37.92168 ], [ -120.54235, 37.92045 ], [ -120.53726, 37.92751 ], [ -120.54002, 37.93581 ], [ -120.53524, 37.9444 ], [ -120.51675, 37.95197 ], [ -120.51344, 37.95644 ], [ -120.5176, 37.96531 ], [ -120.52767, 37.97091 ], [ -120.52829, 37.9759 ], [ -120.53869, 37.97445 ], [ -120.54327, 37.97572 ], [ -120.54115, 37.97847 ], [ -120.52812, 37.98224 ], [ -120.52775, 37.98394 ], [ -120.53499, 37.99094 ], [ -120.52165, 37.99516 ], [ -120.51886, 38.00222 ], [ -120.51618, 38.00413 ], [ -120.51109, 38.00259 ], [ -120.50929, 37.99993 ], [ -120.50969, 37.99816 ], [ -120.51401, 37.99663 ], [ -120.51355, 37.99561 ], [ -120.5092, 37.99151 ], [ -120.50452, 37.99114 ], [ -120.49937, 37.99619 ], [ -120.49982, 38.00794 ], [ -120.49672, 38.0082 ], [ -120.49206, 38.0112 ], [ -120.48973, 38.00938 ], [ -120.48689, 38.00947 ], [ -120.48368, 38.01211 ], [ -120.47378, 38.01244 ], [ -120.46851, 38.00965 ], [ -120.46375, 38.01039 ], [ -120.46385, 38.01336 ], [ -120.46734, 38.01359 ], [ -120.46968, 38.01645 ], [ -120.46884, 38.01965 ], [ -120.46213, 38.02237 ], [ -120.46104, 38.02784 ], [ -120.45396, 38.03821 ], [ -120.45394, 38.04135 ], [ -120.44344, 38.05166 ], [ -120.44253, 38.05874 ], [ -120.44007, 38.0606 ], [ -120.43299, 38.05953 ], [ -120.43125, 38.06051 ], [ -120.43082, 38.07339 ], [ -120.42437, 38.0732 ], [ -120.42153, 38.07875 ], [ -120.41463, 38.08191 ], [ -120.41459, 38.08396 ], [ -120.4106, 38.08788 ], [ -120.41001, 38.1024 ], [ -120.38796, 38.11524 ], [ -120.38403, 38.12565 ], [ -120.37878, 38.12977 ], [ -120.37803, 38.13556 ], [ -120.3714, 38.13787 ], [ -120.37108, 38.14018 ], [ -120.3762, 38.14265 ], [ -120.37151, 38.14992 ], [ -120.36757, 38.15281 ], [ -120.35754, 38.15388 ], [ -120.35792, 38.15809 ], [ -120.36032, 38.16035 ], [ -120.35357, 38.16378 ], [ -120.3505, 38.16982 ], [ -120.34093, 38.17163 ], [ -120.33995, 38.17819 ], [ -120.33725, 38.17805 ], [ -120.33951, 38.18391 ], [ -120.33553, 38.18496 ], [ -120.33565, 38.18794 ], [ -120.33185, 38.1889 ], [ -120.33042, 38.19498 ], [ -120.32683, 38.1958 ], [ -120.32567, 38.19873 ], [ -120.3219, 38.20133 ], [ -120.30758, 38.22443 ], [ -120.30198, 38.22944 ], [ -120.29124, 38.234 ], [ -120.28922, 38.24656 ], [ -120.27591, 38.25882 ], [ -120.27243, 38.25977 ], [ -120.27399, 38.26437 ], [ -120.27101, 38.27028 ], [ -120.266, 38.27258 ], [ -120.26048, 38.27806 ], [ -120.25637, 38.28575 ], [ -120.25187, 38.28702 ], [ -120.23987, 38.29579 ], [ -120.23382, 38.30643 ], [ -120.23156, 38.30746 ], [ -120.22875, 38.31439 ], [ -120.22536, 38.31579 ], [ -120.22266, 38.31982 ], [ -120.21108, 38.32456 ], [ -120.20516, 38.32965 ], [ -120.1933, 38.34937 ], [ -120.19124, 38.34985 ], [ -120.18988, 38.35596 ], [ -120.1848, 38.35882 ], [ -120.18225, 38.36614 ], [ -120.17647, 38.37125 ], [ -120.17618, 38.37401 ], [ -120.17403, 38.37363 ], [ -120.17362, 38.3755 ], [ -120.17051, 38.37591 ], [ -120.16677, 38.37976 ], [ -120.16122, 38.3809 ], [ -120.15854, 38.38529 ], [ -120.14896, 38.38886 ], [ -120.14099, 38.39401 ], [ -120.13736, 38.39317 ], [ -120.13492, 38.39653 ], [ -120.12884, 38.39575 ], [ -120.11559, 38.40119 ], [ -120.1082, 38.40206 ], [ -120.10515, 38.40087 ], [ -120.09902, 38.40153 ], [ -120.09777, 38.40288 ], [ -120.08791, 38.40338 ], [ -120.08085, 38.4101 ], [ -120.07326, 38.41202 ], [ -120.07358, 38.41358 ], [ -120.06974, 38.41348 ], [ -120.0679, 38.41549 ], [ -120.06392, 38.41494 ], [ -120.06261, 38.41652 ], [ -120.05709, 38.41711 ], [ -120.05374, 38.41921 ], [ -120.04903, 38.41937 ], [ -120.04056, 38.42593 ], [ -120.02992, 38.42468 ], [ -120.01995, 38.43352 ], [ -119.88475, 38.35618 ], [ -119.8825, 38.3593 ], [ -119.86967, 38.3676 ], [ -119.85498, 38.37248 ], [ -119.83755, 38.38241 ], [ -119.81469, 38.38752 ], [ -119.80165, 38.4014 ], [ -119.78449, 38.40487 ], [ -119.77989, 38.40771 ], [ -119.77055, 38.40666 ], [ -119.75064, 38.41739 ], [ -119.71289, 38.41845 ], [ -119.70404, 38.41532 ], [ -119.69848, 38.40929 ], [ -119.69362, 38.3789 ], [ -119.70003, 38.36521 ], [ -119.66952, 38.34829 ], [ -119.63921, 38.32688 ], [ -119.64478, 38.32164 ], [ -119.64526, 38.31792 ], [ -119.64276, 38.31624 ], [ -119.64219, 38.30699 ], [ -119.64435, 38.2996 ], [ -119.64248, 38.29384 ], [ -119.65138, 38.28664 ], [ -119.64206, 38.27818 ], [ -119.63776, 38.27839 ], [ -119.63019, 38.2687 ], [ -119.6132, 38.26142 ], [ -119.61294, 38.25911 ], [ -119.61646, 38.25784 ], [ -119.6219, 38.25279 ], [ -119.61402, 38.2428 ], [ -119.6049, 38.2392 ], [ -119.60494, 38.23416 ], [ -119.60928, 38.23237 ], [ -119.61477, 38.23272 ], [ -119.6191, 38.22946 ], [ -119.62442, 38.22867 ], [ -119.6235, 38.2204 ], [ -119.62658, 38.21889 ], [ -119.62543, 38.21507 ], [ -119.6271, 38.2132 ], [ -119.62544, 38.206 ], [ -119.63093, 38.20394 ], [ -119.63267, 38.19886 ], [ -119.62089, 38.19172 ], [ -119.60993, 38.19043 ], [ -119.60565, 38.18841 ], [ -119.59842, 38.1817 ], [ -119.59142, 38.18509 ], [ -119.58656, 38.18484 ], [ -119.57837, 38.17565 ], [ -119.58135, 38.1725 ], [ -119.5765, 38.15766 ], [ -119.56601, 38.15696 ], [ -119.56426, 38.15406 ], [ -119.54695, 38.15442 ], [ -119.54557, 38.15149 ], [ -119.54795, 38.14811 ], [ -119.54741, 38.14398 ], [ -119.54555, 38.14307 ], [ -119.54189, 38.14465 ], [ -119.53116, 38.14449 ], [ -119.52552, 38.1408 ], [ -119.51668, 38.13909 ], [ -119.51553, 38.13735 ], [ -119.50649, 38.13711 ], [ -119.50581, 38.14844 ], [ -119.50778, 38.15264 ], [ -119.50555, 38.15374 ], [ -119.50448, 38.15812 ], [ -119.50183, 38.15926 ], [ -119.49713, 38.15688 ], [ -119.4958, 38.15498 ], [ -119.49697, 38.1493 ], [ -119.48913, 38.14344 ], [ -119.48852, 38.13217 ], [ -119.46946, 38.12828 ], [ -119.47284, 38.11697 ], [ -119.46675, 38.11403 ], [ -119.46208, 38.10911 ], [ -119.45745, 38.11055 ], [ -119.4645, 38.10359 ], [ -119.46369, 38.09834 ], [ -119.45981, 38.09628 ], [ -119.45438, 38.09607 ], [ -119.45075, 38.09923 ], [ -119.44833, 38.09916 ], [ -119.44588, 38.09306 ], [ -119.44047, 38.09568 ], [ -119.44156, 38.10268 ], [ -119.43562, 38.1082 ], [ -119.43055, 38.11627 ], [ -119.42575, 38.11172 ], [ -119.42396, 38.10744 ], [ -119.41089, 38.10769 ], [ -119.40251, 38.10555 ], [ -119.39702, 38.10682 ], [ -119.38988, 38.09913 ], [ -119.38285, 38.0977 ], [ -119.38022, 38.09255 ], [ -119.37456, 38.09352 ], [ -119.37105, 38.08859 ], [ -119.36507, 38.0902 ], [ -119.36143, 38.08829 ], [ -119.35713, 38.08298 ], [ -119.34985, 38.08557 ], [ -119.34592, 38.08311 ], [ -119.33671, 38.07039 ], [ -119.33584, 38.06628 ], [ -119.33411, 38.06524 ], [ -119.32793, 38.0657 ], [ -119.32421, 38.06094 ], [ -119.32265, 38.04986 ], [ -119.31119, 38.04476 ], [ -119.31062, 38.04025 ], [ -119.31395, 38.03453 ], [ -119.30971, 38.03392 ], [ -119.30459, 38.02389 ], [ -119.30815, 38.01949 ], [ -119.30869, 38.01524 ], [ -119.30703, 38.01232 ], [ -119.31059, 38.00336 ], [ -119.3099, 38.00116 ], [ -119.31839, 37.98642 ], [ -119.31429, 37.98262 ], [ -119.31469, 37.98112 ], [ -119.32259, 37.97102 ], [ -119.32199, 37.96902 ], [ -119.31459, 37.96412 ], [ -119.31309, 37.95302 ], [ -119.30839, 37.94682 ], [ -119.29589, 37.94272 ], [ -119.29389, 37.93842 ], [ -119.28789, 37.93302 ], [ -119.28059, 37.93382 ], [ -119.26399, 37.92652 ], [ -119.26559, 37.91383 ], [ -119.26389, 37.91222 ], [ -119.24698, 37.91013 ], [ -119.24168, 37.91023 ], [ -119.23978, 37.91183 ], [ -119.22668, 37.90663 ], [ -119.21988, 37.89863 ], [ -119.21078, 37.89943 ], [ -119.21068, 37.89393 ], [ -119.20778, 37.89003 ], [ -119.20138, 37.88803 ], [ -119.20008, 37.88453 ], [ -119.20078, 37.88323 ], [ -119.20638, 37.88333 ], [ -119.21328, 37.87333 ], [ -119.21448, 37.86833 ], [ -119.21258, 37.85693 ], [ -119.21688, 37.84963 ], [ -119.21548, 37.84703 ], [ -119.21048, 37.84563 ], [ -119.20178, 37.84753 ], [ -119.19618, 37.84403 ], [ -119.20228, 37.84293 ], [ -119.20688, 37.83993 ], [ -119.20398, 37.82983 ], [ -119.20518, 37.82803 ], [ -119.21328, 37.82503 ], [ -119.21688, 37.81873 ], [ -119.20498, 37.81153 ], [ -119.20128, 37.80433 ], [ -119.20438, 37.79323 ], [ -119.21278, 37.79173 ], [ -119.21698, 37.78773 ], [ -119.22128, 37.77913 ], [ -119.22708, 37.77843 ], [ -119.22988, 37.77693 ], [ -119.23078, 37.77443 ], [ -119.23658, 37.77363 ], [ -119.24308, 37.76913 ], [ -119.25018, 37.75744 ], [ -119.25498, 37.75633 ], [ -119.25588, 37.74503 ], [ -119.26118, 37.74103 ], [ -119.26898, 37.73923 ], [ -119.28838, 37.74503 ], [ -119.29068, 37.74933 ], [ -119.28908, 37.75503 ], [ -119.29408, 37.75973 ], [ -119.29338, 37.76793 ], [ -119.31098, 37.77843 ], [ -119.30728, 37.78283 ], [ -119.31048, 37.78563 ], [ -119.31048, 37.79253 ], [ -119.31228, 37.79413 ], [ -119.32179, 37.79403 ], [ -119.32698, 37.79943 ], [ -119.33188, 37.79923 ], [ -119.33939, 37.80553 ], [ -119.34589, 37.80563 ], [ -119.34899, 37.81083 ], [ -119.35499, 37.81183 ], [ -119.35139, 37.82553 ], [ -119.3726, 37.83288 ], [ -119.37382, 37.83969 ], [ -119.37551, 37.84087 ], [ -119.37707, 37.83968 ], [ -119.37929, 37.84095 ], [ -119.38372, 37.83647 ], [ -119.39259, 37.83792 ], [ -119.40059, 37.83472 ], [ -119.40269, 37.83523 ], [ -119.40469, 37.83722 ], [ -119.40509, 37.84822 ], [ -119.40729, 37.85492 ], [ -119.41549, 37.85462 ], [ -119.42199, 37.85772 ], [ -119.42489, 37.86552 ], [ -119.42679, 37.86672 ], [ -119.43419, 37.86512 ], [ -119.43929, 37.86022 ], [ -119.44269, 37.85982 ], [ -119.44199, 37.86752 ], [ -119.44389, 37.86922 ], [ -119.44859, 37.86852 ], [ -119.45149, 37.87102 ], [ -119.46279, 37.86842 ], [ -119.46599, 37.86462 ], [ -119.46959, 37.86352 ], [ -119.4743, 37.85562 ], [ -119.4769, 37.85962 ], [ -119.48119, 37.86082 ], [ -119.4841, 37.86442 ], [ -119.4869, 37.86492 ], [ -119.4923, 37.86312 ], [ -119.4996, 37.86762 ], [ -119.5026, 37.86782 ], [ -119.5153, 37.88442 ], [ -119.5238, 37.88672 ], [ -119.5298, 37.89112 ], [ -119.5357, 37.90412 ], [ -119.5567, 37.90092 ], [ -119.5586, 37.90312 ], [ -119.563, 37.90252 ], [ -119.5741, 37.89562 ], [ -119.5816, 37.89372 ], [ -119.5864, 37.89012 ], [ -119.5869, 37.88782 ], [ -119.5858, 37.88472 ], [ -119.5873, 37.87872 ], [ -119.58486, 37.87492 ], [ -119.59787, 37.86097 ], [ -119.60525, 37.85766 ], [ -119.61016, 37.85317 ], [ -119.61188, 37.8542 ], [ -119.61911, 37.8532 ], [ -119.62499, 37.84771 ], [ -119.6325, 37.84752 ], [ -119.6381, 37.84912 ], [ -119.6486, 37.84502 ], [ -119.6577, 37.83412 ], [ -119.6573, 37.83182 ], [ -119.6535, 37.82882 ], [ -119.6509, 37.82082 ], [ -119.6539, 37.81042 ], [ -119.6599, 37.80942 ], [ -119.6672, 37.80122 ], [ -119.6897, 37.80022 ], [ -119.69961, 37.78912 ], [ -119.70981, 37.79352 ], [ -119.71681, 37.79172 ], [ -119.72271, 37.78762 ], [ -119.73391, 37.78792 ], [ -119.73881, 37.78452 ], [ -119.74601, 37.78292 ], [ -119.75101, 37.77332 ], [ -119.76132, 37.77192 ], [ -119.76261, 37.77032 ], [ -119.76901, 37.77113 ], [ -119.772, 37.76893 ], [ -119.77201, 37.76673 ], [ -119.77791, 37.76583 ], [ -119.78111, 37.76342 ], [ -119.78451, 37.76393 ], [ -119.78611, 37.76582 ], [ -119.79151, 37.76463 ], [ -119.79792, 37.76135 ], [ -119.8049, 37.76015 ], [ -119.80501, 37.75643 ], [ -119.80851, 37.75493 ], [ -119.81291, 37.75833 ], [ -119.82481, 37.76192 ], [ -119.82731, 37.76443 ], [ -119.82791, 37.76823 ], [ -119.83791, 37.77023 ], [ -119.84221, 37.76913 ], [ -119.84061, 37.76503 ], [ -119.84701, 37.76183 ], [ -119.84871, 37.75853 ], [ -119.85201, 37.75773 ], [ -119.85391, 37.76123 ], [ -119.86061, 37.76443 ], [ -119.86431, 37.77202 ], [ -119.86821, 37.77322 ], [ -119.87551, 37.77253 ], [ -119.87271, 37.76753 ], [ -119.87601, 37.76383 ], [ -119.88491, 37.76073 ], [ -119.89251, 37.76223 ], [ -119.89851, 37.76093 ], [ -119.90131, 37.75933 ], [ -119.90121, 37.75783 ], [ -119.90701, 37.75793 ], [ -119.91521, 37.76263 ], [ -119.92371, 37.76403 ], [ -119.92861, 37.76463 ], [ -119.93041, 37.76333 ], [ -119.93841, 37.76303 ], [ -119.94481, 37.76493 ], [ -119.94761, 37.77043 ], [ -119.95062, 37.77053 ], [ -119.95502, 37.77323 ], [ -119.96492, 37.78283 ], [ -119.97182, 37.78403 ], [ -119.98022, 37.78903 ], [ -119.99842, 37.79623 ], [ -120.02659, 37.81188 ], [ -120.03233, 37.81085 ], [ -120.03599, 37.80787 ], [ -120.03905, 37.81081 ], [ -120.04636, 37.8133 ], [ -120.04889, 37.8112 ], [ -120.05513, 37.81279 ], [ -120.05893, 37.82492 ], [ -120.06155, 37.82603 ], [ -120.06515, 37.8229 ], [ -120.07951, 37.82881 ], [ -120.08471, 37.82703 ], [ -120.08543, 37.82351 ], [ -120.09047, 37.82187 ], [ -120.09204, 37.81555 ], [ -120.08907, 37.81226 ], [ -120.09028, 37.81075 ], [ -120.09371, 37.80973 ], [ -120.09366, 37.80822 ], [ -120.09875, 37.80773 ], [ -120.10074, 37.80067 ], [ -120.1062, 37.79903 ], [ -120.11225, 37.79387 ], [ -120.11579, 37.79316 ], [ -120.11976, 37.78966 ], [ -120.11938, 37.78586 ], [ -120.12393, 37.7857 ], [ -120.12683, 37.78178 ], [ -120.14212, 37.78304 ], [ -120.147, 37.78636 ], [ -120.15406, 37.78836 ], [ -120.16181, 37.78741 ], [ -120.16947, 37.79195 ], [ -120.17354, 37.79597 ], [ -120.17409, 37.79938 ], [ -120.17837, 37.79466 ], [ -120.1823, 37.79556 ], [ -120.18296, 37.79329 ], [ -120.18058, 37.78841 ], [ -120.18357, 37.78289 ], [ -120.18869, 37.78022 ], [ -120.18353, 37.77495 ], [ -120.18898, 37.76793 ], [ -120.19772, 37.76955 ], [ -120.1981, 37.7653 ], [ -120.20107, 37.76316 ], [ -120.20956, 37.76317 ], [ -120.21262, 37.76517 ], [ -120.21616, 37.76525 ], [ -120.21688, 37.76285 ], [ -120.22287, 37.76237 ], [ -120.22412, 37.76364 ], [ -120.22702, 37.76037 ], [ -120.23066, 37.76379 ], [ -120.236, 37.76391 ], [ -120.23794, 37.76524 ], [ -120.24091, 37.75849 ], [ -120.23893, 37.75595 ], [ -120.23969, 37.75349 ], [ -120.24884, 37.74964 ], [ -120.25333, 37.75074 ], [ -120.25654, 37.74844 ], [ -120.2587, 37.74269 ], [ -120.26166, 37.74089 ], [ -120.25842, 37.73558 ], [ -120.26072, 37.73356 ], [ -120.26475, 37.73597 ], [ -120.27608, 37.73897 ], [ -120.28234, 37.74531 ], [ -120.28664, 37.74027 ], [ -120.2838, 37.73364 ], [ -120.28618, 37.72978 ], [ -120.29587, 37.73339 ], [ -120.3057, 37.73423 ], [ -120.30769, 37.73561 ], [ -120.31528, 37.73387 ], [ -120.32084, 37.72616 ], [ -120.32612, 37.72607 ], [ -120.3325, 37.72937 ], [ -120.33557, 37.72648 ], [ -120.3428, 37.72698 ], [ -120.34521, 37.72566 ], [ -120.33981, 37.71709 ], [ -120.33809, 37.70911 ], [ -120.33316, 37.70656 ], [ -120.33022, 37.69807 ], [ -120.32292, 37.68781 ], [ -120.31946, 37.68643 ], [ -120.30641, 37.66576 ], [ -120.31231, 37.66295 ], [ -120.30984, 37.65598 ], [ -120.31257, 37.65367 ], [ -120.32594, 37.64897 ], [ -120.33255, 37.65332 ], [ -120.33526, 37.65896 ], [ -120.34326, 37.66313 ], [ -120.34513, 37.66782 ], [ -120.35293, 37.67481 ], [ -120.35775, 37.6751 ], [ -120.36246, 37.67282 ], [ -120.36631, 37.68079 ], [ -120.36937, 37.67963 ], [ -120.37448, 37.6803 ], [ -120.37635, 37.682 ], [ -120.3797, 37.68099 ], [ -120.38664, 37.68484 ], [ -120.39193, 37.68356 ], [ -120.39171, 37.67977 ], [ -120.39353, 37.67969 ], [ -120.3925, 37.67536 ], [ -120.39443, 37.67504 ], [ -120.39535, 37.67226 ], [ -120.39281, 37.66953 ], [ -120.39412, 37.66812 ], [ -120.39062, 37.66652 ], [ -120.38435, 37.658 ], [ -120.37988, 37.65706 ], [ -120.37514, 37.65221 ], [ -120.38107, 37.64177 ], [ -120.3827, 37.64198 ], [ -120.3855, 37.63465 ], [ -120.38761, 37.6337 ], [ -120.65324, 37.83282 ] ] ] } },
{ "type": "Feature", "properties": { "county": "Colusa", "GEOID": "06011", "bay_area_9": false, "total": 0, "student": 0, "individual": 0, "company": 0, "zcta_records": 0, "city_only_records": 0, "student_share": 0.0, "lon": -122.2063, "lat": 39.1699, "y2017": 0, "y2017_individual": 0, "y2017_student": 0, "y2017_company": 0, "y2018": 0, "y2018_individual": 0, "y2018_student": 0, "y2018_company": 0, "y2019": 0, "y2019_individual": 0, "y2019_student": 0, "y2019_company": 0, "y2020": 0, "y2020_individual": 0, "y2020_student": 0, "y2020_company": 0, "y2021": 0, "y2021_individual": 0, "y2021_student": 0, "y2021_company": 0, "y2022": 0, "y2022_individual": 0, "y2022_student": 0, "y2022_company": 0, "y2023": 0, "y2023_individual": 0, "y2023_student": 0, "y2023_company": 0, "y2024": 0, "y2024_individual": 0, "y2024_student": 0, "y2024_company": 0, "y2025": 0, "y2025_individual": 0, "y2025_student": 0, "y2025_company": 0, "y2026": 0, "y2026_individual": 0, "y2026_student": 0, "y2026_company": 0 }, "geometry": { "type": "Polygon", "coordinates": [ [ [ -122.78509, 39.38297 ], [ -122.70005, 39.38297 ], [ -122.67438, 39.38468 ], [ -122.41623, 39.384 ], [ -122.13601, 39.38549 ], [ -122.13616, 39.4145 ], [ -122.00886, 39.41357 ], [ -122.00637, 39.40526 ], [ -122.00374, 39.40348 ], [ -122.00383, 39.39699 ], [ -122.00741, 39.39229 ], [ -122.00783, 39.38585 ], [ -122.00974, 39.38386 ], [ -121.89001, 39.38386 ], [ -121.88387, 39.37393 ], [ -121.88991, 39.36871 ], [ -121.89136, 39.3642 ], [ -121.89348, 39.3629 ], [ -121.89389, 39.35834 ], [ -121.89563, 39.35923 ], [ -121.89861, 39.35791 ], [ -121.8997, 39.35401 ], [ -121.89719, 39.34383 ], [ -121.89439, 39.34108 ], [ -121.89589, 39.33772 ], [ -121.90019, 39.33536 ], [ -121.90461, 39.32586 ], [ -121.9087, 39.30799 ], [ -121.90764, 39.30312 ], [ -121.91688, 39.29572 ], [ -121.9167, 39.29211 ], [ -121.91874, 39.29231 ], [ -121.91912, 39.28924 ], [ -121.92136, 39.28915 ], [ -121.92221, 39.28699 ], [ -121.9208, 39.28163 ], [ -121.92794, 39.27524 ], [ -121.92957, 39.27061 ], [ -121.93692, 39.26795 ], [ -121.94131, 39.26236 ], [ -121.94226, 39.2561 ], [ -121.94682, 39.24984 ], [ -121.94818, 39.24039 ], [ -121.94005, 39.22867 ], [ -121.94124, 39.22158 ], [ -121.93608, 39.22102 ], [ -121.9376, 39.21774 ], [ -121.93242, 39.21157 ], [ -121.93334, 39.20927 ], [ -121.92833, 39.19873 ], [ -121.93711, 39.19407 ], [ -121.93438, 39.19127 ], [ -121.93517, 39.18935 ], [ -121.93968, 39.18784 ], [ -121.9457, 39.18124 ], [ -121.93939, 39.17421 ], [ -121.93492, 39.1619 ], [ -121.92013, 39.15299 ], [ -121.91721, 39.14728 ], [ -121.92054, 39.14134 ], [ -121.93776, 39.14398 ], [ -121.93954, 39.14132 ], [ -121.93795, 39.133 ], [ -121.93393, 39.13004 ], [ -121.92496, 39.1282 ], [ -121.92072, 39.12203 ], [ -121.9111, 39.12315 ], [ -121.90996, 39.11929 ], [ -121.91274, 39.11354 ], [ -121.90954, 39.11305 ], [ -121.90554, 39.11477 ], [ -121.90352, 39.10806 ], [ -121.90583, 39.10309 ], [ -121.89998, 39.10006 ], [ -121.89851, 39.09669 ], [ -121.89437, 39.09613 ], [ -121.89349, 39.09176 ], [ -121.89537, 39.08763 ], [ -121.88974, 39.08116 ], [ -121.89439, 39.08002 ], [ -121.89413, 39.078 ], [ -121.8891, 39.07237 ], [ -121.87608, 39.07008 ], [ -121.8712, 39.0672 ], [ -121.85956, 39.06846 ], [ -121.84939, 39.0714 ], [ -121.83854, 39.06413 ], [ -121.84071, 39.05336 ], [ -121.83874, 39.04509 ], [ -121.83019, 39.03864 ], [ -121.83079, 39.03365 ], [ -121.82908, 39.03212 ], [ -121.82438, 39.03178 ], [ -121.82272, 39.0286 ], [ -121.82098, 39.02028 ], [ -121.82681, 39.01179 ], [ -121.8203, 39.00649 ], [ -121.80796, 39.00441 ], [ -121.79561, 38.99668 ], [ -121.79589, 38.99458 ], [ -121.8021, 38.98977 ], [ -121.81951, 38.98828 ], [ -121.82162, 38.9745 ], [ -121.83209, 38.97116 ], [ -121.83457, 38.96815 ], [ -121.83217, 38.96022 ], [ -121.84037, 38.95452 ], [ -121.8366, 38.94913 ], [ -121.83657, 38.94382 ], [ -121.83013, 38.93842 ], [ -121.83777, 38.92735 ], [ -121.83549, 38.92448 ], [ -122.06112, 38.92586 ], [ -122.33797, 38.92394 ], [ -122.34017, 38.92425 ], [ -122.34142, 38.92715 ], [ -122.35011, 38.92878 ], [ -122.36758, 38.93903 ], [ -122.37302, 38.93982 ], [ -122.39403, 38.95561 ], [ -122.40198, 38.9561 ], [ -122.40921, 38.963 ], [ -122.40899, 38.96847 ], [ -122.40665, 38.96935 ], [ -122.40702, 38.97142 ], [ -122.41677, 38.97825 ], [ -122.41931, 38.98918 ], [ -122.41409, 38.99535 ], [ -122.41573, 38.99719 ], [ -122.41192, 38.99814 ], [ -122.41191, 39.00509 ], [ -122.40871, 39.00735 ], [ -122.41089, 39.01029 ], [ -122.40914, 39.01212 ], [ -122.41125, 39.01546 ], [ -122.40998, 39.01752 ], [ -122.41342, 39.02022 ], [ -122.42434, 39.02043 ], [ -122.43434, 39.02252 ], [ -122.43729, 39.02136 ], [ -122.45019, 39.03266 ], [ -122.45485, 39.03441 ], [ -122.45451, 39.03604 ], [ -122.45822, 39.03899 ], [ -122.46127, 39.03867 ], [ -122.46733, 39.04297 ], [ -122.46818, 39.04476 ], [ -122.46551, 39.04789 ], [ -122.46724, 39.04892 ], [ -122.48167, 39.05273 ], [ -122.49202, 39.0535 ], [ -122.49223, 39.05953 ], [ -122.48945, 39.06144 ], [ -122.49085, 39.06479 ], [ -122.48758, 39.06478 ], [ -122.48388, 39.06695 ], [ -122.48623, 39.06935 ], [ -122.48868, 39.0692 ], [ -122.49023, 39.07368 ], [ -122.49052, 39.0773 ], [ -122.48624, 39.08254 ], [ -122.4862, 39.08605 ], [ -122.48839, 39.08982 ], [ -122.48759, 39.09315 ], [ -122.48983, 39.09968 ], [ -122.49646, 39.10781 ], [ -122.4942, 39.11508 ], [ -122.49715, 39.11633 ], [ -122.50091, 39.12108 ], [ -122.49776, 39.12675 ], [ -122.49706, 39.13359 ], [ -122.49479, 39.13585 ], [ -122.49684, 39.1405 ], [ -122.49292, 39.13946 ], [ -122.48797, 39.1416 ], [ -122.48504, 39.14127 ], [ -122.4808, 39.1384 ], [ -122.47454, 39.1447 ], [ -122.4769, 39.14694 ], [ -122.47784, 39.15152 ], [ -122.48089, 39.15255 ], [ -122.47824, 39.15477 ], [ -122.48257, 39.16293 ], [ -122.47538, 39.17015 ], [ -122.47729, 39.17395 ], [ -122.4889, 39.17631 ], [ -122.49184, 39.17529 ], [ -122.49401, 39.1781 ], [ -122.49364, 39.18353 ], [ -122.49854, 39.19109 ], [ -122.5008, 39.1897 ], [ -122.5084, 39.19032 ], [ -122.51379, 39.19601 ], [ -122.51588, 39.20358 ], [ -122.51533, 39.20922 ], [ -122.52176, 39.21038 ], [ -122.52724, 39.20952 ], [ -122.5288, 39.21141 ], [ -122.53385, 39.21014 ], [ -122.53499, 39.2116 ], [ -122.54142, 39.20692 ], [ -122.55329, 39.20674 ], [ -122.56722, 39.2037 ], [ -122.57344, 39.20429 ], [ -122.57898, 39.21066 ], [ -122.58296, 39.21229 ], [ -122.58936, 39.21358 ], [ -122.59153, 39.21245 ], [ -122.59353, 39.21432 ], [ -122.60186, 39.21419 ], [ -122.61018, 39.21616 ], [ -122.61233, 39.21881 ], [ -122.62301, 39.22321 ], [ -122.63516, 39.22305 ], [ -122.63808, 39.21999 ], [ -122.65014, 39.21392 ], [ -122.66536, 39.21755 ], [ -122.67382, 39.2253 ], [ -122.67973, 39.22453 ], [ -122.67958, 39.22685 ], [ -122.67584, 39.23009 ], [ -122.6817, 39.23456 ], [ -122.68093, 39.23873 ], [ -122.68685, 39.24115 ], [ -122.69136, 39.24743 ], [ -122.71245, 39.25701 ], [ -122.71336, 39.25949 ], [ -122.71696, 39.26046 ], [ -122.71648, 39.26294 ], [ -122.72321, 39.26528 ], [ -122.72285, 39.26684 ], [ -122.72864, 39.27328 ], [ -122.73499, 39.27193 ], [ -122.75811, 39.28538 ], [ -122.75694, 39.28779 ], [ -122.75823, 39.29395 ], [ -122.76613, 39.30103 ], [ -122.77049, 39.31002 ], [ -122.77525, 39.31256 ], [ -122.77547, 39.31518 ], [ -122.77273, 39.31896 ], [ -122.77252, 39.32397 ], [ -122.7683, 39.32549 ], [ -122.76824, 39.33114 ], [ -122.76483, 39.33501 ], [ -122.76531, 39.34274 ], [ -122.7521, 39.34635 ], [ -122.74583, 39.35622 ], [ -122.74245, 39.35746 ], [ -122.74221, 39.36529 ], [ -122.74348, 39.36813 ], [ -122.75224, 39.37058 ], [ -122.75559, 39.37567 ], [ -122.75995, 39.37813 ], [ -122.76318, 39.3778 ], [ -122.76809, 39.37398 ], [ -122.7742, 39.37488 ], [ -122.78509, 39.38297 ] ] ] } },
{ "type": "Feature", "properties": { "county": "Marin", "GEOID": "06041", "bay_area_9": true, "total": 28, "student": 2, "individual": 24, "company": 2, "zcta_records": 28, "city_only_records": 0, "student_share": 0.071, "lon": -122.732, "lat": 38.071, "y2017": 2, "y2017_individual": 2, "y2017_student": 0, "y2017_company": 0, "y2018": 3, "y2018_individual": 3, "y2018_student": 0, "y2018_company": 0, "y2019": 0, "y2019_individual": 0, "y2019_student": 0, "y2019_company": 0, "y2020": 6, "y2020_individual": 5, "y2020_student": 1, "y2020_company": 0, "y2021": 8, "y2021_individual": 7, "y2021_student": 0, "y2021_company": 1, "y2022": 3, "y2022_individual": 2, "y2022_student": 0, "y2022_company": 1, "y2023": 1, "y2023_individual": 1, "y2023_student": 0, "y2023_company": 0, "y2024": 0, "y2024_individual": 0, "y2024_student": 0, "y2024_company": 0, "y2025": 3, "y2025_individual": 3, "y2025_student": 0, "y2025_company": 0, "y2026": 2, "y2026_individual": 1, "y2026_student": 1, "y2026_company": 0 }, "geometry": { "type": "MultiPolygon", "coordinates": [ [ [ [ -122.44632, 37.86105 ], [ -122.44127, 37.86311 ], [ -122.43875, 37.86852 ], [ -122.4369, 37.86684 ], [ -122.43438, 37.86734 ], [ -122.43461, 37.86967 ], [ -122.43096, 37.87224 ], [ -122.42465, 37.87074 ], [ -122.42037, 37.86334 ], [ -122.42098, 37.85866 ], [ -122.41847, 37.85272 ], [ -122.43083, 37.85539 ], [ -122.43453, 37.85349 ], [ -122.44127, 37.85514 ], [ -122.44245, 37.85822 ], [ -122.44632, 37.86105 ] ] ], [ [ [ -123.02056, 37.99954 ], [ -123.0152, 38.00028 ], [ -123.01153, 38.00344 ], [ -122.99242, 38.04176 ], [ -122.96089, 38.11296 ], [ -122.95209, 38.13856 ], [ -122.94907, 38.15406 ], [ -122.94963, 38.16404 ], [ -122.95354, 38.17028 ], [ -122.95363, 38.17567 ], [ -122.95584, 38.17801 ], [ -122.96735, 38.18276 ], [ -122.96541, 38.18711 ], [ -122.96811, 38.20243 ], [ -122.98073, 38.21534 ], [ -122.98043, 38.22098 ], [ -122.98551, 38.22488 ], [ -122.99563, 38.23863 ], [ -122.995, 38.24004 ], [ -122.99282, 38.24004 ], [ -122.98715, 38.23754 ], [ -122.97899, 38.22929 ], [ -122.97278, 38.22964 ], [ -122.96713, 38.24959 ], [ -122.96814, 38.25366 ], [ -122.97708, 38.2679 ], [ -122.98632, 38.27316 ], [ -122.98945, 38.28024 ], [ -122.9946, 38.2831 ], [ -122.99711, 38.28946 ], [ -123.00291, 38.29571 ], [ -122.99411, 38.29938 ], [ -122.99475, 38.30619 ], [ -122.99163, 38.30553 ], [ -122.98771, 38.30812 ], [ -122.98413, 38.30822 ], [ -122.98161, 38.31114 ], [ -122.97487, 38.31147 ], [ -122.97108, 38.30994 ], [ -122.96905, 38.3108 ], [ -122.96612, 38.31697 ], [ -122.96129, 38.31654 ], [ -122.94675, 38.31121 ], [ -122.9436, 38.31256 ], [ -122.94033, 38.3109 ], [ -122.93506, 38.31395 ], [ -122.9338, 38.31359 ], [ -122.9367, 38.31045 ], [ -122.93543, 38.30961 ], [ -122.93252, 38.31171 ], [ -122.92564, 38.31274 ], [ -122.92151, 38.30857 ], [ -122.91824, 38.31013 ], [ -122.9166, 38.31321 ], [ -122.92095, 38.31684 ], [ -122.91607, 38.32026 ], [ -122.90811, 38.32075 ], [ -122.9073, 38.31864 ], [ -122.91088, 38.31686 ], [ -122.90924, 38.31427 ], [ -122.89993, 38.31679 ], [ -122.89844, 38.31452 ], [ -122.7399, 38.20702 ], [ -122.723, 38.20713 ], [ -122.71504, 38.2034 ], [ -122.71434, 38.20122 ], [ -122.70444, 38.19846 ], [ -122.70104, 38.19598 ], [ -122.6883, 38.19469 ], [ -122.68072, 38.18974 ], [ -122.66716, 38.1897 ], [ -122.664, 38.1865 ], [ -122.65944, 38.18698 ], [ -122.64924, 38.18113 ], [ -122.63795, 38.18025 ], [ -122.63387, 38.17845 ], [ -122.62818, 38.17889 ], [ -122.62541, 38.18239 ], [ -122.62265, 38.18262 ], [ -122.61511, 38.18235 ], [ -122.6125, 38.18059 ], [ -122.6035, 38.18085 ], [ -122.60092, 38.18526 ], [ -122.5926, 38.18877 ], [ -122.59115, 38.18599 ], [ -122.58212, 38.18802 ], [ -122.58186, 38.18611 ], [ -122.5782, 38.18358 ], [ -122.57069, 38.18352 ], [ -122.57317, 38.18588 ], [ -122.57073, 38.18714 ], [ -122.56509, 38.18222 ], [ -122.56838, 38.17684 ], [ -122.56446, 38.17508 ], [ -122.56319, 38.16932 ], [ -122.55924, 38.16862 ], [ -122.55329, 38.16998 ], [ -122.55198, 38.169 ], [ -122.55799, 38.16353 ], [ -122.55714, 38.15958 ], [ -122.54962, 38.15729 ], [ -122.54371, 38.15807 ], [ -122.53326, 38.14812 ], [ -122.51902, 38.13974 ], [ -122.5131, 38.13212 ], [ -122.50793, 38.1181 ], [ -122.5019, 38.11242 ], [ -122.48795, 38.10512 ], [ -122.48605, 38.10119 ], [ -122.48376, 38.07176 ], [ -122.49227, 38.05638 ], [ -122.49294, 38.04843 ], [ -122.49947, 38.03216 ], [ -122.49783, 38.0194 ], [ -122.49456, 38.01515 ], [ -122.48747, 38.01436 ], [ -122.48147, 38.00762 ], [ -122.46281, 38.00337 ], [ -122.4507, 37.99223 ], [ -122.4473, 37.98439 ], [ -122.4561, 37.97989 ], [ -122.46371, 37.98148 ], [ -122.46656, 37.98476 ], [ -122.47198, 37.98177 ], [ -122.47725, 37.97165 ], [ -122.49555, 37.97052 ], [ -122.4965, 37.96771 ], [ -122.4903, 37.96475 ], [ -122.4903, 37.95919 ], [ -122.48652, 37.94691 ], [ -122.48048, 37.94544 ], [ -122.47951, 37.94253 ], [ -122.48652, 37.93979 ], [ -122.48985, 37.9366 ], [ -122.49703, 37.93894 ], [ -122.49864, 37.94148 ], [ -122.50506, 37.94279 ], [ -122.50306, 37.92875 ], [ -122.49357, 37.92188 ], [ -122.48638, 37.92188 ], [ -122.47915, 37.91635 ], [ -122.47559, 37.91692 ], [ -122.47297, 37.90885 ], [ -122.47606, 37.90792 ], [ -122.47701, 37.90566 ], [ -122.45856, 37.89406 ], [ -122.44841, 37.89341 ], [ -122.44374, 37.88672 ], [ -122.43925, 37.88392 ], [ -122.43827, 37.88097 ], [ -122.44445, 37.87884 ], [ -122.44465, 37.87619 ], [ -122.44873, 37.87453 ], [ -122.45063, 37.87171 ], [ -122.46228, 37.87078 ], [ -122.458, 37.86177 ], [ -122.46846, 37.86815 ], [ -122.47427, 37.87443 ], [ -122.47511, 37.87734 ], [ -122.47178, 37.88091 ], [ -122.47511, 37.88635 ], [ -122.48343, 37.8901 ], [ -122.48937, 37.89516 ], [ -122.49341, 37.89366 ], [ -122.50102, 37.89366 ], [ -122.4965, 37.87734 ], [ -122.50054, 37.87415 ], [ -122.49627, 37.87078 ], [ -122.4946, 37.86627 ], [ -122.47844, 37.85952 ], [ -122.47974, 37.84757 ], [ -122.47752, 37.84655 ], [ -122.4769, 37.84261 ], [ -122.47226, 37.83681 ], [ -122.47268, 37.8324 ], [ -122.47424, 37.83367 ], [ -122.47778, 37.83338 ], [ -122.47874, 37.82559 ], [ -122.49093, 37.82675 ], [ -122.49548, 37.82243 ], [ -122.49903, 37.8224 ], [ -122.50001, 37.82091 ], [ -122.50445, 37.82109 ], [ -122.50569, 37.8233 ], [ -122.51109, 37.82501 ], [ -122.52345, 37.82503 ], [ -122.52988, 37.81756 ], [ -122.53728, 37.83033 ], [ -122.54899, 37.83623 ], [ -122.55899, 37.84653 ], [ -122.56149, 37.85183 ], [ -122.57353, 37.85573 ], [ -122.57539, 37.85873 ], [ -122.57969, 37.86008 ], [ -122.58182, 37.85704 ], [ -122.60129, 37.87513 ], [ -122.61394, 37.87843 ], [ -122.61744, 37.87723 ], [ -122.62409, 37.88105 ], [ -122.62871, 37.88169 ], [ -122.62821, 37.88451 ], [ -122.64196, 37.89751 ], [ -122.65882, 37.90474 ], [ -122.67847, 37.9066 ], [ -122.69357, 37.90117 ], [ -122.70264, 37.89382 ], [ -122.71023, 37.89642 ], [ -122.71402, 37.90047 ], [ -122.72518, 37.90269 ], [ -122.7369, 37.92583 ], [ -122.74875, 37.93108 ], [ -122.75461, 37.93553 ], [ -122.76614, 37.938 ], [ -122.77178, 37.94402 ], [ -122.77648, 37.94377 ], [ -122.77612, 37.94629 ], [ -122.78267, 37.9485 ], [ -122.79174, 37.96942 ], [ -122.7974, 37.97666 ], [ -122.80878, 37.98536 ], [ -122.81147, 37.98512 ], [ -122.82138, 37.99673 ], [ -122.85657, 38.01672 ], [ -122.88211, 38.02527 ], [ -122.90511, 38.02838 ], [ -122.92314, 38.02868 ], [ -122.93971, 38.03191 ], [ -122.95681, 38.02872 ], [ -122.97238, 38.02025 ], [ -122.98178, 38.00912 ], [ -122.98303, 37.99741 ], [ -122.97404, 37.9943 ], [ -122.9677, 37.99378 ], [ -122.96354, 37.98991 ], [ -122.9721, 37.99013 ], [ -122.97439, 37.99243 ], [ -122.98601, 37.99208 ], [ -122.9915, 37.99445 ], [ -122.99422, 37.99318 ], [ -123.00633, 37.99363 ], [ -123.00748, 37.99536 ], [ -123.01428, 37.99393 ], [ -123.02407, 37.99488 ], [ -123.02056, 37.99954 ] ] ] ] } },
{ "type": "Feature", "properties": { "county": "Santa Clara", "GEOID": "06085", "bay_area_9": true, "total": 77, "student": 16, "individual": 57, "company": 4, "zcta_records": 72, "city_only_records": 5, "student_share": 0.208, "lon": -121.7245, "lat": 37.1907, "y2017": 0, "y2017_individual": 0, "y2017_student": 0, "y2017_company": 0, "y2018": 13, "y2018_individual": 12, "y2018_student": 0, "y2018_company": 1, "y2019": 8, "y2019_individual": 5, "y2019_student": 2, "y2019_company": 1, "y2020": 5, "y2020_individual": 5, "y2020_student": 0, "y2020_company": 0, "y2021": 6, "y2021_individual": 5, "y2021_student": 1, "y2021_company": 0, "y2022": 8, "y2022_individual": 3, "y2022_student": 4, "y2022_company": 1, "y2023": 2, "y2023_individual": 1, "y2023_student": 1, "y2023_company": 0, "y2024": 2, "y2024_individual": 2, "y2024_student": 0, "y2024_company": 0, "y2025": 10, "y2025_individual": 10, "y2025_student": 0, "y2025_company": 0, "y2026": 23, "y2026_individual": 14, "y2026_student": 8, "y2026_company": 1 }, "geometry": { "type": "Polygon", "coordinates": [ [ [ -122.20247, 37.36027 ], [ -122.20071, 37.37196 ], [ -122.19101, 37.3844 ], [ -122.19002, 37.39486 ], [ -122.19445, 37.40761 ], [ -122.19236, 37.41387 ], [ -122.18756, 37.41484 ], [ -122.18719, 37.41655 ], [ -122.19027, 37.41848 ], [ -122.18792, 37.42002 ], [ -122.19133, 37.4253 ], [ -122.18961, 37.42714 ], [ -122.19051, 37.43096 ], [ -122.18456, 37.43409 ], [ -122.18218, 37.43948 ], [ -122.1757, 37.44188 ], [ -122.17415, 37.44478 ], [ -122.1689, 37.44741 ], [ -122.1653, 37.45284 ], [ -122.15952, 37.45472 ], [ -122.15769, 37.45349 ], [ -122.15351, 37.45668 ], [ -122.14676, 37.45658 ], [ -122.14493, 37.4582 ], [ -122.14191, 37.45783 ], [ -122.13877, 37.4548 ], [ -122.12829, 37.45186 ], [ -122.12598, 37.45355 ], [ -122.12238, 37.45338 ], [ -122.12392, 37.46101 ], [ -122.11516, 37.46628 ], [ -122.10911, 37.463 ], [ -122.1018, 37.46273 ], [ -122.08874, 37.45227 ], [ -122.06849, 37.45032 ], [ -122.05834, 37.44679 ], [ -122.0459, 37.44905 ], [ -122.0386, 37.45462 ], [ -122.0386, 37.46205 ], [ -122.04087, 37.46286 ], [ -122.03618, 37.46497 ], [ -122.02542, 37.46563 ], [ -121.99647, 37.46704 ], [ -121.98001, 37.46089 ], [ -121.95931, 37.46352 ], [ -121.95192, 37.46146 ], [ -121.94813, 37.46184 ], [ -121.94617, 37.46395 ], [ -121.94709, 37.46742 ], [ -121.94491, 37.46916 ], [ -121.94378, 37.46546 ], [ -121.94109, 37.46495 ], [ -121.9389, 37.46239 ], [ -121.93603, 37.46293 ], [ -121.93412, 37.46033 ], [ -121.93147, 37.46091 ], [ -121.93207, 37.45528 ], [ -121.92844, 37.45739 ], [ -121.9279, 37.45535 ], [ -121.92504, 37.45419 ], [ -121.91133, 37.46224 ], [ -121.89076, 37.46804 ], [ -121.88597, 37.47137 ], [ -121.8826, 37.47055 ], [ -121.88025, 37.47155 ], [ -121.86527, 37.48464 ], [ -121.6704, 37.48274 ], [ -121.47295, 37.48233 ], [ -121.47453, 37.47934 ], [ -121.47889, 37.47971 ], [ -121.48341, 37.47542 ], [ -121.48677, 37.47565 ], [ -121.48425, 37.46603 ], [ -121.47451, 37.46153 ], [ -121.47309, 37.45676 ], [ -121.46718, 37.45334 ], [ -121.46533, 37.45455 ], [ -121.46292, 37.45149 ], [ -121.46186, 37.4388 ], [ -121.46994, 37.43087 ], [ -121.46876, 37.42529 ], [ -121.47261, 37.42334 ], [ -121.46625, 37.41503 ], [ -121.46355, 37.41593 ], [ -121.45635, 37.40673 ], [ -121.45565, 37.40104 ], [ -121.45825, 37.39814 ], [ -121.45665, 37.39554 ], [ -121.45155, 37.39464 ], [ -121.44816, 37.39168 ], [ -121.43609, 37.39613 ], [ -121.43155, 37.39424 ], [ -121.42405, 37.39364 ], [ -121.41945, 37.39073 ], [ -121.41255, 37.38943 ], [ -121.40908, 37.38067 ], [ -121.41585, 37.37592 ], [ -121.41929, 37.36445 ], [ -121.4225, 37.36309 ], [ -121.42365, 37.35884 ], [ -121.41981, 37.35281 ], [ -121.42075, 37.34474 ], [ -121.40915, 37.33064 ], [ -121.41115, 37.32754 ], [ -121.41022, 37.32506 ], [ -121.41194, 37.32444 ], [ -121.40575, 37.31099 ], [ -121.41812, 37.30342 ], [ -121.42275, 37.29914 ], [ -121.42345, 37.29529 ], [ -121.43139, 37.29499 ], [ -121.43682, 37.29197 ], [ -121.44355, 37.29664 ], [ -121.44965, 37.29394 ], [ -121.44892, 37.29009 ], [ -121.45401, 37.28405 ], [ -121.45805, 37.28414 ], [ -121.45907, 37.28232 ], [ -121.45397, 37.27718 ], [ -121.45485, 37.26314 ], [ -121.45726, 37.26094 ], [ -121.45502, 37.25555 ], [ -121.45575, 37.24944 ], [ -121.44814, 37.23949 ], [ -121.44874, 37.23728 ], [ -121.44175, 37.23113 ], [ -121.4361, 37.22937 ], [ -121.43407, 37.22645 ], [ -121.43156, 37.22782 ], [ -121.42222, 37.22193 ], [ -121.42108, 37.21483 ], [ -121.41687, 37.21126 ], [ -121.41532, 37.199 ], [ -121.41046, 37.19201 ], [ -121.41153, 37.18541 ], [ -121.40946, 37.18415 ], [ -121.40891, 37.18084 ], [ -121.41114, 37.17785 ], [ -121.41008, 37.17576 ], [ -121.41339, 37.1729 ], [ -121.40773, 37.16901 ], [ -121.40653, 37.15884 ], [ -121.40464, 37.15599 ], [ -121.40114, 37.15492 ], [ -121.39902, 37.15014 ], [ -121.39746, 37.1506 ], [ -121.39342, 37.14813 ], [ -121.39113, 37.15075 ], [ -121.38355, 37.15149 ], [ -121.38169, 37.15763 ], [ -121.38396, 37.16016 ], [ -121.38427, 37.1662 ], [ -121.38291, 37.16788 ], [ -121.37965, 37.16801 ], [ -121.37333, 37.17396 ], [ -121.37221, 37.17696 ], [ -121.36454, 37.18032 ], [ -121.36317, 37.18351 ], [ -121.35956, 37.18445 ], [ -121.35456, 37.18389 ], [ -121.34667, 37.17991 ], [ -121.34238, 37.17419 ], [ -121.33829, 37.17352 ], [ -121.33435, 37.1708 ], [ -121.33255, 37.17128 ], [ -121.32841, 37.16595 ], [ -121.31403, 37.16791 ], [ -121.31288, 37.17015 ], [ -121.30604, 37.16664 ], [ -121.30262, 37.16816 ], [ -121.29855, 37.16596 ], [ -121.29152, 37.17034 ], [ -121.29096, 37.17543 ], [ -121.28773, 37.17737 ], [ -121.28606, 37.18114 ], [ -121.2843, 37.18089 ], [ -121.2841, 37.18251 ], [ -121.28111, 37.1836 ], [ -121.27538, 37.17874 ], [ -121.2731, 37.17333 ], [ -121.26951, 37.17117 ], [ -121.26209, 37.15932 ], [ -121.23711, 37.1572 ], [ -121.2323, 37.13989 ], [ -121.22268, 37.13083 ], [ -121.22175, 37.1259 ], [ -121.21734, 37.12304 ], [ -121.22379, 37.11508 ], [ -121.2263, 37.10971 ], [ -121.22554, 37.10684 ], [ -121.23035, 37.10497 ], [ -121.23044, 37.09694 ], [ -121.24302, 37.09271 ], [ -121.24548, 37.08915 ], [ -121.24198, 37.08513 ], [ -121.23549, 37.08623 ], [ -121.22464, 37.07894 ], [ -121.22293, 37.07381 ], [ -121.2158, 37.06922 ], [ -121.20964, 37.06824 ], [ -121.21034, 37.06604 ], [ -121.20823, 37.06201 ], [ -121.20896, 37.05868 ], [ -121.21306, 37.0551 ], [ -121.21873, 37.05714 ], [ -121.22339, 37.05751 ], [ -121.22452, 37.05624 ], [ -121.22316, 37.05523 ], [ -121.22581, 37.05207 ], [ -121.22451, 37.03974 ], [ -121.23614, 37.03695 ], [ -121.2411, 37.03171 ], [ -121.24846, 37.03349 ], [ -121.24599, 37.02557 ], [ -121.23334, 37.01175 ], [ -121.23817, 37.00909 ], [ -121.23634, 37.00835 ], [ -121.23698, 37.00658 ], [ -121.23314, 36.99935 ], [ -121.24152, 36.99738 ], [ -121.24514, 36.99292 ], [ -121.24664, 36.98705 ], [ -121.24589, 36.98304 ], [ -121.23736, 36.97312 ], [ -121.23213, 36.96889 ], [ -121.22483, 36.96743 ], [ -121.21541, 36.96125 ], [ -121.41825, 36.96055 ], [ -121.43456, 36.97398 ], [ -121.4377, 36.97851 ], [ -121.44735, 36.98295 ], [ -121.44975, 36.98615 ], [ -121.44912, 36.98821 ], [ -121.45197, 36.98884 ], [ -121.46366, 36.98488 ], [ -121.46595, 36.98215 ], [ -121.46356, 36.97829 ], [ -121.46794, 36.97677 ], [ -121.48895, 36.98315 ], [ -121.50149, 36.97189 ], [ -121.50528, 36.96422 ], [ -121.50814, 36.96365 ], [ -121.5094, 36.96004 ], [ -121.51228, 36.95904 ], [ -121.51023, 36.95405 ], [ -121.51205, 36.95268 ], [ -121.51168, 36.94934 ], [ -121.51381, 36.94515 ], [ -121.52223, 36.93969 ], [ -121.52359, 36.93709 ], [ -121.53923, 36.9273 ], [ -121.54068, 36.92554 ], [ -121.54002, 36.92076 ], [ -121.55349, 36.9152 ], [ -121.55845, 36.91047 ], [ -121.56027, 36.89711 ], [ -121.57139, 36.89707 ], [ -121.5754, 36.89303 ], [ -121.58135, 36.89915 ], [ -121.58115, 36.91925 ], [ -121.59015, 36.91925 ], [ -121.59035, 36.92615 ], [ -121.60716, 36.92605 ], [ -121.62473, 36.94009 ], [ -121.62405, 36.93849 ], [ -121.63046, 36.94054 ], [ -121.63186, 36.93925 ], [ -121.63706, 36.93905 ], [ -121.64226, 36.93635 ], [ -121.64141, 36.93223 ], [ -121.64579, 36.93233 ], [ -121.65306, 36.94175 ], [ -121.65406, 36.94475 ], [ -121.65227, 36.94763 ], [ -121.65368, 36.94772 ], [ -121.65404, 36.95058 ], [ -121.66326, 36.95185 ], [ -121.66433, 36.95514 ], [ -121.66286, 36.95915 ], [ -121.66479, 36.96371 ], [ -121.67226, 36.96435 ], [ -121.67826, 36.96785 ], [ -121.68776, 36.96695 ], [ -121.6933, 36.96823 ], [ -121.69813, 36.97261 ], [ -121.69536, 36.98515 ], [ -121.70524, 36.98624 ], [ -121.70551, 36.98936 ], [ -121.71138, 36.99058 ], [ -121.71092, 36.99307 ], [ -121.71466, 36.99313 ], [ -121.71788, 36.99556 ], [ -121.73231, 36.98966 ], [ -121.7387, 36.98999 ], [ -121.72981, 36.99356 ], [ -121.72835, 36.99682 ], [ -121.72962, 36.99787 ], [ -121.71876, 37.00756 ], [ -121.72657, 37.01205 ], [ -121.72781, 37.00986 ], [ -121.73619, 37.01534 ], [ -121.73131, 37.02242 ], [ -121.73081, 37.02032 ], [ -121.72577, 37.02065 ], [ -121.72782, 37.02275 ], [ -121.73913, 37.02718 ], [ -121.74238, 37.03024 ], [ -121.75492, 37.04845 ], [ -121.7576, 37.04963 ], [ -121.76068, 37.0476 ], [ -121.76468, 37.04922 ], [ -121.76322, 37.05177 ], [ -121.76696, 37.05328 ], [ -121.77569, 37.05326 ], [ -121.77605, 37.05486 ], [ -121.78155, 37.05699 ], [ -121.78647, 37.06215 ], [ -121.79355, 37.06431 ], [ -121.79582, 37.06356 ], [ -121.80151, 37.06749 ], [ -121.80908, 37.0693 ], [ -121.81252, 37.07516 ], [ -121.81719, 37.07788 ], [ -121.81649, 37.08037 ], [ -121.8184, 37.08382 ], [ -121.82366, 37.08605 ], [ -121.82402, 37.08757 ], [ -121.83154, 37.0886 ], [ -121.83433, 37.09123 ], [ -121.84414, 37.09473 ], [ -121.84449, 37.0965 ], [ -121.84909, 37.099 ], [ -121.86188, 37.09935 ], [ -121.86024, 37.10407 ], [ -121.87007, 37.10225 ], [ -121.88481, 37.10782 ], [ -121.8873, 37.10491 ], [ -121.89087, 37.10526 ], [ -121.89012, 37.10663 ], [ -121.89496, 37.10979 ], [ -121.90462, 37.11133 ], [ -121.90572, 37.11317 ], [ -121.91069, 37.11329 ], [ -121.92426, 37.12128 ], [ -121.93001, 37.12329 ], [ -121.93203, 37.122 ], [ -121.94069, 37.12595 ], [ -121.95416, 37.12915 ], [ -121.96324, 37.13321 ], [ -121.97227, 37.14153 ], [ -121.98084, 37.14228 ], [ -121.98715, 37.14482 ], [ -121.99109, 37.14427 ], [ -121.99422, 37.14992 ], [ -122.00293, 37.15846 ], [ -122.00904, 37.15979 ], [ -122.01595, 37.16566 ], [ -122.02617, 37.16685 ], [ -122.02559, 37.16907 ], [ -122.02768, 37.17085 ], [ -122.02567, 37.1726 ], [ -122.02764, 37.17408 ], [ -122.02653, 37.17611 ], [ -122.02893, 37.17694 ], [ -122.03194, 37.1823 ], [ -122.03263, 37.18614 ], [ -122.03075, 37.18999 ], [ -122.04078, 37.19517 ], [ -122.04416, 37.20121 ], [ -122.05479, 37.21026 ], [ -122.05509, 37.2125 ], [ -122.0584, 37.21307 ], [ -122.06278, 37.21037 ], [ -122.06593, 37.21041 ], [ -122.07001, 37.21667 ], [ -122.07813, 37.22241 ], [ -122.08981, 37.22327 ], [ -122.09267, 37.22544 ], [ -122.09337, 37.22924 ], [ -122.10423, 37.23427 ], [ -122.10557, 37.24074 ], [ -122.12164, 37.25856 ], [ -122.13088, 37.26047 ], [ -122.15057, 37.2762 ], [ -122.14869, 37.281 ], [ -122.15339, 37.28971 ], [ -122.16684, 37.29524 ], [ -122.16267, 37.3009 ], [ -122.16233, 37.30441 ], [ -122.16658, 37.30562 ], [ -122.17081, 37.31198 ], [ -122.17582, 37.31275 ], [ -122.18232, 37.30953 ], [ -122.18557, 37.31167 ], [ -122.18691, 37.31568 ], [ -122.19306, 37.31828 ], [ -122.18652, 37.32203 ], [ -122.18247, 37.32648 ], [ -122.17855, 37.32516 ], [ -122.17507, 37.32574 ], [ -122.18272, 37.33286 ], [ -122.18595, 37.3387 ], [ -122.1935, 37.345 ], [ -122.20247, 37.36027 ] ] ] } },
{ "type": "Feature", "properties": { "county": "San Joaquin", "GEOID": "06077", "bay_area_9": false, "total": 1, "student": 0, "individual": 1, "company": 0, "zcta_records": 1, "city_only_records": 0, "student_share": 0.0, "lon": -121.2463, "lat": 37.8914, "y2017": 0, "y2017_individual": 0, "y2017_student": 0, "y2017_company": 0, "y2018": 0, "y2018_individual": 0, "y2018_student": 0, "y2018_company": 0, "y2019": 0, "y2019_individual": 0, "y2019_student": 0, "y2019_company": 0, "y2020": 0, "y2020_individual": 0, "y2020_student": 0, "y2020_company": 0, "y2021": 0, "y2021_individual": 0, "y2021_student": 0, "y2021_company": 0, "y2022": 0, "y2022_individual": 0, "y2022_student": 0, "y2022_company": 0, "y2023": 0, "y2023_individual": 0, "y2023_student": 0, "y2023_company": 0, "y2024": 1, "y2024_individual": 1, "y2024_student": 0, "y2024_company": 0, "y2025": 0, "y2025_individual": 0, "y2025_student": 0, "y2025_company": 0, "y2026": 0, "y2026_individual": 0, "y2026_student": 0, "y2026_company": 0 }, "geometry": { "type": "Polygon", "coordinates": [ [ [ -121.58472, 38.04354 ], [ -121.58231, 38.05144 ], [ -121.58388, 38.0599 ], [ -121.5822, 38.06842 ], [ -121.57483, 38.07184 ], [ -121.57292, 38.07424 ], [ -121.57675, 38.07819 ], [ -121.58002, 38.09441 ], [ -121.56718, 38.09732 ], [ -121.56403, 38.10142 ], [ -121.56718, 38.10624 ], [ -121.58078, 38.11101 ], [ -121.5835, 38.11348 ], [ -121.58407, 38.12023 ], [ -121.57647, 38.12896 ], [ -121.56244, 38.13598 ], [ -121.55769, 38.13675 ], [ -121.55729, 38.13912 ], [ -121.56014, 38.14213 ], [ -121.55918, 38.14389 ], [ -121.55174, 38.14536 ], [ -121.54692, 38.14811 ], [ -121.5434, 38.14757 ], [ -121.54266, 38.15083 ], [ -121.54058, 38.15198 ], [ -121.53631, 38.15158 ], [ -121.53454, 38.15576 ], [ -121.53615, 38.15816 ], [ -121.53397, 38.15968 ], [ -121.53346, 38.16267 ], [ -121.5314, 38.1631 ], [ -121.5293, 38.16902 ], [ -121.52436, 38.17232 ], [ -121.52782, 38.18102 ], [ -121.52446, 38.18552 ], [ -121.5289, 38.19533 ], [ -121.51987, 38.20316 ], [ -121.51273, 38.20256 ], [ -121.50993, 38.20458 ], [ -121.50808, 38.20923 ], [ -121.50433, 38.21213 ], [ -121.50749, 38.22256 ], [ -121.50639, 38.22459 ], [ -121.49766, 38.22768 ], [ -121.49167, 38.22769 ], [ -121.49076, 38.23219 ], [ -121.48677, 38.23582 ], [ -121.48661, 38.24046 ], [ -121.47874, 38.24599 ], [ -121.48007, 38.25358 ], [ -121.47572, 38.25809 ], [ -121.46608, 38.25993 ], [ -121.45578, 38.25757 ], [ -121.45043, 38.25462 ], [ -121.44454, 38.25685 ], [ -121.43442, 38.25427 ], [ -121.42975, 38.25495 ], [ -121.42508, 38.2504 ], [ -121.42717, 38.2448 ], [ -121.42052, 38.23724 ], [ -121.41569, 38.23561 ], [ -121.41123, 38.23193 ], [ -121.40976, 38.23287 ], [ -121.40517, 38.22996 ], [ -121.40169, 38.23069 ], [ -121.39819, 38.22743 ], [ -121.38905, 38.23316 ], [ -121.38542, 38.23135 ], [ -121.37317, 38.23106 ], [ -121.37091, 38.22973 ], [ -121.36698, 38.23124 ], [ -121.3629, 38.22828 ], [ -121.36239, 38.22991 ], [ -121.35468, 38.23103 ], [ -121.34402, 38.22826 ], [ -121.32931, 38.23283 ], [ -121.32177, 38.23268 ], [ -121.31774, 38.23521 ], [ -121.30531, 38.23475 ], [ -121.29551, 38.23762 ], [ -121.2927, 38.23887 ], [ -121.28799, 38.24582 ], [ -121.28303, 38.24966 ], [ -121.27684, 38.24926 ], [ -121.26838, 38.25227 ], [ -121.25904, 38.25027 ], [ -121.24758, 38.24543 ], [ -121.22925, 38.24752 ], [ -121.22251, 38.24441 ], [ -121.21502, 38.2488 ], [ -121.20341, 38.24875 ], [ -121.19202, 38.2567 ], [ -121.18203, 38.25683 ], [ -121.18022, 38.25532 ], [ -121.17308, 38.25521 ], [ -121.16364, 38.26022 ], [ -121.14701, 38.26391 ], [ -121.14155, 38.2692 ], [ -121.13767, 38.27158 ], [ -121.13383, 38.27187 ], [ -121.12778, 38.27745 ], [ -121.11683, 38.27735 ], [ -121.1021, 38.28323 ], [ -121.09544, 38.28163 ], [ -121.09311, 38.28257 ], [ -121.08538, 38.28705 ], [ -121.08423, 38.28636 ], [ -121.06665, 38.29915 ], [ -121.06167, 38.29894 ], [ -121.05339, 38.29319 ], [ -121.04749, 38.29114 ], [ -121.04057, 38.29772 ], [ -121.02708, 38.30025 ], [ -120.93885, 38.08832 ], [ -120.92645, 38.07742 ], [ -120.92635, 37.88672 ], [ -120.92335, 37.75816 ], [ -120.92256, 37.75031 ], [ -120.92063, 37.74931 ], [ -120.92212, 37.7486 ], [ -120.92058, 37.73846 ], [ -120.92359, 37.73764 ], [ -120.94199, 37.74229 ], [ -120.95416, 37.73845 ], [ -120.97317, 37.74795 ], [ -120.97723, 37.75277 ], [ -120.98065, 37.75393 ], [ -120.98164, 37.75656 ], [ -120.98631, 37.75645 ], [ -120.99199, 37.75898 ], [ -120.99276, 37.76076 ], [ -120.9957, 37.76018 ], [ -120.99894, 37.75713 ], [ -120.99786, 37.75502 ], [ -121.00306, 37.75173 ], [ -121.007, 37.75111 ], [ -121.008, 37.74909 ], [ -121.01189, 37.74973 ], [ -121.01093, 37.75118 ], [ -121.01376, 37.75429 ], [ -121.01117, 37.75575 ], [ -121.01402, 37.75652 ], [ -121.01772, 37.75528 ], [ -121.0213, 37.75008 ], [ -121.02086, 37.74775 ], [ -121.02405, 37.74666 ], [ -121.02648, 37.74177 ], [ -121.02882, 37.7407 ], [ -121.03651, 37.74301 ], [ -121.03787, 37.73916 ], [ -121.04153, 37.74167 ], [ -121.04384, 37.74153 ], [ -121.04399, 37.7387 ], [ -121.04636, 37.74263 ], [ -121.05181, 37.74251 ], [ -121.05071, 37.74571 ], [ -121.05334, 37.74563 ], [ -121.05204, 37.74852 ], [ -121.05621, 37.75037 ], [ -121.05706, 37.74915 ], [ -121.05994, 37.74926 ], [ -121.06144, 37.74634 ], [ -121.06489, 37.7462 ], [ -121.06313, 37.74391 ], [ -121.06694, 37.74475 ], [ -121.06699, 37.73956 ], [ -121.0724, 37.73796 ], [ -121.07508, 37.73893 ], [ -121.07643, 37.73757 ], [ -121.084, 37.74179 ], [ -121.08837, 37.74105 ], [ -121.08999, 37.7366 ], [ -121.09509, 37.7345 ], [ -121.09439, 37.73366 ], [ -121.0963, 37.73353 ], [ -121.09577, 37.73596 ], [ -121.101, 37.7377 ], [ -121.09985, 37.74019 ], [ -121.10259, 37.74128 ], [ -121.10685, 37.74013 ], [ -121.11021, 37.74204 ], [ -121.11135, 37.74003 ], [ -121.10763, 37.73228 ], [ -121.11295, 37.72767 ], [ -121.11676, 37.72649 ], [ -121.11628, 37.72466 ], [ -121.1187, 37.72361 ], [ -121.12137, 37.72447 ], [ -121.12136, 37.72192 ], [ -121.12363, 37.72282 ], [ -121.12268, 37.72412 ], [ -121.12556, 37.72262 ], [ -121.12845, 37.72423 ], [ -121.13074, 37.7223 ], [ -121.13652, 37.72468 ], [ -121.138, 37.72232 ], [ -121.14276, 37.72214 ], [ -121.14188, 37.72098 ], [ -121.14544, 37.71999 ], [ -121.14611, 37.7175 ], [ -121.15585, 37.71984 ], [ -121.15609, 37.71681 ], [ -121.15883, 37.71695 ], [ -121.15839, 37.71179 ], [ -121.16083, 37.71114 ], [ -121.15935, 37.70853 ], [ -121.16212, 37.70805 ], [ -121.15875, 37.70641 ], [ -121.15922, 37.70444 ], [ -121.16567, 37.70425 ], [ -121.16682, 37.70223 ], [ -121.16368, 37.70038 ], [ -121.16624, 37.6994 ], [ -121.16892, 37.69912 ], [ -121.1763, 37.70405 ], [ -121.17655, 37.70606 ], [ -121.17845, 37.70553 ], [ -121.18016, 37.70342 ], [ -121.17886, 37.70194 ], [ -121.1768, 37.70228 ], [ -121.17591, 37.69942 ], [ -121.18257, 37.69854 ], [ -121.18243, 37.69662 ], [ -121.18023, 37.69571 ], [ -121.18063, 37.69356 ], [ -121.18401, 37.69285 ], [ -121.18222, 37.6916 ], [ -121.17968, 37.69298 ], [ -121.17895, 37.69108 ], [ -121.1831, 37.68998 ], [ -121.18112, 37.68809 ], [ -121.18585, 37.68879 ], [ -121.18744, 37.68751 ], [ -121.18786, 37.69011 ], [ -121.18947, 37.68971 ], [ -121.19024, 37.69189 ], [ -121.19192, 37.69048 ], [ -121.19423, 37.69495 ], [ -121.19642, 37.69457 ], [ -121.19782, 37.69052 ], [ -121.19964, 37.69037 ], [ -121.20131, 37.69246 ], [ -121.1993, 37.69422 ], [ -121.19982, 37.69622 ], [ -121.20225, 37.69596 ], [ -121.20416, 37.69344 ], [ -121.20607, 37.6949 ], [ -121.20525, 37.69203 ], [ -121.20869, 37.6863 ], [ -121.21639, 37.68787 ], [ -121.22097, 37.68305 ], [ -121.22347, 37.68361 ], [ -121.2226, 37.68037 ], [ -121.21837, 37.67887 ], [ -121.22275, 37.67723 ], [ -121.22201, 37.67511 ], [ -121.21909, 37.67646 ], [ -121.21849, 37.67385 ], [ -121.22036, 37.67104 ], [ -121.22925, 37.66893 ], [ -121.22907, 37.66434 ], [ -121.23156, 37.66259 ], [ -121.24123, 37.66425 ], [ -121.47192, 37.48178 ], [ -121.46921, 37.48936 ], [ -121.47094, 37.49118 ], [ -121.47936, 37.49648 ], [ -121.48206, 37.50144 ], [ -121.49318, 37.50242 ], [ -121.49602, 37.50494 ], [ -121.49538, 37.50813 ], [ -121.49723, 37.51246 ], [ -121.50237, 37.51847 ], [ -121.49827, 37.52243 ], [ -121.50147, 37.525 ], [ -121.52233, 37.52471 ], [ -121.52882, 37.52806 ], [ -121.5299, 37.52705 ], [ -121.54183, 37.53021 ], [ -121.54575, 37.53253 ], [ -121.55045, 37.53933 ], [ -121.55666, 37.54273 ], [ -121.55704, 37.81599 ], [ -121.55331, 37.81882 ], [ -121.55115, 37.8251 ], [ -121.55197, 37.83 ], [ -121.54946, 37.83357 ], [ -121.54419, 37.83255 ], [ -121.53819, 37.83743 ], [ -121.53804, 37.84295 ], [ -121.53425, 37.84989 ], [ -121.53721, 37.85084 ], [ -121.54004, 37.84884 ], [ -121.54201, 37.85131 ], [ -121.54112, 37.85774 ], [ -121.5475, 37.85523 ], [ -121.55312, 37.86096 ], [ -121.55526, 37.85801 ], [ -121.56033, 37.8586 ], [ -121.56198, 37.85314 ], [ -121.5659, 37.85786 ], [ -121.57059, 37.85801 ], [ -121.56829, 37.86 ], [ -121.56981, 37.86069 ], [ -121.57896, 37.8585 ], [ -121.5795, 37.86107 ], [ -121.57339, 37.86575 ], [ -121.57883, 37.86995 ], [ -121.57943, 37.8723 ], [ -121.57387, 37.88339 ], [ -121.57553, 37.88898 ], [ -121.56768, 37.89243 ], [ -121.5659, 37.89767 ], [ -121.57263, 37.90467 ], [ -121.56329, 37.9106 ], [ -121.56592, 37.9161 ], [ -121.56511, 37.91917 ], [ -121.55642, 37.9233 ], [ -121.5589, 37.92793 ], [ -121.55727, 37.93225 ], [ -121.56145, 37.93588 ], [ -121.56088, 37.93988 ], [ -121.56341, 37.94427 ], [ -121.55758, 37.9465 ], [ -121.56068, 37.94758 ], [ -121.56741, 37.94398 ], [ -121.56899, 37.94762 ], [ -121.56369, 37.95351 ], [ -121.56411, 37.95511 ], [ -121.57359, 37.95376 ], [ -121.57519, 37.95504 ], [ -121.5745, 37.95694 ], [ -121.56559, 37.95778 ], [ -121.56514, 37.95985 ], [ -121.57371, 37.96643 ], [ -121.57415, 37.97181 ], [ -121.57994, 37.97611 ], [ -121.57239, 37.97904 ], [ -121.58246, 37.98392 ], [ -121.58102, 37.98953 ], [ -121.57608, 37.99486 ], [ -121.57894, 37.99855 ], [ -121.57056, 37.99903 ], [ -121.56898, 38.00139 ], [ -121.5691, 38.00279 ], [ -121.57871, 38.00426 ], [ -121.57991, 38.00778 ], [ -121.57788, 38.01082 ], [ -121.56815, 38.01138 ], [ -121.56687, 38.01271 ], [ -121.57279, 38.01691 ], [ -121.57205, 38.01841 ], [ -121.56643, 38.01807 ], [ -121.56107, 38.01544 ], [ -121.55755, 38.01704 ], [ -121.5633, 38.02391 ], [ -121.56423, 38.0297 ], [ -121.56811, 38.0308 ], [ -121.57082, 38.02976 ], [ -121.57181, 38.03138 ], [ -121.57082, 38.038 ], [ -121.57217, 38.04141 ], [ -121.57763, 38.04296 ], [ -121.58019, 38.04127 ], [ -121.58079, 38.03879 ], [ -121.57795, 38.03382 ], [ -121.58169, 38.03236 ], [ -121.58439, 38.03602 ], [ -121.58472, 38.04354 ] ] ] } },
{ "type": "Feature", "properties": { "county": "Fresno", "GEOID": "06019", "bay_area_9": false, "total": 0, "student": 0, "individual": 0, "company": 0, "zcta_records": 0, "city_only_records": 0, "student_share": 0.0, "lon": -119.6353, "lat": 36.7472, "y2017": 0, "y2017_individual": 0, "y2017_student": 0, "y2017_company": 0, "y2018": 0, "y2018_individual": 0, "y2018_student": 0, "y2018_company": 0, "y2019": 0, "y2019_individual": 0, "y2019_student": 0, "y2019_company": 0, "y2020": 0, "y2020_individual": 0, "y2020_student": 0, "y2020_company": 0, "y2021": 0, "y2021_individual": 0, "y2021_student": 0, "y2021_company": 0, "y2022": 0, "y2022_individual": 0, "y2022_student": 0, "y2022_company": 0, "y2023": 0, "y2023_individual": 0, "y2023_student": 0, "y2023_company": 0, "y2024": 0, "y2024_individual": 0, "y2024_student": 0, "y2024_company": 0, "y2025": 0, "y2025_individual": 0, "y2025_student": 0, "y2025_company": 0, "y2026": 0, "y2026_individual": 0, "y2026_student": 0, "y2026_company": 0 }, "geometry": { "type": "Polygon", "coordinates": [ [ [ -120.91873, 36.74038 ], [ -120.65595, 36.95283 ], [ -120.59057, 36.95264 ], [ -120.59048, 36.98164 ], [ -120.58815, 36.98165 ], [ -120.58812, 36.98531 ], [ -120.58599, 36.98532 ], [ -120.58536, 36.99118 ], [ -120.58797, 36.99268 ], [ -120.59003, 36.99219 ], [ -120.59356, 36.99788 ], [ -120.59856, 36.99863 ], [ -120.5417, 37.04451 ], [ -120.53712, 37.03984 ], [ -120.53785, 37.03409 ], [ -120.54398, 37.02966 ], [ -120.54554, 37.02758 ], [ -120.54457, 37.02609 ], [ -120.53782, 37.02385 ], [ -120.53766, 37.01991 ], [ -120.53071, 37.02018 ], [ -120.52963, 37.01686 ], [ -120.53117, 37.01399 ], [ -120.52977, 37.01255 ], [ -120.52326, 37.01407 ], [ -120.52018, 37.01128 ], [ -120.51379, 37.01096 ], [ -120.50897, 37.00762 ], [ -120.50854, 37.00077 ], [ -120.50679, 36.9996 ], [ -120.50281, 37.00041 ], [ -120.50416, 36.9982 ], [ -120.50118, 36.99674 ], [ -120.49952, 36.98197 ], [ -120.49614, 36.97966 ], [ -120.49477, 36.97579 ], [ -120.49123, 36.97578 ], [ -120.48414, 36.9724 ], [ -120.48475, 36.96974 ], [ -120.48913, 36.96682 ], [ -120.47832, 36.95523 ], [ -120.47904, 36.94882 ], [ -120.47562, 36.93999 ], [ -120.46801, 36.93747 ], [ -120.46226, 36.92755 ], [ -120.45723, 36.92387 ], [ -120.45696, 36.92226 ], [ -120.46197, 36.91942 ], [ -120.46195, 36.91686 ], [ -120.45082, 36.91347 ], [ -120.45034, 36.91117 ], [ -120.456, 36.90538 ], [ -120.46336, 36.90565 ], [ -120.46335, 36.90398 ], [ -120.46092, 36.90267 ], [ -120.46675, 36.89219 ], [ -120.46432, 36.88661 ], [ -120.45654, 36.88384 ], [ -120.45367, 36.88079 ], [ -120.45456, 36.87909 ], [ -120.45774, 36.87828 ], [ -120.45931, 36.87491 ], [ -120.45738, 36.87303 ], [ -120.4503, 36.87122 ], [ -120.45019, 36.86853 ], [ -120.45625, 36.86286 ], [ -120.45408, 36.86021 ], [ -120.44898, 36.86033 ], [ -120.44737, 36.85657 ], [ -120.43949, 36.85571 ], [ -120.43853, 36.85449 ], [ -120.4405, 36.8502 ], [ -120.43389, 36.85058 ], [ -120.42663, 36.84011 ], [ -120.42219, 36.84014 ], [ -120.4171, 36.83563 ], [ -120.41413, 36.83612 ], [ -120.41044, 36.84001 ], [ -120.40913, 36.83582 ], [ -120.40507, 36.83177 ], [ -120.40417, 36.82594 ], [ -120.40071, 36.82241 ], [ -120.39771, 36.82233 ], [ -120.39522, 36.8245 ], [ -120.39417, 36.82337 ], [ -120.38903, 36.82444 ], [ -120.3791, 36.81717 ], [ -120.37751, 36.80915 ], [ -120.3756, 36.80834 ], [ -120.36961, 36.81036 ], [ -120.36828, 36.80665 ], [ -120.37429, 36.80174 ], [ -120.36982, 36.79597 ], [ -120.37293, 36.78894 ], [ -120.37155, 36.78584 ], [ -120.36905, 36.78481 ], [ -120.35588, 36.78735 ], [ -120.34512, 36.78505 ], [ -120.34482, 36.78784 ], [ -120.34747, 36.78921 ], [ -120.35095, 36.79544 ], [ -120.35067, 36.7975 ], [ -120.34662, 36.79765 ], [ -120.34299, 36.79093 ], [ -120.33694, 36.7924 ], [ -120.33419, 36.79099 ], [ -120.33461, 36.78288 ], [ -120.32422, 36.7863 ], [ -120.32239, 36.78509 ], [ -120.32435, 36.77989 ], [ -120.32172, 36.7777 ], [ -120.31454, 36.77917 ], [ -120.31382, 36.78185 ], [ -120.30134, 36.77819 ], [ -120.30016, 36.77416 ], [ -120.30529, 36.77362 ], [ -120.30606, 36.77026 ], [ -120.30191, 36.76995 ], [ -120.29769, 36.77228 ], [ -120.29317, 36.77223 ], [ -120.29212, 36.77082 ], [ -120.29417, 36.76682 ], [ -120.29059, 36.76305 ], [ -120.28829, 36.76367 ], [ -120.28971, 36.76961 ], [ -120.28649, 36.77333 ], [ -120.28122, 36.77215 ], [ -120.28224, 36.76735 ], [ -120.28088, 36.76674 ], [ -120.27627, 36.77018 ], [ -120.27457, 36.77398 ], [ -120.27268, 36.77406 ], [ -120.27032, 36.77162 ], [ -120.26055, 36.77226 ], [ -120.25753, 36.76964 ], [ -120.2548, 36.77004 ], [ -120.25277, 36.77369 ], [ -120.24876, 36.77509 ], [ -120.24568, 36.77133 ], [ -120.234, 36.7683 ], [ -120.2295, 36.76931 ], [ -120.23326, 36.78106 ], [ -120.23071, 36.78264 ], [ -120.22271, 36.78276 ], [ -120.22126, 36.78661 ], [ -120.21749, 36.78867 ], [ -120.20841, 36.78896 ], [ -120.20708, 36.79091 ], [ -120.20222, 36.79001 ], [ -120.20181, 36.78295 ], [ -120.19968, 36.78074 ], [ -120.19494, 36.77956 ], [ -120.1926, 36.77646 ], [ -120.18883, 36.77641 ], [ -120.18153, 36.78328 ], [ -120.18197, 36.78807 ], [ -120.17445, 36.79608 ], [ -120.1722, 36.8031 ], [ -120.16869, 36.80346 ], [ -120.1629, 36.79872 ], [ -120.15694, 36.79819 ], [ -120.13657, 36.8093 ], [ -120.11683, 36.81385 ], [ -120.10961, 36.81258 ], [ -120.10426, 36.81335 ], [ -120.09822, 36.81508 ], [ -120.09164, 36.82119 ], [ -120.07946, 36.82535 ], [ -120.07578, 36.82436 ], [ -120.07366, 36.82022 ], [ -120.07073, 36.81862 ], [ -120.05613, 36.82286 ], [ -120.05086, 36.82186 ], [ -120.04229, 36.8155 ], [ -120.02814, 36.81448 ], [ -120.02265, 36.81783 ], [ -120.02017, 36.82495 ], [ -120.01333, 36.82823 ], [ -120.00134, 36.8273 ], [ -119.99239, 36.82895 ], [ -119.99075, 36.83056 ], [ -119.9914, 36.8355 ], [ -119.98993, 36.83823 ], [ -119.98465, 36.84084 ], [ -119.97972, 36.83973 ], [ -119.97703, 36.83505 ], [ -119.97054, 36.83287 ], [ -119.96664, 36.83248 ], [ -119.95853, 36.83547 ], [ -119.94351, 36.83403 ], [ -119.93455, 36.83802 ], [ -119.93259, 36.84446 ], [ -119.9291, 36.84791 ], [ -119.92376, 36.84771 ], [ -119.91952, 36.84507 ], [ -119.91192, 36.84532 ], [ -119.9029, 36.8518 ], [ -119.88861, 36.85211 ], [ -119.88489, 36.85855 ], [ -119.87062, 36.85223 ], [ -119.86617, 36.85218 ], [ -119.86586, 36.85113 ], [ -119.86089, 36.85454 ], [ -119.85378, 36.85134 ], [ -119.84808, 36.85719 ], [ -119.84776, 36.86016 ], [ -119.84066, 36.86124 ], [ -119.83729, 36.85411 ], [ -119.83182, 36.85167 ], [ -119.81875, 36.84807 ], [ -119.81383, 36.85021 ], [ -119.80964, 36.86257 ], [ -119.80218, 36.86669 ], [ -119.79652, 36.87542 ], [ -119.78925, 36.87613 ], [ -119.78611, 36.87889 ], [ -119.78496, 36.88472 ], [ -119.78845, 36.89022 ], [ -119.78931, 36.89671 ], [ -119.77567, 36.90913 ], [ -119.77274, 36.9186 ], [ -119.75873, 36.92024 ], [ -119.7546, 36.92271 ], [ -119.75039, 36.9278 ], [ -119.75253, 36.93522 ], [ -119.74565, 36.939 ], [ -119.74165, 36.94386 ], [ -119.73726, 36.94402 ], [ -119.73377, 36.94644 ], [ -119.73667, 36.9536 ], [ -119.74325, 36.95463 ], [ -119.7405, 36.97021 ], [ -119.73163, 36.97941 ], [ -119.71382, 36.9909 ], [ -119.70074, 37.00333 ], [ -119.69808, 37.00875 ], [ -119.69078, 37.01199 ], [ -119.67736, 37.00911 ], [ -119.67092, 37.00926 ], [ -119.65861, 37.01333 ], [ -119.65711, 37.0189 ], [ -119.65938, 37.03894 ], [ -119.6516, 37.04296 ], [ -119.63935, 37.04329 ], [ -119.62903, 37.03462 ], [ -119.63595, 37.02535 ], [ -119.63537, 37.02154 ], [ -119.63217, 37.02098 ], [ -119.62066, 37.02706 ], [ -119.61036, 37.04567 ], [ -119.61319, 37.0535 ], [ -119.61064, 37.05777 ], [ -119.60967, 37.06469 ], [ -119.60491, 37.07102 ], [ -119.59696, 37.07127 ], [ -119.58598, 37.06578 ], [ -119.58075, 37.0661 ], [ -119.56842, 37.06357 ], [ -119.56298, 37.0641 ], [ -119.56143, 37.06549 ], [ -119.562, 37.06874 ], [ -119.56063, 37.07004 ], [ -119.56329, 37.07437 ], [ -119.559, 37.08806 ], [ -119.55324, 37.09258 ], [ -119.54229, 37.09542 ], [ -119.53768, 37.10402 ], [ -119.53976, 37.10905 ], [ -119.54805, 37.11644 ], [ -119.55123, 37.11706 ], [ -119.55619, 37.11548 ], [ -119.56857, 37.11669 ], [ -119.5634, 37.12828 ], [ -119.56378, 37.13832 ], [ -119.55941, 37.14362 ], [ -119.55216, 37.14522 ], [ -119.54789, 37.14361 ], [ -119.54093, 37.13563 ], [ -119.52454, 37.12832 ], [ -119.5177, 37.14638 ], [ -119.50673, 37.15055 ], [ -119.49928, 37.14452 ], [ -119.49312, 37.14167 ], [ -119.48892, 37.13639 ], [ -119.4931, 37.12495 ], [ -119.49132, 37.11971 ], [ -119.48409, 37.11082 ], [ -119.48155, 37.10952 ], [ -119.47481, 37.10996 ], [ -119.47055, 37.11064 ], [ -119.46625, 37.1196 ], [ -119.46914, 37.12589 ], [ -119.46263, 37.14421 ], [ -119.45894, 37.14524 ], [ -119.44272, 37.14405 ], [ -119.43488, 37.14695 ], [ -119.43213, 37.16257 ], [ -119.4258, 37.1643 ], [ -119.41818, 37.16406 ], [ -119.40865, 37.16122 ], [ -119.4036, 37.1565 ], [ -119.39979, 37.14983 ], [ -119.38885, 37.14921 ], [ -119.38652, 37.14953 ], [ -119.38498, 37.15331 ], [ -119.37503, 37.15787 ], [ -119.37464, 37.16435 ], [ -119.36499, 37.16574 ], [ -119.36176, 37.168 ], [ -119.36056, 37.18054 ], [ -119.35362, 37.18594 ], [ -119.34311, 37.18907 ], [ -119.3372, 37.20046 ], [ -119.33057, 37.20579 ], [ -119.32955, 37.2096 ], [ -119.33099, 37.21547 ], [ -119.33537, 37.21656 ], [ -119.33758, 37.2199 ], [ -119.33401, 37.22346 ], [ -119.33152, 37.23982 ], [ -119.32323, 37.24501 ], [ -119.3221, 37.24738 ], [ -119.32224, 37.25379 ], [ -119.3264, 37.26986 ], [ -119.33203, 37.27359 ], [ -119.33085, 37.28302 ], [ -119.32687, 37.29075 ], [ -119.33088, 37.30216 ], [ -119.33404, 37.30393 ], [ -119.33527, 37.31176 ], [ -119.32718, 37.31904 ], [ -119.32429, 37.32084 ], [ -119.31856, 37.32116 ], [ -119.3163, 37.32393 ], [ -119.31644, 37.32813 ], [ -119.32455, 37.33251 ], [ -119.32577, 37.33542 ], [ -119.32441, 37.33706 ], [ -119.31223, 37.33971 ], [ -119.31154, 37.34294 ], [ -119.31537, 37.34581 ], [ -119.31219, 37.35272 ], [ -119.28666, 37.37494 ], [ -119.02236, 37.58574 ], [ -119.02046, 37.58344 ], [ -119.01536, 37.58224 ], [ -119.00636, 37.57614 ], [ -119.00226, 37.57114 ], [ -118.99056, 37.56714 ], [ -118.98486, 37.56734 ], [ -118.97856, 37.56124 ], [ -118.97696, 37.55684 ], [ -118.97246, 37.55944 ], [ -118.96406, 37.55814 ], [ -118.95976, 37.56314 ], [ -118.95636, 37.56274 ], [ -118.95266, 37.56584 ], [ -118.94696, 37.56504 ], [ -118.94636, 37.56334 ], [ -118.94266, 37.56214 ], [ -118.93896, 37.55444 ], [ -118.93436, 37.55334 ], [ -118.92966, 37.54894 ], [ -118.91716, 37.55034 ], [ -118.90976, 37.53934 ], [ -118.90116, 37.53124 ], [ -118.90266, 37.52884 ], [ -118.90186, 37.52604 ], [ -118.89106, 37.52534 ], [ -118.88746, 37.52104 ], [ -118.88366, 37.52014 ], [ -118.88286, 37.51564 ], [ -118.88126, 37.51474 ], [ -118.88166, 37.51034 ], [ -118.87566, 37.50794 ], [ -118.86746, 37.50713 ], [ -118.86076, 37.50153 ], [ -118.85849, 37.49432 ], [ -118.85972, 37.49114 ], [ -118.85541, 37.48144 ], [ -118.85722, 37.47947 ], [ -118.85605, 37.4784 ], [ -118.85047, 37.4758 ], [ -118.8419, 37.48089 ], [ -118.83602, 37.48252 ], [ -118.83279, 37.48019 ], [ -118.81553, 37.48781 ], [ -118.81028, 37.48604 ], [ -118.80427, 37.48894 ], [ -118.79584, 37.48837 ], [ -118.78831, 37.47946 ], [ -118.78605, 37.47868 ], [ -118.78505, 37.47388 ], [ -118.77789, 37.46937 ], [ -118.77331, 37.45946 ], [ -118.76895, 37.45813 ], [ -118.76849, 37.45666 ], [ -118.76329, 37.45654 ], [ -118.76189, 37.44875 ], [ -118.75892, 37.44452 ], [ -118.76018, 37.43363 ], [ -118.7651, 37.42973 ], [ -118.76927, 37.42217 ], [ -118.77304, 37.42464 ], [ -118.77568, 37.42458 ], [ -118.77976, 37.42168 ], [ -118.78356, 37.41331 ], [ -118.78202, 37.40771 ], [ -118.79003, 37.39403 ], [ -118.78265, 37.38271 ], [ -118.77955, 37.38159 ], [ -118.77751, 37.37521 ], [ -118.77333, 37.37493 ], [ -118.76768, 37.36766 ], [ -118.77007, 37.36622 ], [ -118.76815, 37.36118 ], [ -118.77017, 37.35886 ], [ -118.77824, 37.35833 ], [ -118.78151, 37.35642 ], [ -118.78674, 37.34338 ], [ -118.78153, 37.33874 ], [ -118.78011, 37.33487 ], [ -118.77435, 37.3348 ], [ -118.75786, 37.32884 ], [ -118.75013, 37.32251 ], [ -118.74723, 37.32217 ], [ -118.74003, 37.31524 ], [ -118.73296, 37.31789 ], [ -118.72875, 37.323 ], [ -118.71602, 37.32821 ], [ -118.70965, 37.32191 ], [ -118.70807, 37.3166 ], [ -118.7007, 37.30791 ], [ -118.69794, 37.30501 ], [ -118.6947, 37.30538 ], [ -118.69488, 37.30178 ], [ -118.69025, 37.29431 ], [ -118.68522, 37.29047 ], [ -118.6821, 37.28047 ], [ -118.67649, 37.27549 ], [ -118.67554, 37.27121 ], [ -118.67181, 37.26922 ], [ -118.67111, 37.2667 ], [ -118.66533, 37.26192 ], [ -118.67535, 37.24883 ], [ -118.678, 37.24888 ], [ -118.68375, 37.24437 ], [ -118.68455, 37.23759 ], [ -118.68225, 37.23398 ], [ -118.68642, 37.22758 ], [ -118.68425, 37.22417 ], [ -118.68079, 37.22292 ], [ -118.67869, 37.21892 ], [ -118.6791, 37.21445 ], [ -118.67557, 37.21378 ], [ -118.68135, 37.20444 ], [ -118.6694, 37.19038 ], [ -118.66675, 37.19003 ], [ -118.66714, 37.18245 ], [ -118.66424, 37.17815 ], [ -118.66691, 37.17279 ], [ -118.67265, 37.16734 ], [ -118.6665, 37.16139 ], [ -118.66745, 37.15544 ], [ -118.66087, 37.14842 ], [ -118.6567, 37.14721 ], [ -118.65459, 37.14183 ], [ -118.65105, 37.14018 ], [ -118.64653, 37.14078 ], [ -118.64352, 37.13802 ], [ -118.6399, 37.13724 ], [ -118.63333, 37.13887 ], [ -118.6295, 37.13742 ], [ -118.62594, 37.13986 ], [ -118.61367, 37.143 ], [ -118.61242, 37.14135 ], [ -118.60012, 37.1366 ], [ -118.59266, 37.13815 ], [ -118.58639, 37.12828 ], [ -118.58605, 37.12493 ], [ -118.58309, 37.1224 ], [ -118.57631, 37.12372 ], [ -118.56903, 37.1226 ], [ -118.56841, 37.11529 ], [ -118.5641, 37.11321 ], [ -118.5585, 37.1145 ], [ -118.55101, 37.11388 ], [ -118.54619, 37.11541 ], [ -118.54436, 37.11373 ], [ -118.53796, 37.11358 ], [ -118.53432, 37.11082 ], [ -118.53093, 37.11118 ], [ -118.53231, 37.10954 ], [ -118.52977, 37.10508 ], [ -118.52714, 37.10473 ], [ -118.52213, 37.09835 ], [ -118.51761, 37.0973 ], [ -118.51186, 37.09281 ], [ -118.5031, 37.09522 ], [ -118.50094, 37.09223 ], [ -118.49803, 37.09197 ], [ -118.49522, 37.08814 ], [ -118.49266, 37.08746 ], [ -118.48658, 37.07741 ], [ -118.47114, 37.07266 ], [ -118.46733, 37.06674 ], [ -118.45311, 37.06733 ], [ -118.44896, 37.06914 ], [ -118.44129, 37.06385 ], [ -118.43714, 37.05982 ], [ -118.43605, 37.05726 ], [ -118.43823, 37.05589 ], [ -118.43493, 37.05088 ], [ -118.44169, 37.04572 ], [ -118.43942, 37.04276 ], [ -118.43922, 37.039 ], [ -118.43262, 37.03447 ], [ -118.4295, 37.03394 ], [ -118.42276, 37.02581 ], [ -118.42311, 37.01694 ], [ -118.42798, 37.01123 ], [ -118.42434, 37.00797 ], [ -118.42111, 37.00756 ], [ -118.41225, 36.99836 ], [ -118.41893, 36.99484 ], [ -118.41953, 36.98743 ], [ -118.41113, 36.98293 ], [ -118.40913, 36.98054 ], [ -118.40953, 36.97523 ], [ -118.40443, 36.97203 ], [ -118.40303, 36.96204 ], [ -118.40473, 36.95753 ], [ -118.39663, 36.95733 ], [ -118.38843, 36.94553 ], [ -118.38303, 36.93463 ], [ -118.38153, 36.92593 ], [ -118.37103, 36.90863 ], [ -118.36743, 36.90703 ], [ -118.36983, 36.90043 ], [ -118.3688, 36.89767 ], [ -118.36503, 36.89063 ], [ -118.36083, 36.88773 ], [ -118.36243, 36.88363 ], [ -118.36713, 36.88143 ], [ -118.37018, 36.87169 ], [ -118.36986, 36.87008 ], [ -118.36616, 36.8689 ], [ -118.3664, 36.8636 ], [ -118.36484, 36.86162 ], [ -118.36222, 36.86136 ], [ -118.36217, 36.844 ], [ -118.37149, 36.83608 ], [ -118.37593, 36.83449 ], [ -118.38976, 36.83447 ], [ -118.39372, 36.82967 ], [ -118.39092, 36.8256 ], [ -118.39231, 36.82349 ], [ -118.39012, 36.81987 ], [ -118.38468, 36.81534 ], [ -118.38388, 36.8102 ], [ -118.37959, 36.80892 ], [ -118.37817, 36.80418 ], [ -118.37423, 36.80052 ], [ -118.3728, 36.79454 ], [ -118.37593, 36.79152 ], [ -118.37683, 36.78553 ], [ -118.38023, 36.78223 ], [ -118.37603, 36.77853 ], [ -118.37643, 36.77213 ], [ -118.37203, 36.76703 ], [ -118.37473, 36.76413 ], [ -118.37173, 36.76123 ], [ -118.36933, 36.75033 ], [ -118.36613, 36.74773 ], [ -118.36193, 36.74743 ], [ -118.36059, 36.74477 ], [ -118.55549, 36.74475 ], [ -118.55503, 36.73914 ], [ -118.98244, 36.74165 ], [ -118.98478, 36.65715 ], [ -119.30463, 36.66061 ], [ -119.3051, 36.57373 ], [ -119.46632, 36.57524 ], [ -119.53721, 36.51821 ], [ -119.54606, 36.51055 ], [ -119.54613, 36.50896 ], [ -119.54999, 36.50776 ], [ -119.55358, 36.50344 ], [ -119.55685, 36.50338 ], [ -119.56366, 36.49605 ], [ -119.66692, 36.41873 ], [ -119.66765, 36.42254 ], [ -119.67284, 36.42661 ], [ -119.67031, 36.42946 ], [ -119.67149, 36.43107 ], [ -119.68132, 36.42965 ], [ -119.68694, 36.42582 ], [ -119.69358, 36.42446 ], [ -119.7057, 36.427 ], [ -119.71402, 36.41887 ], [ -119.72144, 36.41794 ], [ -119.73103, 36.42057 ], [ -119.73475, 36.41593 ], [ -119.73933, 36.41783 ], [ -119.74705, 36.41643 ], [ -119.75239, 36.40904 ], [ -119.75137, 36.40435 ], [ -119.75311, 36.40189 ], [ -119.95923, 36.40098 ], [ -119.95892, 36.18141 ], [ -120.31507, 35.90719 ], [ -120.31872, 35.90691 ], [ -120.32292, 35.90782 ], [ -120.32599, 35.91312 ], [ -120.32991, 35.91351 ], [ -120.33229, 35.91552 ], [ -120.33209, 35.91879 ], [ -120.33685, 35.92552 ], [ -120.33507, 35.92841 ], [ -120.33711, 35.9317 ], [ -120.33588, 35.93709 ], [ -120.34025, 35.93898 ], [ -120.34583, 35.94485 ], [ -120.34964, 35.94406 ], [ -120.35651, 35.94806 ], [ -120.35753, 35.95555 ], [ -120.3593, 35.95833 ], [ -120.36249, 35.95941 ], [ -120.3604, 35.96442 ], [ -120.38887, 35.96926 ], [ -120.39401, 35.96787 ], [ -120.40854, 35.97596 ], [ -120.42279, 35.97375 ], [ -120.43305, 35.96893 ], [ -120.43609, 35.97074 ], [ -120.43708, 35.97617 ], [ -120.43966, 35.97958 ], [ -120.44909, 35.98511 ], [ -120.4497, 35.98843 ], [ -120.46107, 35.9937 ], [ -120.46369, 35.99278 ], [ -120.46861, 35.99435 ], [ -120.47289, 35.99883 ], [ -120.47739, 36.00082 ], [ -120.48045, 36.00593 ], [ -120.47843, 36.00879 ], [ -120.48045, 36.0113 ], [ -120.48622, 36.01118 ], [ -120.48808, 36.01464 ], [ -120.4998, 36.02065 ], [ -120.50045, 36.02223 ], [ -120.50486, 36.02036 ], [ -120.50488, 36.02141 ], [ -120.50834, 36.02158 ], [ -120.50722, 36.02326 ], [ -120.50923, 36.02384 ], [ -120.51045, 36.022 ], [ -120.51333, 36.02375 ], [ -120.51319, 36.02568 ], [ -120.51757, 36.02754 ], [ -120.51941, 36.02719 ], [ -120.52001, 36.02088 ], [ -120.5226, 36.02316 ], [ -120.52622, 36.02278 ], [ -120.5298, 36.02428 ], [ -120.5298, 36.02898 ], [ -120.52699, 36.03571 ], [ -120.5294, 36.0343 ], [ -120.54041, 36.03666 ], [ -120.54541, 36.04612 ], [ -120.55071, 36.04762 ], [ -120.55178, 36.04952 ], [ -120.55921, 36.05002 ], [ -120.56665, 36.05293 ], [ -120.58459, 36.06619 ], [ -120.58761, 36.0666 ], [ -120.59603, 36.07779 ], [ -120.5928, 36.08561 ], [ -120.59317, 36.08853 ], [ -120.5898, 36.0896 ], [ -120.60061, 36.10159 ], [ -120.60802, 36.1027 ], [ -120.60816, 36.10015 ], [ -120.61236, 36.09905 ], [ -120.61227, 36.09522 ], [ -120.61516, 36.09516 ], [ -120.62381, 36.09796 ], [ -120.626, 36.09708 ], [ -120.6336, 36.10332 ], [ -120.63536, 36.10101 ], [ -120.6419, 36.10127 ], [ -120.64878, 36.10799 ], [ -120.64622, 36.11076 ], [ -120.64542, 36.1162 ], [ -120.64938, 36.11783 ], [ -120.6512, 36.11708 ], [ -120.6532, 36.11881 ], [ -120.65422, 36.12271 ], [ -120.65255, 36.12496 ], [ -120.65646, 36.13259 ], [ -120.66271, 36.13673 ], [ -120.66755, 36.13806 ], [ -120.66484, 36.14035 ], [ -120.6647, 36.14727 ], [ -120.66649, 36.14965 ], [ -120.66799, 36.16057 ], [ -120.67211, 36.16384 ], [ -120.66425, 36.16565 ], [ -120.66306, 36.17116 ], [ -120.65462, 36.16772 ], [ -120.64994, 36.16801 ], [ -120.64905, 36.16933 ], [ -120.65198, 36.17409 ], [ -120.64873, 36.17746 ], [ -120.64885, 36.17942 ], [ -120.64464, 36.17936 ], [ -120.64495, 36.18372 ], [ -120.64237, 36.18592 ], [ -120.63921, 36.19647 ], [ -120.63406, 36.19811 ], [ -120.62706, 36.20304 ], [ -120.62939, 36.20742 ], [ -120.63882, 36.21498 ], [ -120.64133, 36.22008 ], [ -120.64926, 36.22395 ], [ -120.65141, 36.23025 ], [ -120.65641, 36.23352 ], [ -120.66692, 36.236 ], [ -120.67197, 36.24268 ], [ -120.67974, 36.24667 ], [ -120.68175, 36.25079 ], [ -120.67991, 36.25418 ], [ -120.67459, 36.25548 ], [ -120.67296, 36.25768 ], [ -120.68042, 36.26706 ], [ -120.67535, 36.27052 ], [ -120.67425, 36.27273 ], [ -120.67619, 36.27684 ], [ -120.67262, 36.28049 ], [ -120.67384, 36.2824 ], [ -120.68289, 36.2868 ], [ -120.68045, 36.29068 ], [ -120.68272, 36.29444 ], [ -120.67556, 36.3029 ], [ -120.67008, 36.30577 ], [ -120.66639, 36.31145 ], [ -120.65881, 36.31623 ], [ -120.64578, 36.31727 ], [ -120.64267, 36.31901 ], [ -120.63001, 36.31691 ], [ -120.61992, 36.31995 ], [ -120.61791, 36.31882 ], [ -120.61203, 36.32162 ], [ -120.61251, 36.32436 ], [ -120.60541, 36.32433 ], [ -120.60023, 36.32829 ], [ -120.59656, 36.32849 ], [ -120.59716, 36.48824 ], [ -120.60371, 36.48824 ], [ -120.91873, 36.74038 ] ] ] } },
{ "type": "Feature", "properties": { "county": "Monterey", "GEOID": "06053", "bay_area_9": false, "total": 5, "student": 1, "individual": 4, "company": 0, "zcta_records": 5, "city_only_records": 0, "student_share": 0.2, "lon": -121.4898, "lat": 36.3582, "y2017": 0, "y2017_individual": 0, "y2017_student": 0, "y2017_company": 0, "y2018": 1, "y2018_individual": 1, "y2018_student": 0, "y2018_company": 0, "y2019": 0, "y2019_individual": 0, "y2019_student": 0, "y2019_company": 0, "y2020": 1, "y2020_individual": 1, "y2020_student": 0, "y2020_company": 0, "y2021": 0, "y2021_individual": 0, "y2021_student": 0, "y2021_company": 0, "y2022": 0, "y2022_individual": 0, "y2022_student": 0, "y2022_company": 0, "y2023": 1, "y2023_individual": 1, "y2023_student": 0, "y2023_company": 0, "y2024": 0, "y2024_individual": 0, "y2024_student": 0, "y2024_company": 0, "y2025": 0, "y2025_individual": 0, "y2025_student": 0, "y2025_company": 0, "y2026": 2, "y2026_individual": 1, "y2026_student": 1, "y2026_company": 0 }, "geometry": { "type": "Polygon", "coordinates": [ [ [ -121.97659, 36.58006 ], [ -121.97526, 36.57995 ], [ -121.97424, 36.58305 ], [ -121.9679, 36.58231 ], [ -121.96332, 36.58907 ], [ -121.9643, 36.59041 ], [ -121.95816, 36.60896 ], [ -121.95588, 36.60974 ], [ -121.95174, 36.60845 ], [ -121.94697, 36.61096 ], [ -121.94599, 36.6141 ], [ -121.94107, 36.61806 ], [ -121.94132, 36.62269 ], [ -121.93762, 36.63011 ], [ -121.93855, 36.63391 ], [ -121.93643, 36.63675 ], [ -121.92967, 36.63696 ], [ -121.92456, 36.63465 ], [ -121.92173, 36.6284 ], [ -121.91593, 36.62646 ], [ -121.91416, 36.62305 ], [ -121.9044, 36.62058 ], [ -121.89717, 36.61352 ], [ -121.89523, 36.60947 ], [ -121.89283, 36.60942 ], [ -121.88932, 36.60362 ], [ -121.88966, 36.60135 ], [ -121.88717, 36.60094 ], [ -121.87582, 36.60226 ], [ -121.86618, 36.60656 ], [ -121.85072, 36.61892 ], [ -121.83726, 36.6349 ], [ -121.81843, 36.66886 ], [ -121.80897, 36.69855 ], [ -121.80663, 36.71414 ], [ -121.80564, 36.75024 ], [ -121.78828, 36.80399 ], [ -121.79154, 36.81519 ], [ -121.81055, 36.85065 ], [ -121.80084, 36.85755 ], [ -121.8035, 36.86744 ], [ -121.79322, 36.88002 ], [ -121.78565, 36.88554 ], [ -121.77611, 36.8833 ], [ -121.76936, 36.88518 ], [ -121.76506, 36.88827 ], [ -121.75748, 36.89998 ], [ -121.74537, 36.90929 ], [ -121.73606, 36.90851 ], [ -121.72838, 36.91141 ], [ -121.72559, 36.91435 ], [ -121.71542, 36.90887 ], [ -121.71, 36.9153 ], [ -121.70681, 36.91513 ], [ -121.69996, 36.91968 ], [ -121.69846, 36.91674 ], [ -121.70096, 36.91368 ], [ -121.7068, 36.9112 ], [ -121.70553, 36.9095 ], [ -121.70232, 36.90817 ], [ -121.69744, 36.91161 ], [ -121.6863, 36.90785 ], [ -121.68062, 36.90328 ], [ -121.66766, 36.91203 ], [ -121.66205, 36.91409 ], [ -121.65523, 36.91286 ], [ -121.65221, 36.9092 ], [ -121.65323, 36.90212 ], [ -121.65005, 36.90022 ], [ -121.64824, 36.90239 ], [ -121.64599, 36.90212 ], [ -121.64563, 36.89424 ], [ -121.644, 36.894 ], [ -121.64128, 36.87983 ], [ -121.64257, 36.8737 ], [ -121.62209, 36.8462 ], [ -121.5977, 36.83735 ], [ -121.50401, 36.7572 ], [ -121.50243, 36.7602 ], [ -121.49742, 36.7604 ], [ -121.49259, 36.76331 ], [ -121.4813, 36.76517 ], [ -121.47437, 36.75667 ], [ -121.47666, 36.75341 ], [ -121.47565, 36.74921 ], [ -121.47138, 36.74545 ], [ -121.46658, 36.74556 ], [ -121.46555, 36.74348 ], [ -121.46237, 36.74385 ], [ -121.46003, 36.74094 ], [ -121.46017, 36.73726 ], [ -121.45783, 36.73635 ], [ -121.45966, 36.73552 ], [ -121.45889, 36.73383 ], [ -121.45265, 36.72921 ], [ -121.45134, 36.72479 ], [ -121.45307, 36.7212 ], [ -121.45587, 36.72138 ], [ -121.46159, 36.71764 ], [ -121.48337, 36.7155 ], [ -121.48451, 36.71306 ], [ -121.48049, 36.70654 ], [ -121.48171, 36.70459 ], [ -121.47748, 36.70302 ], [ -121.47537, 36.69782 ], [ -121.47283, 36.69689 ], [ -121.46939, 36.69077 ], [ -121.46902, 36.68543 ], [ -121.46543, 36.68473 ], [ -121.46096, 36.68669 ], [ -121.45896, 36.68572 ], [ -121.45684, 36.68196 ], [ -121.44953, 36.67876 ], [ -121.44433, 36.67315 ], [ -121.43157, 36.67873 ], [ -121.41988, 36.67309 ], [ -121.41554, 36.67306 ], [ -121.40699, 36.65604 ], [ -121.40195, 36.65542 ], [ -121.39625, 36.65675 ], [ -121.39586, 36.65543 ], [ -121.39114, 36.65465 ], [ -121.39003, 36.65561 ], [ -121.37833, 36.65286 ], [ -121.37342, 36.65547 ], [ -121.36616, 36.65638 ], [ -121.35213, 36.64775 ], [ -121.35009, 36.64836 ], [ -121.34901, 36.64294 ], [ -121.34659, 36.64315 ], [ -121.34231, 36.63952 ], [ -121.34159, 36.63801 ], [ -121.34348, 36.63542 ], [ -121.34209, 36.63135 ], [ -121.33225, 36.62036 ], [ -121.31837, 36.61003 ], [ -121.31871, 36.60485 ], [ -121.32378, 36.60237 ], [ -121.32437, 36.58817 ], [ -121.32735, 36.58589 ], [ -121.32494, 36.58245 ], [ -121.32628, 36.58076 ], [ -121.32347, 36.57787 ], [ -121.33139, 36.57623 ], [ -121.33392, 36.5744 ], [ -121.33348, 36.57168 ], [ -121.33125, 36.5705 ], [ -121.33171, 36.56195 ], [ -121.32888, 36.56146 ], [ -121.3287, 36.55474 ], [ -121.32144, 36.55281 ], [ -121.31612, 36.54948 ], [ -121.31348, 36.54992 ], [ -121.30514, 36.54074 ], [ -121.30156, 36.53924 ], [ -121.29677, 36.53231 ], [ -121.29536, 36.52713 ], [ -121.30325, 36.52013 ], [ -121.30312, 36.51841 ], [ -121.30719, 36.51681 ], [ -121.30676, 36.51217 ], [ -121.31073, 36.50875 ], [ -121.30978, 36.50621 ], [ -121.31197, 36.50459 ], [ -121.30885, 36.49943 ], [ -121.30205, 36.50507 ], [ -121.29984, 36.50564 ], [ -121.29715, 36.50394 ], [ -121.29453, 36.50611 ], [ -121.28722, 36.50476 ], [ -121.28496, 36.5057 ], [ -121.28199, 36.50271 ], [ -121.27225, 36.50317 ], [ -121.26946, 36.50204 ], [ -121.2596, 36.50446 ], [ -121.25488, 36.50351 ], [ -121.24722, 36.50687 ], [ -121.23929, 36.50478 ], [ -121.23686, 36.49762 ], [ -121.23101, 36.49204 ], [ -121.23249, 36.48941 ], [ -121.22811, 36.4846 ], [ -121.22795, 36.48068 ], [ -121.23047, 36.47856 ], [ -121.22951, 36.47528 ], [ -121.22613, 36.4725 ], [ -121.22328, 36.47247 ], [ -121.22236, 36.47384 ], [ -121.21937, 36.4725 ], [ -121.21683, 36.47403 ], [ -121.21511, 36.47322 ], [ -121.20982, 36.4648 ], [ -121.19767, 36.45506 ], [ -121.19792, 36.45172 ], [ -121.19347, 36.44575 ], [ -121.0408, 36.32397 ], [ -121.0403, 36.27106 ], [ -121.03626, 36.27279 ], [ -121.0364, 36.2753 ], [ -121.02725, 36.27511 ], [ -121.02588, 36.27046 ], [ -121.02862, 36.2698 ], [ -121.02866, 36.26723 ], [ -121.02618, 36.26315 ], [ -121.02766, 36.26179 ], [ -121.02683, 36.25976 ], [ -121.02234, 36.26147 ], [ -121.01892, 36.25964 ], [ -121.01458, 36.26861 ], [ -121.012, 36.26464 ], [ -121.01063, 36.26874 ], [ -121.00454, 36.26707 ], [ -121.00017, 36.27081 ], [ -120.99241, 36.26992 ], [ -120.98749, 36.27514 ], [ -120.98807, 36.28523 ], [ -120.98506, 36.29021 ], [ -120.9858, 36.29294 ], [ -120.97881, 36.29001 ], [ -120.9736, 36.29017 ], [ -120.9645, 36.28265 ], [ -120.96425, 36.28049 ], [ -120.95913, 36.28073 ], [ -120.95666, 36.27597 ], [ -120.95343, 36.27471 ], [ -120.93916, 36.28346 ], [ -120.94121, 36.2866 ], [ -120.93457, 36.28933 ], [ -120.93648, 36.29415 ], [ -120.9331, 36.29977 ], [ -120.93038, 36.30138 ], [ -120.9275, 36.30062 ], [ -120.9257, 36.30213 ], [ -120.92555, 36.30808 ], [ -120.91978, 36.31098 ], [ -120.91172, 36.30826 ], [ -120.91043, 36.30558 ], [ -120.90712, 36.30361 ], [ -120.90488, 36.30403 ], [ -120.90471, 36.30229 ], [ -120.89902, 36.30075 ], [ -120.88922, 36.29036 ], [ -120.88325, 36.29408 ], [ -120.87389, 36.29517 ], [ -120.87155, 36.29338 ], [ -120.86508, 36.29258 ], [ -120.86247, 36.28983 ], [ -120.85966, 36.29011 ], [ -120.85982, 36.28812 ], [ -120.85629, 36.28469 ], [ -120.85202, 36.28596 ], [ -120.85135, 36.2832 ], [ -120.84502, 36.28089 ], [ -120.83671, 36.27151 ], [ -120.83935, 36.27057 ], [ -120.83621, 36.26556 ], [ -120.83706, 36.26274 ], [ -120.83313, 36.26204 ], [ -120.83285, 36.25921 ], [ -120.82945, 36.25955 ], [ -120.82811, 36.25835 ], [ -120.82952, 36.25725 ], [ -120.82558, 36.25773 ], [ -120.82568, 36.25441 ], [ -120.82371, 36.25728 ], [ -120.82114, 36.25417 ], [ -120.81428, 36.2531 ], [ -120.81302, 36.25026 ], [ -120.81077, 36.2517 ], [ -120.81217, 36.2452 ], [ -120.80691, 36.24324 ], [ -120.80547, 36.24017 ], [ -120.80175, 36.24065 ], [ -120.80032, 36.23921 ], [ -120.80189, 36.23744 ], [ -120.79893, 36.23548 ], [ -120.79491, 36.23642 ], [ -120.79431, 36.23465 ], [ -120.78928, 36.235 ], [ -120.789, 36.23054 ], [ -120.78306, 36.22896 ], [ -120.78089, 36.22236 ], [ -120.77897, 36.22321 ], [ -120.77478, 36.21991 ], [ -120.77061, 36.21882 ], [ -120.76858, 36.21409 ], [ -120.76524, 36.21302 ], [ -120.76663, 36.20972 ], [ -120.76379, 36.20909 ], [ -120.76237, 36.20502 ], [ -120.75869, 36.20208 ], [ -120.75634, 36.20331 ], [ -120.7531, 36.19974 ], [ -120.7486, 36.19882 ], [ -120.74309, 36.1993 ], [ -120.73583, 36.20317 ], [ -120.7314, 36.20355 ], [ -120.73053, 36.2016 ], [ -120.72855, 36.20272 ], [ -120.72043, 36.19956 ], [ -120.71843, 36.19685 ], [ -120.71187, 36.19836 ], [ -120.71126, 36.20041 ], [ -120.70612, 36.20373 ], [ -120.70486, 36.21167 ], [ -120.70743, 36.23178 ], [ -120.71183, 36.23954 ], [ -120.7177, 36.26001 ], [ -120.7243, 36.2669 ], [ -120.72481, 36.27032 ], [ -120.73201, 36.27537 ], [ -120.73385, 36.2842 ], [ -120.73829, 36.28825 ], [ -120.74311, 36.29806 ], [ -120.75045, 36.30387 ], [ -120.75573, 36.30527 ], [ -120.75834, 36.3086 ], [ -120.75294, 36.3078 ], [ -120.75062, 36.30992 ], [ -120.74665, 36.31023 ], [ -120.72557, 36.2973 ], [ -120.72258, 36.29266 ], [ -120.71688, 36.29245 ], [ -120.71619, 36.2904 ], [ -120.70768, 36.28576 ], [ -120.70375, 36.28705 ], [ -120.69773, 36.28288 ], [ -120.6949, 36.27799 ], [ -120.69313, 36.2779 ], [ -120.68723, 36.27145 ], [ -120.68165, 36.27154 ], [ -120.67858, 36.26732 ], [ -120.68042, 36.26706 ], [ -120.67987, 36.26528 ], [ -120.67367, 36.25975 ], [ -120.67296, 36.25768 ], [ -120.67459, 36.25548 ], [ -120.67991, 36.25418 ], [ -120.68175, 36.25079 ], [ -120.67974, 36.24667 ], [ -120.67197, 36.24268 ], [ -120.66692, 36.236 ], [ -120.65641, 36.23352 ], [ -120.65141, 36.23025 ], [ -120.64926, 36.22395 ], [ -120.64133, 36.22008 ], [ -120.63882, 36.21498 ], [ -120.62939, 36.20742 ], [ -120.62706, 36.20304 ], [ -120.63406, 36.19811 ], [ -120.63921, 36.19647 ], [ -120.64237, 36.18592 ], [ -120.64495, 36.18372 ], [ -120.64464, 36.17936 ], [ -120.64885, 36.17942 ], [ -120.64873, 36.17746 ], [ -120.65198, 36.17409 ], [ -120.64905, 36.16933 ], [ -120.64994, 36.16801 ], [ -120.65462, 36.16772 ], [ -120.66306, 36.17116 ], [ -120.66425, 36.16565 ], [ -120.67211, 36.16384 ], [ -120.66799, 36.16057 ], [ -120.66649, 36.14965 ], [ -120.6647, 36.14727 ], [ -120.66484, 36.14035 ], [ -120.66755, 36.13806 ], [ -120.66271, 36.13673 ], [ -120.65646, 36.13259 ], [ -120.65255, 36.12496 ], [ -120.65422, 36.12271 ], [ -120.6532, 36.11881 ], [ -120.6512, 36.11708 ], [ -120.64938, 36.11783 ], [ -120.64542, 36.1162 ], [ -120.64622, 36.11076 ], [ -120.64878, 36.10799 ], [ -120.64611, 36.10475 ], [ -120.6419, 36.10127 ], [ -120.63536, 36.10101 ], [ -120.6336, 36.10332 ], [ -120.626, 36.09708 ], [ -120.62381, 36.09796 ], [ -120.61516, 36.09516 ], [ -120.61227, 36.09522 ], [ -120.61236, 36.09905 ], [ -120.60816, 36.10015 ], [ -120.60802, 36.1027 ], [ -120.60061, 36.10159 ], [ -120.5898, 36.0896 ], [ -120.59317, 36.08853 ], [ -120.5928, 36.08561 ], [ -120.59603, 36.07779 ], [ -120.58761, 36.0666 ], [ -120.58459, 36.06619 ], [ -120.56665, 36.05293 ], [ -120.55921, 36.05002 ], [ -120.55178, 36.04952 ], [ -120.55071, 36.04762 ], [ -120.54541, 36.04612 ], [ -120.54041, 36.03666 ], [ -120.5294, 36.0343 ], [ -120.52699, 36.03571 ], [ -120.5298, 36.02898 ], [ -120.5298, 36.02428 ], [ -120.52622, 36.02278 ], [ -120.5226, 36.02316 ], [ -120.52001, 36.02088 ], [ -120.51941, 36.02719 ], [ -120.51757, 36.02754 ], [ -120.51319, 36.02568 ], [ -120.51333, 36.02375 ], [ -120.51045, 36.022 ], [ -120.50923, 36.02384 ], [ -120.50722, 36.02326 ], [ -120.50834, 36.02158 ], [ -120.50488, 36.02141 ], [ -120.50486, 36.02036 ], [ -120.50045, 36.02223 ], [ -120.4998, 36.02065 ], [ -120.48808, 36.01464 ], [ -120.48622, 36.01118 ], [ -120.48045, 36.0113 ], [ -120.47843, 36.00879 ], [ -120.48045, 36.00593 ], [ -120.47739, 36.00082 ], [ -120.47289, 35.99883 ], [ -120.46861, 35.99435 ], [ -120.46369, 35.99278 ], [ -120.46107, 35.9937 ], [ -120.4497, 35.98843 ], [ -120.44909, 35.98511 ], [ -120.43966, 35.97958 ], [ -120.43708, 35.97617 ], [ -120.43609, 35.97074 ], [ -120.43305, 35.96893 ], [ -120.42279, 35.97375 ], [ -120.40854, 35.97596 ], [ -120.39401, 35.96787 ], [ -120.38887, 35.96926 ], [ -120.3604, 35.96442 ], [ -120.36249, 35.95941 ], [ -120.3593, 35.95833 ], [ -120.35753, 35.95555 ], [ -120.35651, 35.94806 ], [ -120.34964, 35.94406 ], [ -120.34583, 35.94485 ], [ -120.34025, 35.93898 ], [ -120.33588, 35.93709 ], [ -120.33711, 35.9317 ], [ -120.33507, 35.92841 ], [ -120.33637, 35.92311 ], [ -120.33209, 35.91879 ], [ -120.33229, 35.91552 ], [ -120.32991, 35.91351 ], [ -120.32599, 35.91312 ], [ -120.32292, 35.90782 ], [ -120.31872, 35.90691 ], [ -120.29758, 35.90785 ], [ -120.2874, 35.90552 ], [ -120.27897, 35.90693 ], [ -120.27576, 35.90588 ], [ -120.26786, 35.89843 ], [ -120.26269, 35.89609 ], [ -120.24327, 35.87767 ], [ -120.24521, 35.87312 ], [ -120.24025, 35.86593 ], [ -120.24599, 35.86413 ], [ -120.25098, 35.85728 ], [ -120.25627, 35.85513 ], [ -120.25496, 35.85332 ], [ -120.2575, 35.85187 ], [ -120.2593, 35.84505 ], [ -120.25509, 35.84258 ], [ -120.24984, 35.82994 ], [ -120.24453, 35.82399 ], [ -120.24235, 35.82342 ], [ -120.23892, 35.82575 ], [ -120.23452, 35.82326 ], [ -120.23117, 35.82325 ], [ -120.22982, 35.82101 ], [ -120.22698, 35.82143 ], [ -120.21991, 35.81892 ], [ -120.21809, 35.8143 ], [ -120.21952, 35.8071 ], [ -120.21655, 35.80364 ], [ -120.21784, 35.80202 ], [ -120.21485, 35.79518 ], [ -120.21578, 35.79005 ], [ -120.21398, 35.78928 ], [ -120.75065, 35.79113 ], [ -121.34636, 35.79518 ], [ -121.36285, 35.80841 ], [ -121.37359, 35.8121 ], [ -121.37366, 35.81504 ], [ -121.38788, 35.82344 ], [ -121.39543, 35.83349 ], [ -121.40682, 35.84462 ], [ -121.41035, 35.85296 ], [ -121.41511, 35.85791 ], [ -121.42511, 35.85975 ], [ -121.43958, 35.86695 ], [ -121.44147, 35.8703 ], [ -121.44682, 35.87221 ], [ -121.4466, 35.87423 ], [ -121.45316, 35.88093 ], [ -121.45936, 35.88295 ], [ -121.46328, 35.88926 ], [ -121.46143, 35.89117 ], [ -121.46087, 35.89823 ], [ -121.46447, 35.90034 ], [ -121.4626, 35.90371 ], [ -121.47146, 35.91457 ], [ -121.47188, 35.92042 ], [ -121.46848, 35.92222 ], [ -121.46859, 35.92753 ], [ -121.47551, 35.93093 ], [ -121.47478, 35.9372 ], [ -121.47946, 35.94863 ], [ -121.48171, 35.94969 ], [ -121.48563, 35.97085 ], [ -121.50083, 35.9981 ], [ -121.51139, 36.00687 ], [ -121.52384, 36.00992 ], [ -121.53182, 36.01456 ], [ -121.54202, 36.01561 ], [ -121.55032, 36.01926 ], [ -121.56126, 36.02062 ], [ -121.56719, 36.01969 ], [ -121.5746, 36.02516 ], [ -121.5821, 36.04075 ], [ -121.58944, 36.04768 ], [ -121.58918, 36.05378 ], [ -121.59256, 36.0569 ], [ -121.59289, 36.06557 ], [ -121.60669, 36.07209 ], [ -121.60739, 36.07518 ], [ -121.61889, 36.08692 ], [ -121.62201, 36.09969 ], [ -121.62934, 36.11162 ], [ -121.62937, 36.11411 ], [ -121.63228, 36.11611 ], [ -121.6327, 36.12046 ], [ -121.64491, 36.12802 ], [ -121.6497, 36.13659 ], [ -121.67457, 36.16001 ], [ -121.67521, 36.16294 ], [ -121.68641, 36.16819 ], [ -121.69977, 36.17692 ], [ -121.70166, 36.18101 ], [ -121.71718, 36.19515 ], [ -121.74664, 36.2104 ], [ -121.75344, 36.21095 ], [ -121.76726, 36.22093 ], [ -121.77985, 36.22741 ], [ -121.78584, 36.22835 ], [ -121.79706, 36.23421 ], [ -121.81112, 36.23381 ], [ -121.81474, 36.23531 ], [ -121.81469, 36.23755 ], [ -121.81954, 36.2411 ], [ -121.82628, 36.24208 ], [ -121.82886, 36.24688 ], [ -121.83327, 36.24765 ], [ -121.83579, 36.25075 ], [ -121.83935, 36.26048 ], [ -121.85197, 36.27783 ], [ -121.85814, 36.28105 ], [ -121.86355, 36.28139 ], [ -121.86587, 36.28467 ], [ -121.8748, 36.28906 ], [ -121.88849, 36.30281 ], [ -121.89676, 36.30494 ], [ -121.89964, 36.30267 ], [ -121.90273, 36.30638 ], [ -121.9029, 36.30758 ], [ -121.89943, 36.3077 ], [ -121.89471, 36.31781 ], [ -121.897, 36.32716 ], [ -121.89356, 36.33235 ], [ -121.89304, 36.34243 ], [ -121.90548, 36.35606 ], [ -121.90483, 36.36158 ], [ -121.90267, 36.3639 ], [ -121.9034, 36.37139 ], [ -121.90671, 36.37314 ], [ -121.90181, 36.38188 ], [ -121.90163, 36.38705 ], [ -121.90404, 36.3882 ], [ -121.90319, 36.3936 ], [ -121.90566, 36.39821 ], [ -121.91506, 36.40321 ], [ -121.91285, 36.40667 ], [ -121.91531, 36.40748 ], [ -121.91721, 36.41107 ], [ -121.91513, 36.41228 ], [ -121.9167, 36.41535 ], [ -121.91413, 36.42608 ], [ -121.91712, 36.42855 ], [ -121.92701, 36.44844 ], [ -121.93038, 36.44848 ], [ -121.92981, 36.45348 ], [ -121.9255, 36.45392 ], [ -121.92607, 36.45893 ], [ -121.92991, 36.46684 ], [ -121.93491, 36.46884 ], [ -121.93721, 36.47249 ], [ -121.93839, 36.48139 ], [ -121.9416, 36.4856 ], [ -121.94204, 36.48951 ], [ -121.94388, 36.48821 ], [ -121.94619, 36.49085 ], [ -121.93705, 36.49796 ], [ -121.94003, 36.4999 ], [ -121.93876, 36.50642 ], [ -121.94188, 36.50724 ], [ -121.94154, 36.51086 ], [ -121.94329, 36.51282 ], [ -121.95209, 36.51739 ], [ -121.95092, 36.51939 ], [ -121.95421, 36.52223 ], [ -121.95306, 36.5233 ], [ -121.94982, 36.52104 ], [ -121.9471, 36.52325 ], [ -121.94467, 36.52072 ], [ -121.94179, 36.52158 ], [ -121.94091, 36.51951 ], [ -121.93853, 36.51883 ], [ -121.93556, 36.52243 ], [ -121.92795, 36.52239 ], [ -121.92474, 36.5256 ], [ -121.92891, 36.53784 ], [ -121.93233, 36.53979 ], [ -121.93353, 36.54481 ], [ -121.92997, 36.54652 ], [ -121.93251, 36.55994 ], [ -121.94253, 36.56643 ], [ -121.94966, 36.5676 ], [ -121.95132, 36.56659 ], [ -121.95181, 36.5618 ], [ -121.9534, 36.5613 ], [ -121.95796, 36.5652 ], [ -121.96622, 36.56932 ], [ -121.97006, 36.56963 ], [ -121.97659, 36.58006 ] ] ] } },
{ "type": "Feature", "properties": { "county": "Contra Costa", "GEOID": "06013", "bay_area_9": true, "total": 64, "student": 9, "individual": 50, "company": 5, "zcta_records": 53, "city_only_records": 11, "student_share": 0.141, "lon": -121.9647, "lat": 37.9115, "y2017": 0, "y2017_individual": 0, "y2017_student": 0, "y2017_company": 0, "y2018": 9, "y2018_individual": 7, "y2018_student": 1, "y2018_company": 1, "y2019": 10, "y2019_individual": 8, "y2019_student": 0, "y2019_company": 2, "y2020": 3, "y2020_individual": 3, "y2020_student": 0, "y2020_company": 0, "y2021": 14, "y2021_individual": 11, "y2021_student": 1, "y2021_company": 2, "y2022": 7, "y2022_individual": 7, "y2022_student": 0, "y2022_company": 0, "y2023": 4, "y2023_individual": 4, "y2023_student": 0, "y2023_company": 0, "y2024": 1, "y2024_individual": 1, "y2024_student": 0, "y2024_company": 0, "y2025": 4, "y2025_individual": 4, "y2025_student": 0, "y2025_company": 0, "y2026": 12, "y2026_individual": 5, "y2026_student": 7, "y2026_company": 0 }, "geometry": { "type": "Polygon", "coordinates": [ [ [ -122.42976, 37.9654 ], [ -122.41265, 37.96328 ], [ -122.40838, 37.95754 ], [ -122.40291, 37.95485 ], [ -122.39554, 37.95991 ], [ -122.40148, 37.96572 ], [ -122.401, 37.96853 ], [ -122.38175, 37.97172 ], [ -122.36758, 37.97817 ], [ -122.3619, 37.98999 ], [ -122.363, 37.99437 ], [ -122.36693, 37.99846 ], [ -122.36889, 38.00795 ], [ -122.36791, 38.01253 ], [ -122.36464, 38.01293 ], [ -122.36203, 38.00862 ], [ -122.35554, 38.00867 ], [ -122.33255, 38.0015 ], [ -122.31544, 38.01162 ], [ -122.30082, 38.01089 ], [ -122.29393, 38.0161 ], [ -122.28941, 38.02228 ], [ -122.28348, 38.02267 ], [ -122.27682, 38.03051 ], [ -122.27515, 38.03744 ], [ -122.27142, 38.04094 ], [ -122.26695, 38.04109 ], [ -122.26286, 38.0446 ], [ -122.26286, 38.05147 ], [ -122.26967, 38.06034 ], [ -122.26535, 38.05992 ], [ -122.24411, 38.06379 ], [ -122.20178, 38.05812 ], [ -122.18386, 38.054 ], [ -122.17619, 38.04786 ], [ -122.16458, 38.03472 ], [ -122.14687, 38.03173 ], [ -122.13937, 38.03218 ], [ -122.12316, 38.03608 ], [ -122.09873, 38.04746 ], [ -122.07615, 38.05461 ], [ -122.0611, 38.06214 ], [ -122.05039, 38.0602 ], [ -122.02841, 38.05919 ], [ -122.01517, 38.06348 ], [ -121.98316, 38.0673 ], [ -121.97744, 38.06684 ], [ -121.96221, 38.06137 ], [ -121.95091, 38.05392 ], [ -121.93543, 38.04879 ], [ -121.92079, 38.04573 ], [ -121.9068, 38.045 ], [ -121.88957, 38.04666 ], [ -121.87474, 38.05068 ], [ -121.8674, 38.05689 ], [ -121.86246, 38.06603 ], [ -121.85364, 38.06478 ], [ -121.8468, 38.05996 ], [ -121.84166, 38.05197 ], [ -121.83794, 38.03894 ], [ -121.83212, 38.0311 ], [ -121.81817, 38.02219 ], [ -121.81331, 38.02053 ], [ -121.80127, 38.02162 ], [ -121.78877, 38.01842 ], [ -121.78139, 38.01861 ], [ -121.76513, 38.02319 ], [ -121.73782, 38.02663 ], [ -121.72557, 38.03382 ], [ -121.69976, 38.04522 ], [ -121.68147, 38.06124 ], [ -121.67962, 38.06947 ], [ -121.68187, 38.08202 ], [ -121.67927, 38.08932 ], [ -121.67306, 38.09352 ], [ -121.66187, 38.09562 ], [ -121.64518, 38.08741 ], [ -121.63809, 38.08613 ], [ -121.63259, 38.08861 ], [ -121.62738, 38.09836 ], [ -121.60492, 38.09988 ], [ -121.58528, 38.09637 ], [ -121.58002, 38.09441 ], [ -121.57834, 38.09174 ], [ -121.57675, 38.07819 ], [ -121.57292, 38.07424 ], [ -121.57483, 38.07184 ], [ -121.5822, 38.06842 ], [ -121.58439, 38.03602 ], [ -121.57993, 38.03212 ], [ -121.57795, 38.03382 ], [ -121.58079, 38.03879 ], [ -121.58019, 38.04127 ], [ -121.57763, 38.04296 ], [ -121.57217, 38.04141 ], [ -121.57082, 38.038 ], [ -121.57181, 38.03138 ], [ -121.57082, 38.02976 ], [ -121.56811, 38.0308 ], [ -121.56423, 38.0297 ], [ -121.5633, 38.02391 ], [ -121.55755, 38.01704 ], [ -121.56107, 38.01544 ], [ -121.56643, 38.01807 ], [ -121.57205, 38.01841 ], [ -121.57279, 38.01691 ], [ -121.56687, 38.01271 ], [ -121.56815, 38.01138 ], [ -121.57788, 38.01082 ], [ -121.57991, 38.00778 ], [ -121.57871, 38.00426 ], [ -121.5691, 38.00279 ], [ -121.56898, 38.00139 ], [ -121.57056, 37.99903 ], [ -121.57894, 37.99855 ], [ -121.57608, 37.99486 ], [ -121.58102, 37.98953 ], [ -121.58246, 37.98392 ], [ -121.57239, 37.97904 ], [ -121.57994, 37.97611 ], [ -121.57415, 37.97181 ], [ -121.57371, 37.96643 ], [ -121.56514, 37.95985 ], [ -121.56559, 37.95778 ], [ -121.5745, 37.95694 ], [ -121.57519, 37.95504 ], [ -121.57359, 37.95376 ], [ -121.56411, 37.95511 ], [ -121.56369, 37.95351 ], [ -121.56899, 37.94762 ], [ -121.56741, 37.94398 ], [ -121.56068, 37.94758 ], [ -121.55758, 37.9465 ], [ -121.56341, 37.94427 ], [ -121.56088, 37.93988 ], [ -121.56145, 37.93588 ], [ -121.55727, 37.93225 ], [ -121.5589, 37.92793 ], [ -121.55642, 37.9233 ], [ -121.56511, 37.91917 ], [ -121.56592, 37.9161 ], [ -121.56329, 37.9106 ], [ -121.57263, 37.90467 ], [ -121.5659, 37.89767 ], [ -121.56768, 37.89243 ], [ -121.57553, 37.88898 ], [ -121.57387, 37.88339 ], [ -121.57943, 37.8723 ], [ -121.57883, 37.86995 ], [ -121.57339, 37.86575 ], [ -121.5795, 37.86107 ], [ -121.57896, 37.8585 ], [ -121.56981, 37.86069 ], [ -121.56829, 37.86 ], [ -121.57059, 37.85801 ], [ -121.5659, 37.85786 ], [ -121.56198, 37.85314 ], [ -121.56033, 37.8586 ], [ -121.55526, 37.85801 ], [ -121.55312, 37.86096 ], [ -121.5475, 37.85523 ], [ -121.54112, 37.85774 ], [ -121.54201, 37.85131 ], [ -121.54004, 37.84884 ], [ -121.53721, 37.85084 ], [ -121.53425, 37.84989 ], [ -121.53804, 37.84295 ], [ -121.53819, 37.83743 ], [ -121.54419, 37.83255 ], [ -121.54946, 37.83357 ], [ -121.55197, 37.83 ], [ -121.55115, 37.8251 ], [ -121.55331, 37.81882 ], [ -121.557, 37.81649 ], [ -121.96004, 37.71853 ], [ -121.97194, 37.73032 ], [ -121.9881, 37.73315 ], [ -121.99543, 37.73835 ], [ -122.00107, 37.73903 ], [ -122.01177, 37.74743 ], [ -122.01077, 37.75513 ], [ -121.99741, 37.76336 ], [ -122.0138, 37.78013 ], [ -122.03047, 37.78773 ], [ -122.04547, 37.79813 ], [ -122.14032, 37.8047 ], [ -122.14881, 37.81376 ], [ -122.15739, 37.81795 ], [ -122.16667, 37.81362 ], [ -122.17787, 37.81632 ], [ -122.18558, 37.82073 ], [ -122.18702, 37.82754 ], [ -122.18382, 37.83435 ], [ -122.18512, 37.83735 ], [ -122.1886, 37.83775 ], [ -122.19562, 37.84191 ], [ -122.19511, 37.84361 ], [ -122.2031, 37.85119 ], [ -122.2089, 37.85194 ], [ -122.21238, 37.85723 ], [ -122.22142, 37.86547 ], [ -122.21637, 37.86908 ], [ -122.21764, 37.87225 ], [ -122.22362, 37.87857 ], [ -122.22884, 37.88102 ], [ -122.23868, 37.88332 ], [ -122.24197, 37.88193 ], [ -122.24926, 37.88697 ], [ -122.24915, 37.89113 ], [ -122.25377, 37.89622 ], [ -122.2563, 37.89679 ], [ -122.25711, 37.89986 ], [ -122.2607, 37.89964 ], [ -122.26388, 37.90367 ], [ -122.27024, 37.90436 ], [ -122.27108, 37.90582 ], [ -122.27787, 37.90315 ], [ -122.27878, 37.90074 ], [ -122.28817, 37.89784 ], [ -122.29621, 37.89893 ], [ -122.31315, 37.89729 ], [ -122.31479, 37.89869 ], [ -122.32233, 37.89542 ], [ -122.32542, 37.89778 ], [ -122.32477, 37.90187 ], [ -122.32165, 37.90509 ], [ -122.32511, 37.90807 ], [ -122.33569, 37.91031 ], [ -122.34467, 37.90724 ], [ -122.35228, 37.90761 ], [ -122.35312, 37.90958 ], [ -122.36044, 37.90953 ], [ -122.36185, 37.91743 ], [ -122.36476, 37.91793 ], [ -122.36549, 37.91577 ], [ -122.36353, 37.90561 ], [ -122.36829, 37.90462 ], [ -122.39055, 37.90911 ], [ -122.38746, 37.92055 ], [ -122.39049, 37.92253 ], [ -122.3915, 37.92542 ], [ -122.39768, 37.92936 ], [ -122.40129, 37.92843 ], [ -122.40196, 37.93142 ], [ -122.41004, 37.93236 ], [ -122.41372, 37.93726 ], [ -122.41099, 37.93967 ], [ -122.41408, 37.94529 ], [ -122.42263, 37.94717 ], [ -122.41931, 37.95092 ], [ -122.42073, 37.95485 ], [ -122.42501, 37.95691 ], [ -122.43009, 37.96311 ], [ -122.42976, 37.9654 ] ] ] } },
{ "type": "Feature", "properties": { "county": "Lake", "GEOID": "06033", "bay_area_9": false, "total": 1, "student": 0, "individual": 0, "company": 1, "zcta_records": 1, "city_only_records": 0, "student_share": 0.0, "lon": -122.7931, "lat": 39.1266, "y2017": 0, "y2017_individual": 0, "y2017_student": 0, "y2017_company": 0, "y2018": 0, "y2018_individual": 0, "y2018_student": 0, "y2018_company": 0, "y2019": 0, "y2019_individual": 0, "y2019_student": 0, "y2019_company": 0, "y2020": 0, "y2020_individual": 0, "y2020_student": 0, "y2020_company": 0, "y2021": 1, "y2021_individual": 0, "y2021_student": 0, "y2021_company": 1, "y2022": 0, "y2022_individual": 0, "y2022_student": 0, "y2022_company": 0, "y2023": 0, "y2023_individual": 0, "y2023_student": 0, "y2023_company": 0, "y2024": 0, "y2024_individual": 0, "y2024_student": 0, "y2024_company": 0, "y2025": 0, "y2025_individual": 0, "y2025_student": 0, "y2025_company": 0, "y2026": 0, "y2026_individual": 0, "y2026_student": 0, "y2026_company": 0 }, "geometry": { "type": "Polygon", "coordinates": [ [ [ -123.09421, 39.09529 ], [ -123.08501, 39.09529 ], [ -123.08521, 39.11009 ], [ -123.08759, 39.11008 ], [ -123.08751, 39.13839 ], [ -123.07811, 39.13874 ], [ -123.07781, 39.17379 ], [ -123.04581, 39.17349 ], [ -123.04541, 39.18059 ], [ -123.04091, 39.18069 ], [ -123.04011, 39.19249 ], [ -123.03481, 39.19239 ], [ -123.03411, 39.19969 ], [ -123.02971, 39.19959 ], [ -123.02881, 39.20679 ], [ -123.02431, 39.20709 ], [ -123.02411, 39.21369 ], [ -123.02111, 39.21369 ], [ -123.02081, 39.22069 ], [ -123.01251, 39.22099 ], [ -123.01271, 39.23619 ], [ -122.99484, 39.23592 ], [ -122.99448, 39.25676 ], [ -123.00361, 39.25739 ], [ -123.00451, 39.27819 ], [ -123.01961, 39.27799 ], [ -123.01971, 39.32178 ], [ -123.02871, 39.32178 ], [ -123.02873, 39.33658 ], [ -123.03771, 39.33619 ], [ -123.03791, 39.36389 ], [ -123.04861, 39.36408 ], [ -123.04751, 39.37858 ], [ -123.05711, 39.37868 ], [ -123.05631, 39.40758 ], [ -123.07511, 39.40768 ], [ -123.07492, 39.43658 ], [ -123.07012, 39.43648 ], [ -123.07312, 39.45268 ], [ -123.06301, 39.45248 ], [ -123.06318, 39.50354 ], [ -123.04439, 39.50359 ], [ -123.04445, 39.5112 ], [ -123.02541, 39.51115 ], [ -123.02524, 39.51871 ], [ -122.9367, 39.5164 ], [ -122.9367, 39.53071 ], [ -122.89031, 39.52901 ], [ -122.88535, 39.58011 ], [ -122.82843, 39.57966 ], [ -122.8141, 39.5814 ], [ -122.77248, 39.57946 ], [ -122.75394, 39.58121 ], [ -122.73564, 39.58067 ], [ -122.73655, 39.50851 ], [ -122.73243, 39.49463 ], [ -122.73171, 39.48289 ], [ -122.7326, 39.45075 ], [ -122.74175, 39.43523 ], [ -122.73906, 39.38327 ], [ -122.78509, 39.38297 ], [ -122.7742, 39.37488 ], [ -122.76809, 39.37398 ], [ -122.76318, 39.3778 ], [ -122.75995, 39.37813 ], [ -122.75559, 39.37567 ], [ -122.75224, 39.37058 ], [ -122.74348, 39.36813 ], [ -122.74172, 39.3589 ], [ -122.74583, 39.35622 ], [ -122.7521, 39.34635 ], [ -122.76531, 39.34274 ], [ -122.76483, 39.33501 ], [ -122.76824, 39.33114 ], [ -122.7683, 39.32549 ], [ -122.77252, 39.32397 ], [ -122.77525, 39.31256 ], [ -122.77049, 39.31002 ], [ -122.76613, 39.30103 ], [ -122.75823, 39.29395 ], [ -122.7571, 39.28431 ], [ -122.73499, 39.27193 ], [ -122.72864, 39.27328 ], [ -122.72285, 39.26684 ], [ -122.72321, 39.26528 ], [ -122.71648, 39.26294 ], [ -122.71696, 39.26046 ], [ -122.71336, 39.25949 ], [ -122.71245, 39.25701 ], [ -122.69136, 39.24743 ], [ -122.68685, 39.24115 ], [ -122.68093, 39.23873 ], [ -122.6817, 39.23456 ], [ -122.67584, 39.23009 ], [ -122.67958, 39.22685 ], [ -122.67973, 39.22453 ], [ -122.67382, 39.2253 ], [ -122.6712, 39.22417 ], [ -122.67033, 39.22139 ], [ -122.66774, 39.22082 ], [ -122.66536, 39.21755 ], [ -122.65647, 39.21462 ], [ -122.64864, 39.21411 ], [ -122.63516, 39.22305 ], [ -122.62301, 39.22321 ], [ -122.61233, 39.21881 ], [ -122.61018, 39.21616 ], [ -122.60186, 39.21419 ], [ -122.59353, 39.21432 ], [ -122.59153, 39.21245 ], [ -122.58936, 39.21358 ], [ -122.58296, 39.21229 ], [ -122.57898, 39.21066 ], [ -122.57344, 39.20429 ], [ -122.56722, 39.2037 ], [ -122.55329, 39.20674 ], [ -122.54142, 39.20692 ], [ -122.53499, 39.2116 ], [ -122.53385, 39.21014 ], [ -122.5288, 39.21141 ], [ -122.52724, 39.20952 ], [ -122.52176, 39.21038 ], [ -122.51533, 39.20922 ], [ -122.51588, 39.20358 ], [ -122.51379, 39.19601 ], [ -122.5084, 39.19032 ], [ -122.5008, 39.1897 ], [ -122.49854, 39.19109 ], [ -122.49364, 39.18353 ], [ -122.49401, 39.1781 ], [ -122.49184, 39.17529 ], [ -122.4889, 39.17631 ], [ -122.47729, 39.17395 ], [ -122.47608, 39.17261 ], [ -122.47703, 39.16704 ], [ -122.48257, 39.16293 ], [ -122.47824, 39.15477 ], [ -122.48089, 39.15255 ], [ -122.47784, 39.15152 ], [ -122.4769, 39.14694 ], [ -122.47454, 39.1447 ], [ -122.4808, 39.1384 ], [ -122.48504, 39.14127 ], [ -122.48797, 39.1416 ], [ -122.49292, 39.13946 ], [ -122.49684, 39.1405 ], [ -122.49479, 39.13585 ], [ -122.49706, 39.13359 ], [ -122.49776, 39.12675 ], [ -122.50091, 39.12108 ], [ -122.49715, 39.11633 ], [ -122.4942, 39.11508 ], [ -122.49646, 39.10781 ], [ -122.48983, 39.09968 ], [ -122.48759, 39.09315 ], [ -122.48839, 39.08982 ], [ -122.4862, 39.08605 ], [ -122.48624, 39.08254 ], [ -122.49052, 39.0773 ], [ -122.49023, 39.07368 ], [ -122.48868, 39.0692 ], [ -122.48623, 39.06935 ], [ -122.48388, 39.06695 ], [ -122.48758, 39.06478 ], [ -122.49085, 39.06479 ], [ -122.48945, 39.06144 ], [ -122.49223, 39.05953 ], [ -122.49202, 39.0535 ], [ -122.48167, 39.05273 ], [ -122.46724, 39.04892 ], [ -122.46551, 39.04789 ], [ -122.46818, 39.04476 ], [ -122.46733, 39.04297 ], [ -122.46127, 39.03867 ], [ -122.45822, 39.03899 ], [ -122.45451, 39.03604 ], [ -122.45485, 39.03441 ], [ -122.45019, 39.03266 ], [ -122.43729, 39.02136 ], [ -122.43434, 39.02252 ], [ -122.42434, 39.02043 ], [ -122.41342, 39.02022 ], [ -122.40998, 39.01752 ], [ -122.41125, 39.01546 ], [ -122.40914, 39.01212 ], [ -122.41089, 39.01029 ], [ -122.40871, 39.00735 ], [ -122.41191, 39.00509 ], [ -122.41192, 38.99814 ], [ -122.41573, 38.99719 ], [ -122.41409, 38.99535 ], [ -122.41931, 38.98918 ], [ -122.41677, 38.97825 ], [ -122.40702, 38.97142 ], [ -122.40665, 38.96935 ], [ -122.40899, 38.96847 ], [ -122.40921, 38.963 ], [ -122.40198, 38.9561 ], [ -122.39403, 38.95561 ], [ -122.37302, 38.93982 ], [ -122.36758, 38.93903 ], [ -122.35011, 38.92878 ], [ -122.34142, 38.92715 ], [ -122.34017, 38.92425 ], [ -122.40394, 38.92529 ], [ -122.40986, 38.91855 ], [ -122.41238, 38.91254 ], [ -122.41651, 38.90956 ], [ -122.41584, 38.90767 ], [ -122.4219, 38.90377 ], [ -122.42205, 38.90089 ], [ -122.41555, 38.8971 ], [ -122.40526, 38.8834 ], [ -122.4061, 38.88036 ], [ -122.40182, 38.87624 ], [ -122.3964, 38.87406 ], [ -122.39536, 38.87073 ], [ -122.39082, 38.86796 ], [ -122.40357, 38.85608 ], [ -122.39972, 38.85429 ], [ -122.39421, 38.84761 ], [ -122.38959, 38.83836 ], [ -122.382, 38.83419 ], [ -122.37537, 38.82645 ], [ -122.37669, 38.82194 ], [ -122.37372, 38.81649 ], [ -122.37564, 38.80807 ], [ -122.37871, 38.80582 ], [ -122.37974, 38.80215 ], [ -122.38969, 38.80252 ], [ -122.39732, 38.80497 ], [ -122.40409, 38.79891 ], [ -122.40871, 38.78809 ], [ -122.4127, 38.78627 ], [ -122.40802, 38.78465 ], [ -122.4073, 38.78021 ], [ -122.40899, 38.77609 ], [ -122.40305, 38.77298 ], [ -122.41588, 38.76821 ], [ -122.46412, 38.70613 ], [ -122.62677, 38.67078 ], [ -122.62546, 38.6744 ], [ -122.63159, 38.68023 ], [ -122.6339, 38.68528 ], [ -122.6395, 38.68906 ], [ -122.63705, 38.69373 ], [ -122.64378, 38.69896 ], [ -122.64657, 38.70618 ], [ -122.65409, 38.70701 ], [ -122.66219, 38.70594 ], [ -122.6694, 38.70837 ], [ -122.67423, 38.70635 ], [ -122.67683, 38.70799 ], [ -122.68241, 38.70791 ], [ -122.69545, 38.71309 ], [ -122.69726, 38.71802 ], [ -122.69625, 38.7201 ], [ -122.70092, 38.72887 ], [ -122.71038, 38.73208 ], [ -122.71233, 38.74223 ], [ -122.70877, 38.7464 ], [ -122.70932, 38.74902 ], [ -122.72009, 38.75354 ], [ -122.72151, 38.75658 ], [ -122.72416, 38.75656 ], [ -122.72269, 38.76301 ], [ -122.7282, 38.76608 ], [ -122.72954, 38.7707 ], [ -122.73366, 38.77171 ], [ -122.73588, 38.7745 ], [ -122.73534, 38.77789 ], [ -122.73891, 38.78186 ], [ -122.74225, 38.78234 ], [ -122.74822, 38.7878 ], [ -122.7462, 38.79925 ], [ -122.74776, 38.80334 ], [ -122.75975, 38.80843 ], [ -122.76055, 38.81054 ], [ -122.76761, 38.81387 ], [ -122.76636, 38.81506 ], [ -122.77029, 38.81957 ], [ -122.78019, 38.82684 ], [ -122.78614, 38.82734 ], [ -122.79139, 38.83043 ], [ -122.79599, 38.83895 ], [ -122.79831, 38.83933 ], [ -122.7998, 38.83698 ], [ -122.80471, 38.83673 ], [ -122.80867, 38.83664 ], [ -122.81209, 38.83841 ], [ -122.81106, 38.84132 ], [ -122.81287, 38.84327 ], [ -122.81831, 38.84458 ], [ -122.81765, 38.84984 ], [ -122.81972, 38.84901 ], [ -122.82159, 38.85014 ], [ -122.82139, 38.85792 ], [ -122.8401, 38.85799 ], [ -122.83999, 38.86602 ], [ -122.85849, 38.86585 ], [ -122.85776, 38.87326 ], [ -122.87649, 38.87313 ], [ -122.8757, 38.88084 ], [ -122.89463, 38.88083 ], [ -122.89389, 38.89552 ], [ -122.91136, 38.89517 ], [ -122.91139, 38.90153 ], [ -122.94886, 38.90022 ], [ -122.94907, 38.92544 ], [ -122.96189, 38.92551 ], [ -122.96019, 38.93247 ], [ -122.96992, 38.93266 ], [ -122.96829, 38.94651 ], [ -122.97771, 38.94669 ], [ -122.97743, 38.9829 ], [ -122.98668, 38.98301 ], [ -122.98664, 38.99728 ], [ -123.00925, 38.9967 ], [ -123.00926, 38.99318 ], [ -123.01858, 38.99296 ], [ -123.01863, 38.99661 ], [ -123.02804, 38.99659 ], [ -123.02801, 39.0065 ], [ -123.03731, 39.0065 ], [ -123.03751, 39.0137 ], [ -123.04681, 39.0138 ], [ -123.04701, 39.0209 ], [ -123.05621, 39.0211 ], [ -123.05611, 39.04989 ], [ -123.06521, 39.04999 ], [ -123.06511, 39.06439 ], [ -123.08381, 39.06449 ], [ -123.08371, 39.07179 ], [ -123.09301, 39.07199 ], [ -123.09421, 39.09529 ] ] ] } },
{ "type": "Feature", "properties": { "county": "Nevada", "GEOID": "06057", "bay_area_9": false, "total": 0, "student": 0, "individual": 0, "company": 0, "zcta_records": 0, "city_only_records": 0, "student_share": 0.0, "lon": -121.0124, "lat": 39.2688, "y2017": 0, "y2017_individual": 0, "y2017_student": 0, "y2017_company": 0, "y2018": 0, "y2018_individual": 0, "y2018_student": 0, "y2018_company": 0, "y2019": 0, "y2019_individual": 0, "y2019_student": 0, "y2019_company": 0, "y2020": 0, "y2020_individual": 0, "y2020_student": 0, "y2020_company": 0, "y2021": 0, "y2021_individual": 0, "y2021_student": 0, "y2021_company": 0, "y2022": 0, "y2022_individual": 0, "y2022_student": 0, "y2022_company": 0, "y2023": 0, "y2023_individual": 0, "y2023_student": 0, "y2023_company": 0, "y2024": 0, "y2024_individual": 0, "y2024_student": 0, "y2024_company": 0, "y2025": 0, "y2025_individual": 0, "y2025_student": 0, "y2025_company": 0, "y2026": 0, "y2026_individual": 0, "y2026_student": 0, "y2026_company": 0 }, "geometry": { "type": "Polygon", "coordinates": [ [ [ -121.27953, 39.03462 ], [ -121.27953, 39.23054 ], [ -121.27608, 39.23142 ], [ -121.26879, 39.24025 ], [ -121.2693, 39.25212 ], [ -121.26048, 39.25481 ], [ -121.25918, 39.25642 ], [ -121.26691, 39.27161 ], [ -121.26336, 39.27483 ], [ -121.25272, 39.27752 ], [ -121.24015, 39.284 ], [ -121.21985, 39.28308 ], [ -121.21664, 39.2863 ], [ -121.21489, 39.29288 ], [ -121.20015, 39.30237 ], [ -121.20498, 39.30789 ], [ -121.20635, 39.31647 ], [ -121.19827, 39.32394 ], [ -121.19562, 39.32958 ], [ -121.18453, 39.33084 ], [ -121.18345, 39.33597 ], [ -121.17898, 39.33856 ], [ -121.16502, 39.33864 ], [ -121.16252, 39.33262 ], [ -121.15753, 39.33247 ], [ -121.15748, 39.34074 ], [ -121.15477, 39.3486 ], [ -121.1438, 39.34965 ], [ -121.14513, 39.35578 ], [ -121.13707, 39.36332 ], [ -121.13685, 39.36807 ], [ -121.13457, 39.36871 ], [ -121.13368, 39.37163 ], [ -121.12714, 39.37257 ], [ -121.12615, 39.37786 ], [ -121.12801, 39.37975 ], [ -121.11717, 39.37864 ], [ -121.11198, 39.38115 ], [ -121.10455, 39.38026 ], [ -121.1008, 39.38143 ], [ -121.09637, 39.38769 ], [ -121.09205, 39.38586 ], [ -121.08739, 39.38618 ], [ -121.0834, 39.39452 ], [ -121.07951, 39.39283 ], [ -121.07086, 39.3934 ], [ -121.06309, 39.39095 ], [ -121.05999, 39.39463 ], [ -121.05221, 39.39564 ], [ -121.04815, 39.39493 ], [ -121.04753, 39.38974 ], [ -121.04153, 39.38816 ], [ -121.03647, 39.39233 ], [ -121.03529, 39.3954 ], [ -121.03216, 39.39573 ], [ -121.02452, 39.38926 ], [ -121.01854, 39.39507 ], [ -121.00736, 39.39969 ], [ -121.01527, 39.40262 ], [ -121.01554, 39.40501 ], [ -121.0067, 39.40487 ], [ -120.99227, 39.4144 ], [ -120.98598, 39.41146 ], [ -120.98228, 39.41423 ], [ -120.97935, 39.41184 ], [ -120.97995, 39.41684 ], [ -120.97833, 39.41787 ], [ -120.97333, 39.41753 ], [ -120.97188, 39.41896 ], [ -120.95724, 39.41575 ], [ -120.95594, 39.41699 ], [ -120.95233, 39.41675 ], [ -120.95093, 39.41886 ], [ -120.94699, 39.41838 ], [ -120.94317, 39.41975 ], [ -120.93969, 39.41779 ], [ -120.93198, 39.41712 ], [ -120.92994, 39.41791 ], [ -120.92956, 39.42081 ], [ -120.92629, 39.42007 ], [ -120.92105, 39.42229 ], [ -120.91469, 39.41997 ], [ -120.91286, 39.42484 ], [ -120.91058, 39.42601 ], [ -120.90284, 39.4241 ], [ -120.89394, 39.42413 ], [ -120.88452, 39.42933 ], [ -120.87844, 39.42895 ], [ -120.87804, 39.43117 ], [ -120.87598, 39.42941 ], [ -120.87451, 39.43108 ], [ -120.87094, 39.42945 ], [ -120.8693, 39.43134 ], [ -120.86477, 39.4302 ], [ -120.85717, 39.43526 ], [ -120.85569, 39.43384 ], [ -120.85463, 39.43586 ], [ -120.84259, 39.43572 ], [ -120.8422, 39.43767 ], [ -120.83707, 39.44042 ], [ -120.83232, 39.43971 ], [ -120.83371, 39.43757 ], [ -120.82636, 39.43504 ], [ -120.82301, 39.43734 ], [ -120.81791, 39.43646 ], [ -120.81679, 39.44081 ], [ -120.8138, 39.44015 ], [ -120.81105, 39.43608 ], [ -120.80519, 39.43867 ], [ -120.8, 39.43767 ], [ -120.79662, 39.44186 ], [ -120.79166, 39.44129 ], [ -120.79035, 39.44324 ], [ -120.78598, 39.44434 ], [ -120.78632, 39.44688 ], [ -120.78424, 39.44804 ], [ -120.78049, 39.44657 ], [ -120.77583, 39.45076 ], [ -120.77338, 39.44881 ], [ -120.77295, 39.44987 ], [ -120.7654, 39.45089 ], [ -120.76482, 39.45315 ], [ -120.76102, 39.45394 ], [ -120.75624, 39.45247 ], [ -120.75288, 39.45832 ], [ -120.74988, 39.4575 ], [ -120.74963, 39.4594 ], [ -120.74638, 39.45916 ], [ -120.74249, 39.46128 ], [ -120.74282, 39.46728 ], [ -120.73756, 39.47016 ], [ -120.73219, 39.46984 ], [ -120.72551, 39.47291 ], [ -120.71457, 39.48161 ], [ -120.71374, 39.48279 ], [ -120.71712, 39.4888 ], [ -120.71252, 39.48924 ], [ -120.70645, 39.49322 ], [ -120.70654, 39.49603 ], [ -120.7008, 39.50258 ], [ -120.68615, 39.50726 ], [ -120.68588, 39.5098 ], [ -120.68298, 39.51094 ], [ -120.68309, 39.51224 ], [ -120.6793, 39.51311 ], [ -120.67691, 39.51849 ], [ -120.65902, 39.52379 ], [ -120.65522, 39.5267 ], [ -120.65125, 39.52359 ], [ -120.64024, 39.52327 ], [ -120.6369, 39.5246 ], [ -120.63421, 39.5235 ], [ -120.63036, 39.5249 ], [ -120.62465, 39.51955 ], [ -120.62227, 39.52149 ], [ -120.61362, 39.52065 ], [ -120.59889, 39.52206 ], [ -120.59753, 39.52071 ], [ -120.588, 39.52356 ], [ -120.58395, 39.52151 ], [ -120.57735, 39.52319 ], [ -120.57089, 39.51941 ], [ -120.56834, 39.51604 ], [ -120.56082, 39.51621 ], [ -120.55614, 39.51366 ], [ -120.55664, 39.50681 ], [ -120.55068, 39.50363 ], [ -120.5512, 39.4992 ], [ -120.54908, 39.49447 ], [ -120.54126, 39.49089 ], [ -120.53958, 39.48675 ], [ -120.5342, 39.48346 ], [ -120.53445, 39.46429 ], [ -120.52456, 39.45875 ], [ -120.52251, 39.45917 ], [ -120.52125, 39.45688 ], [ -120.51827, 39.45723 ], [ -120.51784, 39.45512 ], [ -120.51041, 39.45528 ], [ -120.50767, 39.4534 ], [ -120.50544, 39.44612 ], [ -120.00387, 39.44506 ], [ -120.00632, 39.3165 ], [ -120.6458, 39.31515 ], [ -120.64874, 39.31145 ], [ -120.65606, 39.30816 ], [ -120.6584, 39.30782 ], [ -120.66255, 39.31007 ], [ -120.6686, 39.30809 ], [ -120.67143, 39.31037 ], [ -120.67619, 39.30725 ], [ -120.68047, 39.30597 ], [ -120.68224, 39.30692 ], [ -120.69111, 39.30413 ], [ -120.69302, 39.30192 ], [ -120.70235, 39.29982 ], [ -120.71032, 39.29254 ], [ -120.72789, 39.28808 ], [ -120.73832, 39.27934 ], [ -120.74723, 39.27491 ], [ -120.74917, 39.27053 ], [ -120.7566, 39.26423 ], [ -120.76439, 39.26285 ], [ -120.76872, 39.2563 ], [ -120.77332, 39.25546 ], [ -120.78507, 39.24818 ], [ -120.78492, 39.24663 ], [ -120.79145, 39.24107 ], [ -120.79915, 39.23802 ], [ -120.80425, 39.23327 ], [ -120.81665, 39.22993 ], [ -120.8191, 39.22722 ], [ -120.82876, 39.22316 ], [ -120.82818, 39.22105 ], [ -120.82987, 39.22165 ], [ -120.83906, 39.21551 ], [ -120.85171, 39.21203 ], [ -120.85533, 39.20692 ], [ -120.85806, 39.20608 ], [ -120.85659, 39.20411 ], [ -120.85783, 39.19744 ], [ -120.86137, 39.19482 ], [ -120.86081, 39.19247 ], [ -120.86693, 39.18958 ], [ -120.86519, 39.18814 ], [ -120.86919, 39.18523 ], [ -120.86885, 39.18074 ], [ -120.87111, 39.17945 ], [ -120.88554, 39.17814 ], [ -120.88686, 39.17657 ], [ -120.8911, 39.1771 ], [ -120.89225, 39.17534 ], [ -120.89737, 39.17643 ], [ -120.90483, 39.17274 ], [ -120.909, 39.17017 ], [ -120.90611, 39.16719 ], [ -120.90855, 39.16375 ], [ -120.917, 39.16315 ], [ -120.9245, 39.16085 ], [ -120.92381, 39.1571 ], [ -120.92644, 39.15528 ], [ -120.93056, 39.15653 ], [ -120.93145, 39.1551 ], [ -120.92993, 39.15398 ], [ -120.9369, 39.15139 ], [ -120.93958, 39.14606 ], [ -120.94203, 39.14481 ], [ -120.94489, 39.14539 ], [ -120.94749, 39.14339 ], [ -120.94905, 39.13758 ], [ -120.96107, 39.12966 ], [ -120.96576, 39.12821 ], [ -120.96798, 39.12214 ], [ -120.97336, 39.11969 ], [ -120.97585, 39.11377 ], [ -120.97931, 39.1104 ], [ -120.98872, 39.11178 ], [ -120.9897, 39.10953 ], [ -120.98635, 39.10223 ], [ -120.98819, 39.10079 ], [ -120.9871, 39.09665 ], [ -120.98895, 39.0845 ], [ -120.99141, 39.0819 ], [ -120.99585, 39.081 ], [ -120.99504, 39.07861 ], [ -120.99159, 39.07688 ], [ -120.99215, 39.07541 ], [ -120.99856, 39.07205 ], [ -120.99694, 39.06822 ], [ -121.00273, 39.06753 ], [ -121.00288, 39.06268 ], [ -121.00707, 39.06122 ], [ -121.0083, 39.05206 ], [ -121.01252, 39.05254 ], [ -121.01279, 39.04827 ], [ -121.01928, 39.04677 ], [ -121.02142, 39.03944 ], [ -121.02901, 39.03843 ], [ -121.03031, 39.03693 ], [ -121.02946, 39.03258 ], [ -121.03107, 39.02795 ], [ -121.03769, 39.02081 ], [ -121.03806, 39.01596 ], [ -121.05303, 39.01039 ], [ -121.06165, 39.01013 ], [ -121.06861, 39.00516 ], [ -121.07946, 39.00686 ], [ -121.08081, 39.0097 ], [ -121.08932, 39.01429 ], [ -121.09466, 39.01159 ], [ -121.09758, 39.01325 ], [ -121.10513, 39.01212 ], [ -121.10601, 39.01596 ], [ -121.10888, 39.01821 ], [ -121.11513, 39.0186 ], [ -121.12095, 39.02422 ], [ -121.12319, 39.02443 ], [ -121.12351, 39.02786 ], [ -121.12667, 39.0296 ], [ -121.1251, 39.03245 ], [ -121.13338, 39.03438 ], [ -121.13671, 39.03771 ], [ -121.15014, 39.03223 ], [ -121.15212, 39.02704 ], [ -121.16197, 39.02443 ], [ -121.17069, 39.01915 ], [ -121.17375, 39.01841 ], [ -121.17925, 39.02 ], [ -121.1868, 39.01271 ], [ -121.19864, 39.01748 ], [ -121.20479, 39.01553 ], [ -121.20591, 39.01185 ], [ -121.21352, 39.01292 ], [ -121.22179, 39.01196 ], [ -121.22894, 39.0221 ], [ -121.23325, 39.02475 ], [ -121.23832, 39.02377 ], [ -121.24068, 39.02143 ], [ -121.24791, 39.02611 ], [ -121.24897, 39.02867 ], [ -121.2573, 39.02808 ], [ -121.25856, 39.02952 ], [ -121.26598, 39.03038 ], [ -121.27304, 39.03418 ], [ -121.27953, 39.03462 ] ] ] } },
{ "type": "Feature", "properties": { "county": "Santa Cruz", "GEOID": "06087", "bay_area_9": false, "total": 11, "student": 2, "individual": 8, "company": 1, "zcta_records": 11, "city_only_records": 0, "student_share": 0.182, "lon": -122.0302, "lat": 37.0689, "y2017": 0, "y2017_individual": 0, "y2017_student": 0, "y2017_company": 0, "y2018": 0, "y2018_individual": 0, "y2018_student": 0, "y2018_company": 0, "y2019": 0, "y2019_individual": 0, "y2019_student": 0, "y2019_company": 0, "y2020": 0, "y2020_individual": 0, "y2020_student": 0, "y2020_company": 0, "y2021": 0, "y2021_individual": 0, "y2021_student": 0, "y2021_company": 0, "y2022": 0, "y2022_individual": 0, "y2022_student": 0, "y2022_company": 0, "y2023": 2, "y2023_individual": 1, "y2023_student": 1, "y2023_company": 0, "y2024": 2, "y2024_individual": 1, "y2024_student": 0, "y2024_company": 1, "y2025": 3, "y2025_individual": 3, "y2025_student": 0, "y2025_company": 0, "y2026": 4, "y2026_individual": 3, "y2026_student": 1, "y2026_company": 0 }, "geometry": { "type": "Polygon", "coordinates": [ [ [ -122.31768, 37.18695 ], [ -122.28858, 37.18675 ], [ -122.26888, 37.18984 ], [ -122.24266, 37.19003 ], [ -122.24257, 37.21513 ], [ -122.15277, 37.21544 ], [ -122.15146, 37.23002 ], [ -122.15228, 37.28606 ], [ -122.14869, 37.281 ], [ -122.15057, 37.2762 ], [ -122.13088, 37.26047 ], [ -122.12164, 37.25856 ], [ -122.10557, 37.24074 ], [ -122.10423, 37.23427 ], [ -122.09337, 37.22924 ], [ -122.09267, 37.22544 ], [ -122.08981, 37.22327 ], [ -122.07813, 37.22241 ], [ -122.07001, 37.21667 ], [ -122.06593, 37.21041 ], [ -122.06278, 37.21037 ], [ -122.0584, 37.21307 ], [ -122.05509, 37.2125 ], [ -122.05479, 37.21026 ], [ -122.04416, 37.20121 ], [ -122.04078, 37.19517 ], [ -122.03075, 37.18999 ], [ -122.03263, 37.18614 ], [ -122.03194, 37.1823 ], [ -122.02893, 37.17694 ], [ -122.02653, 37.17611 ], [ -122.02764, 37.17408 ], [ -122.02567, 37.1726 ], [ -122.02768, 37.17085 ], [ -122.02559, 37.16907 ], [ -122.02617, 37.16685 ], [ -122.01595, 37.16566 ], [ -122.00904, 37.15979 ], [ -122.00293, 37.15846 ], [ -121.99422, 37.14992 ], [ -121.99109, 37.14427 ], [ -121.98715, 37.14482 ], [ -121.98084, 37.14228 ], [ -121.97227, 37.14153 ], [ -121.96324, 37.13321 ], [ -121.95416, 37.12915 ], [ -121.94069, 37.12595 ], [ -121.93203, 37.122 ], [ -121.93001, 37.12329 ], [ -121.92426, 37.12128 ], [ -121.91069, 37.11329 ], [ -121.90572, 37.11317 ], [ -121.90462, 37.11133 ], [ -121.89496, 37.10979 ], [ -121.89012, 37.10663 ], [ -121.89087, 37.10526 ], [ -121.8873, 37.10491 ], [ -121.88481, 37.10782 ], [ -121.87007, 37.10225 ], [ -121.86024, 37.10407 ], [ -121.86188, 37.09935 ], [ -121.84909, 37.099 ], [ -121.84449, 37.0965 ], [ -121.84414, 37.09473 ], [ -121.83433, 37.09123 ], [ -121.83154, 37.0886 ], [ -121.82402, 37.08757 ], [ -121.82366, 37.08605 ], [ -121.8184, 37.08382 ], [ -121.81649, 37.08037 ], [ -121.81719, 37.07788 ], [ -121.81252, 37.07516 ], [ -121.80908, 37.0693 ], [ -121.80151, 37.06749 ], [ -121.79582, 37.06356 ], [ -121.79355, 37.06431 ], [ -121.78647, 37.06215 ], [ -121.78155, 37.05699 ], [ -121.77605, 37.05486 ], [ -121.77569, 37.05326 ], [ -121.76696, 37.05328 ], [ -121.76322, 37.05177 ], [ -121.76468, 37.04922 ], [ -121.76068, 37.0476 ], [ -121.7576, 37.04963 ], [ -121.75492, 37.04845 ], [ -121.74238, 37.03024 ], [ -121.73913, 37.02718 ], [ -121.72782, 37.02275 ], [ -121.72577, 37.02065 ], [ -121.73081, 37.02032 ], [ -121.73131, 37.02242 ], [ -121.73619, 37.01534 ], [ -121.72781, 37.00986 ], [ -121.72657, 37.01205 ], [ -121.71876, 37.00756 ], [ -121.72962, 36.99787 ], [ -121.72835, 36.99682 ], [ -121.72981, 36.99356 ], [ -121.7387, 36.98999 ], [ -121.73231, 36.98966 ], [ -121.71788, 36.99556 ], [ -121.71466, 36.99313 ], [ -121.71092, 36.99307 ], [ -121.71138, 36.99058 ], [ -121.70551, 36.98936 ], [ -121.70524, 36.98624 ], [ -121.69536, 36.98515 ], [ -121.69813, 36.97261 ], [ -121.6933, 36.96823 ], [ -121.68776, 36.96695 ], [ -121.67826, 36.96785 ], [ -121.67226, 36.96435 ], [ -121.66479, 36.96371 ], [ -121.66286, 36.95915 ], [ -121.66433, 36.95514 ], [ -121.66326, 36.95185 ], [ -121.65404, 36.95058 ], [ -121.65368, 36.94772 ], [ -121.65227, 36.94763 ], [ -121.65406, 36.94475 ], [ -121.65306, 36.94175 ], [ -121.64579, 36.93233 ], [ -121.64141, 36.93223 ], [ -121.64226, 36.93635 ], [ -121.63706, 36.93905 ], [ -121.63186, 36.93925 ], [ -121.63046, 36.94054 ], [ -121.62405, 36.93849 ], [ -121.62473, 36.94009 ], [ -121.60716, 36.92605 ], [ -121.59035, 36.92615 ], [ -121.59015, 36.91925 ], [ -121.58115, 36.91925 ], [ -121.58135, 36.89915 ], [ -121.58885, 36.90125 ], [ -121.60735, 36.89945 ], [ -121.61976, 36.90891 ], [ -121.62946, 36.91169 ], [ -121.6381, 36.89833 ], [ -121.644, 36.894 ], [ -121.64563, 36.89424 ], [ -121.64599, 36.90212 ], [ -121.64824, 36.90239 ], [ -121.65005, 36.90022 ], [ -121.65323, 36.90212 ], [ -121.65221, 36.9092 ], [ -121.6579, 36.91381 ], [ -121.66205, 36.91409 ], [ -121.66766, 36.91203 ], [ -121.68062, 36.90328 ], [ -121.6863, 36.90785 ], [ -121.69744, 36.91161 ], [ -121.70232, 36.90817 ], [ -121.70553, 36.9095 ], [ -121.7068, 36.9112 ], [ -121.70096, 36.91368 ], [ -121.69846, 36.91674 ], [ -121.69996, 36.91968 ], [ -121.70681, 36.91513 ], [ -121.71, 36.9153 ], [ -121.71542, 36.90887 ], [ -121.72559, 36.91435 ], [ -121.72838, 36.91141 ], [ -121.73606, 36.90851 ], [ -121.74537, 36.90929 ], [ -121.75748, 36.89998 ], [ -121.76506, 36.88827 ], [ -121.76936, 36.88518 ], [ -121.77611, 36.8833 ], [ -121.78355, 36.88584 ], [ -121.78701, 36.88497 ], [ -121.80265, 36.86933 ], [ -121.8035, 36.86744 ], [ -121.80084, 36.85755 ], [ -121.81055, 36.85065 ], [ -121.86227, 36.93155 ], [ -121.88017, 36.95015 ], [ -121.89467, 36.96185 ], [ -121.90647, 36.96895 ], [ -121.93007, 36.97815 ], [ -121.93947, 36.97805 ], [ -121.95167, 36.97145 ], [ -121.97277, 36.95415 ], [ -121.97587, 36.95405 ], [ -121.9839, 36.95873 ], [ -121.99291, 36.95911 ], [ -122.01274, 36.96322 ], [ -122.02337, 36.96215 ], [ -122.0261, 36.95881 ], [ -122.02456, 36.95556 ], [ -122.02648, 36.9518 ], [ -122.04108, 36.95304 ], [ -122.04328, 36.95073 ], [ -122.04986, 36.94928 ], [ -122.06564, 36.94847 ], [ -122.07538, 36.95103 ], [ -122.07589, 36.9528 ], [ -122.07994, 36.95378 ], [ -122.08194, 36.9523 ], [ -122.10072, 36.9555 ], [ -122.1088, 36.95825 ], [ -122.11492, 36.96267 ], [ -122.11894, 36.96272 ], [ -122.1229, 36.96607 ], [ -122.12671, 36.96435 ], [ -122.13516, 36.96777 ], [ -122.14058, 36.97495 ], [ -122.15359, 36.97681 ], [ -122.15508, 36.98085 ], [ -122.16285, 36.98806 ], [ -122.16907, 36.9888 ], [ -122.16975, 36.991 ], [ -122.1761, 36.99539 ], [ -122.18353, 36.99844 ], [ -122.18688, 37.00345 ], [ -122.20618, 37.01395 ], [ -122.21048, 37.02003 ], [ -122.21643, 37.02188 ], [ -122.21671, 37.02472 ], [ -122.2238, 37.02567 ], [ -122.22879, 37.03857 ], [ -122.25218, 37.05945 ], [ -122.26048, 37.07255 ], [ -122.28488, 37.10175 ], [ -122.29297, 37.10732 ], [ -122.28938, 37.11347 ], [ -122.31178, 37.14755 ], [ -122.31768, 37.18695 ] ] ] } },
{ "type": "Feature", "properties": { "county": "Yolo", "GEOID": "06113", "bay_area_9": false, "total": 8, "student": 2, "individual": 6, "company": 0, "zcta_records": 6, "city_only_records": 2, "student_share": 0.25, "lon": -121.8547, "lat": 38.6195, "y2017": 0, "y2017_individual": 0, "y2017_student": 0, "y2017_company": 0, "y2018": 2, "y2018_individual": 2, "y2018_student": 0, "y2018_company": 0, "y2019": 1, "y2019_individual": 1, "y2019_student": 0, "y2019_company": 0, "y2020": 1, "y2020_individual": 1, "y2020_student": 0, "y2020_company": 0, "y2021": 0, "y2021_individual": 0, "y2021_student": 0, "y2021_company": 0, "y2022": 1, "y2022_individual": 1, "y2022_student": 0, "y2022_company": 0, "y2023": 0, "y2023_individual": 0, "y2023_student": 0, "y2023_company": 0, "y2024": 0, "y2024_individual": 0, "y2024_student": 0, "y2024_company": 0, "y2025": 1, "y2025_individual": 1, "y2025_student": 0, "y2025_company": 0, "y2026": 2, "y2026_individual": 0, "y2026_student": 2, "y2026_company": 0 }, "geometry": { "type": "Polygon", "coordinates": [ [ [ -122.42205, 38.90089 ], [ -122.4219, 38.90377 ], [ -122.41584, 38.90767 ], [ -122.41651, 38.90956 ], [ -122.41238, 38.91254 ], [ -122.40986, 38.91855 ], [ -122.40394, 38.92529 ], [ -122.24734, 38.9239 ], [ -122.06112, 38.92586 ], [ -121.83549, 38.92448 ], [ -121.83001, 38.91906 ], [ -121.80481, 38.91452 ], [ -121.80584, 38.91079 ], [ -121.80903, 38.91021 ], [ -121.81434, 38.91168 ], [ -121.815, 38.91057 ], [ -121.8033, 38.90599 ], [ -121.79258, 38.90636 ], [ -121.79108, 38.90332 ], [ -121.79458, 38.90054 ], [ -121.80399, 38.90172 ], [ -121.80309, 38.89742 ], [ -121.80677, 38.89031 ], [ -121.80916, 38.88774 ], [ -121.81633, 38.88495 ], [ -121.81724, 38.88287 ], [ -121.81481, 38.87658 ], [ -121.80981, 38.87212 ], [ -121.8039, 38.87002 ], [ -121.80173, 38.86428 ], [ -121.79598, 38.86666 ], [ -121.79302, 38.86297 ], [ -121.78667, 38.8637 ], [ -121.78433, 38.86054 ], [ -121.78427, 38.85668 ], [ -121.77674, 38.86134 ], [ -121.77002, 38.86154 ], [ -121.7653, 38.86419 ], [ -121.75808, 38.86261 ], [ -121.76023, 38.86719 ], [ -121.7587, 38.86871 ], [ -121.74862, 38.87132 ], [ -121.7448, 38.86415 ], [ -121.72853, 38.85727 ], [ -121.72816, 38.85341 ], [ -121.72354, 38.85229 ], [ -121.72378, 38.85043 ], [ -121.72828, 38.84737 ], [ -121.72869, 38.8447 ], [ -121.72597, 38.84125 ], [ -121.72992, 38.83926 ], [ -121.73077, 38.83635 ], [ -121.72341, 38.82562 ], [ -121.72335, 38.80376 ], [ -121.72074, 38.80214 ], [ -121.70749, 38.80104 ], [ -121.70125, 38.80303 ], [ -121.69832, 38.80134 ], [ -121.69669, 38.79736 ], [ -121.69067, 38.79563 ], [ -121.69337, 38.78982 ], [ -121.68644, 38.77536 ], [ -121.69269, 38.76831 ], [ -121.68808, 38.76415 ], [ -121.68028, 38.76345 ], [ -121.67772, 38.76067 ], [ -121.67002, 38.75931 ], [ -121.67752, 38.74927 ], [ -121.6745, 38.74369 ], [ -121.67, 38.74482 ], [ -121.66904, 38.75329 ], [ -121.66708, 38.75503 ], [ -121.65846, 38.75527 ], [ -121.65993, 38.76103 ], [ -121.66429, 38.76526 ], [ -121.66221, 38.76982 ], [ -121.65894, 38.76962 ], [ -121.656, 38.76507 ], [ -121.65238, 38.76455 ], [ -121.63902, 38.7677 ], [ -121.64859, 38.77282 ], [ -121.64526, 38.77399 ], [ -121.6404, 38.77276 ], [ -121.63631, 38.76741 ], [ -121.63342, 38.76848 ], [ -121.63148, 38.77612 ], [ -121.62795, 38.77919 ], [ -121.63082, 38.78317 ], [ -121.62898, 38.78438 ], [ -121.62528, 38.78534 ], [ -121.60486, 38.77936 ], [ -121.59537, 38.76827 ], [ -121.59262, 38.76286 ], [ -121.59341, 38.75398 ], [ -121.60289, 38.73584 ], [ -121.60577, 38.71832 ], [ -121.61422, 38.70904 ], [ -121.6319, 38.69584 ], [ -121.63416, 38.68984 ], [ -121.63192, 38.68064 ], [ -121.62801, 38.67476 ], [ -121.60957, 38.66111 ], [ -121.59407, 38.64411 ], [ -121.58717, 38.6427 ], [ -121.57607, 38.6486 ], [ -121.57047, 38.6476 ], [ -121.56687, 38.6451 ], [ -121.55827, 38.6082 ], [ -121.54987, 38.5994 ], [ -121.54457, 38.5977 ], [ -121.53907, 38.6019 ], [ -121.52767, 38.6046 ], [ -121.51577, 38.6027 ], [ -121.51157, 38.6009 ], [ -121.50867, 38.5968 ], [ -121.50628, 38.58629 ], [ -121.51157, 38.575 ], [ -121.52097, 38.5662 ], [ -121.51129, 38.54629 ], [ -121.5132, 38.54074 ], [ -121.52037, 38.53537 ], [ -121.52847, 38.53211 ], [ -121.53098, 38.52897 ], [ -121.5242, 38.52151 ], [ -121.5255, 38.51878 ], [ -121.55178, 38.51386 ], [ -121.55855, 38.50317 ], [ -121.55904, 38.49959 ], [ -121.55593, 38.49285 ], [ -121.54272, 38.47645 ], [ -121.53334, 38.47383 ], [ -121.51188, 38.47367 ], [ -121.50608, 38.47095 ], [ -121.50414, 38.46656 ], [ -121.50103, 38.45013 ], [ -121.50385, 38.43961 ], [ -121.50975, 38.43588 ], [ -121.51535, 38.43452 ], [ -121.52705, 38.43482 ], [ -121.5326, 38.43146 ], [ -121.53129, 38.42753 ], [ -121.51747, 38.40893 ], [ -121.51348, 38.39994 ], [ -121.51426, 38.38833 ], [ -121.52426, 38.37898 ], [ -121.52105, 38.36689 ], [ -121.52164, 38.3601 ], [ -121.53691, 38.34779 ], [ -121.55935, 38.34257 ], [ -121.57522, 38.32716 ], [ -121.58395, 38.33165 ], [ -121.5857, 38.32879 ], [ -121.58522, 38.32551 ], [ -121.58982, 38.32269 ], [ -121.59033, 38.31754 ], [ -121.59327, 38.31309 ], [ -121.6937, 38.31373 ], [ -121.69364, 38.4876 ], [ -121.6958, 38.48761 ], [ -121.69468, 38.52705 ], [ -121.70073, 38.52743 ], [ -121.71203, 38.53796 ], [ -121.72244, 38.53487 ], [ -121.73859, 38.5377 ], [ -121.74891, 38.53095 ], [ -121.75667, 38.52963 ], [ -121.7651, 38.52586 ], [ -121.76816, 38.52718 ], [ -121.7685, 38.53082 ], [ -121.7714, 38.53234 ], [ -121.7797, 38.52991 ], [ -121.78303, 38.52701 ], [ -121.78358, 38.52346 ], [ -121.78581, 38.52307 ], [ -121.79519, 38.52694 ], [ -121.81333, 38.52602 ], [ -121.82514, 38.5293 ], [ -121.83256, 38.52976 ], [ -121.84406, 38.53524 ], [ -121.86012, 38.53851 ], [ -121.86744, 38.53744 ], [ -121.88588, 38.53876 ], [ -121.89378, 38.53343 ], [ -121.90897, 38.52958 ], [ -121.92532, 38.5297 ], [ -121.94029, 38.53338 ], [ -121.94746, 38.5271 ], [ -121.96361, 38.5228 ], [ -121.97461, 38.51373 ], [ -121.97807, 38.50828 ], [ -121.98657, 38.50299 ], [ -121.99593, 38.50042 ], [ -122.00304, 38.49396 ], [ -122.01338, 38.48872 ], [ -122.01845, 38.48916 ], [ -122.03557, 38.49612 ], [ -122.04157, 38.50571 ], [ -122.05741, 38.51744 ], [ -122.06846, 38.51411 ], [ -122.08685, 38.51448 ], [ -122.09077, 38.516 ], [ -122.09667, 38.5129 ], [ -122.10413, 38.51336 ], [ -122.10399, 38.51574 ], [ -122.11287, 38.52681 ], [ -122.1116, 38.53088 ], [ -122.11529, 38.5352 ], [ -122.11422, 38.53943 ], [ -122.12331, 38.56501 ], [ -122.12143, 38.56841 ], [ -122.12685, 38.58178 ], [ -122.12698, 38.58744 ], [ -122.13162, 38.59477 ], [ -122.13439, 38.60463 ], [ -122.13799, 38.61027 ], [ -122.1417, 38.61171 ], [ -122.14941, 38.62317 ], [ -122.14903, 38.62519 ], [ -122.15568, 38.62278 ], [ -122.15949, 38.61928 ], [ -122.16404, 38.61789 ], [ -122.16646, 38.61966 ], [ -122.16621, 38.62497 ], [ -122.1687, 38.62987 ], [ -122.16076, 38.63281 ], [ -122.15917, 38.63511 ], [ -122.16416, 38.64059 ], [ -122.16034, 38.64395 ], [ -122.16441, 38.65278 ], [ -122.16637, 38.65545 ], [ -122.17408, 38.65886 ], [ -122.18085, 38.65715 ], [ -122.19044, 38.66383 ], [ -122.20211, 38.67774 ], [ -122.19806, 38.68358 ], [ -122.20135, 38.69066 ], [ -122.20633, 38.69572 ], [ -122.21106, 38.69601 ], [ -122.21237, 38.6933 ], [ -122.21981, 38.69612 ], [ -122.22272, 38.69942 ], [ -122.22151, 38.7047 ], [ -122.22669, 38.7205 ], [ -122.22379, 38.72218 ], [ -122.2254, 38.7278 ], [ -122.22927, 38.73108 ], [ -122.23396, 38.74041 ], [ -122.2404, 38.74343 ], [ -122.24265, 38.74969 ], [ -122.24778, 38.75358 ], [ -122.25432, 38.78119 ], [ -122.25858, 38.78626 ], [ -122.26123, 38.7939 ], [ -122.27341, 38.80973 ], [ -122.27573, 38.81869 ], [ -122.2817, 38.82593 ], [ -122.2876, 38.83997 ], [ -122.29527, 38.8388 ], [ -122.30172, 38.8395 ], [ -122.30294, 38.84257 ], [ -122.31497, 38.83955 ], [ -122.32405, 38.84625 ], [ -122.33029, 38.84231 ], [ -122.3347, 38.84376 ], [ -122.33847, 38.842 ], [ -122.34241, 38.84211 ], [ -122.34768, 38.83639 ], [ -122.35072, 38.83587 ], [ -122.37273, 38.84524 ], [ -122.37354, 38.84727 ], [ -122.38138, 38.85005 ], [ -122.39223, 38.85877 ], [ -122.39531, 38.86399 ], [ -122.39082, 38.86796 ], [ -122.39536, 38.87073 ], [ -122.3964, 38.87406 ], [ -122.40182, 38.87624 ], [ -122.4061, 38.88036 ], [ -122.40526, 38.8834 ], [ -122.41555, 38.8971 ], [ -122.42205, 38.90089 ] ] ] } },
{ "type": "Feature", "properties": { "county": "San Benito", "GEOID": "06069", "bay_area_9": false, "total": 0, "student": 0, "individual": 0, "company": 0, "zcta_records": 0, "city_only_records": 0, "student_share": 0.0, "lon": -121.0247, "lat": 36.5905, "y2017": 0, "y2017_individual": 0, "y2017_student": 0, "y2017_company": 0, "y2018": 0, "y2018_individual": 0, "y2018_student": 0, "y2018_company": 0, "y2019": 0, "y2019_individual": 0, "y2019_student": 0, "y2019_company": 0, "y2020": 0, "y2020_individual": 0, "y2020_student": 0, "y2020_company": 0, "y2021": 0, "y2021_individual": 0, "y2021_student": 0, "y2021_company": 0, "y2022": 0, "y2022_individual": 0, "y2022_student": 0, "y2022_company": 0, "y2023": 0, "y2023_individual": 0, "y2023_student": 0, "y2023_company": 0, "y2024": 0, "y2024_individual": 0, "y2024_student": 0, "y2024_company": 0, "y2025": 0, "y2025_individual": 0, "y2025_student": 0, "y2025_company": 0, "y2026": 0, "y2026_individual": 0, "y2026_student": 0, "y2026_company": 0 }, "geometry": { "type": "Polygon", "coordinates": [ [ [ -121.644, 36.894 ], [ -121.6381, 36.89833 ], [ -121.62946, 36.91169 ], [ -121.61976, 36.90891 ], [ -121.60735, 36.89945 ], [ -121.58595, 36.90095 ], [ -121.58135, 36.89915 ], [ -121.5754, 36.89303 ], [ -121.57139, 36.89707 ], [ -121.56027, 36.89711 ], [ -121.55845, 36.91047 ], [ -121.55349, 36.9152 ], [ -121.54002, 36.92076 ], [ -121.54068, 36.92554 ], [ -121.53923, 36.9273 ], [ -121.52359, 36.93709 ], [ -121.52223, 36.93969 ], [ -121.51381, 36.94515 ], [ -121.51168, 36.94934 ], [ -121.51205, 36.95268 ], [ -121.51023, 36.95405 ], [ -121.51228, 36.95904 ], [ -121.5094, 36.96004 ], [ -121.50814, 36.96365 ], [ -121.50528, 36.96422 ], [ -121.50149, 36.97189 ], [ -121.48895, 36.98315 ], [ -121.46794, 36.97677 ], [ -121.46356, 36.97829 ], [ -121.46595, 36.98215 ], [ -121.46366, 36.98488 ], [ -121.45197, 36.98884 ], [ -121.44912, 36.98821 ], [ -121.44975, 36.98615 ], [ -121.44735, 36.98295 ], [ -121.4377, 36.97851 ], [ -121.43456, 36.97398 ], [ -121.41825, 36.96055 ], [ -121.21454, 36.96125 ], [ -121.21179, 36.95711 ], [ -121.21851, 36.94789 ], [ -121.22599, 36.94446 ], [ -121.22921, 36.94103 ], [ -121.23468, 36.92689 ], [ -121.23015, 36.92124 ], [ -121.2246, 36.9203 ], [ -121.22344, 36.91295 ], [ -121.22138, 36.9103 ], [ -121.21706, 36.91351 ], [ -121.20836, 36.91153 ], [ -121.19827, 36.91434 ], [ -121.19315, 36.91268 ], [ -121.1888, 36.91324 ], [ -121.18389, 36.9081 ], [ -121.18294, 36.90193 ], [ -121.1843, 36.89639 ], [ -121.18218, 36.89333 ], [ -121.17642, 36.88942 ], [ -121.17409, 36.88571 ], [ -121.1695, 36.88532 ], [ -121.16608, 36.87984 ], [ -121.16655, 36.87554 ], [ -121.16359, 36.86924 ], [ -121.15263, 36.86535 ], [ -121.15174, 36.85863 ], [ -121.14549, 36.84726 ], [ -121.14303, 36.8463 ], [ -121.14152, 36.83666 ], [ -120.93343, 36.7517 ], [ -120.60371, 36.48824 ], [ -120.59716, 36.48824 ], [ -120.59656, 36.32849 ], [ -120.60023, 36.32829 ], [ -120.60541, 36.32433 ], [ -120.61251, 36.32436 ], [ -120.61203, 36.32162 ], [ -120.61791, 36.31882 ], [ -120.61992, 36.31995 ], [ -120.63001, 36.31691 ], [ -120.64267, 36.31901 ], [ -120.64578, 36.31727 ], [ -120.65881, 36.31623 ], [ -120.66313, 36.31438 ], [ -120.67008, 36.30577 ], [ -120.67556, 36.3029 ], [ -120.68272, 36.29444 ], [ -120.68045, 36.29068 ], [ -120.68289, 36.2868 ], [ -120.67384, 36.2824 ], [ -120.67262, 36.28049 ], [ -120.67619, 36.27684 ], [ -120.67425, 36.27273 ], [ -120.67858, 36.26732 ], [ -120.68165, 36.27154 ], [ -120.68723, 36.27145 ], [ -120.69021, 36.27362 ], [ -120.69773, 36.28288 ], [ -120.70375, 36.28705 ], [ -120.70768, 36.28576 ], [ -120.71619, 36.2904 ], [ -120.71688, 36.29245 ], [ -120.72258, 36.29266 ], [ -120.72557, 36.2973 ], [ -120.74665, 36.31023 ], [ -120.75062, 36.30992 ], [ -120.75294, 36.3078 ], [ -120.75834, 36.3086 ], [ -120.75573, 36.30527 ], [ -120.75045, 36.30387 ], [ -120.74311, 36.29806 ], [ -120.73829, 36.28825 ], [ -120.73385, 36.2842 ], [ -120.73201, 36.27537 ], [ -120.72481, 36.27032 ], [ -120.7243, 36.2669 ], [ -120.7177, 36.26001 ], [ -120.71183, 36.23954 ], [ -120.70743, 36.23178 ], [ -120.70486, 36.21167 ], [ -120.70612, 36.20373 ], [ -120.71126, 36.20041 ], [ -120.71187, 36.19836 ], [ -120.71843, 36.19685 ], [ -120.72043, 36.19956 ], [ -120.72855, 36.20272 ], [ -120.73053, 36.2016 ], [ -120.7314, 36.20355 ], [ -120.73583, 36.20317 ], [ -120.74309, 36.1993 ], [ -120.7486, 36.19882 ], [ -120.7531, 36.19974 ], [ -120.75634, 36.20331 ], [ -120.75869, 36.20208 ], [ -120.76237, 36.20502 ], [ -120.76379, 36.20909 ], [ -120.76663, 36.20972 ], [ -120.76524, 36.21302 ], [ -120.76858, 36.21409 ], [ -120.77061, 36.21882 ], [ -120.77478, 36.21991 ], [ -120.77897, 36.22321 ], [ -120.78089, 36.22236 ], [ -120.78306, 36.22896 ], [ -120.789, 36.23054 ], [ -120.78928, 36.235 ], [ -120.79431, 36.23465 ], [ -120.79491, 36.23642 ], [ -120.79893, 36.23548 ], [ -120.80189, 36.23744 ], [ -120.80032, 36.23921 ], [ -120.80175, 36.24065 ], [ -120.80547, 36.24017 ], [ -120.80691, 36.24324 ], [ -120.81217, 36.2452 ], [ -120.81077, 36.2517 ], [ -120.81302, 36.25026 ], [ -120.81428, 36.2531 ], [ -120.82114, 36.25417 ], [ -120.82371, 36.25728 ], [ -120.82568, 36.25441 ], [ -120.82558, 36.25773 ], [ -120.82952, 36.25725 ], [ -120.82811, 36.25835 ], [ -120.82945, 36.25955 ], [ -120.83285, 36.25921 ], [ -120.83313, 36.26204 ], [ -120.83706, 36.26274 ], [ -120.83621, 36.26556 ], [ -120.83935, 36.27057 ], [ -120.83671, 36.27151 ], [ -120.84502, 36.28089 ], [ -120.85135, 36.2832 ], [ -120.85202, 36.28596 ], [ -120.85629, 36.28469 ], [ -120.85982, 36.28812 ], [ -120.85966, 36.29011 ], [ -120.86247, 36.28983 ], [ -120.86508, 36.29258 ], [ -120.87155, 36.29338 ], [ -120.87389, 36.29517 ], [ -120.88325, 36.29408 ], [ -120.88922, 36.29036 ], [ -120.89902, 36.30075 ], [ -120.90471, 36.30229 ], [ -120.90488, 36.30403 ], [ -120.90712, 36.30361 ], [ -120.91043, 36.30558 ], [ -120.91172, 36.30826 ], [ -120.91978, 36.31098 ], [ -120.92555, 36.30808 ], [ -120.9257, 36.30213 ], [ -120.9275, 36.30062 ], [ -120.93038, 36.30138 ], [ -120.9331, 36.29977 ], [ -120.93648, 36.29415 ], [ -120.93457, 36.28933 ], [ -120.94121, 36.2866 ], [ -120.93916, 36.28346 ], [ -120.95343, 36.27471 ], [ -120.95666, 36.27597 ], [ -120.95913, 36.28073 ], [ -120.96425, 36.28049 ], [ -120.9645, 36.28265 ], [ -120.9736, 36.29017 ], [ -120.97881, 36.29001 ], [ -120.9858, 36.29294 ], [ -120.98506, 36.29021 ], [ -120.98807, 36.28523 ], [ -120.98749, 36.27514 ], [ -120.99241, 36.26992 ], [ -121.00017, 36.27081 ], [ -121.00454, 36.26707 ], [ -121.01063, 36.26874 ], [ -121.012, 36.26464 ], [ -121.01458, 36.26861 ], [ -121.01892, 36.25964 ], [ -121.02234, 36.26147 ], [ -121.02683, 36.25976 ], [ -121.02766, 36.26179 ], [ -121.02618, 36.26315 ], [ -121.02866, 36.26723 ], [ -121.02862, 36.2698 ], [ -121.02588, 36.27046 ], [ -121.02725, 36.27511 ], [ -121.0364, 36.2753 ], [ -121.03626, 36.27279 ], [ -121.0403, 36.27106 ], [ -121.0408, 36.32397 ], [ -121.19347, 36.44575 ], [ -121.19792, 36.45172 ], [ -121.19767, 36.45506 ], [ -121.20982, 36.4648 ], [ -121.21511, 36.47322 ], [ -121.21683, 36.47403 ], [ -121.21937, 36.4725 ], [ -121.22236, 36.47384 ], [ -121.22328, 36.47247 ], [ -121.22613, 36.4725 ], [ -121.22951, 36.47528 ], [ -121.23047, 36.47856 ], [ -121.22795, 36.48068 ], [ -121.22811, 36.4846 ], [ -121.23249, 36.48941 ], [ -121.23101, 36.49204 ], [ -121.23686, 36.49762 ], [ -121.23929, 36.50478 ], [ -121.24722, 36.50687 ], [ -121.25488, 36.50351 ], [ -121.2596, 36.50446 ], [ -121.26946, 36.50204 ], [ -121.27225, 36.50317 ], [ -121.28199, 36.50271 ], [ -121.28496, 36.5057 ], [ -121.28722, 36.50476 ], [ -121.29453, 36.50611 ], [ -121.29715, 36.50394 ], [ -121.29984, 36.50564 ], [ -121.30205, 36.50507 ], [ -121.30885, 36.49943 ], [ -121.31179, 36.50274 ], [ -121.31197, 36.50459 ], [ -121.30978, 36.50621 ], [ -121.31073, 36.50875 ], [ -121.30676, 36.51217 ], [ -121.30719, 36.51681 ], [ -121.30312, 36.51841 ], [ -121.30325, 36.52013 ], [ -121.29536, 36.52713 ], [ -121.29677, 36.53231 ], [ -121.30156, 36.53924 ], [ -121.30514, 36.54074 ], [ -121.31348, 36.54992 ], [ -121.31612, 36.54948 ], [ -121.32144, 36.55281 ], [ -121.3287, 36.55474 ], [ -121.32888, 36.56146 ], [ -121.33171, 36.56195 ], [ -121.33125, 36.5705 ], [ -121.33348, 36.57168 ], [ -121.33392, 36.5744 ], [ -121.33139, 36.57623 ], [ -121.32347, 36.57787 ], [ -121.32628, 36.58076 ], [ -121.32494, 36.58245 ], [ -121.32735, 36.58589 ], [ -121.32437, 36.58817 ], [ -121.32378, 36.60237 ], [ -121.31871, 36.60485 ], [ -121.31837, 36.61003 ], [ -121.33225, 36.62036 ], [ -121.34209, 36.63135 ], [ -121.34348, 36.63542 ], [ -121.34159, 36.63801 ], [ -121.34659, 36.64315 ], [ -121.34901, 36.64294 ], [ -121.35009, 36.64836 ], [ -121.35213, 36.64775 ], [ -121.35317, 36.64946 ], [ -121.36803, 36.65674 ], [ -121.37833, 36.65286 ], [ -121.39003, 36.65561 ], [ -121.39114, 36.65465 ], [ -121.39586, 36.65543 ], [ -121.39625, 36.65675 ], [ -121.40195, 36.65542 ], [ -121.40699, 36.65604 ], [ -121.41554, 36.67306 ], [ -121.41988, 36.67309 ], [ -121.43157, 36.67873 ], [ -121.44433, 36.67315 ], [ -121.44953, 36.67876 ], [ -121.45684, 36.68196 ], [ -121.45896, 36.68572 ], [ -121.46096, 36.68669 ], [ -121.46543, 36.68473 ], [ -121.46902, 36.68543 ], [ -121.46939, 36.69077 ], [ -121.47283, 36.69689 ], [ -121.47537, 36.69782 ], [ -121.47748, 36.70302 ], [ -121.48171, 36.70459 ], [ -121.48049, 36.70654 ], [ -121.48451, 36.71306 ], [ -121.48337, 36.7155 ], [ -121.46159, 36.71764 ], [ -121.45587, 36.72138 ], [ -121.45307, 36.7212 ], [ -121.45134, 36.72479 ], [ -121.45265, 36.72921 ], [ -121.45889, 36.73383 ], [ -121.45966, 36.73552 ], [ -121.45783, 36.73635 ], [ -121.46017, 36.73726 ], [ -121.46003, 36.74094 ], [ -121.46237, 36.74385 ], [ -121.46555, 36.74348 ], [ -121.46658, 36.74556 ], [ -121.47138, 36.74545 ], [ -121.47565, 36.74921 ], [ -121.47666, 36.75341 ], [ -121.47437, 36.75667 ], [ -121.4813, 36.76517 ], [ -121.49259, 36.76331 ], [ -121.49742, 36.7604 ], [ -121.50243, 36.7602 ], [ -121.50401, 36.7572 ], [ -121.5977, 36.83735 ], [ -121.62209, 36.8462 ], [ -121.64257, 36.8737 ], [ -121.64128, 36.87983 ], [ -121.644, 36.894 ] ] ] } },
{ "type": "Feature", "properties": { "county": "Calaveras", "GEOID": "06009", "bay_area_9": false, "total": 0, "student": 0, "individual": 0, "company": 0, "zcta_records": 0, "city_only_records": 0, "student_share": 0.0, "lon": -120.6599, "lat": 38.1779, "y2017": 0, "y2017_individual": 0, "y2017_student": 0, "y2017_company": 0, "y2018": 0, "y2018_individual": 0, "y2018_student": 0, "y2018_company": 0, "y2019": 0, "y2019_individual": 0, "y2019_student": 0, "y2019_company": 0, "y2020": 0, "y2020_individual": 0, "y2020_student": 0, "y2020_company": 0, "y2021": 0, "y2021_individual": 0, "y2021_student": 0, "y2021_company": 0, "y2022": 0, "y2022_individual": 0, "y2022_student": 0, "y2022_company": 0, "y2023": 0, "y2023_individual": 0, "y2023_student": 0, "y2023_company": 0, "y2024": 0, "y2024_individual": 0, "y2024_student": 0, "y2024_company": 0, "y2025": 0, "y2025_individual": 0, "y2025_student": 0, "y2025_company": 0, "y2026": 0, "y2026_individual": 0, "y2026_student": 0, "y2026_company": 0 }, "geometry": { "type": "Polygon", "coordinates": [ [ [ -120.9955, 38.2254 ], [ -120.98574, 38.22141 ], [ -120.98107, 38.22179 ], [ -120.9721, 38.21795 ], [ -120.96749, 38.22047 ], [ -120.96335, 38.2199 ], [ -120.9534, 38.22631 ], [ -120.93716, 38.22076 ], [ -120.92553, 38.22763 ], [ -120.91494, 38.23004 ], [ -120.90307, 38.22256 ], [ -120.89379, 38.22128 ], [ -120.88906, 38.22719 ], [ -120.88483, 38.22903 ], [ -120.88077, 38.23361 ], [ -120.88006, 38.24061 ], [ -120.87542, 38.23977 ], [ -120.87447, 38.24196 ], [ -120.86997, 38.2444 ], [ -120.85567, 38.2483 ], [ -120.84679, 38.26427 ], [ -120.83536, 38.26744 ], [ -120.82204, 38.27545 ], [ -120.81685, 38.28392 ], [ -120.81288, 38.28178 ], [ -120.81013, 38.28201 ], [ -120.80774, 38.28872 ], [ -120.80336, 38.28887 ], [ -120.79848, 38.28559 ], [ -120.79054, 38.28859 ], [ -120.779, 38.28762 ], [ -120.76729, 38.29032 ], [ -120.75444, 38.28847 ], [ -120.75034, 38.29756 ], [ -120.73829, 38.30777 ], [ -120.731, 38.30796 ], [ -120.72035, 38.31268 ], [ -120.71474, 38.31338 ], [ -120.71358, 38.3149 ], [ -120.68818, 38.31888 ], [ -120.68357, 38.32467 ], [ -120.67493, 38.33069 ], [ -120.67261, 38.32925 ], [ -120.66692, 38.33149 ], [ -120.6565, 38.33091 ], [ -120.65155, 38.33399 ], [ -120.64661, 38.33459 ], [ -120.63851, 38.34084 ], [ -120.63129, 38.34026 ], [ -120.6318, 38.34557 ], [ -120.62827, 38.3554 ], [ -120.62439, 38.35752 ], [ -120.61968, 38.35773 ], [ -120.61779, 38.36102 ], [ -120.61828, 38.36686 ], [ -120.61044, 38.37001 ], [ -120.61055, 38.37198 ], [ -120.61458, 38.37283 ], [ -120.61711, 38.37824 ], [ -120.61408, 38.38251 ], [ -120.61488, 38.38941 ], [ -120.61003, 38.39257 ], [ -120.60807, 38.39799 ], [ -120.60136, 38.39972 ], [ -120.59009, 38.39925 ], [ -120.58135, 38.4016 ], [ -120.57556, 38.40139 ], [ -120.5709, 38.40658 ], [ -120.57227, 38.4125 ], [ -120.57079, 38.41432 ], [ -120.56001, 38.41506 ], [ -120.55034, 38.42028 ], [ -120.5413, 38.42291 ], [ -120.5376, 38.41852 ], [ -120.53013, 38.41888 ], [ -120.52721, 38.42293 ], [ -120.52358, 38.42265 ], [ -120.50464, 38.43938 ], [ -120.5056, 38.4437 ], [ -120.4981, 38.44443 ], [ -120.49967, 38.4477 ], [ -120.49489, 38.44955 ], [ -120.49396, 38.44723 ], [ -120.48595, 38.44565 ], [ -120.46714, 38.44884 ], [ -120.4614, 38.44617 ], [ -120.44867, 38.45245 ], [ -120.44399, 38.46147 ], [ -120.43159, 38.46718 ], [ -120.42321, 38.47332 ], [ -120.41466, 38.47308 ], [ -120.41243, 38.46867 ], [ -120.40676, 38.46891 ], [ -120.39921, 38.46672 ], [ -120.38973, 38.4672 ], [ -120.38641, 38.46596 ], [ -120.38455, 38.46198 ], [ -120.38071, 38.46104 ], [ -120.36492, 38.46657 ], [ -120.35365, 38.46548 ], [ -120.33814, 38.46744 ], [ -120.33104, 38.46519 ], [ -120.31911, 38.47103 ], [ -120.30456, 38.47213 ], [ -120.29374, 38.47735 ], [ -120.28379, 38.47545 ], [ -120.26954, 38.4777 ], [ -120.25993, 38.48672 ], [ -120.25464, 38.48771 ], [ -120.24087, 38.48535 ], [ -120.23555, 38.48988 ], [ -120.22603, 38.49074 ], [ -120.21742, 38.49771 ], [ -120.20941, 38.50076 ], [ -120.2057, 38.50104 ], [ -120.18005, 38.49556 ], [ -120.16922, 38.49629 ], [ -120.16432, 38.49424 ], [ -120.14671, 38.49532 ], [ -120.13939, 38.49834 ], [ -120.12345, 38.49596 ], [ -120.11151, 38.49852 ], [ -120.108, 38.50384 ], [ -120.10337, 38.50544 ], [ -120.1003, 38.504 ], [ -120.09222, 38.5075 ], [ -120.08941, 38.5064 ], [ -120.08276, 38.5083 ], [ -120.08041, 38.50743 ], [ -120.07248, 38.50987 ], [ -120.07257, 38.44708 ], [ -120.06683, 38.4481 ], [ -120.06475, 38.45046 ], [ -120.05358, 38.45555 ], [ -120.01995, 38.43352 ], [ -120.02992, 38.42468 ], [ -120.04056, 38.42593 ], [ -120.04903, 38.41937 ], [ -120.05374, 38.41921 ], [ -120.05709, 38.41711 ], [ -120.06261, 38.41652 ], [ -120.06392, 38.41494 ], [ -120.0679, 38.41549 ], [ -120.06974, 38.41348 ], [ -120.07358, 38.41358 ], [ -120.07326, 38.41202 ], [ -120.08085, 38.4101 ], [ -120.08791, 38.40338 ], [ -120.09777, 38.40288 ], [ -120.09902, 38.40153 ], [ -120.10515, 38.40087 ], [ -120.1082, 38.40206 ], [ -120.11559, 38.40119 ], [ -120.12884, 38.39575 ], [ -120.13492, 38.39653 ], [ -120.13736, 38.39317 ], [ -120.14099, 38.39401 ], [ -120.14896, 38.38886 ], [ -120.15854, 38.38529 ], [ -120.16122, 38.3809 ], [ -120.16677, 38.37976 ], [ -120.17051, 38.37591 ], [ -120.17362, 38.3755 ], [ -120.17403, 38.37363 ], [ -120.17618, 38.37401 ], [ -120.17647, 38.37125 ], [ -120.18225, 38.36614 ], [ -120.1848, 38.35882 ], [ -120.18988, 38.35596 ], [ -120.19124, 38.34985 ], [ -120.1933, 38.34937 ], [ -120.20516, 38.32965 ], [ -120.21108, 38.32456 ], [ -120.22266, 38.31982 ], [ -120.22536, 38.31579 ], [ -120.22875, 38.31439 ], [ -120.23156, 38.30746 ], [ -120.23382, 38.30643 ], [ -120.23987, 38.29579 ], [ -120.25187, 38.28702 ], [ -120.25637, 38.28575 ], [ -120.26048, 38.27806 ], [ -120.266, 38.27258 ], [ -120.27101, 38.27028 ], [ -120.27399, 38.26437 ], [ -120.27243, 38.25977 ], [ -120.27591, 38.25882 ], [ -120.28922, 38.24656 ], [ -120.29124, 38.234 ], [ -120.30198, 38.22944 ], [ -120.30758, 38.22443 ], [ -120.3219, 38.20133 ], [ -120.32567, 38.19873 ], [ -120.32683, 38.1958 ], [ -120.33042, 38.19498 ], [ -120.33185, 38.1889 ], [ -120.33565, 38.18794 ], [ -120.33553, 38.18496 ], [ -120.33951, 38.18391 ], [ -120.33725, 38.17805 ], [ -120.33995, 38.17819 ], [ -120.34093, 38.17163 ], [ -120.3505, 38.16982 ], [ -120.35357, 38.16378 ], [ -120.36032, 38.16035 ], [ -120.35792, 38.15809 ], [ -120.35754, 38.15388 ], [ -120.36757, 38.15281 ], [ -120.37151, 38.14992 ], [ -120.3762, 38.14265 ], [ -120.37108, 38.14018 ], [ -120.3714, 38.13787 ], [ -120.37803, 38.13556 ], [ -120.37878, 38.12977 ], [ -120.38403, 38.12565 ], [ -120.38796, 38.11524 ], [ -120.41001, 38.1024 ], [ -120.4106, 38.08788 ], [ -120.41459, 38.08396 ], [ -120.41463, 38.08191 ], [ -120.42153, 38.07875 ], [ -120.42437, 38.0732 ], [ -120.43082, 38.07339 ], [ -120.43125, 38.06051 ], [ -120.43299, 38.05953 ], [ -120.44007, 38.0606 ], [ -120.44253, 38.05874 ], [ -120.44344, 38.05166 ], [ -120.45394, 38.04135 ], [ -120.45396, 38.03821 ], [ -120.46104, 38.02784 ], [ -120.46213, 38.02237 ], [ -120.46884, 38.01965 ], [ -120.46968, 38.01645 ], [ -120.46734, 38.01359 ], [ -120.46385, 38.01336 ], [ -120.46375, 38.01039 ], [ -120.46851, 38.00965 ], [ -120.47378, 38.01244 ], [ -120.48368, 38.01211 ], [ -120.48689, 38.00947 ], [ -120.48973, 38.00938 ], [ -120.49206, 38.0112 ], [ -120.49672, 38.0082 ], [ -120.49982, 38.00794 ], [ -120.49937, 37.99619 ], [ -120.50452, 37.99114 ], [ -120.5092, 37.99151 ], [ -120.51355, 37.99561 ], [ -120.51401, 37.99663 ], [ -120.50969, 37.99816 ], [ -120.50929, 37.99993 ], [ -120.51109, 38.00259 ], [ -120.51618, 38.00413 ], [ -120.51886, 38.00222 ], [ -120.52165, 37.99516 ], [ -120.53499, 37.99094 ], [ -120.52775, 37.98394 ], [ -120.52812, 37.98224 ], [ -120.54115, 37.97847 ], [ -120.54327, 37.97572 ], [ -120.53869, 37.97445 ], [ -120.52829, 37.9759 ], [ -120.52767, 37.97091 ], [ -120.5176, 37.96531 ], [ -120.51344, 37.95644 ], [ -120.51675, 37.95197 ], [ -120.53524, 37.9444 ], [ -120.54002, 37.93581 ], [ -120.53726, 37.92751 ], [ -120.54235, 37.92045 ], [ -120.55111, 37.92168 ], [ -120.55516, 37.91683 ], [ -120.5622, 37.91407 ], [ -120.56436, 37.90305 ], [ -120.57135, 37.89444 ], [ -120.58239, 37.8961 ], [ -120.58752, 37.89522 ], [ -120.59001, 37.89198 ], [ -120.59588, 37.88888 ], [ -120.59737, 37.88597 ], [ -120.5963, 37.88336 ], [ -120.60507, 37.87612 ], [ -120.60474, 37.87324 ], [ -120.61697, 37.87005 ], [ -120.63379, 37.86061 ], [ -120.63797, 37.85238 ], [ -120.63738, 37.8487 ], [ -120.64369, 37.84406 ], [ -120.64344, 37.84048 ], [ -120.64865, 37.83756 ], [ -120.65327, 37.83186 ], [ -120.72867, 37.89767 ], [ -120.74462, 37.91258 ], [ -120.7527, 37.92333 ], [ -120.83278, 37.99384 ], [ -120.87605, 38.02889 ], [ -120.91868, 38.07076 ], [ -120.93885, 38.08832 ], [ -120.9955, 38.2254 ] ] ] } },
{ "type": "Feature", "properties": { "county": "Solano", "GEOID": "06095", "bay_area_9": true, "total": 7, "student": 2, "individual": 5, "company": 0, "zcta_records": 6, "city_only_records": 1, "student_share": 0.286, "lon": -121.9007, "lat": 38.2848, "y2017": 1, "y2017_individual": 1, "y2017_student": 0, "y2017_company": 0, "y2018": 0, "y2018_individual": 0, "y2018_student": 0, "y2018_company": 0, "y2019": 0, "y2019_individual": 0, "y2019_student": 0, "y2019_company": 0, "y2020": 2, "y2020_individual": 1, "y2020_student": 1, "y2020_company": 0, "y2021": 0, "y2021_individual": 0, "y2021_student": 0, "y2021_company": 0, "y2022": 2, "y2022_individual": 1, "y2022_student": 1, "y2022_company": 0, "y2023": 0, "y2023_individual": 0, "y2023_student": 0, "y2023_company": 0, "y2024": 0, "y2024_individual": 0, "y2024_student": 0, "y2024_company": 0, "y2025": 2, "y2025_individual": 2, "y2025_student": 0, "y2025_company": 0, "y2026": 0, "y2026_individual": 0, "y2026_student": 0, "y2026_company": 0 }, "geometry": { "type": "Polygon", "coordinates": [ [ [ -122.40679, 38.15563 ], [ -122.19538, 38.15502 ], [ -122.19883, 38.15933 ], [ -122.1941, 38.16495 ], [ -122.19527, 38.16716 ], [ -122.20344, 38.16878 ], [ -122.20325, 38.17248 ], [ -122.20767, 38.17264 ], [ -122.21482, 38.17906 ], [ -122.213, 38.18431 ], [ -122.21526, 38.18866 ], [ -122.20956, 38.18986 ], [ -122.21155, 38.19198 ], [ -122.20569, 38.19633 ], [ -122.20383, 38.20635 ], [ -122.19392, 38.21371 ], [ -122.19612, 38.21621 ], [ -122.19612, 38.21939 ], [ -122.19322, 38.22131 ], [ -122.19603, 38.23084 ], [ -122.20158, 38.24022 ], [ -122.20418, 38.24126 ], [ -122.20509, 38.24411 ], [ -122.20927, 38.24487 ], [ -122.2121, 38.24858 ], [ -122.21131, 38.2527 ], [ -122.20555, 38.25106 ], [ -122.20377, 38.24913 ], [ -122.20085, 38.24945 ], [ -122.19935, 38.25129 ], [ -122.19432, 38.25213 ], [ -122.19369, 38.25732 ], [ -122.20325, 38.25979 ], [ -122.21309, 38.25925 ], [ -122.21654, 38.26244 ], [ -122.21612, 38.26624 ], [ -122.21208, 38.27302 ], [ -122.21028, 38.27184 ], [ -122.19742, 38.27297 ], [ -122.19431, 38.27093 ], [ -122.18839, 38.27157 ], [ -122.19109, 38.2759 ], [ -122.19012, 38.27753 ], [ -122.19809, 38.28489 ], [ -122.20123, 38.29275 ], [ -122.20338, 38.29335 ], [ -122.19907, 38.3018 ], [ -122.20277, 38.30486 ], [ -122.20084, 38.30938 ], [ -122.20449, 38.31164 ], [ -122.20615, 38.3155 ], [ -122.06484, 38.31591 ], [ -122.06774, 38.31856 ], [ -122.06542, 38.3232 ], [ -122.06173, 38.32567 ], [ -122.06238, 38.33197 ], [ -122.0657, 38.33433 ], [ -122.07078, 38.34605 ], [ -122.06962, 38.35094 ], [ -122.07325, 38.35677 ], [ -122.0735, 38.36138 ], [ -122.07774, 38.36382 ], [ -122.08893, 38.38423 ], [ -122.10947, 38.4045 ], [ -122.10963, 38.4072 ], [ -122.11491, 38.41218 ], [ -122.11458, 38.41373 ], [ -122.11772, 38.414 ], [ -122.12621, 38.42782 ], [ -122.12652, 38.43598 ], [ -122.12322, 38.44957 ], [ -122.10827, 38.48626 ], [ -122.10508, 38.49067 ], [ -122.10718, 38.49451 ], [ -122.10631, 38.50745 ], [ -122.10411, 38.50978 ], [ -122.10413, 38.51336 ], [ -122.09667, 38.5129 ], [ -122.09077, 38.516 ], [ -122.08685, 38.51448 ], [ -122.06846, 38.51411 ], [ -122.05741, 38.51744 ], [ -122.04157, 38.50571 ], [ -122.03557, 38.49612 ], [ -122.01845, 38.48916 ], [ -122.01338, 38.48872 ], [ -122.00304, 38.49396 ], [ -121.99593, 38.50042 ], [ -121.98657, 38.50299 ], [ -121.97807, 38.50828 ], [ -121.97461, 38.51373 ], [ -121.96361, 38.5228 ], [ -121.94746, 38.5271 ], [ -121.94029, 38.53338 ], [ -121.92532, 38.5297 ], [ -121.90897, 38.52958 ], [ -121.89378, 38.53343 ], [ -121.88588, 38.53876 ], [ -121.86744, 38.53744 ], [ -121.86012, 38.53851 ], [ -121.84406, 38.53524 ], [ -121.83256, 38.52976 ], [ -121.82514, 38.5293 ], [ -121.81333, 38.52602 ], [ -121.79519, 38.52694 ], [ -121.78581, 38.52307 ], [ -121.78358, 38.52346 ], [ -121.78303, 38.52701 ], [ -121.7797, 38.52991 ], [ -121.7714, 38.53234 ], [ -121.7685, 38.53082 ], [ -121.76816, 38.52718 ], [ -121.7651, 38.52586 ], [ -121.75667, 38.52963 ], [ -121.74891, 38.53095 ], [ -121.73859, 38.5377 ], [ -121.72244, 38.53487 ], [ -121.71203, 38.53796 ], [ -121.70073, 38.52743 ], [ -121.69468, 38.52705 ], [ -121.6958, 38.48761 ], [ -121.69364, 38.4876 ], [ -121.6937, 38.31373 ], [ -121.59327, 38.31309 ], [ -121.59865, 38.30989 ], [ -121.59758, 38.30718 ], [ -121.59991, 38.30151 ], [ -121.60518, 38.29608 ], [ -121.60395, 38.28951 ], [ -121.60545, 38.28612 ], [ -121.60083, 38.2794 ], [ -121.60401, 38.2701 ], [ -121.60025, 38.25782 ], [ -121.60321, 38.23728 ], [ -121.602, 38.22265 ], [ -121.61131, 38.2063 ], [ -121.6121, 38.20007 ], [ -121.61541, 38.1957 ], [ -121.62281, 38.19327 ], [ -121.63188, 38.19437 ], [ -121.64213, 38.19002 ], [ -121.64843, 38.18529 ], [ -121.66291, 38.18187 ], [ -121.6762, 38.16677 ], [ -121.68559, 38.1597 ], [ -121.69209, 38.13313 ], [ -121.69993, 38.11919 ], [ -121.70649, 38.11186 ], [ -121.70844, 38.09148 ], [ -121.71089, 38.08649 ], [ -121.71393, 38.08454 ], [ -121.72935, 38.08235 ], [ -121.74316, 38.08723 ], [ -121.7964, 38.06085 ], [ -121.80164, 38.0595 ], [ -121.81081, 38.06077 ], [ -121.82792, 38.06622 ], [ -121.83931, 38.07545 ], [ -121.84323, 38.07665 ], [ -121.8616, 38.06989 ], [ -121.86365, 38.06238 ], [ -121.8674, 38.05689 ], [ -121.87474, 38.05068 ], [ -121.88957, 38.04666 ], [ -121.90117, 38.04536 ], [ -121.92079, 38.04573 ], [ -121.93543, 38.04879 ], [ -121.95091, 38.05392 ], [ -121.96221, 38.06137 ], [ -121.97744, 38.06684 ], [ -121.98316, 38.0673 ], [ -122.01517, 38.06348 ], [ -122.02841, 38.05919 ], [ -122.05039, 38.0602 ], [ -122.0611, 38.06214 ], [ -122.07615, 38.05461 ], [ -122.09873, 38.04746 ], [ -122.12316, 38.03608 ], [ -122.13937, 38.03218 ], [ -122.14858, 38.03172 ], [ -122.16566, 38.0354 ], [ -122.17619, 38.04786 ], [ -122.18386, 38.054 ], [ -122.20178, 38.05812 ], [ -122.24411, 38.06379 ], [ -122.26535, 38.05992 ], [ -122.26967, 38.06034 ], [ -122.28282, 38.08289 ], [ -122.30256, 38.10325 ], [ -122.31729, 38.11204 ], [ -122.36126, 38.13317 ], [ -122.39359, 38.14345 ], [ -122.39813, 38.1428 ], [ -122.40679, 38.15563 ] ] ] } },
{ "type": "Feature", "properties": { "county": "Stanislaus", "GEOID": "06099", "bay_area_9": false, "total": 1, "student": 0, "individual": 1, "company": 0, "zcta_records": 1, "city_only_records": 0, "student_share": 0.0, "lon": -120.8904, "lat": 37.6072, "y2017": 0, "y2017_individual": 0, "y2017_student": 0, "y2017_company": 0, "y2018": 0, "y2018_individual": 0, "y2018_student": 0, "y2018_company": 0, "y2019": 0, "y2019_individual": 0, "y2019_student": 0, "y2019_company": 0, "y2020": 1, "y2020_individual": 1, "y2020_student": 0, "y2020_company": 0, "y2021": 0, "y2021_individual": 0, "y2021_student": 0, "y2021_company": 0, "y2022": 0, "y2022_individual": 0, "y2022_student": 0, "y2022_company": 0, "y2023": 0, "y2023_individual": 0, "y2023_student": 0, "y2023_company": 0, "y2024": 0, "y2024_individual": 0, "y2024_student": 0, "y2024_company": 0, "y2025": 0, "y2025_individual": 0, "y2025_student": 0, "y2025_company": 0, "y2026": 0, "y2026_individual": 0, "y2026_student": 0, "y2026_company": 0 }, "geometry": { "type": "Polygon", "coordinates": [ [ [ -121.48677, 37.47565 ], [ -121.48341, 37.47542 ], [ -121.47889, 37.47971 ], [ -121.47453, 37.47934 ], [ -121.47265, 37.48217 ], [ -121.24123, 37.66425 ], [ -121.23156, 37.66259 ], [ -121.22907, 37.66434 ], [ -121.22925, 37.66893 ], [ -121.22036, 37.67104 ], [ -121.21849, 37.67385 ], [ -121.21909, 37.67646 ], [ -121.22201, 37.67511 ], [ -121.22275, 37.67723 ], [ -121.21837, 37.67887 ], [ -121.2226, 37.68037 ], [ -121.22347, 37.68361 ], [ -121.22097, 37.68305 ], [ -121.21639, 37.68787 ], [ -121.20869, 37.6863 ], [ -121.20525, 37.69203 ], [ -121.20607, 37.6949 ], [ -121.20416, 37.69344 ], [ -121.20225, 37.69596 ], [ -121.19982, 37.69622 ], [ -121.1993, 37.69422 ], [ -121.20131, 37.69246 ], [ -121.19964, 37.69037 ], [ -121.19782, 37.69052 ], [ -121.19642, 37.69457 ], [ -121.19423, 37.69495 ], [ -121.19192, 37.69048 ], [ -121.19024, 37.69189 ], [ -121.18947, 37.68971 ], [ -121.18786, 37.69011 ], [ -121.18744, 37.68751 ], [ -121.18585, 37.68879 ], [ -121.18112, 37.68809 ], [ -121.1831, 37.68998 ], [ -121.17895, 37.69108 ], [ -121.17968, 37.69298 ], [ -121.18222, 37.6916 ], [ -121.18401, 37.69285 ], [ -121.18063, 37.69356 ], [ -121.18023, 37.69571 ], [ -121.18243, 37.69662 ], [ -121.18257, 37.69854 ], [ -121.17591, 37.69942 ], [ -121.1768, 37.70228 ], [ -121.17886, 37.70194 ], [ -121.18016, 37.70342 ], [ -121.17845, 37.70553 ], [ -121.17655, 37.70606 ], [ -121.1763, 37.70405 ], [ -121.16892, 37.69912 ], [ -121.16624, 37.6994 ], [ -121.16368, 37.70038 ], [ -121.16682, 37.70223 ], [ -121.16567, 37.70425 ], [ -121.15922, 37.70444 ], [ -121.15875, 37.70641 ], [ -121.16212, 37.70805 ], [ -121.15935, 37.70853 ], [ -121.16083, 37.71114 ], [ -121.15839, 37.71179 ], [ -121.15883, 37.71695 ], [ -121.15609, 37.71681 ], [ -121.15585, 37.71984 ], [ -121.14611, 37.7175 ], [ -121.14544, 37.71999 ], [ -121.14188, 37.72098 ], [ -121.14276, 37.72214 ], [ -121.138, 37.72232 ], [ -121.13652, 37.72468 ], [ -121.13074, 37.7223 ], [ -121.12845, 37.72423 ], [ -121.12556, 37.72262 ], [ -121.12268, 37.72412 ], [ -121.12363, 37.72282 ], [ -121.12136, 37.72192 ], [ -121.12137, 37.72447 ], [ -121.1187, 37.72361 ], [ -121.11628, 37.72466 ], [ -121.11676, 37.72649 ], [ -121.11295, 37.72767 ], [ -121.10763, 37.73228 ], [ -121.11135, 37.74003 ], [ -121.11021, 37.74204 ], [ -121.10685, 37.74013 ], [ -121.10259, 37.74128 ], [ -121.09985, 37.74019 ], [ -121.101, 37.7377 ], [ -121.09577, 37.73596 ], [ -121.0963, 37.73353 ], [ -121.09439, 37.73366 ], [ -121.09509, 37.7345 ], [ -121.08999, 37.7366 ], [ -121.08837, 37.74105 ], [ -121.084, 37.74179 ], [ -121.07643, 37.73757 ], [ -121.07508, 37.73893 ], [ -121.0724, 37.73796 ], [ -121.06699, 37.73956 ], [ -121.06694, 37.74475 ], [ -121.06313, 37.74391 ], [ -121.06489, 37.7462 ], [ -121.06144, 37.74634 ], [ -121.05994, 37.74926 ], [ -121.05706, 37.74915 ], [ -121.05621, 37.75037 ], [ -121.05204, 37.74852 ], [ -121.05334, 37.74563 ], [ -121.05071, 37.74571 ], [ -121.05181, 37.74251 ], [ -121.04636, 37.74263 ], [ -121.04399, 37.7387 ], [ -121.04384, 37.74153 ], [ -121.04153, 37.74167 ], [ -121.03787, 37.73916 ], [ -121.03651, 37.74301 ], [ -121.02882, 37.7407 ], [ -121.02648, 37.74177 ], [ -121.02405, 37.74666 ], [ -121.02086, 37.74775 ], [ -121.0213, 37.75008 ], [ -121.01772, 37.75528 ], [ -121.01402, 37.75652 ], [ -121.01117, 37.75575 ], [ -121.01376, 37.75429 ], [ -121.01093, 37.75118 ], [ -121.01189, 37.74973 ], [ -121.008, 37.74909 ], [ -121.007, 37.75111 ], [ -121.00306, 37.75173 ], [ -120.99786, 37.75502 ], [ -120.99894, 37.75713 ], [ -120.9957, 37.76018 ], [ -120.99276, 37.76076 ], [ -120.99199, 37.75898 ], [ -120.98631, 37.75645 ], [ -120.98164, 37.75656 ], [ -120.98065, 37.75393 ], [ -120.97723, 37.75277 ], [ -120.97317, 37.74795 ], [ -120.95416, 37.73845 ], [ -120.94199, 37.74229 ], [ -120.92359, 37.73764 ], [ -120.92058, 37.73846 ], [ -120.92212, 37.7486 ], [ -120.92063, 37.74931 ], [ -120.92256, 37.75031 ], [ -120.92335, 37.75816 ], [ -120.92635, 37.88672 ], [ -120.92645, 38.07742 ], [ -120.87605, 38.02889 ], [ -120.83278, 37.99384 ], [ -120.7527, 37.92333 ], [ -120.74462, 37.91258 ], [ -120.72867, 37.89767 ], [ -120.6552, 37.83326 ], [ -120.5476, 37.75478 ], [ -120.38761, 37.6337 ], [ -120.83086, 37.46018 ], [ -120.88582, 37.44038 ], [ -120.98376, 37.39964 ], [ -120.99005, 37.39557 ], [ -120.99124, 37.39148 ], [ -120.99005, 37.38971 ], [ -120.9942, 37.38875 ], [ -120.99453, 37.38665 ], [ -120.99342, 37.38436 ], [ -120.98848, 37.38663 ], [ -120.98463, 37.38698 ], [ -120.98196, 37.3854 ], [ -120.98556, 37.37838 ], [ -120.98437, 37.37514 ], [ -120.97853, 37.37759 ], [ -120.97312, 37.37615 ], [ -120.9737, 37.37407 ], [ -120.97826, 37.37327 ], [ -120.97886, 37.37094 ], [ -120.97434, 37.36975 ], [ -120.97423, 37.36857 ], [ -120.98164, 37.36645 ], [ -120.9814, 37.36487 ], [ -120.97818, 37.36194 ], [ -120.97889, 37.35711 ], [ -120.97647, 37.34962 ], [ -120.97059, 37.34887 ], [ -120.96844, 37.34601 ], [ -120.96464, 37.34648 ], [ -120.96469, 37.34538 ], [ -121.2268, 37.13477 ], [ -121.2323, 37.13989 ], [ -121.23711, 37.1572 ], [ -121.26209, 37.15932 ], [ -121.26951, 37.17117 ], [ -121.2731, 37.17333 ], [ -121.27538, 37.17874 ], [ -121.28111, 37.1836 ], [ -121.2841, 37.18251 ], [ -121.2843, 37.18089 ], [ -121.28606, 37.18114 ], [ -121.28773, 37.17737 ], [ -121.29096, 37.17543 ], [ -121.29152, 37.17034 ], [ -121.29855, 37.16596 ], [ -121.30262, 37.16816 ], [ -121.30604, 37.16664 ], [ -121.31288, 37.17015 ], [ -121.31403, 37.16791 ], [ -121.32841, 37.16595 ], [ -121.33255, 37.17128 ], [ -121.33435, 37.1708 ], [ -121.33829, 37.17352 ], [ -121.34238, 37.17419 ], [ -121.34667, 37.17991 ], [ -121.35456, 37.18389 ], [ -121.36094, 37.18432 ], [ -121.36317, 37.18351 ], [ -121.36454, 37.18032 ], [ -121.37221, 37.17696 ], [ -121.37333, 37.17396 ], [ -121.37965, 37.16801 ], [ -121.38291, 37.16788 ], [ -121.38427, 37.1662 ], [ -121.38396, 37.16016 ], [ -121.38169, 37.15763 ], [ -121.38355, 37.15149 ], [ -121.39113, 37.15075 ], [ -121.39342, 37.14813 ], [ -121.39746, 37.1506 ], [ -121.39902, 37.15014 ], [ -121.40114, 37.15492 ], [ -121.40464, 37.15599 ], [ -121.4076, 37.16324 ], [ -121.40773, 37.16901 ], [ -121.41339, 37.1729 ], [ -121.41008, 37.17576 ], [ -121.41114, 37.17785 ], [ -121.40891, 37.18084 ], [ -121.40946, 37.18415 ], [ -121.41153, 37.18541 ], [ -121.41046, 37.19201 ], [ -121.41532, 37.199 ], [ -121.41687, 37.21126 ], [ -121.42108, 37.21483 ], [ -121.42222, 37.22193 ], [ -121.43156, 37.22782 ], [ -121.43407, 37.22645 ], [ -121.4361, 37.22937 ], [ -121.44175, 37.23113 ], [ -121.44874, 37.23728 ], [ -121.44814, 37.23949 ], [ -121.45575, 37.24944 ], [ -121.45502, 37.25555 ], [ -121.45726, 37.26094 ], [ -121.45485, 37.26314 ], [ -121.45397, 37.27718 ], [ -121.45907, 37.28232 ], [ -121.45805, 37.28414 ], [ -121.45401, 37.28405 ], [ -121.44892, 37.29009 ], [ -121.44965, 37.29394 ], [ -121.44355, 37.29664 ], [ -121.43682, 37.29197 ], [ -121.43139, 37.29499 ], [ -121.42345, 37.29529 ], [ -121.42275, 37.29914 ], [ -121.41812, 37.30342 ], [ -121.40575, 37.31099 ], [ -121.41194, 37.32444 ], [ -121.41022, 37.32506 ], [ -121.41115, 37.32754 ], [ -121.40915, 37.33064 ], [ -121.42075, 37.34474 ], [ -121.41981, 37.35281 ], [ -121.42365, 37.35884 ], [ -121.4225, 37.36309 ], [ -121.41929, 37.36445 ], [ -121.41585, 37.37592 ], [ -121.40908, 37.38067 ], [ -121.41255, 37.38943 ], [ -121.41945, 37.39073 ], [ -121.42405, 37.39364 ], [ -121.43155, 37.39424 ], [ -121.43609, 37.39613 ], [ -121.44816, 37.39168 ], [ -121.45155, 37.39464 ], [ -121.45665, 37.39554 ], [ -121.45825, 37.39814 ], [ -121.45565, 37.40104 ], [ -121.45635, 37.40673 ], [ -121.46355, 37.41593 ], [ -121.46625, 37.41503 ], [ -121.47261, 37.42334 ], [ -121.46876, 37.42529 ], [ -121.46994, 37.43087 ], [ -121.46186, 37.4388 ], [ -121.46292, 37.45149 ], [ -121.46533, 37.45455 ], [ -121.46718, 37.45334 ], [ -121.47309, 37.45676 ], [ -121.47451, 37.46153 ], [ -121.48425, 37.46603 ], [ -121.48677, 37.47565 ] ] ] } },
{ "type": "Feature", "properties": { "county": "San Francisco", "GEOID": "06075", "bay_area_9": true, "total": 119, "student": 24, "individual": 88, "company": 7, "zcta_records": 113, "city_only_records": 6, "student_share": 0.202, "lon": -122.4466, "lat": 37.7584, "y2017": 2, "y2017_individual": 2, "y2017_student": 0, "y2017_company": 0, "y2018": 23, "y2018_individual": 21, "y2018_student": 0, "y2018_company": 2, "y2019": 12, "y2019_individual": 8, "y2019_student": 3, "y2019_company": 1, "y2020": 18, "y2020_individual": 12, "y2020_student": 6, "y2020_company": 0, "y2021": 8, "y2021_individual": 5, "y2021_student": 1, "y2021_company": 2, "y2022": 3, "y2022_individual": 2, "y2022_student": 1, "y2022_company": 0, "y2023": 6, "y2023_individual": 5, "y2023_student": 1, "y2023_company": 0, "y2024": 7, "y2024_individual": 7, "y2024_student": 0, "y2024_company": 0, "y2025": 17, "y2025_individual": 14, "y2025_student": 1, "y2025_company": 2, "y2026": 23, "y2026_individual": 12, "y2026_student": 11, "y2026_company": 0 }, "geometry": { "type": "MultiPolygon", "coordinates": [ [ [ [ -122.33162, 37.78707 ], [ -122.32802, 37.78137 ], [ -122.33204, 37.78203 ], [ -122.33162, 37.78707 ] ] ], [ [ [ -122.37768, 37.83046 ], [ -122.37345, 37.8323 ], [ -122.36875, 37.83129 ], [ -122.36291, 37.8227 ], [ -122.36429, 37.81887 ], [ -122.35878, 37.81428 ], [ -122.36078, 37.81283 ], [ -122.36229, 37.80702 ], [ -122.36714, 37.80743 ], [ -122.37284, 37.81107 ], [ -122.37127, 37.81467 ], [ -122.37896, 37.8269 ], [ -122.37768, 37.83046 ] ] ], [ [ [ -122.42037, 37.86334 ], [ -122.41847, 37.86176 ], [ -122.41983, 37.86008 ], [ -122.41991, 37.86058 ], [ -122.42037, 37.86334 ] ] ], [ [ [ -122.42523, 37.82859 ], [ -122.42025, 37.82651 ], [ -122.42072, 37.82525 ], [ -122.42277, 37.82526 ], [ -122.42523, 37.82859 ] ] ], [ [ [ -122.51448, 37.78083 ], [ -122.50531, 37.78831 ], [ -122.49288, 37.78793 ], [ -122.48578, 37.79063 ], [ -122.47678, 37.80944 ], [ -122.4707, 37.80855 ], [ -122.46379, 37.80465 ], [ -122.40953, 37.8089 ], [ -122.40085, 37.80488 ], [ -122.38767, 37.78881 ], [ -122.38767, 37.7768 ], [ -122.38522, 37.76877 ], [ -122.38685, 37.76371 ], [ -122.38228, 37.76085 ], [ -122.38133, 37.75531 ], [ -122.3831, 37.75331 ], [ -122.37656, 37.75207 ], [ -122.37624, 37.74852 ], [ -122.3678, 37.74018 ], [ -122.37384, 37.73957 ], [ -122.37587, 37.73566 ], [ -122.37461, 37.73288 ], [ -122.37202, 37.73421 ], [ -122.36739, 37.732 ], [ -122.36616, 37.73284 ], [ -122.35928, 37.72859 ], [ -122.36365, 37.72207 ], [ -122.36287, 37.71811 ], [ -122.36477, 37.71639 ], [ -122.37929, 37.7243 ], [ -122.38324, 37.72074 ], [ -122.37598, 37.716 ], [ -122.38006, 37.71087 ], [ -122.37939, 37.70866 ], [ -122.39155, 37.70975 ], [ -122.39338, 37.70827 ], [ -122.50243, 37.70813 ], [ -122.50648, 37.72373 ], [ -122.51448, 37.78083 ] ] ], [ [ [ -123.01392, 37.70036 ], [ -123.00779, 37.69894 ], [ -123.00755, 37.70214 ], [ -123.00351, 37.7044 ], [ -122.99875, 37.69744 ], [ -123.00279, 37.69274 ], [ -123.00588, 37.69349 ], [ -123.00755, 37.69593 ], [ -123.01278, 37.6965 ], [ -123.01392, 37.70036 ] ] ] ] } },
{ "type": "Feature", "properties": { "county": "Placer", "GEOID": "06061", "bay_area_9": false, "total": 2, "student": 1, "individual": 1, "company": 0, "zcta_records": 2, "city_only_records": 0, "student_share": 0.5, "lon": -120.7401, "lat": 39.0182, "y2017": 0, "y2017_individual": 0, "y2017_student": 0, "y2017_company": 0, "y2018": 0, "y2018_individual": 0, "y2018_student": 0, "y2018_company": 0, "y2019": 1, "y2019_individual": 1, "y2019_student": 0, "y2019_company": 0, "y2020": 0, "y2020_individual": 0, "y2020_student": 0, "y2020_company": 0, "y2021": 0, "y2021_individual": 0, "y2021_student": 0, "y2021_company": 0, "y2022": 0, "y2022_individual": 0, "y2022_student": 0, "y2022_company": 0, "y2023": 0, "y2023_individual": 0, "y2023_student": 0, "y2023_company": 0, "y2024": 0, "y2024_individual": 0, "y2024_student": 0, "y2024_company": 0, "y2025": 0, "y2025_individual": 0, "y2025_student": 0, "y2025_company": 0, "y2026": 1, "y2026_individual": 0, "y2026_student": 1, "y2026_company": 0 }, "geometry": { "type": "Polygon", "coordinates": [ [ [ -121.48444, 38.75135 ], [ -121.4698, 38.75194 ], [ -121.46936, 38.92599 ], [ -121.4144, 38.92621 ], [ -121.41479, 38.99842 ], [ -121.40789, 38.99905 ], [ -121.39766, 39.00589 ], [ -121.39522, 39.01045 ], [ -121.38827, 39.0145 ], [ -121.38455, 39.0145 ], [ -121.38509, 39.01772 ], [ -121.37707, 39.02101 ], [ -121.37238, 39.02773 ], [ -121.36564, 39.03174 ], [ -121.36119, 39.0326 ], [ -121.35838, 39.03021 ], [ -121.35386, 39.0313 ], [ -121.34876, 39.03445 ], [ -121.33575, 39.03879 ], [ -121.3296, 39.04371 ], [ -121.32401, 39.04291 ], [ -121.32099, 39.0441 ], [ -121.31983, 39.04845 ], [ -121.30599, 39.05294 ], [ -121.30268, 39.04833 ], [ -121.29333, 39.04397 ], [ -121.29021, 39.03687 ], [ -121.27304, 39.03418 ], [ -121.26598, 39.03038 ], [ -121.25856, 39.02952 ], [ -121.2573, 39.02808 ], [ -121.24897, 39.02867 ], [ -121.24791, 39.02611 ], [ -121.24068, 39.02143 ], [ -121.23832, 39.02377 ], [ -121.23325, 39.02475 ], [ -121.22894, 39.0221 ], [ -121.22179, 39.01196 ], [ -121.21352, 39.01292 ], [ -121.20591, 39.01185 ], [ -121.20479, 39.01553 ], [ -121.19864, 39.01748 ], [ -121.1868, 39.01271 ], [ -121.17925, 39.02 ], [ -121.17375, 39.01841 ], [ -121.17069, 39.01915 ], [ -121.16197, 39.02443 ], [ -121.15212, 39.02704 ], [ -121.15014, 39.03223 ], [ -121.13671, 39.03771 ], [ -121.13338, 39.03438 ], [ -121.1251, 39.03245 ], [ -121.12667, 39.0296 ], [ -121.12351, 39.02786 ], [ -121.12319, 39.02443 ], [ -121.12095, 39.02422 ], [ -121.11513, 39.0186 ], [ -121.10888, 39.01821 ], [ -121.10425, 39.01185 ], [ -121.09758, 39.01325 ], [ -121.09466, 39.01159 ], [ -121.08932, 39.01429 ], [ -121.08081, 39.0097 ], [ -121.07946, 39.00686 ], [ -121.06861, 39.00516 ], [ -121.06165, 39.01013 ], [ -121.05303, 39.01039 ], [ -121.04938, 39.01268 ], [ -121.04161, 39.01379 ], [ -121.03733, 39.01673 ], [ -121.03769, 39.02081 ], [ -121.03107, 39.02795 ], [ -121.02946, 39.03258 ], [ -121.03031, 39.03693 ], [ -121.02901, 39.03843 ], [ -121.02142, 39.03944 ], [ -121.01928, 39.04677 ], [ -121.01279, 39.04827 ], [ -121.01252, 39.05254 ], [ -121.0083, 39.05206 ], [ -121.00707, 39.06122 ], [ -121.00288, 39.06268 ], [ -121.00273, 39.06753 ], [ -120.99694, 39.06822 ], [ -120.99856, 39.07205 ], [ -120.99215, 39.07541 ], [ -120.99159, 39.07688 ], [ -120.99608, 39.08018 ], [ -120.98895, 39.0845 ], [ -120.9871, 39.09665 ], [ -120.98819, 39.10079 ], [ -120.98635, 39.10223 ], [ -120.98939, 39.11123 ], [ -120.97931, 39.1104 ], [ -120.97585, 39.11377 ], [ -120.97336, 39.11969 ], [ -120.96798, 39.12214 ], [ -120.96576, 39.12821 ], [ -120.96107, 39.12966 ], [ -120.94905, 39.13758 ], [ -120.94749, 39.14339 ], [ -120.94489, 39.14539 ], [ -120.94203, 39.14481 ], [ -120.93958, 39.14606 ], [ -120.9369, 39.15139 ], [ -120.92993, 39.15398 ], [ -120.93145, 39.1551 ], [ -120.93056, 39.15653 ], [ -120.92644, 39.15528 ], [ -120.92381, 39.1571 ], [ -120.9245, 39.16085 ], [ -120.917, 39.16315 ], [ -120.90855, 39.16375 ], [ -120.90611, 39.16719 ], [ -120.909, 39.17017 ], [ -120.90483, 39.17274 ], [ -120.89737, 39.17643 ], [ -120.89225, 39.17534 ], [ -120.8911, 39.1771 ], [ -120.88686, 39.17657 ], [ -120.88554, 39.17814 ], [ -120.87111, 39.17945 ], [ -120.86885, 39.18074 ], [ -120.86919, 39.18523 ], [ -120.86519, 39.18814 ], [ -120.86693, 39.18958 ], [ -120.86081, 39.19247 ], [ -120.86137, 39.19482 ], [ -120.85783, 39.19744 ], [ -120.85659, 39.20411 ], [ -120.85806, 39.20608 ], [ -120.85533, 39.20692 ], [ -120.85171, 39.21203 ], [ -120.83906, 39.21551 ], [ -120.82987, 39.22165 ], [ -120.82818, 39.22105 ], [ -120.82876, 39.22316 ], [ -120.8191, 39.22722 ], [ -120.81665, 39.22993 ], [ -120.80425, 39.23327 ], [ -120.79915, 39.23802 ], [ -120.79145, 39.24107 ], [ -120.78492, 39.24663 ], [ -120.78507, 39.24818 ], [ -120.77332, 39.25546 ], [ -120.76872, 39.2563 ], [ -120.76439, 39.26285 ], [ -120.7566, 39.26423 ], [ -120.74917, 39.27053 ], [ -120.74723, 39.27491 ], [ -120.73832, 39.27934 ], [ -120.72789, 39.28808 ], [ -120.71032, 39.29254 ], [ -120.70235, 39.29982 ], [ -120.69302, 39.30192 ], [ -120.69111, 39.30413 ], [ -120.68224, 39.30692 ], [ -120.68047, 39.30597 ], [ -120.67619, 39.30725 ], [ -120.67143, 39.31037 ], [ -120.6686, 39.30809 ], [ -120.66255, 39.31007 ], [ -120.6584, 39.30782 ], [ -120.65606, 39.30816 ], [ -120.64874, 39.31145 ], [ -120.6458, 39.31515 ], [ -120.00632, 39.3165 ], [ -120.00246, 39.06749 ], [ -120.14366, 39.06728 ], [ -120.1436, 39.0602 ], [ -120.15302, 39.06033 ], [ -120.15298, 39.04581 ], [ -120.16496, 39.04579 ], [ -120.16503, 39.03848 ], [ -120.18356, 39.03837 ], [ -120.1841, 39.03101 ], [ -120.24016, 39.03089 ], [ -120.24041, 39.02367 ], [ -120.25907, 39.02474 ], [ -120.25937, 39.02346 ], [ -120.32812, 39.02243 ], [ -120.4353, 39.02816 ], [ -120.44237, 39.02278 ], [ -120.44521, 39.0176 ], [ -120.44538, 39.01007 ], [ -120.44889, 39.00668 ], [ -120.45068, 38.99938 ], [ -120.45383, 38.99487 ], [ -120.4515, 38.98794 ], [ -120.45964, 38.985 ], [ -120.46175, 38.97844 ], [ -120.4704, 38.96886 ], [ -120.47098, 38.96551 ], [ -120.47478, 38.96438 ], [ -120.47927, 38.96002 ], [ -120.48328, 38.96021 ], [ -120.48618, 38.95862 ], [ -120.48769, 38.95219 ], [ -120.49274, 38.94915 ], [ -120.49175, 38.9452 ], [ -120.49301, 38.94314 ], [ -120.5029, 38.94081 ], [ -120.50484, 38.93522 ], [ -120.51076, 38.93415 ], [ -120.51235, 38.93119 ], [ -120.52285, 38.93033 ], [ -120.52734, 38.93158 ], [ -120.53229, 38.92908 ], [ -120.53449, 38.92601 ], [ -120.54284, 38.92753 ], [ -120.54537, 38.92667 ], [ -120.54609, 38.9207 ], [ -120.55215, 38.92059 ], [ -120.55632, 38.91516 ], [ -120.5591, 38.91577 ], [ -120.56426, 38.91364 ], [ -120.57886, 38.91659 ], [ -120.58054, 38.92023 ], [ -120.58632, 38.92287 ], [ -120.58521, 38.92736 ], [ -120.58731, 38.93144 ], [ -120.59346, 38.93213 ], [ -120.59438, 38.9361 ], [ -120.59847, 38.93684 ], [ -120.60437, 38.93422 ], [ -120.60694, 38.93525 ], [ -120.61135, 38.94264 ], [ -120.62229, 38.94311 ], [ -120.62947, 38.9464 ], [ -120.63691, 38.94345 ], [ -120.64246, 38.9444 ], [ -120.64494, 38.94683 ], [ -120.65104, 38.94887 ], [ -120.6544, 38.94836 ], [ -120.65525, 38.95311 ], [ -120.66037, 38.95407 ], [ -120.66447, 38.95713 ], [ -120.67275, 38.95859 ], [ -120.6747, 38.96268 ], [ -120.68368, 38.96776 ], [ -120.68337, 38.97465 ], [ -120.68089, 38.97789 ], [ -120.68515, 38.98362 ], [ -120.68459, 38.98922 ], [ -120.68793, 38.98995 ], [ -120.69214, 38.98588 ], [ -120.70445, 38.9812 ], [ -120.71134, 38.98576 ], [ -120.71629, 38.98667 ], [ -120.72234, 38.99347 ], [ -120.72317, 38.99933 ], [ -120.72957, 39.00402 ], [ -120.73604, 39.0006 ], [ -120.73833, 39.00202 ], [ -120.74164, 39.00143 ], [ -120.74394, 39.00477 ], [ -120.74846, 39.00359 ], [ -120.7464, 39.01035 ], [ -120.74993, 39.0095 ], [ -120.75283, 39.00529 ], [ -120.75762, 39.00766 ], [ -120.76065, 39.00548 ], [ -120.76275, 39.00658 ], [ -120.76411, 39.00483 ], [ -120.7601, 39.00308 ], [ -120.7614, 39.00193 ], [ -120.76407, 39.00203 ], [ -120.7671, 39.00545 ], [ -120.76362, 39.0082 ], [ -120.76445, 39.00975 ], [ -120.76834, 39.00917 ], [ -120.77022, 39.00702 ], [ -120.7738, 39.007 ], [ -120.77383, 39.00582 ], [ -120.78025, 39.00419 ], [ -120.78679, 38.99962 ], [ -120.7908, 38.99963 ], [ -120.7981, 38.99605 ], [ -120.80192, 39.0011 ], [ -120.8123, 39.00013 ], [ -120.81549, 38.99478 ], [ -120.82472, 38.99275 ], [ -120.82836, 38.98979 ], [ -120.82938, 38.98039 ], [ -120.83262, 38.97802 ], [ -120.83269, 38.97381 ], [ -120.83506, 38.97151 ], [ -120.83884, 38.97179 ], [ -120.84063, 38.97545 ], [ -120.84756, 38.97693 ], [ -120.85051, 38.9759 ], [ -120.85542, 38.9681 ], [ -120.8521, 38.95954 ], [ -120.85772, 38.95664 ], [ -120.85986, 38.95165 ], [ -120.86307, 38.95395 ], [ -120.8686, 38.95419 ], [ -120.87738, 38.95701 ], [ -120.88159, 38.95671 ], [ -120.88792, 38.95973 ], [ -120.90211, 38.95315 ], [ -120.91387, 38.95521 ], [ -120.9263, 38.96182 ], [ -120.93247, 38.96206 ], [ -120.93465, 38.96379 ], [ -120.93823, 38.9633 ], [ -120.94028, 38.96234 ], [ -120.94057, 38.95986 ], [ -120.9382, 38.95664 ], [ -120.9383, 38.93583 ], [ -120.9434, 38.93567 ], [ -120.94835, 38.93832 ], [ -120.95805, 38.93901 ], [ -120.96599, 38.93258 ], [ -120.97042, 38.93309 ], [ -120.97727, 38.92925 ], [ -120.99197, 38.92722 ], [ -120.99116, 38.92363 ], [ -120.99703, 38.92112 ], [ -120.99954, 38.91816 ], [ -121.00488, 38.92011 ], [ -121.00713, 38.91786 ], [ -121.01235, 38.91665 ], [ -121.01893, 38.91824 ], [ -121.03378, 38.91282 ], [ -121.03993, 38.91586 ], [ -121.04301, 38.90849 ], [ -121.05291, 38.90014 ], [ -121.05302, 38.89678 ], [ -121.04819, 38.89529 ], [ -121.04417, 38.89083 ], [ -121.04614, 38.88886 ], [ -121.0617, 38.88265 ], [ -121.05693, 38.87731 ], [ -121.05326, 38.86835 ], [ -121.05454, 38.86502 ], [ -121.05856, 38.86353 ], [ -121.06181, 38.85992 ], [ -121.05758, 38.85127 ], [ -121.05841, 38.84713 ], [ -121.07268, 38.84294 ], [ -121.08193, 38.83518 ], [ -121.08734, 38.83327 ], [ -121.08872, 38.8271 ], [ -121.08305, 38.82305 ], [ -121.08448, 38.81644 ], [ -121.09343, 38.81385 ], [ -121.10143, 38.81528 ], [ -121.09776, 38.80733 ], [ -121.09809, 38.80333 ], [ -121.10224, 38.7962 ], [ -121.1012, 38.78997 ], [ -121.11167, 38.77379 ], [ -121.11858, 38.76894 ], [ -121.11769, 38.75645 ], [ -121.12097, 38.75253 ], [ -121.12835, 38.73358 ], [ -121.1333, 38.73145 ], [ -121.13451, 38.71203 ], [ -121.14662, 38.71139 ], [ -121.4844, 38.7346 ], [ -121.48444, 38.75135 ] ] ] } },
{ "type": "Feature", "properties": { "county": "Sacramento", "GEOID": "06067", "bay_area_9": false, "total": 11, "student": 2, "individual": 9, "company": 0, "zcta_records": 10, "city_only_records": 1, "student_share": 0.182, "lon": -121.2756, "lat": 38.3737, "y2017": 0, "y2017_individual": 0, "y2017_student": 0, "y2017_company": 0, "y2018": 2, "y2018_individual": 2, "y2018_student": 0, "y2018_company": 0, "y2019": 1, "y2019_individual": 1, "y2019_student": 0, "y2019_company": 0, "y2020": 0, "y2020_individual": 0, "y2020_student": 0, "y2020_company": 0, "y2021": 1, "y2021_individual": 0, "y2021_student": 1, "y2021_company": 0, "y2022": 1, "y2022_individual": 1, "y2022_student": 0, "y2022_company": 0, "y2023": 1, "y2023_individual": 1, "y2023_student": 0, "y2023_company": 0, "y2024": 1, "y2024_individual": 1, "y2024_student": 0, "y2024_company": 0, "y2025": 3, "y2025_individual": 3, "y2025_student": 0, "y2025_company": 0, "y2026": 1, "y2026_individual": 0, "y2026_student": 1, "y2026_company": 0 }, "geometry": { "type": "Polygon", "coordinates": [ [ [ -121.86254, 38.06795 ], [ -121.85761, 38.07197 ], [ -121.84244, 38.07673 ], [ -121.82792, 38.06622 ], [ -121.81081, 38.06077 ], [ -121.80164, 38.0595 ], [ -121.7964, 38.06085 ], [ -121.74316, 38.08723 ], [ -121.72935, 38.08235 ], [ -121.71393, 38.08454 ], [ -121.71089, 38.08649 ], [ -121.70844, 38.09148 ], [ -121.70722, 38.10985 ], [ -121.69209, 38.13313 ], [ -121.68559, 38.1597 ], [ -121.6762, 38.16677 ], [ -121.66291, 38.18187 ], [ -121.64843, 38.18529 ], [ -121.64213, 38.19002 ], [ -121.63188, 38.19437 ], [ -121.62281, 38.19327 ], [ -121.61541, 38.1957 ], [ -121.6121, 38.20007 ], [ -121.61131, 38.2063 ], [ -121.602, 38.22265 ], [ -121.60321, 38.23728 ], [ -121.60025, 38.25782 ], [ -121.60401, 38.2701 ], [ -121.60083, 38.2794 ], [ -121.60545, 38.28612 ], [ -121.60395, 38.28951 ], [ -121.60518, 38.29608 ], [ -121.59991, 38.30151 ], [ -121.59758, 38.30718 ], [ -121.59865, 38.30989 ], [ -121.59225, 38.31404 ], [ -121.58982, 38.32269 ], [ -121.58522, 38.32551 ], [ -121.5857, 38.32879 ], [ -121.58395, 38.33165 ], [ -121.57522, 38.32716 ], [ -121.55935, 38.34257 ], [ -121.53691, 38.34779 ], [ -121.52078, 38.36212 ], [ -121.52426, 38.37898 ], [ -121.51426, 38.38833 ], [ -121.51348, 38.39994 ], [ -121.51747, 38.40893 ], [ -121.53129, 38.42753 ], [ -121.5326, 38.43146 ], [ -121.52705, 38.43482 ], [ -121.51535, 38.43452 ], [ -121.50975, 38.43588 ], [ -121.50385, 38.43961 ], [ -121.50103, 38.45013 ], [ -121.50414, 38.46656 ], [ -121.50608, 38.47095 ], [ -121.51188, 38.47367 ], [ -121.53334, 38.47383 ], [ -121.54272, 38.47645 ], [ -121.55593, 38.49285 ], [ -121.55904, 38.49959 ], [ -121.55855, 38.50317 ], [ -121.55178, 38.51386 ], [ -121.5255, 38.51878 ], [ -121.5242, 38.52151 ], [ -121.53098, 38.52897 ], [ -121.52977, 38.53121 ], [ -121.52037, 38.53537 ], [ -121.51262, 38.54167 ], [ -121.51129, 38.54629 ], [ -121.52097, 38.5662 ], [ -121.51157, 38.575 ], [ -121.50628, 38.58629 ], [ -121.50684, 38.58902 ], [ -121.50867, 38.5968 ], [ -121.51157, 38.6009 ], [ -121.51577, 38.6027 ], [ -121.52767, 38.6046 ], [ -121.53907, 38.6019 ], [ -121.54457, 38.5977 ], [ -121.54987, 38.5994 ], [ -121.55827, 38.6082 ], [ -121.56687, 38.6451 ], [ -121.57047, 38.6476 ], [ -121.57607, 38.6486 ], [ -121.58717, 38.6427 ], [ -121.59407, 38.64411 ], [ -121.60957, 38.66111 ], [ -121.63019, 38.67744 ], [ -121.63377, 38.68616 ], [ -121.63361, 38.69229 ], [ -121.62873, 38.6989 ], [ -121.61422, 38.70904 ], [ -121.60577, 38.71832 ], [ -121.60289, 38.73584 ], [ -121.52177, 38.7364 ], [ -121.47407, 38.73401 ], [ -121.14662, 38.71139 ], [ -121.14253, 38.71213 ], [ -121.13378, 38.70539 ], [ -121.12403, 38.71047 ], [ -121.11866, 38.71707 ], [ -121.08543, 38.64783 ], [ -121.07047, 38.60759 ], [ -121.02747, 38.50822 ], [ -121.02708, 38.30025 ], [ -121.04057, 38.29772 ], [ -121.04749, 38.29114 ], [ -121.05339, 38.29319 ], [ -121.06167, 38.29894 ], [ -121.06665, 38.29915 ], [ -121.08423, 38.28636 ], [ -121.08538, 38.28705 ], [ -121.09311, 38.28257 ], [ -121.09544, 38.28163 ], [ -121.1021, 38.28323 ], [ -121.11683, 38.27735 ], [ -121.12778, 38.27745 ], [ -121.13383, 38.27187 ], [ -121.13767, 38.27158 ], [ -121.14155, 38.2692 ], [ -121.14701, 38.26391 ], [ -121.16364, 38.26022 ], [ -121.17308, 38.25521 ], [ -121.18022, 38.25532 ], [ -121.18203, 38.25683 ], [ -121.19202, 38.2567 ], [ -121.20341, 38.24875 ], [ -121.21502, 38.2488 ], [ -121.22251, 38.24441 ], [ -121.22925, 38.24752 ], [ -121.24758, 38.24543 ], [ -121.25904, 38.25027 ], [ -121.26838, 38.25227 ], [ -121.27684, 38.24926 ], [ -121.28303, 38.24966 ], [ -121.28799, 38.24582 ], [ -121.2927, 38.23887 ], [ -121.29551, 38.23762 ], [ -121.30531, 38.23475 ], [ -121.31774, 38.23521 ], [ -121.32177, 38.23268 ], [ -121.32931, 38.23283 ], [ -121.34402, 38.22826 ], [ -121.35468, 38.23103 ], [ -121.36239, 38.22991 ], [ -121.3629, 38.22828 ], [ -121.36698, 38.23124 ], [ -121.37091, 38.22973 ], [ -121.37317, 38.23106 ], [ -121.38542, 38.23135 ], [ -121.38905, 38.23316 ], [ -121.39819, 38.22743 ], [ -121.40169, 38.23069 ], [ -121.40517, 38.22996 ], [ -121.40976, 38.23287 ], [ -121.41123, 38.23193 ], [ -121.41569, 38.23561 ], [ -121.42052, 38.23724 ], [ -121.42717, 38.2448 ], [ -121.42508, 38.2504 ], [ -121.42975, 38.25495 ], [ -121.43442, 38.25427 ], [ -121.44454, 38.25685 ], [ -121.45043, 38.25462 ], [ -121.46157, 38.25919 ], [ -121.47096, 38.2599 ], [ -121.47572, 38.25809 ], [ -121.48007, 38.25358 ], [ -121.47874, 38.24599 ], [ -121.48661, 38.24046 ], [ -121.48677, 38.23582 ], [ -121.49076, 38.23219 ], [ -121.49167, 38.22769 ], [ -121.49766, 38.22768 ], [ -121.50639, 38.22459 ], [ -121.50749, 38.22256 ], [ -121.50433, 38.21213 ], [ -121.50808, 38.20923 ], [ -121.50993, 38.20458 ], [ -121.51273, 38.20256 ], [ -121.51987, 38.20316 ], [ -121.5289, 38.19533 ], [ -121.52446, 38.18552 ], [ -121.52782, 38.18102 ], [ -121.52436, 38.17232 ], [ -121.5293, 38.16902 ], [ -121.5314, 38.1631 ], [ -121.53346, 38.16267 ], [ -121.53397, 38.15968 ], [ -121.53615, 38.15816 ], [ -121.53454, 38.15576 ], [ -121.53631, 38.15158 ], [ -121.54058, 38.15198 ], [ -121.54266, 38.15083 ], [ -121.5434, 38.14757 ], [ -121.54692, 38.14811 ], [ -121.55174, 38.14536 ], [ -121.55918, 38.14389 ], [ -121.56014, 38.14213 ], [ -121.55729, 38.13912 ], [ -121.55769, 38.13675 ], [ -121.56244, 38.13598 ], [ -121.57647, 38.12896 ], [ -121.58407, 38.12023 ], [ -121.5835, 38.11348 ], [ -121.58078, 38.11101 ], [ -121.56575, 38.10528 ], [ -121.56403, 38.10142 ], [ -121.56718, 38.09732 ], [ -121.58128, 38.09394 ], [ -121.58528, 38.09637 ], [ -121.60492, 38.09988 ], [ -121.62738, 38.09836 ], [ -121.63259, 38.08861 ], [ -121.63809, 38.08613 ], [ -121.64518, 38.08741 ], [ -121.66187, 38.09562 ], [ -121.67306, 38.09352 ], [ -121.67927, 38.08932 ], [ -121.68187, 38.08202 ], [ -121.67962, 38.06947 ], [ -121.68147, 38.06124 ], [ -121.69976, 38.04522 ], [ -121.72557, 38.03382 ], [ -121.73782, 38.02663 ], [ -121.76513, 38.02319 ], [ -121.77749, 38.01892 ], [ -121.78877, 38.01842 ], [ -121.80127, 38.02162 ], [ -121.80931, 38.02032 ], [ -121.81817, 38.02219 ], [ -121.83212, 38.0311 ], [ -121.83794, 38.03894 ], [ -121.84166, 38.05197 ], [ -121.8468, 38.05996 ], [ -121.85364, 38.06478 ], [ -121.86246, 38.06603 ], [ -121.86254, 38.06795 ] ] ] } }
]
}
