{
"type": "FeatureCollection",
"name": "highways",
"crs": { "type": "name", "properties": { "name": "urn:ogc:def:crs:OGC:1.3:CRS84" } },
"xy_coordinate_resolution": 1e-05,
"features": [
{ "type": "Feature", "properties": { "Route": 1, "route_label": "SR-1", "route_class": "SR" }, "geometry": { "type": "MultiLineString", "coordinates": [ [ [ -122.54229, 37.88606 ], [ -122.54473, 37.88801 ], [ -122.54713, 37.88778 ], [ -122.54845, 37.88688 ], [ -122.55137, 37.88724 ], [ -122.55175, 37.88576 ], [ -122.55415, 37.8839 ], [ -122.55378, 37.87934 ], [ -122.55469, 37.87941 ], [ -122.5558, 37.87748 ], [ -122.55762, 37.87692 ], [ -122.55758, 37.87592 ], [ -122.5592, 37.87497 ], [ -122.5617, 37.87499 ], [ -122.56148, 37.87377 ], [ -122.5636, 37.87169 ], [ -122.56309, 37.87061 ], [ -122.56404, 37.86916 ], [ -122.56509, 37.86895 ], [ -122.56527, 37.86656 ], [ -122.56736, 37.86583 ], [ -122.56781, 37.86489 ], [ -122.56927, 37.86491 ], [ -122.57289, 37.86325 ], [ -122.57732, 37.86703 ], [ -122.57841, 37.86604 ], [ -122.57624, 37.86349 ], [ -122.57654, 37.8629 ], [ -122.5792, 37.8645 ], [ -122.58078, 37.86432 ], [ -122.58224, 37.86521 ], [ -122.58438, 37.86415 ], [ -122.58613, 37.86434 ], [ -122.58772, 37.86785 ], [ -122.59398, 37.87504 ], [ -122.59894, 37.87498 ], [ -122.59988, 37.87633 ], [ -122.60188, 37.87704 ], [ -122.60019, 37.87838 ], [ -122.60128, 37.87925 ], [ -122.60319, 37.87811 ], [ -122.60438, 37.87844 ], [ -122.60523, 37.87735 ], [ -122.61007, 37.87952 ], [ -122.61204, 37.87922 ], [ -122.61098, 37.88304 ], [ -122.6128, 37.88213 ], [ -122.61431, 37.88002 ], [ -122.61663, 37.87936 ], [ -122.62116, 37.88245 ], [ -122.62319, 37.88652 ], [ -122.62949, 37.88736 ], [ -122.62941, 37.88893 ], [ -122.63336, 37.89087 ], [ -122.63352, 37.89276 ], [ -122.63505, 37.89326 ], [ -122.63757, 37.89837 ], [ -122.64254, 37.89913 ], [ -122.64972, 37.90476 ], [ -122.65134, 37.90696 ], [ -122.65345, 37.9073 ], [ -122.65488, 37.90899 ], [ -122.66356, 37.913 ], [ -122.66786, 37.91763 ], [ -122.67003, 37.91849 ], [ -122.67142, 37.92098 ], [ -122.67415, 37.92264 ], [ -122.67555, 37.92482 ], [ -122.6803, 37.92582 ], [ -122.68214, 37.92779 ], [ -122.68263, 37.92991 ], [ -122.68428, 37.93056 ], [ -122.68793, 37.9305 ], [ -122.68889, 37.93235 ], [ -122.69232, 37.93353 ], [ -122.69432, 37.93341 ], [ -122.69949, 37.93538 ], [ -122.70502, 37.93939 ], [ -122.70488, 37.94141 ], [ -122.70644, 37.94567 ], [ -122.71095, 37.94791 ], [ -122.71488, 37.95697 ], [ -122.71639, 37.95855 ], [ -122.71967, 37.95932 ], [ -122.71975, 37.96182 ], [ -122.72255, 37.96349 ], [ -122.72612, 37.96903 ], [ -122.72934, 37.97122 ], [ -122.73402, 37.97759 ], [ -122.73906, 37.98122 ], [ -122.74278, 37.98599 ], [ -122.75277, 37.99326 ], [ -122.75589, 37.99954 ], [ -122.75845, 38.00147 ], [ -122.76136, 38.00707 ], [ -122.76715, 38.01212 ], [ -122.76726, 38.01417 ], [ -122.77132, 38.01838 ], [ -122.77492, 38.02455 ], [ -122.77843, 38.02713 ], [ -122.78435, 38.03872 ], [ -122.78813, 38.04072 ], [ -122.78898, 38.0438 ], [ -122.79225, 38.04716 ], [ -122.79451, 38.05235 ], [ -122.79764, 38.05439 ], [ -122.79897, 38.05734 ], [ -122.80076, 38.05835 ], [ -122.80489, 38.06349 ], [ -122.8051, 38.06577 ], [ -122.80423, 38.06709 ], [ -122.80679, 38.06879 ], [ -122.80143, 38.07348 ], [ -122.80596, 38.07976 ], [ -122.80851, 38.07997 ], [ -122.81172, 38.08501 ], [ -122.8143, 38.09141 ], [ -122.81684, 38.09252 ], [ -122.82248, 38.09042 ], [ -122.82577, 38.09252 ], [ -122.82723, 38.09258 ], [ -122.82961, 38.09525 ], [ -122.82919, 38.09708 ], [ -122.83239, 38.09797 ], [ -122.83705, 38.10176 ], [ -122.83715, 38.10342 ], [ -122.84006, 38.10508 ], [ -122.83933, 38.10897 ], [ -122.84603, 38.10934 ], [ -122.85296, 38.11601 ], [ -122.85711, 38.12358 ], [ -122.85733, 38.12561 ], [ -122.86358, 38.12858 ], [ -122.87041, 38.13349 ], [ -122.87192, 38.14041 ], [ -122.87707, 38.14306 ], [ -122.88112, 38.14404 ], [ -122.88352, 38.14859 ], [ -122.88637, 38.1494 ], [ -122.8909, 38.15399 ], [ -122.89452, 38.15956 ], [ -122.89126, 38.16479 ], [ -122.89304, 38.16706 ], [ -122.8954, 38.16806 ], [ -122.89804, 38.17069 ], [ -122.89803, 38.17217 ], [ -122.90153, 38.17673 ], [ -122.90456, 38.17823 ], [ -122.90731, 38.17858 ], [ -122.90891, 38.18023 ], [ -122.90985, 38.18336 ], [ -122.91222, 38.18579 ], [ -122.91258, 38.18837 ], [ -122.91759, 38.19214 ], [ -122.91933, 38.19502 ], [ -122.921, 38.20136 ], [ -122.92253, 38.20396 ], [ -122.92217, 38.20526 ], [ -122.92399, 38.20593 ], [ -122.92546, 38.21014 ], [ -122.92369, 38.21092 ], [ -122.92495, 38.21398 ], [ -122.92437, 38.2162 ], [ -122.92318, 38.2169 ], [ -122.9222, 38.22126 ], [ -122.91645, 38.22447 ], [ -122.91609, 38.22861 ], [ -122.91306, 38.23259 ], [ -122.90953, 38.23486 ], [ -122.90912, 38.23666 ], [ -122.90527, 38.23979 ], [ -122.904, 38.25661 ], [ -122.90099, 38.26184 ], [ -122.90257, 38.2688 ], [ -122.90027, 38.27409 ], [ -122.89887, 38.29136 ], [ -122.89545, 38.297 ], [ -122.89761, 38.30615 ], [ -122.89753, 38.31272 ], [ -122.89653, 38.31644 ], [ -122.90811, 38.32092 ], [ -122.91209, 38.32147 ], [ -122.91682, 38.32094 ], [ -122.92248, 38.31732 ], [ -122.92641, 38.31873 ], [ -122.92787, 38.32065 ], [ -122.92794, 38.32384 ], [ -122.92945, 38.32492 ], [ -122.94456, 38.32565 ], [ -122.95327, 38.32721 ], [ -122.97239, 38.3341 ], [ -122.97568, 38.33684 ], [ -122.98023, 38.33739 ], [ -122.98729, 38.33686 ], [ -122.99288, 38.33478 ], [ -122.99547, 38.3308 ], [ -122.99926, 38.32791 ], [ -123.00306, 38.32672 ], [ -123.0071, 38.32677 ], [ -123.0107, 38.32465 ], [ -123.01302, 38.32254 ], [ -123.01346, 38.32019 ], [ -123.01581, 38.31862 ], [ -123.02343, 38.31901 ], [ -123.0294, 38.31746 ], [ -123.03305, 38.31914 ], [ -123.04005, 38.32611 ], [ -123.04694, 38.33115 ], [ -123.04888, 38.33474 ], [ -123.04559, 38.33555 ], [ -123.04807, 38.33737 ], [ -123.04656, 38.34023 ], [ -123.05025, 38.34198 ], [ -123.05314, 38.34652 ], [ -123.05931, 38.34956 ], [ -123.06228, 38.35303 ], [ -123.06695, 38.35648 ], [ -123.0729, 38.37018 ], [ -123.07446, 38.37041 ], [ -123.0776, 38.37443 ], [ -123.07814, 38.37709 ], [ -123.07988, 38.37801 ], [ -123.08027, 38.38116 ], [ -123.08388, 38.38626 ], [ -123.08478, 38.39078 ], [ -123.0883, 38.39269 ], [ -123.08857, 38.39489 ], [ -123.09071, 38.39426 ], [ -123.09283, 38.39575 ], [ -123.09349, 38.39839 ], [ -123.09265, 38.40071 ], [ -123.09489, 38.4022 ], [ -123.09548, 38.40712 ], [ -123.09685, 38.41003 ], [ -123.09815, 38.41078 ], [ -123.09909, 38.41379 ], [ -123.09843, 38.41571 ], [ -123.10072, 38.4158 ], [ -123.10453, 38.42365 ], [ -123.10816, 38.42884 ], [ -123.10877, 38.43142 ], [ -123.10488, 38.43241 ], [ -123.10118, 38.43182 ], [ -123.10051, 38.43299 ], [ -123.1038, 38.43684 ], [ -123.10682, 38.43809 ], [ -123.11503, 38.44958 ], [ -123.12044, 38.45081 ], [ -123.12441, 38.45047 ], [ -123.12516, 38.45155 ], [ -123.13137, 38.45343 ], [ -123.13296, 38.45531 ], [ -123.13605, 38.45588 ], [ -123.13666, 38.45697 ], [ -123.13559, 38.45933 ], [ -123.1375, 38.45925 ], [ -123.13912, 38.45773 ], [ -123.14072, 38.45766 ], [ -123.1463, 38.46214 ], [ -123.15336, 38.46572 ], [ -123.1534, 38.4702 ], [ -123.15559, 38.47354 ], [ -123.15425, 38.47471 ], [ -123.15395, 38.47593 ], [ -123.15468, 38.47486 ], [ -123.15641, 38.47457 ], [ -123.15712, 38.4733 ], [ -123.15667, 38.47204 ], [ -123.15901, 38.47123 ], [ -123.15756, 38.47245 ], [ -123.1587, 38.47324 ], [ -123.15787, 38.47654 ], [ -123.1596, 38.47812 ], [ -123.16853, 38.47984 ], [ -123.17185, 38.48247 ], [ -123.17462, 38.48272 ], [ -123.17818, 38.48499 ], [ -123.18023, 38.48479 ], [ -123.18146, 38.48685 ], [ -123.18311, 38.48671 ], [ -123.18469, 38.48802 ], [ -123.18971, 38.48958 ], [ -123.19093, 38.49121 ], [ -123.19341, 38.49121 ], [ -123.19471, 38.49256 ], [ -123.19611, 38.49237 ], [ -123.19888, 38.49549 ], [ -123.20051, 38.49544 ], [ -123.20286, 38.49761 ], [ -123.20853, 38.49833 ], [ -123.20759, 38.50143 ], [ -123.21039, 38.50017 ], [ -123.21395, 38.50137 ], [ -123.2179, 38.50115 ], [ -123.22247, 38.50551 ], [ -123.22802, 38.50856 ], [ -123.23203, 38.51265 ], [ -123.24058, 38.51513 ], [ -123.24122, 38.51746 ], [ -123.24325, 38.51529 ], [ -123.24363, 38.5175 ], [ -123.2446, 38.5181 ], [ -123.25191, 38.51931 ], [ -123.25652, 38.52147 ], [ -123.26318, 38.52246 ], [ -123.26303, 38.52567 ], [ -123.26522, 38.52477 ], [ -123.26317, 38.52665 ], [ -123.26359, 38.5279 ], [ -123.27222, 38.5331 ], [ -123.27669, 38.53396 ], [ -123.27874, 38.53717 ], [ -123.28293, 38.53969 ], [ -123.28882, 38.54221 ], [ -123.29145, 38.54244 ], [ -123.29311, 38.54478 ], [ -123.29684, 38.54629 ], [ -123.29647, 38.5482 ], [ -123.29855, 38.54738 ], [ -123.30078, 38.5484 ], [ -123.30177, 38.55065 ], [ -123.30077, 38.55529 ], [ -123.30665, 38.55713 ], [ -123.30871, 38.55671 ], [ -123.31179, 38.56032 ], [ -123.3119, 38.56208 ], [ -123.31915, 38.56553 ], [ -123.31943, 38.56827 ], [ -123.32493, 38.57067 ], [ -123.32759, 38.57294 ], [ -123.33169, 38.57339 ], [ -123.33338, 38.57427 ], [ -123.33484, 38.57769 ], [ -123.33408, 38.57837 ], [ -123.33174, 38.57783 ], [ -123.33341, 38.57912 ], [ -123.33226, 38.58158 ], [ -123.3343, 38.58304 ], [ -123.33745, 38.58387 ], [ -123.33664, 38.58573 ], [ -123.34047, 38.58714 ], [ -123.34214, 38.59169 ], [ -123.34761, 38.59677 ], [ -123.35004, 38.60033 ], [ -123.35242, 38.6019 ] ], [ [ -122.54211, 37.88603 ], [ -122.54211, 37.88603 ], [ -122.54229, 37.88606 ] ], [ [ -122.54211, 37.88603 ], [ -122.54229, 37.88606 ] ], [ [ -122.51631, 37.88023 ], [ -122.52038, 37.881 ], [ -122.52297, 37.87961 ], [ -122.52495, 37.88216 ], [ -122.5287, 37.87911 ], [ -122.53714, 37.87986 ], [ -122.53841, 37.88111 ], [ -122.53746, 37.8862 ], [ -122.53901, 37.8861 ], [ -122.54138, 37.88812 ], [ -122.54128, 37.88659 ], [ -122.54211, 37.88603 ] ], [ [ -122.51455, 37.56863 ], [ -122.5157, 37.57033 ], [ -122.51544, 37.57184 ], [ -122.50885, 37.58376 ], [ -122.50698, 37.58506 ] ], [ [ -122.51455, 37.56863 ], [ -122.51583, 37.57019 ], [ -122.51583, 37.57159 ], [ -122.50912, 37.58388 ], [ -122.50698, 37.58506 ] ], [ [ -122.43495, 37.4719 ], [ -122.44532, 37.48194 ], [ -122.45459, 37.49464 ], [ -122.48282, 37.50608 ], [ -122.49402, 37.5142 ], [ -122.50707, 37.5214 ], [ -122.51621, 37.53034 ], [ -122.5177, 37.53318 ], [ -122.51779, 37.53629 ], [ -122.51603, 37.5425 ], [ -122.51188, 37.54992 ], [ -122.51298, 37.5563 ], [ -122.51465, 37.55844 ], [ -122.5132, 37.56003 ], [ -122.51362, 37.56223 ], [ -122.51257, 37.56423 ], [ -122.51455, 37.56863 ] ], [ [ -122.50698, 37.58506 ], [ -122.50423, 37.58629 ], [ -122.50538, 37.58834 ], [ -122.50391, 37.59058 ], [ -122.50579, 37.59295 ], [ -122.5057, 37.59409 ], [ -122.49963, 37.59995 ] ], [ [ -122.49963, 37.59995 ], [ -122.49881, 37.60069 ], [ -122.49823, 37.60188 ], [ -122.49847, 37.60495 ], [ -122.49763, 37.60695 ], [ -122.48701, 37.61384 ], [ -122.48593, 37.61495 ], [ -122.4853, 37.6165 ], [ -122.48503, 37.62262 ], [ -122.48907, 37.62809 ], [ -122.48996, 37.63864 ], [ -122.49189, 37.64365 ], [ -122.49009, 37.65239 ], [ -122.49117, 37.65648 ], [ -122.4897, 37.65787 ], [ -122.48629, 37.65775 ], [ -122.48499, 37.65815 ], [ -122.48433, 37.65872 ], [ -122.48362, 37.66026 ], [ -122.48405, 37.66229 ], [ -122.48549, 37.66503 ], [ -122.48512, 37.6682 ], [ -122.48296, 37.67013 ], [ -122.47806, 37.67065 ], [ -122.47569, 37.67169 ], [ -122.4714, 37.67774 ], [ -122.47131, 37.6816 ] ], [ [ -122.49963, 37.59995 ], [ -122.49834, 37.60211 ], [ -122.49862, 37.60502 ], [ -122.49782, 37.60694 ], [ -122.48694, 37.6141 ], [ -122.48541, 37.61672 ], [ -122.48523, 37.62239 ], [ -122.48931, 37.62792 ], [ -122.49015, 37.63848 ], [ -122.4921, 37.64362 ], [ -122.49033, 37.65225 ], [ -122.49123, 37.65658 ], [ -122.49061, 37.65748 ], [ -122.48952, 37.65801 ], [ -122.48643, 37.65783 ], [ -122.48453, 37.65861 ], [ -122.48374, 37.66029 ], [ -122.48563, 37.66473 ], [ -122.48526, 37.6683 ], [ -122.48325, 37.67018 ], [ -122.47781, 37.67089 ], [ -122.47543, 37.67231 ], [ -122.47247, 37.67678 ], [ -122.47185, 37.68158 ] ], [ [ -122.47174, 37.70498 ], [ -122.4715, 37.71345 ], [ -122.47273, 37.71716 ], [ -122.47541, 37.72028 ], [ -122.47488, 37.73012 ], [ -122.47693, 37.75997 ], [ -122.47748, 37.76626 ], [ -122.47827, 37.76764 ], [ -122.47958, 37.77147 ], [ -122.47934, 37.77201 ], [ -122.47879, 37.77234 ], [ -122.47189, 37.77283 ], [ -122.47276, 37.78614 ], [ -122.47217, 37.78798 ], [ -122.46971, 37.79192 ], [ -122.46987, 37.80267 ] ], [ [ -122.47144, 37.70501 ], [ -122.47127, 37.71333 ], [ -122.47249, 37.71716 ], [ -122.47514, 37.72016 ], [ -122.4747, 37.72902 ], [ -122.47681, 37.75999 ], [ -122.47733, 37.76605 ], [ -122.47941, 37.77142 ], [ -122.47872, 37.77222 ], [ -122.47173, 37.77278 ], [ -122.4726, 37.78611 ], [ -122.46959, 37.7919 ], [ -122.46946, 37.80328 ] ], [ [ -122.43453, 37.46092 ], [ -122.43363, 37.46853 ], [ -122.43495, 37.4719 ] ], [ [ -122.43453, 37.46092 ], [ -122.4334, 37.46858 ], [ -122.43495, 37.4719 ] ], [ [ -122.03284, 36.976 ], [ -122.03849, 36.96789 ], [ -122.04379, 36.96265 ], [ -122.04949, 36.96056 ], [ -122.07333, 36.96213 ], [ -122.09464, 36.96146 ], [ -122.10234, 36.96321 ], [ -122.11858, 36.97004 ], [ -122.12513, 36.97103 ], [ -122.14067, 36.98135 ], [ -122.14566, 36.98373 ], [ -122.15057, 36.98483 ], [ -122.17475, 36.9968 ], [ -122.17889, 36.99956 ], [ -122.18767, 37.00751 ], [ -122.2006, 37.01423 ], [ -122.214, 37.02685 ], [ -122.22499, 37.0341 ], [ -122.22803, 37.03969 ], [ -122.25152, 37.06149 ], [ -122.26362, 37.07893 ], [ -122.26834, 37.0845 ], [ -122.27273, 37.08813 ], [ -122.27524, 37.09382 ], [ -122.28196, 37.0986 ], [ -122.28564, 37.10282 ], [ -122.29346, 37.10831 ], [ -122.29702, 37.11175 ], [ -122.30285, 37.11545 ], [ -122.31005, 37.12763 ], [ -122.32116, 37.14001 ], [ -122.34833, 37.14991 ], [ -122.35453, 37.15618 ], [ -122.35952, 37.16322 ], [ -122.36356, 37.1728 ], [ -122.36516, 37.1748 ], [ -122.37961, 37.18267 ], [ -122.3897, 37.18434 ], [ -122.39262, 37.18629 ], [ -122.39998, 37.1962 ], [ -122.40109, 37.20286 ], [ -122.40606, 37.21392 ], [ -122.4066, 37.22325 ], [ -122.4144, 37.23295 ], [ -122.41803, 37.24209 ], [ -122.41741, 37.24789 ], [ -122.4144, 37.25466 ], [ -122.41197, 37.26529 ], [ -122.40966, 37.27009 ], [ -122.40801, 37.28101 ], [ -122.40479, 37.28684 ], [ -122.40641, 37.29442 ], [ -122.40468, 37.29891 ], [ -122.40456, 37.30733 ], [ -122.40288, 37.31845 ], [ -122.40103, 37.32279 ], [ -122.39725, 37.32828 ], [ -122.39583, 37.32901 ], [ -122.39231, 37.32911 ], [ -122.39123, 37.3308 ], [ -122.39285, 37.33316 ], [ -122.39472, 37.3395 ], [ -122.39476, 37.34385 ], [ -122.39865, 37.35123 ], [ -122.39714, 37.35794 ], [ -122.40368, 37.36436 ], [ -122.40474, 37.36655 ], [ -122.4049, 37.37068 ], [ -122.40378, 37.37454 ], [ -122.40561, 37.38705 ], [ -122.40689, 37.38901 ], [ -122.41746, 37.39844 ], [ -122.41982, 37.40329 ], [ -122.42613, 37.42296 ], [ -122.42894, 37.4484 ], [ -122.43408, 37.45816 ], [ -122.43453, 37.46092 ] ], [ [ -122.03189, 36.97689 ], [ -122.03284, 36.976 ] ], [ [ -122.03189, 36.97689 ], [ -122.03268, 36.97626 ], [ -122.03284, 36.976 ] ], [ [ -121.77103, 36.86533 ], [ -121.77017, 36.8712 ], [ -121.77435, 36.8943 ], [ -121.79119, 36.92058 ], [ -121.80746, 36.93038 ], [ -121.8346, 36.93854 ], [ -121.83781, 36.94015 ], [ -121.85123, 36.94953 ], [ -121.87121, 36.96879 ], [ -121.87414, 36.97072 ], [ -121.88763, 36.97522 ], [ -121.89917, 36.97482 ], [ -121.90503, 36.97548 ], [ -121.90714, 36.9762 ], [ -121.91811, 36.98167 ], [ -121.93169, 36.98378 ], [ -121.94768, 36.98395 ], [ -121.96277, 36.98268 ], [ -121.96872, 36.9829 ], [ -121.97149, 36.98335 ], [ -121.98861, 36.98747 ], [ -122.01436, 36.98861 ], [ -122.01963, 36.9892 ], [ -122.02157, 36.98866 ], [ -122.02396, 36.9861 ], [ -122.03129, 36.98336 ], [ -122.03234, 36.98134 ], [ -122.03176, 36.97859 ], [ -122.03189, 36.97689 ] ], [ [ -122.022, 36.9899 ], [ -122.025, 36.98605 ], [ -122.02967, 36.98457 ], [ -122.03096, 36.98381 ], [ -122.03204, 36.9827 ], [ -122.03248, 36.98119 ], [ -122.03189, 36.97689 ] ], [ [ -121.77103, 36.86533 ], [ -121.76997, 36.8716 ], [ -121.7741, 36.89436 ], [ -121.79088, 36.92059 ], [ -121.80651, 36.93026 ], [ -121.83247, 36.93859 ], [ -121.84056, 36.94246 ], [ -121.851, 36.94983 ], [ -121.87109, 36.96908 ], [ -121.87351, 36.97066 ], [ -121.88744, 36.97533 ], [ -121.89938, 36.97492 ], [ -121.90516, 36.97561 ], [ -121.91798, 36.98181 ], [ -121.93137, 36.9839 ], [ -121.9476, 36.9841 ], [ -121.96199, 36.98283 ], [ -121.96872, 36.98307 ], [ -121.98799, 36.9875 ], [ -122.01528, 36.9888 ], [ -122.02134, 36.98963 ], [ -122.02213, 36.99117 ], [ -122.02133, 36.99072 ] ], [ [ -121.81731, 36.64574 ], [ -121.81497, 36.64943 ], [ -121.81679, 36.65623 ], [ -121.81632, 36.66282 ], [ -121.81502, 36.66636 ], [ -121.80776, 36.67837 ], [ -121.80912, 36.68661 ], [ -121.80822, 36.69116 ], [ -121.79644, 36.71209 ], [ -121.79154, 36.72303 ], [ -121.78841, 36.72702 ], [ -121.77872, 36.73615 ], [ -121.76686, 36.75237 ], [ -121.76574, 36.75549 ], [ -121.76576, 36.76106 ] ], [ [ -121.81689, 36.64573 ], [ -121.81464, 36.64972 ], [ -121.81649, 36.6564 ], [ -121.81551, 36.66447 ], [ -121.80739, 36.67813 ], [ -121.80868, 36.68686 ], [ -121.80735, 36.69211 ], [ -121.79603, 36.71201 ], [ -121.79095, 36.72312 ], [ -121.78809, 36.72681 ], [ -121.77868, 36.7356 ], [ -121.76622, 36.75183 ], [ -121.76522, 36.75521 ], [ -121.76576, 36.76106 ] ], [ [ -121.77109, 36.85382 ], [ -121.77103, 36.86533 ] ], [ [ -121.7711, 36.85287 ], [ -121.77109, 36.85382 ] ], [ [ -121.7711, 36.85287 ], [ -121.77106, 36.85295 ], [ -121.77109, 36.85382 ] ], [ [ -121.76576, 36.76106 ], [ -121.76543, 36.77083 ], [ -121.77961, 36.78212 ], [ -121.7836, 36.79101 ], [ -121.78373, 36.80657 ], [ -121.7855, 36.81212 ], [ -121.78599, 36.8184 ], [ -121.78443, 36.82136 ], [ -121.77692, 36.82489 ], [ -121.77117, 36.83039 ], [ -121.7711, 36.85287 ] ] ] } },
{ "type": "Feature", "properties": { "Route": 4, "route_label": "SR-4", "route_class": "SR" }, "geometry": { "type": "MultiLineString", "coordinates": [ [ [ -121.73215, 37.91703 ], [ -121.73221, 37.92091 ], [ -121.73293, 37.92493 ], [ -121.7444, 37.95051 ], [ -121.74409, 37.95867 ], [ -121.73893, 37.96664 ], [ -121.73872, 37.97063 ], [ -121.73989, 37.97321 ], [ -121.74984, 37.98694 ], [ -121.75227, 37.98897 ], [ -121.7552, 37.99011 ], [ -121.7643, 37.99145 ], [ -121.77173, 37.99397 ], [ -121.79581, 37.99808 ], [ -121.8173, 37.99843 ], [ -121.86037, 38.01037 ], [ -121.8999, 38.01968 ], [ -121.90309, 38.02004 ], [ -121.91881, 38.02016 ], [ -121.92186, 38.02003 ], [ -121.92765, 38.0192 ], [ -121.94719, 38.0191 ], [ -121.95545, 38.02111 ], [ -121.96949, 38.02382 ], [ -121.97494, 38.02382 ], [ -121.97826, 38.02297 ], [ -121.98773, 38.01887 ], [ -121.99686, 38.01413 ], [ -122.03099, 38.00844 ], [ -122.03896, 38.00476 ], [ -122.05697, 38.00012 ], [ -122.0642, 37.99661 ], [ -122.07806, 37.99201 ], [ -122.09651, 37.99078 ], [ -122.11141, 37.99616 ], [ -122.11315, 37.99657 ], [ -122.11529, 37.99667 ], [ -122.1171, 37.99642 ], [ -122.11896, 37.99581 ], [ -122.12701, 37.99143 ], [ -122.13688, 37.98959 ], [ -122.13988, 37.99015 ], [ -122.14224, 37.99168 ], [ -122.14632, 37.99893 ], [ -122.14818, 38.00068 ], [ -122.15631, 38.00521 ], [ -122.16584, 38.00669 ], [ -122.17683, 38.01465 ], [ -122.17935, 38.01565 ], [ -122.18603, 38.01633 ], [ -122.18863, 38.01617 ], [ -122.19284, 38.01475 ], [ -122.20692, 38.00894 ], [ -122.21718, 38.00825 ], [ -122.22892, 38.01031 ], [ -122.23771, 38.01395 ], [ -122.2426, 38.01503 ], [ -122.2471, 38.01527 ], [ -122.26171, 38.01336 ], [ -122.27247, 38.01597 ], [ -122.2616, 38.01324 ], [ -122.24706, 38.01506 ], [ -122.24255, 38.01478 ], [ -122.23693, 38.01353 ], [ -122.22491, 38.0084 ], [ -122.21421, 38.00715 ], [ -122.20495, 38.00899 ], [ -122.18868, 38.01598 ], [ -122.18005, 38.01562 ], [ -122.17683, 38.01443 ], [ -122.16556, 38.00632 ], [ -122.1563, 38.00501 ], [ -122.14835, 38.00053 ], [ -122.14645, 37.99869 ], [ -122.14247, 37.99153 ], [ -122.13972, 37.98986 ], [ -122.13642, 37.9894 ], [ -122.1267, 37.99135 ], [ -122.11885, 37.99569 ], [ -122.11569, 37.99647 ], [ -122.11182, 37.99612 ], [ -122.0966, 37.99057 ], [ -122.0787, 37.99161 ], [ -122.06373, 37.99661 ], [ -122.05639, 38.00007 ], [ -122.03931, 38.00438 ], [ -122.03053, 38.00822 ], [ -121.99696, 38.01372 ], [ -121.9883, 38.01832 ], [ -121.97466, 38.02358 ], [ -121.96823, 38.02333 ], [ -121.94742, 38.01882 ], [ -121.9302, 38.01878 ], [ -121.91887, 38.01997 ], [ -121.89984, 38.01949 ], [ -121.85996, 38.00997 ], [ -121.81807, 37.99841 ], [ -121.79537, 37.9978 ], [ -121.77143, 37.99368 ], [ -121.76433, 37.99121 ], [ -121.75534, 37.98991 ], [ -121.75216, 37.98863 ], [ -121.74996, 37.98675 ], [ -121.73932, 37.97106 ], [ -121.73949, 37.96663 ], [ -121.74463, 37.95872 ], [ -121.74486, 37.9505 ], [ -121.73302, 37.92482 ], [ -121.73215, 37.91703 ] ], [ [ -121.73215, 37.91703 ], [ -121.73184, 37.91361 ], [ -121.73026, 37.91091 ], [ -121.72117, 37.90402 ], [ -121.71745, 37.89889 ] ], [ [ -121.71745, 37.89889 ], [ -121.71593, 37.89757 ], [ -121.7126, 37.89579 ] ], [ [ -121.71745, 37.89889 ], [ -121.7126, 37.89579 ] ], [ [ -121.7126, 37.89579 ], [ -121.7112, 37.8963 ], [ -121.70843, 37.89635 ] ], [ [ -121.7126, 37.89579 ], [ -121.71241, 37.89579 ], [ -121.71113, 37.89621 ], [ -121.70843, 37.89635 ] ], [ [ -121.70843, 37.89635 ], [ -121.69854, 37.89637 ] ], [ [ -121.69854, 37.89637 ], [ -121.69028, 37.89641 ] ], [ [ -121.69854, 37.89637 ], [ -121.6963, 37.89632 ], [ -121.69028, 37.89641 ] ], [ [ -121.69028, 37.89641 ], [ -121.68213, 37.89645 ] ], [ [ -121.68213, 37.89645 ], [ -121.67809, 37.89653 ] ], [ [ -121.68213, 37.89645 ], [ -121.68202, 37.89642 ], [ -121.67818, 37.8965 ], [ -121.67809, 37.89653 ] ], [ [ -121.67809, 37.89653 ], [ -121.64522, 37.89647 ] ], [ [ -121.64522, 37.89647 ], [ -121.64131, 37.89642 ] ], [ [ -121.64522, 37.89647 ], [ -121.64145, 37.89636 ], [ -121.64131, 37.89642 ] ], [ [ -121.64131, 37.89642 ], [ -121.64139, 37.891 ], [ -121.64108, 37.89037 ], [ -121.6402, 37.88969 ], [ -121.63901, 37.88931 ], [ -121.61432, 37.88931 ], [ -121.60886, 37.89004 ], [ -121.5863, 37.8901 ] ], [ [ -121.64131, 37.89642 ], [ -121.64125, 37.89109 ], [ -121.63891, 37.8894 ], [ -121.61434, 37.88941 ], [ -121.60888, 37.89011 ], [ -121.5863, 37.8901 ] ], [ [ -121.5863, 37.8901 ], [ -121.5753, 37.89011 ], [ -121.57092, 37.89215 ], [ -121.56898, 37.89 ], [ -121.51502, 37.89009 ], [ -121.50904, 37.89103 ], [ -121.49187, 37.89156 ], [ -121.4881, 37.8906 ], [ -121.48737, 37.89273 ], [ -121.4817, 37.89645 ], [ -121.47395, 37.89838 ], [ -121.46667, 37.90217 ] ], [ [ -121.46667, 37.90217 ], [ -121.46537, 37.90267 ] ], [ [ -121.46667, 37.90217 ], [ -121.46656, 37.90227 ], [ -121.46537, 37.90267 ] ], [ [ -121.46537, 37.90267 ], [ -121.45196, 37.91049 ], [ -121.44883, 37.91342 ], [ -121.43166, 37.92518 ] ], [ [ -121.43166, 37.92518 ], [ -121.42853, 37.92669 ] ], [ [ -121.43166, 37.92518 ], [ -121.43057, 37.92597 ], [ -121.42853, 37.92669 ] ], [ [ -121.42853, 37.92669 ], [ -121.40258, 37.92689 ] ], [ [ -121.40258, 37.92689 ], [ -121.39655, 37.92689 ] ], [ [ -121.40258, 37.92689 ], [ -121.40251, 37.92687 ], [ -121.39665, 37.92685 ], [ -121.39655, 37.92689 ] ], [ [ -121.39655, 37.92689 ], [ -121.37537, 37.92689 ] ], [ [ -121.37537, 37.92689 ], [ -121.37416, 37.9269 ] ], [ [ -121.37537, 37.92689 ], [ -121.37523, 37.92692 ], [ -121.37416, 37.9269 ] ], [ [ -121.37416, 37.9269 ], [ -121.36036, 37.92691 ] ], [ [ -121.36036, 37.92691 ], [ -121.35804, 37.92691 ] ], [ [ -121.36036, 37.92691 ], [ -121.35824, 37.92685 ], [ -121.35804, 37.92691 ] ], [ [ -121.35804, 37.92691 ], [ -121.35338, 37.92691 ] ], [ [ -121.35338, 37.92691 ], [ -121.35206, 37.92694 ] ], [ [ -121.35338, 37.92691 ], [ -121.353, 37.9269 ], [ -121.35206, 37.92694 ] ], [ [ -121.35206, 37.92694 ], [ -121.33243, 37.92749 ] ], [ [ -121.33243, 37.92749 ], [ -121.33097, 37.92786 ] ], [ [ -121.33243, 37.92749 ], [ -121.33224, 37.92746 ], [ -121.33097, 37.92786 ] ], [ [ -121.33097, 37.92786 ], [ -121.32281, 37.93006 ] ], [ [ -121.32286, 37.93747 ], [ -121.32235, 37.93848 ], [ -121.31825, 37.93957 ], [ -121.30698, 37.94647 ], [ -121.30403, 37.94776 ], [ -121.26971, 37.95372 ], [ -121.26705, 37.95466 ], [ -121.26336, 37.95694 ], [ -121.26115, 37.95785 ], [ -121.24841, 37.96106 ], [ -121.24227, 37.96162 ] ], [ [ -121.32266, 37.93748 ], [ -121.32227, 37.93835 ], [ -121.31815, 37.93941 ], [ -121.30392, 37.94759 ], [ -121.2696, 37.95356 ], [ -121.26671, 37.9546 ], [ -121.26108, 37.95774 ], [ -121.24946, 37.96067 ], [ -121.24368, 37.96092 ], [ -121.24227, 37.96162 ] ], [ [ -121.32281, 37.93006 ], [ -121.29758, 37.93683 ] ], [ [ -121.32281, 37.93006 ], [ -121.32266, 37.93005 ], [ -121.29755, 37.93673 ] ], [ [ -121.24227, 37.96162 ], [ -121.24206, 37.96194 ] ], [ [ -121.24227, 37.96162 ], [ -121.24186, 37.96146 ] ], [ [ -121.2349, 37.94123 ], [ -121.23319, 37.94113 ] ], [ [ -121.23319, 37.94113 ], [ -121.23187, 37.94114 ] ], [ [ -121.23319, 37.94113 ], [ -121.23268, 37.94103 ], [ -121.23187, 37.94114 ] ], [ [ -121.23187, 37.94114 ], [ -121.23054, 37.94174 ] ], [ [ -121.23054, 37.94174 ], [ -121.19171, 37.95184 ], [ -121.18913, 37.95199 ], [ -121.18127, 37.94913 ], [ -121.16338, 37.94893 ], [ -121.15156, 37.94216 ], [ -121.12109, 37.94242 ], [ -121.11249, 37.94165 ], [ -121.10254, 37.93982 ], [ -121.08479, 37.93474 ], [ -121.07053, 37.93445 ], [ -121.04272, 37.93212 ], [ -121.03669, 37.92967 ], [ -120.95015, 37.93034 ], [ -120.94714, 37.931 ], [ -120.94512, 37.93295 ], [ -120.94475, 37.94129 ], [ -120.94279, 37.94397 ], [ -120.93971, 37.94486 ], [ -120.92639, 37.94486 ] ], [ [ -121.23054, 37.94174 ], [ -121.23193, 37.9422 ], [ -121.23874, 37.94598 ], [ -121.23192, 37.94204 ], [ -121.23054, 37.94174 ] ] ] } },
{ "type": "Feature", "properties": { "Route": 5, "route_label": "I-5", "route_class": "I" }, "geometry": { "type": "MultiLineString", "coordinates": [ [ [ -120.77733, 36.85488 ], [ -120.8001, 36.88794 ], [ -120.81766, 36.90829 ], [ -120.84189, 36.93129 ], [ -120.88965, 36.97063 ], [ -120.91733, 37.00223 ], [ -121.00478, 37.09262 ], [ -121.02159, 37.11333 ], [ -121.07659, 37.19807 ], [ -121.10652, 37.31415 ], [ -121.12881, 37.38257 ], [ -121.14856, 37.41201 ], [ -121.16118, 37.43697 ], [ -121.17913, 37.46196 ], [ -121.21155, 37.49426 ], [ -121.22448, 37.50383 ], [ -121.26008, 37.53401 ], [ -121.33174, 37.58926 ], [ -121.34019, 37.59453 ], [ -121.34248, 37.59752 ], [ -121.34303, 37.5998 ], [ -121.34379, 37.75645 ], [ -121.34292, 37.75856 ], [ -121.34083, 37.76086 ], [ -121.31237, 37.78157 ], [ -121.30398, 37.78693 ], [ -121.30166, 37.78977 ], [ -121.30036, 37.79881 ], [ -121.28734, 37.83403 ], [ -121.28218, 37.8558 ], [ -121.27817, 37.86998 ], [ -121.27783, 37.87336 ], [ -121.27927, 37.88367 ], [ -121.29692, 37.93298 ], [ -121.30018, 37.94744 ], [ -121.30303, 37.95004 ], [ -121.31311, 37.95502 ], [ -121.31656, 37.95579 ], [ -121.32642, 37.95623 ], [ -121.32944, 37.95702 ], [ -121.33287, 37.95927 ], [ -121.3346, 37.96182 ], [ -121.35462, 38.01235 ], [ -121.36564, 38.03491 ], [ -121.38204, 38.087 ], [ -121.39185, 38.10692 ], [ -121.3968, 38.11337 ], [ -121.40012, 38.12031 ], [ -121.4007, 38.12476 ], [ -121.39942, 38.13311 ], [ -121.39944, 38.14614 ], [ -121.40093, 38.18299 ], [ -121.44377, 38.24408 ], [ -121.45634, 38.27636 ], [ -121.49367, 38.45539 ], [ -121.49898, 38.47004 ], [ -121.50198, 38.47337 ], [ -121.50884, 38.47864 ], [ -121.51078, 38.48124 ], [ -121.51691, 38.49615 ], [ -121.51811, 38.50254 ], [ -121.52142, 38.50789 ], [ -121.5223, 38.51042 ], [ -121.52151, 38.52543 ], [ -121.52083, 38.52666 ], [ -121.51847, 38.52935 ], [ -121.5168, 38.53491 ], [ -121.51112, 38.54048 ], [ -121.50935, 38.54409 ], [ -121.50953, 38.54721 ], [ -121.51268, 38.55432 ], [ -121.51471, 38.56065 ], [ -121.51482, 38.56283 ], [ -121.51368, 38.56574 ], [ -121.50968, 38.56991 ], [ -121.50876, 38.57473 ], [ -121.50746, 38.57787 ], [ -121.50318, 38.58367 ], [ -121.50302, 38.58567 ], [ -121.50468, 38.59029 ], [ -121.50417, 38.59804 ], [ -121.51404, 38.61778 ], [ -121.52078, 38.63274 ], [ -121.53815, 38.66474 ], [ -121.54283, 38.66911 ], [ -121.55011, 38.67106 ], [ -121.59967, 38.67111 ], [ -121.61932, 38.67311 ], [ -121.73898, 38.67381 ], [ -121.74305, 38.67513 ], [ -121.74556, 38.677 ], [ -121.7561, 38.69107 ], [ -121.75906, 38.69373 ], [ -121.76399, 38.6961 ], [ -121.77754, 38.69899 ], [ -121.78139, 38.70068 ], [ -121.80055, 38.71856 ], [ -121.80814, 38.72778 ], [ -121.81536, 38.73227 ], [ -121.8174, 38.73399 ], [ -121.82298, 38.742 ], [ -121.83327, 38.75173 ], [ -121.84101, 38.75717 ], [ -121.84555, 38.76337 ], [ -121.85027, 38.76796 ], [ -121.85921, 38.77449 ], [ -121.86396, 38.7808 ], [ -121.86985, 38.78652 ], [ -121.87744, 38.79192 ], [ -121.88886, 38.80388 ], [ -121.89605, 38.80891 ], [ -121.90183, 38.81671 ], [ -121.91797, 38.83211 ], [ -121.92125, 38.83442 ], [ -121.92817, 38.83747 ], [ -121.93172, 38.83985 ], [ -121.97216, 38.87894 ], [ -121.97407, 38.88165 ], [ -121.97951, 38.89374 ], [ -122.00102, 38.9265 ], [ -122.00438, 38.93664 ], [ -122.01146, 38.94739 ], [ -122.01694, 38.95248 ], [ -122.01937, 38.95574 ], [ -122.02702, 38.96749 ], [ -122.02985, 38.97538 ], [ -122.05536, 39.01317 ] ], [ [ -120.77707, 36.85512 ], [ -120.79989, 36.88825 ], [ -120.82069, 36.91226 ], [ -120.84242, 36.93218 ], [ -120.88891, 36.97039 ], [ -120.91834, 37.00376 ], [ -121.00395, 37.09223 ], [ -121.02218, 37.11487 ], [ -121.07622, 37.19809 ], [ -121.10608, 37.31408 ], [ -121.12844, 37.38269 ], [ -121.14824, 37.41217 ], [ -121.16242, 37.43988 ], [ -121.17801, 37.46128 ], [ -121.21128, 37.49451 ], [ -121.2242, 37.50408 ], [ -121.25969, 37.53412 ], [ -121.33669, 37.59359 ], [ -121.34015, 37.59695 ], [ -121.34195, 37.60013 ], [ -121.34267, 37.60385 ], [ -121.34339, 37.75634 ], [ -121.34059, 37.76052 ], [ -121.30389, 37.78665 ], [ -121.30141, 37.78957 ], [ -121.30013, 37.7985 ], [ -121.28709, 37.83381 ], [ -121.27778, 37.87027 ], [ -121.27753, 37.87361 ], [ -121.2789, 37.88363 ], [ -121.29659, 37.93296 ], [ -121.29877, 37.94499 ], [ -121.30002, 37.94769 ], [ -121.30331, 37.9505 ], [ -121.31346, 37.95537 ], [ -121.31679, 37.95603 ], [ -121.32612, 37.95641 ], [ -121.32921, 37.9572 ], [ -121.33214, 37.95895 ], [ -121.33414, 37.96154 ], [ -121.35369, 38.01103 ], [ -121.36531, 38.03498 ], [ -121.38167, 38.08699 ], [ -121.39195, 38.10775 ], [ -121.39644, 38.11336 ], [ -121.39974, 38.1201 ], [ -121.40036, 38.12452 ], [ -121.39903, 38.13349 ], [ -121.39906, 38.14613 ], [ -121.39985, 38.17992 ], [ -121.4007, 38.18341 ], [ -121.44351, 38.24434 ], [ -121.45609, 38.27677 ], [ -121.49335, 38.4557 ], [ -121.49857, 38.47005 ], [ -121.50156, 38.47346 ], [ -121.50818, 38.47842 ], [ -121.51044, 38.48124 ], [ -121.51674, 38.4964 ], [ -121.51783, 38.50256 ], [ -121.522, 38.51023 ], [ -121.52126, 38.52539 ], [ -121.51812, 38.52945 ], [ -121.51651, 38.53496 ], [ -121.51068, 38.5407 ], [ -121.5091, 38.54402 ], [ -121.50935, 38.54739 ], [ -121.51254, 38.55466 ], [ -121.51457, 38.5629 ], [ -121.51344, 38.56571 ], [ -121.50944, 38.56989 ], [ -121.50724, 38.5778 ], [ -121.5029, 38.58378 ], [ -121.50281, 38.58576 ], [ -121.50439, 38.59038 ], [ -121.5039, 38.59815 ], [ -121.52084, 38.63353 ], [ -121.53786, 38.66481 ], [ -121.54279, 38.66941 ], [ -121.54976, 38.67134 ], [ -121.59985, 38.67138 ], [ -121.6191, 38.67336 ], [ -121.73894, 38.6741 ], [ -121.74241, 38.67512 ], [ -121.74536, 38.67723 ], [ -121.75568, 38.69104 ], [ -121.75954, 38.69435 ], [ -121.7641, 38.6964 ], [ -121.77766, 38.69928 ], [ -121.78123, 38.7009 ], [ -121.80033, 38.71876 ], [ -121.80794, 38.72801 ], [ -121.81707, 38.73409 ], [ -121.82237, 38.7418 ], [ -121.83231, 38.75129 ], [ -121.84057, 38.75717 ], [ -121.8452, 38.76344 ], [ -121.85022, 38.76832 ], [ -121.85901, 38.7747 ], [ -121.86379, 38.78108 ], [ -121.86975, 38.78685 ], [ -121.87724, 38.79214 ], [ -121.88799, 38.80351 ], [ -121.89585, 38.80912 ], [ -121.9019, 38.81723 ], [ -121.91772, 38.83229 ], [ -121.92095, 38.83459 ], [ -121.93131, 38.83989 ], [ -121.97204, 38.87926 ], [ -121.97933, 38.89401 ], [ -122.00108, 38.92724 ], [ -122.00391, 38.93655 ], [ -122.01153, 38.94796 ], [ -122.01818, 38.95452 ], [ -122.02679, 38.96776 ], [ -122.02992, 38.9761 ], [ -122.05332, 39.01158 ], [ -122.05521, 39.01324 ] ] ] } },
{ "type": "Feature", "properties": { "Route": 12, "route_label": "SR-12", "route_class": "SR" }, "geometry": { "type": "MultiLineString", "coordinates": [ [ [ -122.8242, 38.40211 ], [ -122.81326, 38.40448 ] ], [ [ -122.81326, 38.40448 ], [ -122.79876, 38.40962 ], [ -122.79492, 38.41172 ] ], [ [ -122.81326, 38.40448 ], [ -122.81317, 38.40448 ], [ -122.81177, 38.40495 ], [ -122.79875, 38.40956 ], [ -122.79492, 38.41172 ] ], [ [ -122.79492, 38.41172 ], [ -122.77529, 38.42309 ] ], [ [ -122.77529, 38.42309 ], [ -122.77378, 38.42396 ], [ -122.77029, 38.42693 ], [ -122.76711, 38.42806 ], [ -122.745, 38.42973 ], [ -122.72346, 38.43329 ], [ -122.71871, 38.43242 ] ], [ [ -122.77529, 38.42309 ], [ -122.7705, 38.42705 ], [ -122.76701, 38.4283 ], [ -122.74533, 38.42988 ], [ -122.72374, 38.43346 ], [ -122.71871, 38.43264 ] ], [ [ -122.71869, 38.43263 ], [ -122.7149, 38.43113 ], [ -122.71197, 38.43098 ], [ -122.70495, 38.43274 ], [ -122.69558, 38.43434 ], [ -122.68809, 38.4367 ], [ -122.68713, 38.44028 ], [ -122.68848, 38.44972 ] ], [ [ -122.71869, 38.43241 ], [ -122.71508, 38.43097 ], [ -122.71143, 38.43083 ], [ -122.6904, 38.43542 ], [ -122.68762, 38.43516 ], [ -122.68699, 38.44028 ], [ -122.68848, 38.44972 ] ], [ [ -122.68848, 38.44972 ], [ -122.68718, 38.45005 ], [ -122.68384, 38.44979 ], [ -122.68222, 38.45126 ], [ -122.68068, 38.45472 ], [ -122.67602, 38.45804 ], [ -122.66822, 38.46288 ], [ -122.66642, 38.46356 ], [ -122.66023, 38.46499 ], [ -122.65891, 38.46512 ], [ -122.65144, 38.46489 ], [ -122.64787, 38.46404 ], [ -122.64208, 38.46201 ], [ -122.63552, 38.45855 ], [ -122.6312, 38.45759 ], [ -122.62159, 38.45297 ] ], [ [ -122.68848, 38.44972 ], [ -122.68392, 38.44962 ], [ -122.68203, 38.4513 ], [ -122.68029, 38.4549 ], [ -122.66815, 38.46278 ], [ -122.65904, 38.46501 ], [ -122.65141, 38.46476 ], [ -122.64794, 38.46394 ], [ -122.64187, 38.46177 ], [ -122.63621, 38.4587 ], [ -122.63131, 38.4575 ], [ -122.62159, 38.45297 ] ], [ [ -122.62159, 38.45297 ], [ -122.59722, 38.44162 ], [ -122.58682, 38.43903 ], [ -122.56004, 38.42778 ], [ -122.54652, 38.41467 ] ], [ [ -122.54652, 38.41467 ], [ -122.54577, 38.4139 ] ], [ [ -122.54652, 38.41467 ], [ -122.54579, 38.41399 ], [ -122.54577, 38.4139 ] ], [ [ -122.54577, 38.4139 ], [ -122.53751, 38.39873 ], [ -122.53009, 38.39206 ], [ -122.51887, 38.38647 ], [ -122.51643, 38.38283 ] ], [ [ -122.51643, 38.38283 ], [ -122.51322, 38.37711 ] ], [ [ -122.51643, 38.38283 ], [ -122.51349, 38.37798 ], [ -122.51322, 38.37711 ] ], [ [ -122.51501, 38.37291 ], [ -122.51581, 38.3714 ], [ -122.51526, 38.36984 ] ], [ [ -122.51501, 38.37291 ], [ -122.51586, 38.37171 ], [ -122.51575, 38.37047 ], [ -122.51526, 38.36984 ] ], [ [ -122.51526, 38.36984 ], [ -122.50483, 38.35879 ], [ -122.50048, 38.35286 ], [ -122.49888, 38.3496 ], [ -122.49878, 38.34529 ], [ -122.49222, 38.33616 ], [ -122.48995, 38.33156 ], [ -122.48664, 38.32072 ], [ -122.48156, 38.31392 ] ], [ [ -122.51322, 38.37711 ], [ -122.51343, 38.37507 ], [ -122.51501, 38.37291 ] ], [ [ -122.48156, 38.31392 ], [ -122.47932, 38.30959 ], [ -122.47869, 38.30854 ] ], [ [ -122.48156, 38.31392 ], [ -122.47869, 38.30854 ] ], [ [ -122.47869, 38.30854 ], [ -122.47711, 38.30384 ], [ -122.47489, 38.30082 ] ], [ [ -122.47584, 38.29368 ], [ -122.46126, 38.29224 ] ], [ [ -122.47565, 38.2957 ], [ -122.47584, 38.29368 ] ], [ [ -122.47584, 38.29368 ], [ -122.46156, 38.29221 ], [ -122.46126, 38.29224 ] ], [ [ -122.47489, 38.30082 ], [ -122.47565, 38.2957 ] ], [ [ -122.47489, 38.30082 ], [ -122.4751, 38.30013 ], [ -122.47565, 38.2957 ] ], [ [ -122.46126, 38.29224 ], [ -122.45787, 38.29196 ] ], [ [ -122.45787, 38.29196 ], [ -122.45894, 38.28486 ] ], [ [ -122.45787, 38.29196 ], [ -122.45797, 38.29186 ], [ -122.45894, 38.28486 ] ], [ [ -122.45894, 38.28486 ], [ -122.46229, 38.26277 ], [ -122.45684, 38.26122 ], [ -122.45, 38.24968 ], [ -122.4491, 38.244 ], [ -122.44826, 38.24303 ] ], [ [ -122.25789, 38.22317 ], [ -122.25451, 38.22277 ] ], [ [ -122.25451, 38.22277 ], [ -122.24986, 38.22217 ], [ -122.24522, 38.22126 ], [ -122.2391, 38.22146 ], [ -122.23757, 38.22129 ], [ -122.20072, 38.20909 ], [ -122.19496, 38.209 ], [ -122.18564, 38.20845 ], [ -122.17688, 38.20652 ], [ -122.16896, 38.20773 ], [ -122.15594, 38.20775 ] ], [ [ -122.25451, 38.22277 ], [ -122.24533, 38.22116 ], [ -122.23763, 38.22115 ], [ -122.20068, 38.20898 ], [ -122.18562, 38.20835 ], [ -122.17698, 38.20638 ], [ -122.16912, 38.20757 ], [ -122.15594, 38.20775 ] ], [ [ -122.15594, 38.20775 ], [ -122.14995, 38.20828 ] ], [ [ -122.09241, 38.24006 ], [ -122.05509, 38.24084 ], [ -122.04907, 38.24152 ], [ -122.03689, 38.245 ], [ -122.03513, 38.24517 ], [ -122.02545, 38.24384 ], [ -121.99581, 38.24328 ], [ -121.99146, 38.24164 ], [ -121.98526, 38.2366 ] ], [ [ -122.0924, 38.2392 ], [ -122.05487, 38.24069 ], [ -122.04855, 38.24154 ], [ -122.03549, 38.24507 ], [ -122.02498, 38.24365 ], [ -121.99588, 38.24302 ], [ -121.99146, 38.24135 ], [ -121.98526, 38.2366 ] ], [ [ -121.98526, 38.2366 ], [ -121.97779, 38.23054 ], [ -121.9722, 38.22857 ], [ -121.9045, 38.22838 ] ], [ [ -121.9045, 38.22838 ], [ -121.90195, 38.22837 ] ], [ [ -121.9045, 38.22838 ], [ -121.90206, 38.22834 ], [ -121.90195, 38.22837 ] ], [ [ -121.90195, 38.22837 ], [ -121.89878, 38.22831 ], [ -121.89563, 38.22731 ], [ -121.88938, 38.22091 ] ], [ [ -121.88938, 38.22091 ], [ -121.88793, 38.2193 ] ], [ [ -121.88938, 38.22091 ], [ -121.88796, 38.21941 ], [ -121.88793, 38.2193 ] ], [ [ -121.88793, 38.2193 ], [ -121.87371, 38.20462 ] ], [ [ -121.87371, 38.20462 ], [ -121.8726, 38.20339 ] ], [ [ -121.87371, 38.20462 ], [ -121.87265, 38.20349 ], [ -121.8726, 38.20339 ] ], [ [ -121.8726, 38.20339 ], [ -121.86112, 38.19305 ], [ -121.84435, 38.18445 ] ], [ [ -121.84435, 38.18445 ], [ -121.84173, 38.18385 ] ], [ [ -121.84435, 38.18445 ], [ -121.84305, 38.18405 ], [ -121.84173, 38.18385 ] ], [ [ -121.84173, 38.18385 ], [ -121.80754, 38.18364 ] ], [ [ -121.80754, 38.18364 ], [ -121.8047, 38.18363 ] ], [ [ -121.80754, 38.18364 ], [ -121.80608, 38.1835 ], [ -121.8047, 38.18363 ] ], [ [ -121.8047, 38.18363 ], [ -121.72652, 38.18309 ], [ -121.72325, 38.18166 ], [ -121.69996, 38.16314 ] ], [ [ -121.69996, 38.16314 ], [ -121.69765, 38.1613 ], [ -121.69688, 38.16093 ], [ -121.69558, 38.16058 ], [ -121.69408, 38.1605 ], [ -121.68799, 38.16076 ] ], [ [ -121.69996, 38.16314 ], [ -121.6955, 38.16067 ], [ -121.68799, 38.16076 ] ], [ [ -121.68799, 38.16076 ], [ -121.67917, 38.15654 ] ], [ [ -121.67917, 38.15654 ], [ -121.67535, 38.1546 ], [ -121.67342, 38.15383 ] ], [ [ -121.67917, 38.15654 ], [ -121.67342, 38.15383 ] ], [ [ -121.67342, 38.15383 ], [ -121.64358, 38.14547 ] ], [ [ -121.64358, 38.14547 ], [ -121.62617, 38.14066 ] ], [ [ -121.64358, 38.14547 ], [ -121.62617, 38.14066 ], [ -121.62617, 38.14066 ] ], [ [ -121.62617, 38.14066 ], [ -121.62088, 38.13919 ] ], [ [ -121.62617, 38.14066 ], [ -121.62377, 38.14 ], [ -121.62088, 38.13919 ] ], [ [ -121.62088, 38.13919 ], [ -121.59316, 38.13146 ], [ -121.5765, 38.1244 ] ], [ [ -121.5765, 38.1244 ], [ -121.55431, 38.11462 ], [ -121.54905, 38.11332 ], [ -121.54512, 38.11307 ], [ -121.5068, 38.11392 ] ], [ [ -121.5765, 38.1244 ], [ -121.5544, 38.11481 ], [ -121.54849, 38.11338 ], [ -121.5068, 38.11392 ] ], [ [ -121.5068, 38.11392 ], [ -121.49054, 38.11542 ], [ -121.4735, 38.1154 ] ], [ [ -121.4735, 38.1154 ], [ -121.47197, 38.11538 ] ], [ [ -121.4735, 38.1154 ], [ -121.47338, 38.11535 ], [ -121.47197, 38.11538 ] ], [ [ -121.47197, 38.11538 ], [ -121.4313, 38.11541 ], [ -121.42456, 38.11606 ] ], [ [ -121.42456, 38.11606 ], [ -121.42087, 38.11605 ] ], [ [ -121.42456, 38.11606 ], [ -121.42258, 38.11601 ], [ -121.42087, 38.11605 ] ], [ [ -121.42087, 38.11605 ], [ -121.40892, 38.11613 ] ], [ [ -121.40892, 38.11613 ], [ -121.38874, 38.11616 ] ], [ [ -121.40892, 38.11613 ], [ -121.40477, 38.11592 ], [ -121.39157, 38.11593 ], [ -121.38874, 38.11616 ] ], [ [ -121.38874, 38.11616 ], [ -121.35446, 38.11579 ] ], [ [ -121.35446, 38.11579 ], [ -121.34773, 38.11568 ] ], [ [ -121.35446, 38.11579 ], [ -121.35174, 38.11569 ], [ -121.34773, 38.11568 ] ], [ [ -121.34773, 38.11568 ], [ -121.30575, 38.11551 ] ], [ [ -121.30575, 38.11551 ], [ -121.29099, 38.11553 ] ], [ [ -121.30575, 38.11551 ], [ -121.30557, 38.11543 ], [ -121.291, 38.11541 ] ], [ [ -121.29099, 38.11541 ], [ -121.27903, 38.11537 ], [ -121.25791, 38.11625 ] ], [ [ -121.29097, 38.11553 ], [ -121.2579, 38.11633 ] ], [ [ -121.25771, 38.13753 ], [ -121.25739, 38.13755 ] ], [ [ -121.25739, 38.13755 ], [ -121.25607, 38.13763 ], [ -121.25142, 38.13764 ] ], [ [ -121.25739, 38.13755 ], [ -121.25726, 38.13752 ], [ -121.25147, 38.1376 ], [ -121.25142, 38.13764 ] ], [ [ -121.25142, 38.13764 ], [ -121.16445, 38.13838 ] ], [ [ -121.16445, 38.13838 ], [ -121.16327, 38.13869 ], [ -121.16235, 38.1387 ], [ -121.16327, 38.13877 ], [ -121.16445, 38.13838 ] ], [ [ -121.06816, 38.19784 ], [ -121.05446, 38.20144 ], [ -121.03489, 38.20128 ], [ -121.01879, 38.20321 ], [ -121.00492, 38.20272 ], [ -120.99202, 38.20489 ], [ -120.98737, 38.20484 ], [ -120.98387, 38.20304 ], [ -120.97885, 38.19486 ], [ -120.97297, 38.1913 ], [ -120.97237, 38.18685 ], [ -120.97096, 38.18468 ], [ -120.95597, 38.17838 ], [ -120.95212, 38.17762 ], [ -120.94478, 38.17766 ], [ -120.91988, 38.17873 ] ], [ [ -120.91988, 38.17873 ], [ -120.91471, 38.17962 ] ], [ [ -120.91988, 38.17873 ], [ -120.91629, 38.17941 ], [ -120.91471, 38.17962 ] ], [ [ -120.91471, 38.17962 ], [ -120.89886, 38.18316 ], [ -120.89372, 38.18276 ], [ -120.89056, 38.18354 ], [ -120.87416, 38.18411 ], [ -120.86375, 38.18608 ], [ -120.85655, 38.18499 ], [ -120.847, 38.18636 ], [ -120.84289, 38.1847 ], [ -120.83994, 38.18469 ], [ -120.83182, 38.18807 ], [ -120.82845, 38.19212 ], [ -120.80178, 38.19685 ], [ -120.78557, 38.20881 ], [ -120.78258, 38.20922 ], [ -120.77457, 38.20865 ], [ -120.76804, 38.21041 ] ], [ [ -120.76804, 38.21041 ], [ -120.76286, 38.21205 ] ], [ [ -120.76804, 38.21041 ], [ -120.76547, 38.21164 ], [ -120.76286, 38.21205 ] ], [ [ -120.76286, 38.21205 ], [ -120.74771, 38.21229 ], [ -120.74356, 38.20978 ], [ -120.72739, 38.20525 ], [ -120.72179, 38.20107 ], [ -120.71953, 38.20029 ], [ -120.71587, 38.20129 ], [ -120.71322, 38.2053 ], [ -120.7068, 38.20918 ], [ -120.70388, 38.20889 ], [ -120.69737, 38.20486 ] ] ] } },
{ "type": "Feature", "properties": { "Route": 13, "route_label": "SR-13", "route_class": "SR" }, "geometry": { "type": "MultiLineString", "coordinates": [ [ [ -122.29437, 37.84966 ], [ -122.29687, 37.84877 ], [ -122.29893, 37.84901 ] ], [ [ -122.29437, 37.84966 ], [ -122.2985, 37.84716 ] ], [ [ -122.23873, 37.85531 ], [ -122.24389, 37.85811 ], [ -122.25075, 37.85775 ], [ -122.26945, 37.85452 ], [ -122.28145, 37.85321 ], [ -122.28972, 37.85156 ], [ -122.29437, 37.84966 ] ], [ [ -122.17831, 37.78366 ], [ -122.18133, 37.78828 ], [ -122.18141, 37.79283 ], [ -122.18538, 37.79849 ], [ -122.20035, 37.81289 ], [ -122.2168, 37.83236 ], [ -122.21968, 37.8364 ], [ -122.22222, 37.83844 ], [ -122.223, 37.83925 ], [ -122.22739, 37.84516 ], [ -122.22834, 37.84863 ], [ -122.23215, 37.85039 ], [ -122.23373, 37.85222 ], [ -122.23507, 37.85277 ], [ -122.23583, 37.85337 ], [ -122.23634, 37.85404 ], [ -122.2372, 37.85473 ], [ -122.23873, 37.85531 ] ], [ [ -122.17743, 37.78399 ], [ -122.1809, 37.7879 ], [ -122.18101, 37.79249 ], [ -122.18501, 37.79841 ], [ -122.20043, 37.81328 ], [ -122.21945, 37.83628 ], [ -122.22263, 37.83897 ], [ -122.22732, 37.84524 ], [ -122.22802, 37.84862 ], [ -122.23224, 37.85059 ], [ -122.23366, 37.85231 ], [ -122.23717, 37.85479 ], [ -122.23873, 37.85531 ] ] ] } },
{ "type": "Feature", "properties": { "Route": 17, "route_label": "SR-17", "route_class": "SR" }, "geometry": { "type": "MultiLineString", "coordinates": [ [ [ -122.022, 36.9899 ], [ -122.01913, 36.99405 ], [ -122.01933, 36.99521 ], [ -122.02102, 36.99747 ], [ -122.02159, 36.99907 ], [ -122.02154, 37.00042 ], [ -122.02062, 37.00329 ], [ -122.02098, 37.00658 ], [ -122.0234, 37.01224 ], [ -122.028, 37.01842 ], [ -122.02679, 37.02523 ], [ -122.02637, 37.02595 ], [ -122.02341, 37.0291 ], [ -122.0223, 37.03448 ], [ -122.02148, 37.03557 ], [ -122.01796, 37.03815 ], [ -122.01473, 37.04522 ], [ -122.0088, 37.05336 ], [ -122.00325, 37.06365 ], [ -122.00199, 37.06463 ], [ -121.99399, 37.06924 ], [ -121.98762, 37.07548 ], [ -121.987, 37.07592 ], [ -121.98546, 37.07657 ], [ -121.9826, 37.07712 ], [ -121.98079, 37.07803 ], [ -121.97674, 37.08197 ], [ -121.97891, 37.08614 ], [ -121.97899, 37.0868 ], [ -121.97883, 37.08752 ], [ -121.97758, 37.08959 ], [ -121.97844, 37.09124 ], [ -121.97863, 37.09251 ], [ -121.97826, 37.09347 ], [ -121.97521, 37.09726 ], [ -121.97532, 37.09825 ], [ -121.97745, 37.10101 ], [ -121.97765, 37.10192 ], [ -121.97727, 37.10294 ], [ -121.97488, 37.10517 ], [ -121.97684, 37.1071 ], [ -121.97717, 37.10763 ], [ -121.97723, 37.10824 ], [ -121.97606, 37.11203 ], [ -121.97461, 37.114 ], [ -121.97586, 37.11621 ], [ -121.97582, 37.11674 ], [ -121.97518, 37.11825 ], [ -121.97606, 37.1197 ], [ -121.97606, 37.12047 ], [ -121.97583, 37.12091 ], [ -121.97542, 37.12129 ], [ -121.97326, 37.12235 ], [ -121.97288, 37.12342 ], [ -121.97378, 37.12616 ], [ -121.97533, 37.12719 ], [ -121.98419, 37.13581 ], [ -121.9845, 37.13697 ], [ -121.98427, 37.13909 ], [ -121.98531, 37.14174 ], [ -121.9847, 37.145 ], [ -121.98738, 37.14662 ], [ -121.98795, 37.14745 ], [ -121.98792, 37.14799 ], [ -121.98764, 37.14846 ], [ -121.98494, 37.15126 ], [ -121.98559, 37.15399 ], [ -121.98549, 37.15473 ], [ -121.98486, 37.15533 ], [ -121.98265, 37.15645 ], [ -121.98224, 37.15815 ], [ -121.9845, 37.16014 ], [ -121.98579, 37.16174 ], [ -121.98652, 37.16213 ], [ -121.98958, 37.16165 ], [ -121.99051, 37.16185 ], [ -121.99114, 37.16235 ], [ -121.99141, 37.16304 ], [ -121.99126, 37.16366 ], [ -121.99053, 37.16431 ], [ -121.98861, 37.16501 ], [ -121.98831, 37.16637 ], [ -121.98886, 37.16731 ], [ -121.98964, 37.16978 ], [ -121.99065, 37.17141 ], [ -121.99555, 37.17511 ], [ -121.9961, 37.17591 ], [ -121.99617, 37.17653 ], [ -121.99591, 37.17745 ], [ -121.99134, 37.18599 ], [ -121.99149, 37.18784 ], [ -121.99386, 37.19163 ], [ -121.99418, 37.19326 ], [ -121.99196, 37.20448 ], [ -121.99156, 37.20534 ], [ -121.98972, 37.20791 ], [ -121.98964, 37.20869 ], [ -121.99004, 37.21012 ], [ -121.98996, 37.21078 ], [ -121.98957, 37.2114 ], [ -121.98836, 37.21239 ], [ -121.98788, 37.21327 ], [ -121.98856, 37.21621 ], [ -121.98818, 37.21748 ], [ -121.98705, 37.21865 ], [ -121.9768, 37.22516 ], [ -121.97463, 37.22724 ], [ -121.96819, 37.23964 ], [ -121.96162, 37.2461 ], [ -121.95663, 37.25498 ], [ -121.9496, 37.26463 ], [ -121.94848, 37.26704 ], [ -121.94583, 37.27794 ], [ -121.94503, 37.2794 ], [ -121.93699, 37.28702 ], [ -121.93686, 37.29104 ], [ -121.94006, 37.2974 ], [ -121.94065, 37.29925 ], [ -121.94069, 37.31263 ], [ -121.94037, 37.31732 ] ], [ [ -122.02183, 36.98977 ], [ -122.01932, 36.99289 ], [ -122.019, 36.99447 ], [ -122.01932, 36.99547 ], [ -122.02139, 36.99881 ], [ -122.02047, 37.00349 ], [ -122.02087, 37.00673 ], [ -122.02121, 37.00786 ], [ -122.02324, 37.01231 ], [ -122.02759, 37.01826 ], [ -122.02654, 37.02542 ], [ -122.02325, 37.02902 ], [ -122.02185, 37.03482 ], [ -122.01787, 37.03798 ], [ -122.01458, 37.04518 ], [ -122.0087, 37.05327 ], [ -122.00302, 37.06358 ], [ -121.99393, 37.06917 ], [ -121.98699, 37.0758 ], [ -121.98241, 37.07709 ], [ -121.98072, 37.07796 ], [ -121.97717, 37.08087 ], [ -121.97663, 37.08214 ], [ -121.97887, 37.08624 ], [ -121.97748, 37.08941 ], [ -121.97852, 37.09251 ], [ -121.97513, 37.09715 ], [ -121.97522, 37.09823 ], [ -121.97753, 37.10192 ], [ -121.97477, 37.10527 ], [ -121.97713, 37.10828 ], [ -121.97451, 37.11397 ], [ -121.97576, 37.1162 ], [ -121.97508, 37.11821 ], [ -121.97595, 37.1205 ], [ -121.97333, 37.12216 ], [ -121.97277, 37.12341 ], [ -121.9737, 37.1262 ], [ -121.984, 37.1357 ], [ -121.98417, 37.1391 ], [ -121.9852, 37.14181 ], [ -121.9846, 37.14504 ], [ -121.98786, 37.14748 ], [ -121.98484, 37.15125 ], [ -121.98543, 37.15462 ], [ -121.98244, 37.15655 ], [ -121.98218, 37.15828 ], [ -121.98602, 37.162 ], [ -121.98652, 37.16221 ], [ -121.98728, 37.16231 ], [ -121.98969, 37.16175 ], [ -121.99106, 37.16242 ], [ -121.99102, 37.16379 ], [ -121.98866, 37.16485 ], [ -121.98817, 37.16626 ], [ -121.98943, 37.16971 ], [ -121.99034, 37.17121 ], [ -121.99608, 37.17626 ], [ -121.99119, 37.18615 ], [ -121.99151, 37.18815 ], [ -121.99406, 37.19271 ], [ -121.99184, 37.20448 ], [ -121.98962, 37.20787 ], [ -121.98955, 37.20877 ], [ -121.98993, 37.21009 ], [ -121.98977, 37.21098 ], [ -121.98832, 37.21228 ], [ -121.98777, 37.2132 ], [ -121.9881, 37.21725 ], [ -121.97651, 37.22523 ], [ -121.97464, 37.22696 ], [ -121.96802, 37.23949 ], [ -121.96111, 37.24635 ], [ -121.95679, 37.25432 ], [ -121.9497, 37.26397 ], [ -121.94807, 37.26774 ], [ -121.94482, 37.27929 ], [ -121.93693, 37.28665 ], [ -121.93653, 37.2907 ], [ -121.94044, 37.29916 ], [ -121.94019, 37.31733 ] ] ] } },
{ "type": "Feature", "properties": { "Route": 24, "route_label": "SR-24", "route_class": "SR" }, "geometry": { "type": "MultiLineString", "coordinates": [ [ [ -122.26857, 37.82436 ], [ -122.26556, 37.83789 ], [ -122.26368, 37.84041 ], [ -122.24844, 37.84608 ], [ -122.24039, 37.85001 ], [ -122.23804, 37.84998 ], [ -122.2347, 37.84885 ], [ -122.22469, 37.84923 ], [ -122.22153, 37.85365 ], [ -122.21632, 37.8565 ], [ -122.21096, 37.86112 ], [ -122.20872, 37.86489 ], [ -122.20792, 37.86563 ], [ -122.20336, 37.86716 ], [ -122.19644, 37.86789 ], [ -122.18995, 37.87249 ], [ -122.1862, 37.87807 ], [ -122.18095, 37.88247 ], [ -122.17716, 37.88812 ], [ -122.1724, 37.89136 ], [ -122.16785, 37.89269 ], [ -122.16255, 37.89317 ], [ -122.14877, 37.8914 ], [ -122.14281, 37.89165 ], [ -122.13536, 37.89087 ], [ -122.12108, 37.89419 ], [ -122.09708, 37.89787 ], [ -122.08484, 37.89817 ], [ -122.07503, 37.89623 ], [ -122.07161, 37.89839 ], [ -122.06971, 37.90629 ] ], [ [ -122.26804, 37.82423 ], [ -122.26523, 37.83776 ], [ -122.26343, 37.84018 ], [ -122.24897, 37.84544 ], [ -122.24041, 37.84975 ], [ -122.23437, 37.84859 ], [ -122.2266, 37.84854 ], [ -122.22442, 37.84913 ], [ -122.22144, 37.85345 ], [ -122.21597, 37.8551 ], [ -122.21075, 37.8595 ], [ -122.20768, 37.86553 ], [ -122.20288, 37.86707 ], [ -122.19626, 37.86776 ], [ -122.18841, 37.87336 ], [ -122.18448, 37.87702 ], [ -122.17673, 37.88793 ], [ -122.17157, 37.89126 ], [ -122.16249, 37.89281 ], [ -122.14775, 37.89086 ], [ -122.14254, 37.89125 ], [ -122.13559, 37.8904 ], [ -122.12135, 37.89372 ], [ -122.09776, 37.89749 ], [ -122.08427, 37.89779 ], [ -122.07465, 37.89586 ], [ -122.0717, 37.89721 ], [ -122.07039, 37.90131 ] ] ] } },
{ "type": "Feature", "properties": { "Route": 29, "route_label": "SR-29", "route_class": "SR" }, "geometry": { "type": "MultiLineString", "coordinates": [ [ [ -122.61474, 38.75353 ], [ -122.61287, 38.75494 ] ], [ [ -122.61474, 38.75353 ], [ -122.61426, 38.7543 ], [ -122.61287, 38.75494 ] ], [ [ -122.46571, 38.5025 ], [ -122.47859, 38.51004 ], [ -122.4844, 38.51539 ], [ -122.49461, 38.52187 ], [ -122.49906, 38.5272 ], [ -122.50321, 38.5301 ], [ -122.50531, 38.53507 ], [ -122.50745, 38.53762 ], [ -122.51055, 38.54701 ], [ -122.51534, 38.55101 ], [ -122.52142, 38.5531 ], [ -122.52622, 38.55367 ], [ -122.54044, 38.56197 ], [ -122.55935, 38.56521 ], [ -122.56414, 38.56667 ], [ -122.56738, 38.5702 ], [ -122.57248, 38.57312 ], [ -122.58053, 38.57526 ], [ -122.57638, 38.58272 ], [ -122.57741, 38.58898 ], [ -122.58472, 38.60025 ], [ -122.58753, 38.60282 ], [ -122.5949, 38.60528 ], [ -122.59691, 38.60697 ], [ -122.59845, 38.60684 ], [ -122.59429, 38.60837 ], [ -122.59394, 38.60916 ], [ -122.59494, 38.60982 ], [ -122.59403, 38.61071 ], [ -122.59628, 38.61148 ], [ -122.59728, 38.61286 ], [ -122.59638, 38.61384 ], [ -122.59785, 38.61973 ], [ -122.59715, 38.6207 ], [ -122.59936, 38.62347 ], [ -122.59911, 38.625 ], [ -122.60202, 38.62666 ], [ -122.6034, 38.63089 ], [ -122.59971, 38.63949 ], [ -122.59673, 38.64173 ], [ -122.59654, 38.64046 ], [ -122.59258, 38.63949 ], [ -122.59177, 38.6416 ], [ -122.59355, 38.64129 ], [ -122.59356, 38.64195 ], [ -122.59213, 38.64242 ], [ -122.59355, 38.64279 ], [ -122.59138, 38.64393 ], [ -122.59322, 38.64434 ], [ -122.59225, 38.6456 ], [ -122.59004, 38.64562 ], [ -122.59243, 38.6468 ], [ -122.59198, 38.64755 ], [ -122.59034, 38.64769 ], [ -122.59093, 38.64898 ], [ -122.59379, 38.64885 ], [ -122.59511, 38.64969 ], [ -122.59646, 38.64876 ], [ -122.59985, 38.65226 ], [ -122.59903, 38.65481 ], [ -122.5954, 38.6556 ], [ -122.59513, 38.65789 ], [ -122.59551, 38.66067 ], [ -122.59822, 38.66015 ], [ -122.59923, 38.66163 ], [ -122.59767, 38.66271 ], [ -122.59991, 38.66303 ], [ -122.59982, 38.66377 ], [ -122.59841, 38.66425 ], [ -122.59884, 38.66718 ], [ -122.59171, 38.66584 ], [ -122.58817, 38.66851 ], [ -122.5921, 38.67523 ], [ -122.59056, 38.67984 ], [ -122.59713, 38.69009 ], [ -122.60025, 38.69793 ], [ -122.60902, 38.70856 ], [ -122.6173, 38.71577 ], [ -122.61911, 38.72561 ], [ -122.62628, 38.73739 ], [ -122.62559, 38.73992 ], [ -122.6202, 38.74617 ], [ -122.61698, 38.74852 ], [ -122.61474, 38.75353 ] ], [ [ -122.61287, 38.75494 ], [ -122.60764, 38.75671 ] ], [ [ -122.60764, 38.75671 ], [ -122.60631, 38.75727 ], [ -122.60498, 38.75838 ] ], [ [ -122.60764, 38.75671 ], [ -122.60498, 38.75838 ] ], [ [ -122.60498, 38.75838 ], [ -122.59928, 38.76312 ], [ -122.58855, 38.76698 ], [ -122.58366, 38.77396 ], [ -122.57373, 38.77865 ], [ -122.57095, 38.78074 ], [ -122.56931, 38.78273 ], [ -122.56612, 38.79155 ] ], [ [ -122.46011, 38.49759 ], [ -122.46571, 38.5025 ] ], [ [ -122.46011, 38.49759 ], [ -122.4655, 38.50236 ], [ -122.46571, 38.5025 ] ], [ [ -122.36567, 38.4033 ], [ -122.36948, 38.40655 ], [ -122.37971, 38.41047 ], [ -122.3825, 38.41226 ], [ -122.39455, 38.42771 ], [ -122.42448, 38.46064 ], [ -122.43566, 38.47667 ], [ -122.46011, 38.49759 ] ], [ [ -122.35903, 38.39747 ], [ -122.36567, 38.4033 ] ], [ [ -122.35889, 38.39753 ], [ -122.36567, 38.4033 ] ], [ [ -122.25789, 38.22317 ], [ -122.25863, 38.23023 ], [ -122.2598, 38.23313 ], [ -122.26922, 38.24154 ], [ -122.27251, 38.24282 ], [ -122.2788, 38.24304 ], [ -122.2834, 38.24356 ], [ -122.28704, 38.24414 ], [ -122.29008, 38.24486 ], [ -122.29932, 38.24785 ], [ -122.30137, 38.24933 ], [ -122.30284, 38.2512 ], [ -122.30354, 38.25317 ], [ -122.30361, 38.25539 ], [ -122.30283, 38.25775 ], [ -122.29956, 38.2628 ], [ -122.29885, 38.2729 ], [ -122.30227, 38.29194 ], [ -122.30197, 38.29683 ], [ -122.30725, 38.31504 ], [ -122.30783, 38.31993 ], [ -122.30877, 38.32153 ], [ -122.31291, 38.32551 ], [ -122.32424, 38.3393 ], [ -122.34516, 38.37897 ], [ -122.35489, 38.39368 ], [ -122.35902, 38.39746 ] ], [ [ -122.25789, 38.22317 ], [ -122.25839, 38.23021 ], [ -122.25926, 38.23268 ], [ -122.26947, 38.24184 ], [ -122.273, 38.24303 ], [ -122.28339, 38.24363 ], [ -122.29005, 38.24493 ], [ -122.299, 38.24794 ], [ -122.30239, 38.25103 ], [ -122.30331, 38.25542 ], [ -122.29928, 38.2628 ], [ -122.29854, 38.27248 ], [ -122.302, 38.29154 ], [ -122.30181, 38.29704 ], [ -122.30677, 38.31403 ], [ -122.30757, 38.31989 ], [ -122.30855, 38.32158 ], [ -122.31877, 38.33265 ], [ -122.32438, 38.33986 ], [ -122.34465, 38.37849 ], [ -122.35444, 38.39335 ], [ -122.35888, 38.39752 ] ], [ [ -122.2545, 38.11442 ], [ -122.25627, 38.13426 ], [ -122.25623, 38.13943 ], [ -122.25289, 38.16651 ], [ -122.25541, 38.18267 ], [ -122.25634, 38.19556 ], [ -122.25641, 38.21004 ], [ -122.25789, 38.22317 ] ], [ [ -122.2545, 38.11442 ], [ -122.25608, 38.13757 ], [ -122.25269, 38.16676 ], [ -122.25512, 38.18247 ], [ -122.25628, 38.21151 ], [ -122.25789, 38.22317 ] ], [ [ -122.25464, 38.11391 ], [ -122.25462, 38.11405 ] ], [ [ -122.25464, 38.11391 ], [ -122.25464, 38.11392 ], [ -122.25462, 38.11405 ] ], [ [ -122.24105, 38.08515 ], [ -122.24711, 38.09173 ], [ -122.25504, 38.09713 ], [ -122.25464, 38.11391 ] ], [ [ -122.25462, 38.11405 ], [ -122.2545, 38.11442 ] ], [ [ -122.23209, 38.07592 ], [ -122.23485, 38.07842 ], [ -122.24105, 38.08515 ] ], [ [ -122.23204, 38.07649 ], [ -122.24105, 38.08515 ] ] ] } },
{ "type": "Feature", "properties": { "Route": 35, "route_label": "SR-35", "route_class": "SR" }, "geometry": { "type": "MultiLineString", "coordinates": [ [ [ -122.47584, 37.66054 ], [ -122.47684, 37.6621 ], [ -122.48104, 37.66605 ], [ -122.48597, 37.66941 ], [ -122.48954, 37.67563 ], [ -122.49009, 37.67855 ], [ -122.48892, 37.68429 ], [ -122.48902, 37.68647 ], [ -122.4901, 37.68836 ], [ -122.49428, 37.69289 ], [ -122.49485, 37.69846 ], [ -122.49823, 37.70584 ], [ -122.49796, 37.70976 ], [ -122.49825, 37.715 ], [ -122.5, 37.71785 ], [ -122.50045, 37.72065 ], [ -122.503, 37.72492 ], [ -122.50085, 37.72967 ], [ -122.49635, 37.7336 ], [ -122.47508, 37.73454 ] ], [ [ -122.47584, 37.66054 ], [ -122.48128, 37.66591 ], [ -122.48604, 37.66914 ], [ -122.48973, 37.67543 ], [ -122.49032, 37.6785 ], [ -122.48924, 37.68636 ], [ -122.49452, 37.69283 ], [ -122.49507, 37.69839 ], [ -122.49848, 37.70607 ], [ -122.49855, 37.71526 ], [ -122.50017, 37.71778 ], [ -122.50056, 37.72058 ], [ -122.50311, 37.72499 ], [ -122.50093, 37.72974 ], [ -122.49646, 37.73389 ], [ -122.47509, 37.73472 ] ], [ [ -122.46676, 37.64176 ], [ -122.47199, 37.64737 ], [ -122.47128, 37.65294 ], [ -122.47584, 37.66054 ] ], [ [ -122.44727, 37.62433 ], [ -122.4482, 37.62576 ], [ -122.45102, 37.62839 ], [ -122.4536, 37.63149 ], [ -122.46248, 37.63711 ], [ -122.46676, 37.64176 ] ], [ [ -122.44727, 37.62433 ], [ -122.44826, 37.62604 ], [ -122.45354, 37.63154 ], [ -122.46192, 37.63682 ], [ -122.46676, 37.64176 ] ], [ [ -122.43405, 37.61013 ], [ -122.44727, 37.62433 ] ], [ [ -122.42604, 37.60133 ], [ -122.43342, 37.60912 ], [ -122.43405, 37.61013 ] ], [ [ -122.42496, 37.60131 ], [ -122.43405, 37.61013 ] ], [ [ -122.016, 37.16565 ], [ -122.017, 37.16505 ], [ -122.02153, 37.16684 ], [ -122.02312, 37.16616 ], [ -122.02619, 37.16683 ], [ -122.02545, 37.16935 ], [ -122.02669, 37.16967 ], [ -122.0262, 37.17039 ], [ -122.02757, 37.17099 ], [ -122.02568, 37.17317 ], [ -122.02572, 37.1744 ], [ -122.02677, 37.17394 ], [ -122.02721, 37.17488 ], [ -122.02634, 37.17699 ], [ -122.02739, 37.17745 ], [ -122.02748, 37.17867 ], [ -122.03074, 37.18081 ], [ -122.03312, 37.18528 ], [ -122.03302, 37.18638 ], [ -122.03154, 37.18686 ], [ -122.03088, 37.19002 ], [ -122.0407, 37.19525 ], [ -122.04235, 37.19969 ], [ -122.04399, 37.20001 ], [ -122.04415, 37.20123 ], [ -122.04645, 37.20223 ], [ -122.04728, 37.20494 ], [ -122.05438, 37.20973 ], [ -122.05527, 37.21228 ], [ -122.05911, 37.21301 ], [ -122.06277, 37.21035 ], [ -122.06559, 37.21029 ], [ -122.06991, 37.21652 ], [ -122.07375, 37.21925 ], [ -122.0766, 37.22022 ], [ -122.07887, 37.22306 ], [ -122.08032, 37.22343 ], [ -122.08489, 37.22253 ], [ -122.09136, 37.22402 ], [ -122.09282, 37.22571 ], [ -122.09396, 37.22999 ], [ -122.09952, 37.23326 ], [ -122.10476, 37.23484 ], [ -122.10502, 37.23991 ], [ -122.113, 37.24958 ], [ -122.11713, 37.2533 ], [ -122.11827, 37.25602 ], [ -122.12364, 37.25965 ], [ -122.12826, 37.25914 ], [ -122.13085, 37.26041 ], [ -122.13432, 37.26291 ], [ -122.13587, 37.2657 ], [ -122.14015, 37.26891 ], [ -122.144, 37.27012 ], [ -122.14776, 37.27472 ], [ -122.15039, 37.27549 ], [ -122.14877, 37.28101 ], [ -122.15191, 37.28402 ], [ -122.15295, 37.28914 ], [ -122.15675, 37.29192 ], [ -122.16428, 37.2946 ], [ -122.16437, 37.29796 ], [ -122.16161, 37.30208 ], [ -122.16282, 37.30463 ], [ -122.16702, 37.30703 ], [ -122.16832, 37.30931 ], [ -122.17612, 37.31284 ], [ -122.17986, 37.31238 ], [ -122.18171, 37.3142 ], [ -122.1859, 37.31393 ], [ -122.19059, 37.31805 ], [ -122.19709, 37.32027 ], [ -122.20517, 37.32492 ], [ -122.21103, 37.3308 ], [ -122.21487, 37.33303 ], [ -122.21702, 37.33538 ], [ -122.21762, 37.33995 ], [ -122.22829, 37.34483 ], [ -122.23178, 37.3486 ], [ -122.23632, 37.34964 ], [ -122.2395, 37.35135 ], [ -122.24692, 37.35802 ], [ -122.24766, 37.35974 ], [ -122.24692, 37.3631 ], [ -122.24785, 37.36486 ], [ -122.24783, 37.36762 ], [ -122.25219, 37.37178 ], [ -122.25689, 37.37214 ], [ -122.25996, 37.37539 ], [ -122.26294, 37.37633 ], [ -122.2629, 37.38546 ], [ -122.27128, 37.39126 ], [ -122.27437, 37.39121 ], [ -122.27584, 37.3888 ], [ -122.27735, 37.38929 ], [ -122.28098, 37.38862 ], [ -122.28383, 37.39103 ], [ -122.28426, 37.39238 ], [ -122.28581, 37.39233 ], [ -122.28739, 37.39368 ], [ -122.28866, 37.3936 ], [ -122.28883, 37.39221 ], [ -122.28993, 37.39195 ], [ -122.29196, 37.39357 ], [ -122.29183, 37.39549 ], [ -122.29383, 37.39645 ], [ -122.2931, 37.39864 ], [ -122.29424, 37.39988 ], [ -122.29676, 37.40055 ], [ -122.30176, 37.40484 ], [ -122.30721, 37.4075 ], [ -122.30764, 37.40907 ], [ -122.30612, 37.4111 ], [ -122.30758, 37.41295 ], [ -122.31065, 37.41359 ], [ -122.31893, 37.41771 ], [ -122.31939, 37.42379 ], [ -122.31502, 37.42415 ], [ -122.31113, 37.42644 ], [ -122.31094, 37.42796 ], [ -122.31669, 37.43384 ], [ -122.32075, 37.43556 ], [ -122.32517, 37.44208 ], [ -122.33075, 37.44619 ], [ -122.33611, 37.44835 ], [ -122.33818, 37.44997 ], [ -122.34066, 37.45435 ], [ -122.33843, 37.45819 ], [ -122.34566, 37.46121 ], [ -122.346, 37.4642 ], [ -122.34961, 37.46866 ], [ -122.35432, 37.46991 ], [ -122.35554, 37.47093 ], [ -122.35976, 37.47963 ], [ -122.35884, 37.4841 ], [ -122.36033, 37.48522 ], [ -122.36298, 37.48452 ], [ -122.3639, 37.48819 ], [ -122.36308, 37.48958 ], [ -122.36627, 37.49008 ], [ -122.36634, 37.49079 ], [ -122.36477, 37.49122 ], [ -122.36455, 37.49199 ], [ -122.36895, 37.49555 ] ], [ [ -122.34979, 37.51181 ], [ -122.35454, 37.51698 ], [ -122.35658, 37.52059 ], [ -122.35732, 37.52423 ], [ -122.35847, 37.52498 ] ], [ [ -122.01596, 37.16566 ], [ -122.016, 37.16565 ] ], [ [ -122.01596, 37.16566 ], [ -122.016, 37.16566 ], [ -122.016, 37.16565 ] ], [ [ -121.999, 37.15348 ], [ -122.00229, 37.15832 ], [ -122.00587, 37.15829 ], [ -122.00676, 37.15927 ], [ -122.00913, 37.15976 ], [ -122.01158, 37.16205 ], [ -122.01395, 37.16272 ], [ -122.01596, 37.16566 ] ], [ [ -121.99892, 37.15344 ], [ -121.99899, 37.15347 ], [ -121.999, 37.15348 ] ], [ [ -121.99892, 37.15344 ], [ -121.999, 37.15348 ] ], [ [ -121.9841, 37.14531 ], [ -121.98592, 37.14543 ], [ -121.98528, 37.14438 ], [ -121.98721, 37.14486 ], [ -121.98878, 37.1438 ], [ -121.99108, 37.14434 ], [ -121.99415, 37.14978 ], [ -121.99892, 37.15344 ] ] ] } },
{ "type": "Feature", "properties": { "Route": 37, "route_label": "SR-37", "route_class": "SR" }, "geometry": { "type": "MultiLineString", "coordinates": [ [ [ -122.54622, 38.07999 ], [ -122.54546, 38.08078 ], [ -122.53797, 38.08496 ], [ -122.51463, 38.10303 ], [ -122.509, 38.10818 ], [ -122.50846, 38.11251 ], [ -122.50775, 38.11392 ], [ -122.50058, 38.11952 ], [ -122.45596, 38.14645 ], [ -122.45038, 38.15052 ], [ -122.44923, 38.15105 ], [ -122.44379, 38.15279 ], [ -122.41188, 38.15588 ], [ -122.41047, 38.15588 ] ], [ [ -122.54457, 38.07924 ], [ -122.54395, 38.08137 ], [ -122.53714, 38.08532 ], [ -122.51513, 38.10235 ], [ -122.50961, 38.10716 ], [ -122.50831, 38.10933 ], [ -122.50774, 38.11375 ], [ -122.50112, 38.11895 ], [ -122.45563, 38.14654 ], [ -122.4502, 38.15044 ], [ -122.44377, 38.1527 ], [ -122.41047, 38.15588 ] ], [ [ -122.41047, 38.15588 ], [ -122.40392, 38.15551 ] ], [ [ -122.40392, 38.15551 ], [ -122.40212, 38.15526 ], [ -122.39912, 38.15421 ], [ -122.39168, 38.15279 ], [ -122.38543, 38.15108 ], [ -122.38362, 38.1503 ], [ -122.3749, 38.14585 ], [ -122.36929, 38.1441 ], [ -122.35534, 38.13903 ], [ -122.34984, 38.13647 ], [ -122.33818, 38.13254 ], [ -122.3328, 38.13024 ], [ -122.3274, 38.12818 ], [ -122.31991, 38.12504 ], [ -122.3119, 38.12154 ], [ -122.30658, 38.11895 ], [ -122.2999, 38.11748 ], [ -122.28776, 38.1178 ], [ -122.27267, 38.12341 ], [ -122.26107, 38.13338 ], [ -122.25569, 38.14045 ], [ -122.25422, 38.14147 ], [ -122.25276, 38.1421 ], [ -122.25103, 38.14252 ], [ -122.24913, 38.14263 ], [ -122.23786, 38.14151 ], [ -122.22143, 38.14154 ], [ -122.21847, 38.14277 ], [ -122.217, 38.14601 ] ], [ [ -122.40392, 38.15551 ], [ -122.39916, 38.15414 ], [ -122.38546, 38.15102 ], [ -122.37465, 38.14569 ], [ -122.34987, 38.13642 ], [ -122.33889, 38.13274 ], [ -122.30661, 38.11888 ], [ -122.2999, 38.11742 ], [ -122.28813, 38.11758 ], [ -122.2725, 38.12337 ], [ -122.26098, 38.13326 ], [ -122.25573, 38.1402 ], [ -122.25275, 38.14195 ], [ -122.24886, 38.1425 ], [ -122.23864, 38.14133 ], [ -122.22462, 38.14131 ], [ -122.2204, 38.14072 ], [ -122.21736, 38.14223 ], [ -122.21654, 38.14543 ] ] ] } },
{ "type": "Feature", "properties": { "Route": 50, "route_label": "US-50", "route_class": "US" }, "geometry": { "type": "MultiLineString", "coordinates": [ [ [ -121.57164, 38.57498 ], [ -121.56663, 38.57551 ], [ -121.55512, 38.57497 ], [ -121.53726, 38.57495 ], [ -121.53261, 38.57547 ], [ -121.52671, 38.57699 ], [ -121.52376, 38.57687 ], [ -121.52075, 38.5755 ], [ -121.51466, 38.57 ], [ -121.51102, 38.56825 ], [ -121.47537, 38.55886 ], [ -121.47162, 38.55881 ], [ -121.46254, 38.56077 ], [ -121.45884, 38.56052 ], [ -121.44312, 38.55618 ], [ -121.43729, 38.55333 ], [ -121.43054, 38.55102 ], [ -121.42706, 38.55041 ], [ -121.42176, 38.55075 ], [ -121.39382, 38.55702 ], [ -121.34556, 38.56225 ], [ -121.34094, 38.5636 ], [ -121.32481, 38.57149 ], [ -121.30913, 38.57781 ], [ -121.28162, 38.59435 ], [ -121.27924, 38.59638 ], [ -121.27798, 38.59821 ], [ -121.27543, 38.60537 ], [ -121.27243, 38.60802 ], [ -121.22809, 38.6249 ], [ -121.20021, 38.63934 ], [ -121.17406, 38.64261 ], [ -121.15219, 38.64173 ], [ -121.14587, 38.64175 ], [ -121.09801, 38.64391 ], [ -121.05721, 38.65731 ], [ -121.05294, 38.65812 ], [ -121.04739, 38.65798 ], [ -121.04198, 38.65477 ], [ -121.03847, 38.65412 ], [ -121.03261, 38.65526 ], [ -121.01511, 38.65505 ], [ -121.00214, 38.65598 ], [ -120.99258, 38.65737 ], [ -120.98626, 38.65705 ], [ -120.97802, 38.65925 ], [ -120.95327, 38.65956 ], [ -120.93914, 38.66205 ], [ -120.93426, 38.66379 ], [ -120.9277, 38.66767 ], [ -120.90683, 38.6882 ], [ -120.90319, 38.69083 ], [ -120.89177, 38.69522 ], [ -120.88308, 38.69596 ], [ -120.87904, 38.69682 ], [ -120.84243, 38.70912 ], [ -120.83945, 38.71098 ], [ -120.8375, 38.71407 ] ], [ [ -121.56783, 38.57578 ], [ -121.53725, 38.57511 ], [ -121.52718, 38.5771 ], [ -121.5239, 38.57708 ], [ -121.52082, 38.57583 ], [ -121.51439, 38.5702 ], [ -121.51083, 38.56847 ], [ -121.47539, 38.55909 ], [ -121.47202, 38.55898 ], [ -121.46348, 38.56093 ], [ -121.45955, 38.56089 ], [ -121.4434, 38.55651 ], [ -121.43731, 38.55358 ], [ -121.42695, 38.55064 ], [ -121.42173, 38.55101 ], [ -121.39391, 38.55725 ], [ -121.34527, 38.56255 ], [ -121.34093, 38.56388 ], [ -121.32521, 38.57155 ], [ -121.30962, 38.57781 ], [ -121.2817, 38.59454 ], [ -121.27821, 38.59827 ], [ -121.27557, 38.60558 ], [ -121.27215, 38.60846 ], [ -121.22842, 38.62501 ], [ -121.2004, 38.63945 ], [ -121.17412, 38.64277 ], [ -121.14956, 38.64188 ], [ -121.0984, 38.64413 ], [ -121.05722, 38.65751 ], [ -121.05044, 38.65869 ], [ -121.04635, 38.65817 ], [ -121.04192, 38.65531 ], [ -121.0393, 38.65457 ], [ -121.03213, 38.65548 ], [ -121.01598, 38.65524 ], [ -120.99255, 38.65763 ], [ -120.98578, 38.65735 ], [ -120.9782, 38.6595 ], [ -120.95268, 38.65987 ], [ -120.9398, 38.66219 ], [ -120.93483, 38.66381 ], [ -120.92821, 38.66762 ], [ -120.90686, 38.68853 ], [ -120.903, 38.69121 ], [ -120.89171, 38.6955 ], [ -120.87993, 38.69683 ], [ -120.84267, 38.70932 ], [ -120.83974, 38.71106 ], [ -120.83768, 38.71416 ] ] ] } },
{ "type": "Feature", "properties": { "Route": 80, "route_label": "I-80", "route_class": "I" }, "geometry": { "type": "MultiLineString", "coordinates": [ [ [ -122.41036, 37.76938 ], [ -122.40674, 37.76901 ], [ -122.40585, 37.77005 ] ], [ [ -122.40888, 37.76902 ], [ -122.40646, 37.76891 ], [ -122.40555, 37.76938 ] ], [ [ -122.40555, 37.76938 ], [ -122.40544, 37.77019 ] ], [ [ -122.40555, 37.76938 ], [ -122.40683, 37.77312 ], [ -122.40617, 37.77522 ], [ -122.39388, 37.78434 ], [ -122.39287, 37.78484 ] ], [ [ -122.40532, 37.76709 ], [ -122.40555, 37.76938 ] ], [ [ -122.40492, 37.76608 ], [ -122.40523, 37.76981 ], [ -122.40658, 37.77266 ], [ -122.40598, 37.77471 ], [ -122.39287, 37.78484 ] ], [ [ -122.39287, 37.78484 ], [ -122.36329, 37.81214 ] ], [ [ -122.36329, 37.81214 ], [ -122.35406, 37.81762 ], [ -122.35102, 37.81861 ], [ -122.30621, 37.82489 ], [ -122.29601, 37.82713 ], [ -122.29375, 37.82909 ], [ -122.29345, 37.83228 ], [ -122.29636, 37.83761 ], [ -122.29938, 37.8513 ], [ -122.30099, 37.85735 ], [ -122.30749, 37.87914 ], [ -122.30902, 37.88694 ], [ -122.30746, 37.89157 ], [ -122.30746, 37.89357 ], [ -122.31032, 37.90033 ], [ -122.31721, 37.91074 ], [ -122.31735, 37.91943 ], [ -122.3179, 37.9212 ], [ -122.32664, 37.93392 ], [ -122.3267, 37.93587 ], [ -122.32394, 37.94138 ], [ -122.3237, 37.94346 ], [ -122.32754, 37.95194 ], [ -122.33028, 37.95696 ], [ -122.33051, 37.95983 ], [ -122.32865, 37.96258 ], [ -122.32309, 37.96573 ], [ -122.32142, 37.96737 ], [ -122.31558, 37.98449 ], [ -122.31217, 37.98931 ], [ -122.30578, 37.99265 ], [ -122.29053, 37.99495 ], [ -122.28803, 37.99583 ], [ -122.28623, 37.99695 ], [ -122.24761, 38.0383 ], [ -122.22544, 38.05429 ], [ -122.22487, 38.05623 ], [ -122.22599, 38.06783 ], [ -122.23184, 38.07634 ], [ -122.23326, 38.08135 ], [ -122.23294, 38.08489 ], [ -122.23039, 38.09139 ], [ -122.22977, 38.09517 ], [ -122.22956, 38.11057 ], [ -122.23024, 38.12141 ], [ -122.22934, 38.12434 ], [ -122.21731, 38.14339 ], [ -122.21657, 38.14601 ], [ -122.21646, 38.15128 ], [ -122.21467, 38.15492 ], [ -122.2077, 38.16408 ], [ -122.19416, 38.17333 ], [ -122.18978, 38.17804 ], [ -122.18162, 38.18422 ], [ -122.17321, 38.18743 ], [ -122.16985, 38.18948 ], [ -122.16459, 38.1953 ], [ -122.15, 38.20802 ], [ -122.13056, 38.22162 ], [ -122.11756, 38.22886 ], [ -122.07789, 38.2461 ], [ -122.07249, 38.2478 ], [ -122.0693, 38.24999 ], [ -122.03478, 38.29088 ], [ -122.03395, 38.2935 ], [ -122.03358, 38.30777 ], [ -122.03219, 38.31469 ], [ -122.02502, 38.32333 ], [ -122.01444, 38.33912 ], [ -122.01003, 38.34177 ], [ -122.004, 38.34358 ], [ -121.97971, 38.35327 ], [ -121.97356, 38.35876 ], [ -121.96365, 38.36496 ], [ -121.86621, 38.43984 ], [ -121.80336, 38.48895 ], [ -121.76466, 38.52469 ], [ -121.75873, 38.52801 ], [ -121.74898, 38.5306 ], [ -121.74502, 38.53238 ], [ -121.72934, 38.54444 ], [ -121.66999, 38.55838 ], [ -121.65167, 38.56098 ], [ -121.58219, 38.57346 ], [ -121.56431, 38.57557 ], [ -121.56162, 38.57776 ], [ -121.53635, 38.61439 ], [ -121.48972, 38.63882 ], [ -121.46886, 38.64155 ], [ -121.44913, 38.64109 ], [ -121.43324, 38.64317 ], [ -121.42709, 38.64213 ], [ -121.41924, 38.63848 ], [ -121.41612, 38.63753 ], [ -121.40414, 38.63728 ], [ -121.40142, 38.63803 ], [ -121.3928, 38.64332 ], [ -121.37946, 38.6455 ], [ -121.37519, 38.64712 ], [ -121.27385, 38.73975 ], [ -121.2723, 38.74155 ], [ -121.25686, 38.76461 ], [ -121.23257, 38.78001 ], [ -121.13499, 38.86161 ], [ -121.13372, 38.86315 ], [ -121.13298, 38.86462 ], [ -121.13127, 38.87428 ], [ -121.12959, 38.87675 ], [ -121.12663, 38.87804 ], [ -121.11889, 38.87853 ], [ -121.11589, 38.87903 ], [ -121.10503, 38.8824 ], [ -121.09639, 38.88721 ], [ -121.09102, 38.88879 ], [ -121.08878, 38.88984 ], [ -121.07742, 38.89766 ], [ -121.07245, 38.90212 ], [ -121.07135, 38.90402 ], [ -121.07062, 38.90858 ], [ -121.06778, 38.91094 ], [ -121.06064, 38.91807 ], [ -121.05766, 38.92276 ], [ -121.05664, 38.92524 ], [ -121.05453, 38.93471 ], [ -121.05043, 38.94145 ], [ -121.04372, 38.94764 ], [ -121.03729, 38.95462 ], [ -121.02241, 38.96411 ], [ -121.01628, 38.97115 ], [ -121.007, 38.98367 ], [ -121.00056, 38.99048 ], [ -120.99792, 38.99518 ], [ -120.99556, 39.00073 ], [ -120.99007, 39.00836 ], [ -120.98962, 39.01008 ], [ -120.98974, 39.01287 ], [ -120.98931, 39.0143 ] ], [ [ -122.36329, 37.81214 ], [ -122.35785, 37.81609 ], [ -122.35112, 37.81899 ], [ -122.32309, 37.82261 ], [ -122.31327, 37.82494 ], [ -122.30613, 37.82534 ], [ -122.29605, 37.82765 ], [ -122.29422, 37.82934 ], [ -122.29441, 37.83248 ], [ -122.29677, 37.83802 ], [ -122.30038, 37.85437 ], [ -122.30727, 37.87753 ], [ -122.30924, 37.88614 ], [ -122.3077, 37.89371 ], [ -122.31043, 37.90017 ], [ -122.31722, 37.91035 ], [ -122.31807, 37.92112 ], [ -122.32682, 37.93392 ], [ -122.32689, 37.93585 ], [ -122.32388, 37.94317 ], [ -122.33054, 37.95708 ], [ -122.33075, 37.95954 ], [ -122.32889, 37.96258 ], [ -122.32155, 37.96758 ], [ -122.31595, 37.98478 ], [ -122.31306, 37.98888 ], [ -122.30624, 37.99266 ], [ -122.29075, 37.99506 ], [ -122.28647, 37.99698 ], [ -122.24809, 38.03805 ], [ -122.22666, 38.05397 ], [ -122.22609, 38.05565 ], [ -122.22696, 38.06811 ], [ -122.23231, 38.07679 ], [ -122.23349, 38.08182 ], [ -122.23303, 38.08531 ], [ -122.23, 38.09486 ], [ -122.23046, 38.12124 ], [ -122.22925, 38.12499 ], [ -122.21756, 38.14353 ], [ -122.21691, 38.15054 ], [ -122.21591, 38.15361 ], [ -122.20879, 38.16344 ], [ -122.19402, 38.17387 ], [ -122.18922, 38.17923 ], [ -122.18024, 38.18569 ], [ -122.17101, 38.18925 ], [ -122.16496, 38.19535 ], [ -122.14922, 38.20904 ], [ -122.12806, 38.22359 ], [ -122.11867, 38.22866 ], [ -122.07814, 38.24627 ], [ -122.07245, 38.24811 ], [ -122.07046, 38.24927 ], [ -122.03509, 38.29087 ], [ -122.03426, 38.29336 ], [ -122.03382, 38.30831 ], [ -122.0325, 38.31466 ], [ -122.02509, 38.32375 ], [ -122.0148, 38.33918 ], [ -122.01043, 38.34189 ], [ -122.00403, 38.34383 ], [ -121.97973, 38.3536 ], [ -121.97376, 38.35893 ], [ -121.96186, 38.36665 ], [ -121.86587, 38.44041 ], [ -121.80254, 38.48989 ], [ -121.76472, 38.52502 ], [ -121.75756, 38.5288 ], [ -121.74666, 38.53183 ], [ -121.72972, 38.5445 ], [ -121.72329, 38.54655 ], [ -121.66939, 38.55866 ], [ -121.65304, 38.56096 ], [ -121.58074, 38.57392 ], [ -121.56431, 38.57636 ], [ -121.56183, 38.57804 ], [ -121.53645, 38.61472 ], [ -121.49322, 38.63773 ], [ -121.48935, 38.63919 ], [ -121.46917, 38.64178 ], [ -121.44896, 38.64136 ], [ -121.43303, 38.6434 ], [ -121.42658, 38.64222 ], [ -121.41664, 38.63788 ], [ -121.40799, 38.63756 ], [ -121.40177, 38.6391 ], [ -121.3926, 38.64421 ], [ -121.37816, 38.64614 ], [ -121.3753, 38.6474 ], [ -121.27385, 38.74003 ], [ -121.25736, 38.7645 ], [ -121.23227, 38.78052 ], [ -121.13498, 38.86189 ], [ -121.13317, 38.86466 ], [ -121.13144, 38.87443 ], [ -121.12984, 38.87676 ], [ -121.12688, 38.87816 ], [ -121.11591, 38.87917 ], [ -121.10478, 38.88267 ], [ -121.09672, 38.88723 ], [ -121.08945, 38.88964 ], [ -121.07765, 38.8977 ], [ -121.07284, 38.90197 ], [ -121.07154, 38.90394 ], [ -121.07084, 38.90854 ], [ -121.06071, 38.91833 ], [ -121.05768, 38.92318 ], [ -121.05475, 38.9347 ], [ -121.05061, 38.94164 ], [ -121.03729, 38.95488 ], [ -121.02182, 38.9649 ], [ -121.008, 38.98282 ], [ -121.0005, 38.99098 ], [ -120.99563, 39.00098 ], [ -120.9902, 39.00861 ], [ -120.9899, 39.0129 ], [ -120.98943, 39.01439 ] ] ] } },
{ "type": "Feature", "properties": { "Route": 84, "route_label": "SR-84", "route_class": "SR" }, "geometry": { "type": "MultiLineString", "coordinates": [ [ [ -122.39988, 37.32455 ], [ -122.39184, 37.32486 ], [ -122.38536, 37.32731 ], [ -122.38233, 37.33072 ], [ -122.3787, 37.33159 ], [ -122.37142, 37.3293 ], [ -122.36672, 37.32976 ], [ -122.36359, 37.3271 ], [ -122.35451, 37.32727 ], [ -122.3517, 37.32586 ], [ -122.34648, 37.32562 ], [ -122.34338, 37.32252 ], [ -122.34073, 37.32186 ], [ -122.33715, 37.31899 ], [ -122.33317, 37.31859 ], [ -122.32801, 37.31398 ], [ -122.31981, 37.31182 ], [ -122.30915, 37.3138 ], [ -122.30545, 37.3162 ], [ -122.30141, 37.31663 ], [ -122.29927, 37.31795 ], [ -122.29571, 37.31849 ], [ -122.2947, 37.31785 ], [ -122.2945, 37.31499 ], [ -122.2934, 37.31459 ], [ -122.29116, 37.31523 ], [ -122.2896, 37.31243 ], [ -122.28716, 37.31346 ], [ -122.28393, 37.3135 ], [ -122.28229, 37.31243 ], [ -122.28179, 37.31089 ], [ -122.27784, 37.3104 ], [ -122.2755, 37.31263 ], [ -122.27602, 37.31417 ], [ -122.27456, 37.31536 ], [ -122.27462, 37.32222 ], [ -122.27297, 37.3241 ], [ -122.27424, 37.32565 ], [ -122.27115, 37.32699 ], [ -122.27114, 37.32827 ], [ -122.26942, 37.32985 ], [ -122.27138, 37.3329 ], [ -122.26918, 37.3343 ], [ -122.26892, 37.33638 ], [ -122.27187, 37.34232 ], [ -122.27227, 37.3449 ], [ -122.26992, 37.34636 ], [ -122.2664, 37.34667 ], [ -122.26656, 37.34935 ], [ -122.2644, 37.35123 ], [ -122.26429, 37.35325 ], [ -122.26637, 37.35687 ], [ -122.26397, 37.35948 ], [ -122.26149, 37.35946 ], [ -122.26042, 37.3606 ], [ -122.26115, 37.36211 ], [ -122.2603, 37.3633 ], [ -122.26252, 37.36436 ], [ -122.26309, 37.36557 ], [ -122.26163, 37.36772 ], [ -122.26351, 37.3683 ], [ -122.26406, 37.37005 ], [ -122.26279, 37.37185 ], [ -122.26438, 37.37232 ], [ -122.26545, 37.37511 ], [ -122.26438, 37.38223 ], [ -122.26735, 37.3859 ], [ -122.26427, 37.38637 ], [ -122.26137, 37.38511 ], [ -122.2613, 37.38608 ], [ -122.26244, 37.38661 ], [ -122.26239, 37.38784 ], [ -122.26383, 37.38914 ], [ -122.26148, 37.3903 ], [ -122.26118, 37.39158 ], [ -122.26227, 37.39231 ], [ -122.26072, 37.39304 ], [ -122.25787, 37.39237 ], [ -122.25654, 37.3932 ], [ -122.25711, 37.3969 ], [ -122.25877, 37.39775 ], [ -122.25856, 37.39825 ], [ -122.25641, 37.39722 ], [ -122.25424, 37.39732 ], [ -122.25613, 37.39838 ], [ -122.25683, 37.40133 ], [ -122.25944, 37.4003 ], [ -122.26148, 37.39826 ], [ -122.26022, 37.40115 ], [ -122.25675, 37.40415 ], [ -122.2565, 37.40614 ], [ -122.25722, 37.40769 ], [ -122.26766, 37.4177 ], [ -122.26945, 37.4205 ], [ -122.26753, 37.42194 ], [ -122.2684, 37.42404 ], [ -122.26665, 37.4258 ], [ -122.25445, 37.42961 ], [ -122.24947, 37.42942 ], [ -122.24637, 37.43166 ], [ -122.24442, 37.43477 ] ], [ [ -122.24442, 37.43477 ], [ -122.24203, 37.43588 ], [ -122.24131, 37.43638 ], [ -122.23939, 37.43927 ], [ -122.23664, 37.44118 ], [ -122.23138, 37.44893 ], [ -122.22541, 37.46098 ], [ -122.22154, 37.47713 ], [ -122.21767, 37.48308 ], [ -122.21536, 37.48451 ], [ -122.21479, 37.48508 ], [ -122.2128, 37.48894 ] ], [ [ -122.24442, 37.43477 ], [ -122.24154, 37.43631 ], [ -122.23961, 37.43916 ], [ -122.23671, 37.44126 ], [ -122.23148, 37.44899 ], [ -122.22555, 37.46099 ], [ -122.22173, 37.47713 ], [ -122.21777, 37.48312 ], [ -122.21489, 37.48511 ], [ -122.21291, 37.48898 ] ], [ [ -122.18069, 37.48337 ], [ -122.17954, 37.48544 ] ], [ [ -122.17954, 37.48544 ], [ -122.17895, 37.48644 ] ], [ [ -122.17954, 37.48544 ], [ -122.17916, 37.4863 ], [ -122.17895, 37.48644 ] ], [ [ -122.17895, 37.48644 ], [ -122.17217, 37.48498 ], [ -122.16615, 37.48305 ], [ -122.15894, 37.48213 ], [ -122.1499, 37.48213 ], [ -122.14621, 37.4834 ], [ -122.13141, 37.49688 ], [ -122.12817, 37.49953 ], [ -122.11174, 37.51076 ], [ -122.10272, 37.52198 ], [ -122.09376, 37.52982 ], [ -122.09252, 37.53067 ], [ -122.08978, 37.53201 ], [ -122.08623, 37.53295 ], [ -122.07817, 37.53434 ], [ -122.07211, 37.53698 ], [ -122.05332, 37.5512 ], [ -122.04531, 37.55631 ], [ -122.03852, 37.56361 ] ], [ [ -122.17895, 37.48644 ], [ -122.16657, 37.48301 ], [ -122.16045, 37.48217 ], [ -122.15793, 37.48199 ], [ -122.14987, 37.48202 ], [ -122.14621, 37.48327 ], [ -122.12999, 37.49798 ], [ -122.11169, 37.51066 ], [ -122.10263, 37.52191 ], [ -122.09369, 37.52973 ], [ -122.08863, 37.53227 ], [ -122.07758, 37.53429 ], [ -122.07205, 37.5368 ], [ -122.04467, 37.5566 ], [ -122.03848, 37.56351 ] ], [ [ -122.02289, 37.54672 ], [ -122.02253, 37.54718 ] ], [ [ -122.02253, 37.54718 ], [ -122.02055, 37.54942 ] ], [ [ -122.02253, 37.54718 ], [ -122.02067, 37.54948 ] ], [ [ -121.97156, 37.5766 ], [ -121.96868, 37.57929 ], [ -121.96498, 37.58129 ], [ -121.96444, 37.58567 ], [ -121.95783, 37.5893 ], [ -121.95702, 37.59149 ], [ -121.95132, 37.59775 ], [ -121.94835, 37.59817 ], [ -121.94536, 37.59747 ], [ -121.9395, 37.59878 ], [ -121.93805, 37.59769 ], [ -121.93756, 37.59288 ], [ -121.93602, 37.59102 ], [ -121.9327, 37.59181 ], [ -121.93124, 37.59367 ] ], [ [ -121.93124, 37.59367 ], [ -121.93103, 37.59416 ] ], [ [ -121.93124, 37.59367 ], [ -121.93104, 37.59415 ], [ -121.93103, 37.59416 ] ], [ [ -121.93103, 37.59416 ], [ -121.93009, 37.59592 ], [ -121.92688, 37.59839 ], [ -121.92453, 37.59904 ], [ -121.92138, 37.59816 ], [ -121.91569, 37.59426 ], [ -121.91198, 37.5937 ], [ -121.90381, 37.59566 ], [ -121.88678, 37.59261 ], [ -121.88226, 37.59292 ], [ -121.87484, 37.58971 ], [ -121.87086, 37.58888 ] ], [ [ -121.8705, 37.59315 ], [ -121.86876, 37.59482 ], [ -121.86202, 37.59655 ] ], [ [ -121.86982, 37.5927 ], [ -121.86798, 37.59478 ], [ -121.86202, 37.59655 ] ], [ [ -121.86202, 37.59655 ], [ -121.85337, 37.59793 ], [ -121.84974, 37.59991 ] ], [ [ -121.84974, 37.59991 ], [ -121.84726, 37.6021 ], [ -121.84246, 37.60367 ] ], [ [ -121.84974, 37.59991 ], [ -121.84715, 37.60224 ], [ -121.84246, 37.60367 ] ], [ [ -121.84246, 37.60367 ], [ -121.82934, 37.60752 ], [ -121.82578, 37.60957 ] ], [ [ -121.82578, 37.60957 ], [ -121.8226, 37.6106 ], [ -121.82137, 37.6112 ], [ -121.8151, 37.61525 ], [ -121.81261, 37.61714 ], [ -121.81046, 37.61903 ], [ -121.80975, 37.62006 ], [ -121.80802, 37.6241 ], [ -121.80357, 37.62737 ], [ -121.80246, 37.6286 ], [ -121.80195, 37.62959 ], [ -121.80177, 37.63036 ], [ -121.80188, 37.63418 ], [ -121.79913, 37.6369 ], [ -121.79853, 37.63806 ], [ -121.79853, 37.63999 ], [ -121.79915, 37.64202 ], [ -121.80023, 37.64369 ], [ -121.80394, 37.64744 ], [ -121.80547, 37.65135 ], [ -121.80525, 37.68006 ], [ -121.80567, 37.68714 ], [ -121.80543, 37.69636 ], [ -121.80448, 37.69848 ], [ -121.80155, 37.7012 ] ], [ [ -121.82578, 37.60957 ], [ -121.82137, 37.61129 ], [ -121.81049, 37.61909 ], [ -121.80812, 37.62416 ], [ -121.80255, 37.62864 ], [ -121.80196, 37.63439 ], [ -121.79875, 37.63791 ], [ -121.7993, 37.64197 ], [ -121.80417, 37.64747 ], [ -121.80567, 37.65175 ], [ -121.80591, 37.68732 ], [ -121.80558, 37.69635 ], [ -121.80511, 37.69772 ], [ -121.80418, 37.69904 ], [ -121.80163, 37.70124 ] ], [ [ -121.68746, 38.16064 ], [ -121.68623, 38.16069 ], [ -121.6841, 38.16233 ], [ -121.67979, 38.16944 ], [ -121.67249, 38.17555 ], [ -121.6633, 38.18676 ], [ -121.6589, 38.18656 ], [ -121.65548, 38.19277 ], [ -121.65495, 38.20341 ], [ -121.65626, 38.20765 ], [ -121.65553, 38.20892 ], [ -121.66141, 38.21078 ], [ -121.6665, 38.21456 ], [ -121.67164, 38.22151 ], [ -121.67314, 38.22799 ], [ -121.6654, 38.23476 ], [ -121.66461, 38.24014 ], [ -121.65809, 38.24402 ], [ -121.65862, 38.24688 ], [ -121.65654, 38.24878 ], [ -121.65539, 38.25395 ], [ -121.65174, 38.25503 ], [ -121.65138, 38.26152 ], [ -121.64889, 38.26187 ], [ -121.64247, 38.26573 ], [ -121.64057, 38.26784 ], [ -121.64198, 38.27183 ], [ -121.64095, 38.27473 ], [ -121.63845, 38.2761 ], [ -121.63756, 38.2775 ], [ -121.6412, 38.28127 ], [ -121.64312, 38.28199 ], [ -121.64323, 38.28667 ], [ -121.6448, 38.28863 ], [ -121.64173, 38.28983 ], [ -121.63525, 38.29033 ], [ -121.63242, 38.29152 ], [ -121.63107, 38.29136 ], [ -121.63081, 38.29197 ], [ -121.63007, 38.34374 ], [ -121.62829, 38.34466 ], [ -121.59284, 38.34406 ], [ -121.58812, 38.34323 ] ], [ [ -121.58812, 38.34323 ], [ -121.58496, 38.34263 ], [ -121.58496, 38.34264 ] ], [ [ -121.58812, 38.34323 ], [ -121.58496, 38.34264 ] ], [ [ -121.58496, 38.34264 ], [ -121.58279, 38.39784 ], [ -121.58299, 38.4691 ], [ -121.58052, 38.4747 ], [ -121.58211, 38.5032 ] ] ] } },
{ "type": "Feature", "properties": { "Route": 85, "route_label": "SR-85", "route_class": "SR" }, "geometry": { "type": "MultiLineString", "coordinates": [ [ [ -121.76913, 37.24138 ], [ -121.77176, 37.24159 ], [ -121.78922, 37.23933 ], [ -121.79244, 37.23978 ], [ -121.80488, 37.24289 ], [ -121.82083, 37.24337 ], [ -121.82423, 37.24438 ], [ -121.84388, 37.25399 ], [ -121.84782, 37.25508 ], [ -121.87326, 37.25581 ], [ -121.89378, 37.25066 ], [ -121.92981, 37.25058 ], [ -121.95263, 37.25464 ], [ -121.96847, 37.25959 ], [ -121.98314, 37.26594 ], [ -121.99434, 37.27139 ], [ -122.00064, 37.27338 ], [ -122.0062, 37.2759 ], [ -122.01943, 37.28597 ], [ -122.03028, 37.29909 ], [ -122.0447, 37.31158 ], [ -122.04952, 37.32093 ], [ -122.05138, 37.32733 ], [ -122.05819, 37.33474 ], [ -122.05932, 37.33649 ], [ -122.05991, 37.33848 ], [ -122.06006, 37.34987 ], [ -122.0628, 37.35743 ], [ -122.06308, 37.36494 ], [ -122.06754, 37.37294 ], [ -122.06798, 37.37443 ], [ -122.06886, 37.38866 ], [ -122.06843, 37.39368 ], [ -122.06987, 37.40009 ], [ -122.07007, 37.40683 ], [ -122.07094, 37.40836 ], [ -122.07335, 37.40959 ] ], [ [ -121.76915, 37.242 ], [ -121.78885, 37.23957 ], [ -121.80488, 37.24315 ], [ -121.82071, 37.24365 ], [ -121.82412, 37.24466 ], [ -121.8438, 37.25427 ], [ -121.84774, 37.25535 ], [ -121.87314, 37.25611 ], [ -121.89379, 37.25092 ], [ -121.9297, 37.25084 ], [ -121.95305, 37.25502 ], [ -121.96916, 37.26006 ], [ -121.99377, 37.27136 ], [ -122.00586, 37.27596 ], [ -122.01892, 37.28587 ], [ -122.03004, 37.29921 ], [ -122.0445, 37.31175 ], [ -122.04936, 37.32125 ], [ -122.05158, 37.32815 ], [ -122.05901, 37.33632 ], [ -122.05996, 37.35033 ], [ -122.06268, 37.35751 ], [ -122.06288, 37.36483 ], [ -122.06774, 37.37412 ], [ -122.06827, 37.3942 ], [ -122.06971, 37.40004 ], [ -122.06976, 37.4079 ], [ -122.0708, 37.40934 ], [ -122.07324, 37.41031 ] ] ] } },
{ "type": "Feature", "properties": { "Route": 87, "route_label": "SR-87", "route_class": "SR" }, "geometry": { "type": "MultiLineString", "coordinates": [ [ [ -121.85903, 37.25552 ], [ -121.8599, 37.26814 ], [ -121.8628, 37.27263 ], [ -121.86641, 37.28263 ], [ -121.87105, 37.28942 ], [ -121.87502, 37.29897 ], [ -121.88894, 37.31621 ], [ -121.8908, 37.32126 ], [ -121.89636, 37.33005 ], [ -121.89793, 37.33747 ], [ -121.9027, 37.34505 ], [ -121.90872, 37.34958 ], [ -121.91893, 37.36426 ], [ -121.9261, 37.3695 ], [ -121.92854, 37.37342 ] ], [ [ -121.85884, 37.25551 ], [ -121.85846, 37.26161 ], [ -121.85938, 37.26772 ], [ -121.86204, 37.27191 ], [ -121.8661, 37.28269 ], [ -121.87077, 37.28948 ], [ -121.87473, 37.29912 ], [ -121.88866, 37.31639 ], [ -121.89073, 37.32174 ], [ -121.8961, 37.33007 ], [ -121.89788, 37.33788 ], [ -121.90249, 37.34514 ], [ -121.90849, 37.3496 ], [ -121.91882, 37.36429 ], [ -121.9261, 37.36974 ], [ -121.92797, 37.3738 ] ] ] } },
{ "type": "Feature", "properties": { "Route": 92, "route_label": "SR-92", "route_class": "SR" }, "geometry": { "type": "MultiLineString", "coordinates": [ [ [ -122.43343, 37.46798 ], [ -122.43033, 37.46783 ], [ -122.42389, 37.46961 ], [ -122.42023, 37.47284 ], [ -122.41858, 37.47556 ], [ -122.41483, 37.47804 ], [ -122.40449, 37.48091 ], [ -122.39712, 37.48667 ], [ -122.38563, 37.49242 ], [ -122.3784, 37.49313 ], [ -122.37395, 37.48944 ], [ -122.37241, 37.48614 ], [ -122.37083, 37.48581 ], [ -122.37015, 37.48656 ], [ -122.37104, 37.48888 ], [ -122.36974, 37.49158 ], [ -122.37006, 37.49479 ], [ -122.3675, 37.49633 ], [ -122.36355, 37.49584 ], [ -122.36295, 37.49691 ], [ -122.35998, 37.49784 ], [ -122.35992, 37.49996 ], [ -122.35694, 37.50011 ], [ -122.35831, 37.50361 ], [ -122.35779, 37.50686 ], [ -122.35553, 37.50796 ], [ -122.35359, 37.50788 ], [ -122.3513, 37.50988 ] ], [ [ -122.3513, 37.50988 ], [ -122.34979, 37.51181 ] ], [ [ -122.3513, 37.50988 ], [ -122.35056, 37.51122 ], [ -122.34979, 37.51181 ] ], [ [ -122.34979, 37.51181 ], [ -122.34696, 37.51183 ], [ -122.34491, 37.51034 ], [ -122.34366, 37.50801 ], [ -122.34133, 37.50698 ] ], [ [ -122.34133, 37.50698 ], [ -122.33591, 37.50809 ], [ -122.32926, 37.51398 ], [ -122.32914, 37.51657 ], [ -122.33213, 37.52155 ], [ -122.33259, 37.52334 ], [ -122.3325, 37.52438 ], [ -122.32922, 37.53477 ], [ -122.32999, 37.54029 ], [ -122.32978, 37.54189 ], [ -122.32861, 37.54357 ], [ -122.32475, 37.54649 ], [ -122.32305, 37.54715 ], [ -122.31362, 37.54955 ], [ -122.30853, 37.55243 ], [ -122.293, 37.55385 ], [ -122.28527, 37.5565 ], [ -122.27337, 37.56391 ], [ -122.25259, 37.58303 ], [ -122.24532, 37.58945 ], [ -122.2432, 37.59076 ], [ -122.14908, 37.61891 ], [ -122.11257, 37.63115 ], [ -122.10776, 37.63341 ], [ -122.10026, 37.63626 ], [ -122.09751, 37.6385 ], [ -122.09138, 37.64976 ] ], [ [ -122.34133, 37.50698 ], [ -122.33973, 37.50688 ], [ -122.3382, 37.50708 ], [ -122.33543, 37.50813 ], [ -122.32912, 37.51396 ], [ -122.329, 37.51664 ], [ -122.33199, 37.52161 ], [ -122.33232, 37.52472 ], [ -122.32911, 37.53444 ], [ -122.32973, 37.54166 ], [ -122.32855, 37.54348 ], [ -122.32455, 37.54645 ], [ -122.31337, 37.54949 ], [ -122.3084, 37.55221 ], [ -122.29593, 37.55297 ], [ -122.28999, 37.55438 ], [ -122.28509, 37.55637 ], [ -122.27217, 37.5646 ], [ -122.25247, 37.58297 ], [ -122.24274, 37.59083 ], [ -122.15217, 37.61763 ], [ -122.11301, 37.63077 ], [ -122.09985, 37.63628 ], [ -122.09727, 37.63862 ], [ -122.09121, 37.64969 ] ] ] } },
{ "type": "Feature", "properties": { "Route": 99, "route_label": "SR-99", "route_class": "SR" }, "geometry": { "type": "MultiLineString", "coordinates": [ [ [ -121.63475, 39.02544 ], [ -121.63479, 39.04308 ], [ -121.63348, 39.04759 ], [ -121.63349, 39.07054 ], [ -121.63477, 39.0741 ], [ -121.63497, 39.07538 ], [ -121.63467, 39.14185 ] ], [ [ -121.63475, 39.02544 ], [ -121.63463, 39.04345 ], [ -121.63336, 39.04761 ], [ -121.63337, 39.07058 ], [ -121.63484, 39.07519 ], [ -121.63447, 39.14185 ] ], [ [ -121.63477, 39.00987 ], [ -121.63475, 39.02544 ] ], [ [ -121.60583, 38.91642 ], [ -121.60637, 38.91733 ], [ -121.60672, 38.91862 ], [ -121.6072, 38.97031 ], [ -121.63395, 39.00684 ], [ -121.63477, 39.00987 ] ], [ [ -121.60583, 38.91642 ], [ -121.6066, 38.91861 ], [ -121.60704, 38.97031 ], [ -121.60855, 38.97329 ], [ -121.63308, 39.00578 ], [ -121.63477, 39.00987 ] ], [ [ -121.59408, 38.90836 ], [ -121.60583, 38.91642 ] ], [ [ -121.54016, 38.6674 ], [ -121.54044, 38.74793 ], [ -121.54075, 38.75051 ], [ -121.54306, 38.75625 ], [ -121.54367, 38.75943 ], [ -121.54409, 38.85108 ], [ -121.54608, 38.85552 ], [ -121.5703, 38.88535 ], [ -121.59408, 38.90836 ] ], [ [ -121.53921, 38.66741 ], [ -121.53995, 38.67004 ], [ -121.54016, 38.74858 ], [ -121.54341, 38.75961 ], [ -121.54377, 38.85088 ], [ -121.54594, 38.85569 ], [ -121.57017, 38.8854 ], [ -121.59408, 38.90836 ] ], [ [ -120.93377, 37.57114 ], [ -120.97355, 37.60601 ], [ -120.97824, 37.61072 ], [ -120.9817, 37.61517 ], [ -120.98432, 37.61643 ], [ -120.99154, 37.61753 ], [ -120.99408, 37.61897 ], [ -120.99558, 37.62115 ], [ -120.99856, 37.63183 ], [ -121.00898, 37.64082 ], [ -121.01575, 37.64528 ], [ -121.0249, 37.6531 ], [ -121.02602, 37.65534 ], [ -121.02623, 37.66109 ], [ -121.02741, 37.66306 ], [ -121.03676, 37.66895 ], [ -121.04893, 37.6792 ], [ -121.0536, 37.68377 ], [ -121.05924, 37.68787 ], [ -121.06617, 37.69364 ], [ -121.07263, 37.7014 ], [ -121.08085, 37.7087 ], [ -121.09124, 37.71462 ], [ -121.09994, 37.72189 ], [ -121.10371, 37.72605 ], [ -121.10892, 37.72935 ], [ -121.12155, 37.73984 ], [ -121.13666, 37.74849 ], [ -121.1421, 37.75274 ], [ -121.14837, 37.75537 ], [ -121.17352, 37.7702 ], [ -121.1861, 37.77964 ], [ -121.18718, 37.78112 ], [ -121.19311, 37.8021 ], [ -121.21409, 37.81955 ], [ -121.21605, 37.82181 ], [ -121.21746, 37.82697 ], [ -121.22038, 37.88375 ], [ -121.2207, 37.89888 ], [ -121.2336, 37.93107 ], [ -121.23593, 37.94603 ], [ -121.2497, 37.979 ], [ -121.25052, 37.98632 ], [ -121.25798, 38.00463 ], [ -121.25859, 38.0429 ], [ -121.25964, 38.05819 ], [ -121.26032, 38.10436 ], [ -121.25748, 38.11918 ], [ -121.25762, 38.13555 ], [ -121.25809, 38.1383 ], [ -121.26058, 38.14288 ], [ -121.26139, 38.1458 ], [ -121.26363, 38.20661 ], [ -121.30026, 38.26472 ], [ -121.30738, 38.283 ], [ -121.31334, 38.29262 ], [ -121.31673, 38.29933 ], [ -121.32552, 38.32115 ], [ -121.33583, 38.34348 ], [ -121.34407, 38.35833 ], [ -121.37646, 38.39103 ], [ -121.38138, 38.39767 ], [ -121.38875, 38.409 ], [ -121.41622, 38.46776 ], [ -121.45709, 38.50635 ], [ -121.45949, 38.50928 ], [ -121.4727, 38.53419 ], [ -121.47355, 38.53642 ], [ -121.4739, 38.53864 ], [ -121.47453, 38.55587 ], [ -121.47366, 38.55884 ] ], [ [ -120.93364, 37.57132 ], [ -120.97288, 37.60573 ], [ -120.98159, 37.61539 ], [ -120.98425, 37.61664 ], [ -120.99119, 37.61766 ], [ -120.99401, 37.61926 ], [ -120.99529, 37.62119 ], [ -120.99845, 37.63212 ], [ -121.0093, 37.64141 ], [ -121.01537, 37.64522 ], [ -121.0248, 37.65328 ], [ -121.0258, 37.65531 ], [ -121.026, 37.66107 ], [ -121.02718, 37.66311 ], [ -121.03575, 37.66857 ], [ -121.05392, 37.68445 ], [ -121.06583, 37.6937 ], [ -121.07271, 37.70183 ], [ -121.08043, 37.70867 ], [ -121.09169, 37.71528 ], [ -121.10375, 37.72638 ], [ -121.1085, 37.72924 ], [ -121.12108, 37.73975 ], [ -121.13656, 37.74861 ], [ -121.14214, 37.75294 ], [ -121.1474, 37.75507 ], [ -121.17338, 37.77033 ], [ -121.18497, 37.77919 ], [ -121.18739, 37.78269 ], [ -121.19283, 37.80208 ], [ -121.21584, 37.82185 ], [ -121.21721, 37.82673 ], [ -121.22042, 37.89875 ], [ -121.23356, 37.93168 ], [ -121.23565, 37.94583 ], [ -121.24951, 37.97906 ], [ -121.25032, 37.98622 ], [ -121.25775, 38.00585 ], [ -121.25839, 38.04293 ], [ -121.25942, 38.05781 ], [ -121.26012, 38.10392 ], [ -121.25729, 38.11873 ], [ -121.25738, 38.1356 ], [ -121.2578, 38.13823 ], [ -121.2611, 38.14572 ], [ -121.26356, 38.20713 ], [ -121.30019, 38.26506 ], [ -121.30687, 38.28247 ], [ -121.31654, 38.29947 ], [ -121.32526, 38.32113 ], [ -121.33561, 38.34354 ], [ -121.3437, 38.35817 ], [ -121.37623, 38.39111 ], [ -121.3882, 38.40836 ], [ -121.40696, 38.44968 ], [ -121.41612, 38.46786 ], [ -121.4591, 38.50911 ], [ -121.47322, 38.53606 ], [ -121.4743, 38.55576 ], [ -121.4734, 38.55883 ] ] ] } },
{ "type": "Feature", "properties": { "Route": 101, "route_label": "US-101", "route_class": "US" }, "geometry": { "type": "MultiLineString", "coordinates": [ [ [ -122.72729, 38.46533 ], [ -122.73407, 38.48007 ], [ -122.76036, 38.49897 ], [ -122.7803, 38.51503 ], [ -122.80447, 38.54136 ], [ -122.80895, 38.54779 ], [ -122.81569, 38.55393 ], [ -122.83096, 38.57002 ], [ -122.84685, 38.59105 ], [ -122.8618, 38.59939 ], [ -122.86959, 38.60464 ], [ -122.87335, 38.60747 ], [ -122.87747, 38.61214 ], [ -122.87851, 38.6139 ], [ -122.87888, 38.61584 ], [ -122.87765, 38.63578 ], [ -122.87728, 38.63732 ], [ -122.8721, 38.64964 ], [ -122.87169, 38.65247 ], [ -122.87571, 38.6619 ], [ -122.87717, 38.6671 ], [ -122.88008, 38.67198 ], [ -122.88077, 38.67521 ], [ -122.88099, 38.68399 ], [ -122.88284, 38.6912 ], [ -122.885, 38.69354 ], [ -122.89087, 38.69674 ], [ -122.89681, 38.70122 ], [ -122.90519, 38.7044 ], [ -122.91587, 38.70994 ], [ -122.92586, 38.7206 ], [ -122.9374, 38.72604 ], [ -122.94086, 38.72844 ], [ -122.94316, 38.73128 ], [ -122.94693, 38.73887 ], [ -122.9486, 38.74068 ], [ -122.96532, 38.74962 ], [ -122.9746, 38.75837 ], [ -122.98546, 38.76213 ], [ -122.99283, 38.76603 ], [ -122.99606, 38.76873 ], [ -123.0011, 38.77463 ], [ -123.00715, 38.77943 ], [ -123.00889, 38.78174 ], [ -123.00985, 38.78401 ], [ -123.01308, 38.79771 ], [ -123.01322, 38.801 ], [ -123.01189, 38.80979 ], [ -123.01512, 38.82108 ], [ -123.01521, 38.82371 ], [ -123.01442, 38.82791 ] ], [ [ -122.72705, 38.46534 ], [ -122.73407, 38.48039 ], [ -122.75984, 38.49885 ], [ -122.77985, 38.51489 ], [ -122.80475, 38.54204 ], [ -122.80961, 38.54882 ], [ -122.81534, 38.55387 ], [ -122.83122, 38.57065 ], [ -122.84653, 38.59102 ], [ -122.86229, 38.59992 ], [ -122.87094, 38.60577 ], [ -122.87753, 38.61241 ], [ -122.87874, 38.61588 ], [ -122.87749, 38.63583 ], [ -122.87189, 38.64974 ], [ -122.87146, 38.65233 ], [ -122.8768, 38.6669 ], [ -122.87988, 38.67221 ], [ -122.88072, 38.68397 ], [ -122.88252, 38.69123 ], [ -122.88477, 38.69367 ], [ -122.89089, 38.69705 ], [ -122.89747, 38.70195 ], [ -122.90547, 38.70501 ], [ -122.91545, 38.71014 ], [ -122.92606, 38.72104 ], [ -122.93718, 38.72617 ], [ -122.94084, 38.72872 ], [ -122.94673, 38.73897 ], [ -122.94866, 38.74097 ], [ -122.96507, 38.7497 ], [ -122.97486, 38.75875 ], [ -122.98516, 38.76221 ], [ -122.99245, 38.76603 ], [ -123.00071, 38.77455 ], [ -123.00675, 38.77936 ], [ -123.00931, 38.78323 ], [ -123.01286, 38.79812 ], [ -123.01159, 38.80932 ], [ -123.01499, 38.82177 ], [ -123.01428, 38.82799 ] ], [ [ -122.72728, 38.46532 ], [ -122.72658, 38.46295 ], [ -122.72624, 38.45093 ], [ -122.72583, 38.44875 ], [ -122.72486, 38.44693 ], [ -122.71791, 38.43684 ], [ -122.71524, 38.42987 ], [ -122.71613, 38.41738 ], [ -122.71636, 38.37642 ], [ -122.71558, 38.3736 ], [ -122.71297, 38.36969 ], [ -122.71244, 38.3669 ], [ -122.71325, 38.36019 ], [ -122.7129, 38.32573 ], [ -122.71521, 38.31559 ], [ -122.71474, 38.312 ], [ -122.71333, 38.30961 ], [ -122.70098, 38.29501 ], [ -122.69072, 38.28791 ], [ -122.66279, 38.26591 ], [ -122.6239, 38.24411 ], [ -122.61436, 38.22618 ], [ -122.61248, 38.22409 ], [ -122.60454, 38.21818 ], [ -122.59946, 38.20749 ], [ -122.59865, 38.20199 ], [ -122.6019, 38.18797 ], [ -122.60158, 38.18496 ], [ -122.60016, 38.18187 ], [ -122.59848, 38.17983 ], [ -122.59674, 38.17843 ], [ -122.58591, 38.1704 ], [ -122.57927, 38.16617 ], [ -122.57129, 38.16005 ], [ -122.56914, 38.15737 ], [ -122.56462, 38.1441 ], [ -122.56392, 38.13204 ], [ -122.56624, 38.12413 ], [ -122.5643, 38.11132 ], [ -122.56179, 38.1028 ], [ -122.56203, 38.09809 ], [ -122.56155, 38.09562 ], [ -122.55928, 38.09217 ], [ -122.54297, 38.07673 ], [ -122.53794, 38.06676 ], [ -122.53244, 38.06045 ], [ -122.53084, 38.05687 ], [ -122.53205, 38.04903 ], [ -122.53716, 38.04058 ], [ -122.53667, 38.03686 ], [ -122.538, 38.02699 ], [ -122.54201, 38.01399 ], [ -122.54188, 38.00777 ], [ -122.54068, 38.00551 ], [ -122.53196, 37.99359 ], [ -122.5302, 37.99137 ], [ -122.52415, 37.9852 ], [ -122.5217, 37.98105 ], [ -122.52071, 37.97735 ], [ -122.52197, 37.97113 ], [ -122.52177, 37.96988 ], [ -122.52133, 37.96914 ], [ -122.51977, 37.96786 ], [ -122.51124, 37.96306 ], [ -122.50975, 37.96071 ], [ -122.50869, 37.95348 ], [ -122.51186, 37.95008 ], [ -122.51449, 37.94572 ], [ -122.51499, 37.94455 ], [ -122.51693, 37.93676 ], [ -122.51534, 37.92762 ], [ -122.51129, 37.91849 ], [ -122.51566, 37.90481 ], [ -122.51687, 37.88962 ], [ -122.5167, 37.88099 ], [ -122.51601, 37.87956 ], [ -122.51515, 37.87866 ], [ -122.50798, 37.87332 ], [ -122.5072, 37.86503 ], [ -122.50613, 37.86283 ], [ -122.49878, 37.85741 ], [ -122.4945, 37.85594 ], [ -122.49277, 37.85306 ], [ -122.49033, 37.85114 ], [ -122.48924, 37.84861 ], [ -122.48689, 37.84665 ], [ -122.48581, 37.84226 ], [ -122.48688, 37.8402 ], [ -122.4869, 37.83883 ], [ -122.48374, 37.83404 ], [ -122.48095, 37.83246 ], [ -122.48388, 37.83442 ], [ -122.48668, 37.83881 ], [ -122.48547, 37.84289 ], [ -122.48674, 37.84688 ], [ -122.48892, 37.8485 ], [ -122.49009, 37.85111 ], [ -122.4926, 37.85313 ], [ -122.49433, 37.85602 ], [ -122.49876, 37.85758 ], [ -122.50582, 37.8628 ], [ -122.50695, 37.86505 ], [ -122.50775, 37.87328 ], [ -122.51496, 37.87877 ], [ -122.51645, 37.88094 ], [ -122.51543, 37.90479 ], [ -122.51104, 37.91785 ], [ -122.51154, 37.92039 ], [ -122.51513, 37.92762 ], [ -122.51664, 37.93757 ], [ -122.51441, 37.94554 ], [ -122.51163, 37.95004 ], [ -122.50865, 37.95291 ], [ -122.50843, 37.95512 ], [ -122.50966, 37.96145 ], [ -122.5106, 37.96286 ], [ -122.52139, 37.96955 ], [ -122.52039, 37.97701 ], [ -122.52127, 37.98075 ], [ -122.52376, 37.98511 ], [ -122.5309, 37.99254 ], [ -122.54163, 38.00776 ], [ -122.54183, 38.01382 ], [ -122.53801, 38.02564 ], [ -122.53632, 38.03684 ], [ -122.53676, 38.04073 ], [ -122.53167, 38.04928 ], [ -122.5306, 38.05691 ], [ -122.53202, 38.06026 ], [ -122.53784, 38.06704 ], [ -122.54253, 38.07654 ], [ -122.55922, 38.09246 ], [ -122.56113, 38.09529 ], [ -122.56156, 38.10306 ], [ -122.56378, 38.11032 ], [ -122.5659, 38.1237 ], [ -122.56361, 38.13206 ], [ -122.56441, 38.14398 ], [ -122.56875, 38.15711 ], [ -122.57134, 38.16032 ], [ -122.57898, 38.16618 ], [ -122.59699, 38.17882 ], [ -122.60024, 38.18225 ], [ -122.60171, 38.18787 ], [ -122.59855, 38.20122 ], [ -122.59934, 38.20783 ], [ -122.60399, 38.21784 ], [ -122.61418, 38.2263 ], [ -122.62389, 38.24438 ], [ -122.66238, 38.26584 ], [ -122.69079, 38.28819 ], [ -122.7007, 38.29501 ], [ -122.71448, 38.31197 ], [ -122.71498, 38.31558 ], [ -122.71264, 38.32624 ], [ -122.71305, 38.35977 ], [ -122.71223, 38.36705 ], [ -122.71266, 38.36945 ], [ -122.71612, 38.37638 ], [ -122.71586, 38.41815 ], [ -122.71503, 38.4299 ], [ -122.71769, 38.4369 ], [ -122.72574, 38.44912 ], [ -122.72629, 38.46216 ], [ -122.72704, 38.46533 ] ], [ [ -122.41786, 37.76977 ], [ -122.42101, 37.77009 ], [ -122.42171, 37.77027 ], [ -122.4229, 37.77103 ], [ -122.42346, 37.77187 ] ], [ [ -122.41784, 37.76988 ], [ -122.42167, 37.77035 ], [ -122.42336, 37.77194 ] ], [ [ -122.42073, 37.78197 ], [ -122.42469, 37.80126 ], [ -122.44453, 37.79873 ], [ -122.44514, 37.79892 ], [ -122.45127, 37.80316 ], [ -122.45617, 37.80288 ], [ -122.46072, 37.8016 ], [ -122.46225, 37.80149 ], [ -122.46987, 37.80307 ], [ -122.4719, 37.80402 ], [ -122.47339, 37.80519 ], [ -122.46956, 37.80319 ], [ -122.46211, 37.80175 ], [ -122.45569, 37.80315 ], [ -122.45127, 37.80333 ], [ -122.44452, 37.79885 ], [ -122.42458, 37.80136 ], [ -122.42057, 37.78198 ] ], [ [ -122.41863, 37.77302 ], [ -122.41941, 37.77543 ], [ -122.42073, 37.78195 ] ], [ [ -122.41863, 37.77302 ], [ -122.42056, 37.78197 ] ], [ [ -122.41988, 37.77039 ], [ -122.41863, 37.77302 ] ], [ [ -122.41784, 37.76988 ], [ -122.41863, 37.77302 ] ], [ [ -122.41792, 37.76925 ], [ -122.41786, 37.76977 ] ], [ [ -122.41786, 37.76977 ], [ -122.41784, 37.76988 ] ], [ [ -121.65158, 36.68638 ], [ -121.65557, 36.6886 ], [ -121.66224, 36.69363 ], [ -121.6638, 36.69602 ], [ -121.66649, 36.70251 ], [ -121.66608, 36.70546 ], [ -121.66206, 36.71428 ], [ -121.65722, 36.73306 ], [ -121.65767, 36.73713 ], [ -121.65918, 36.74129 ], [ -121.66122, 36.74541 ], [ -121.66415, 36.75301 ], [ -121.66839, 36.76651 ], [ -121.6691, 36.76965 ], [ -121.66964, 36.77751 ], [ -121.66945, 36.78092 ], [ -121.66654, 36.79493 ], [ -121.66561, 36.79757 ], [ -121.66419, 36.79955 ], [ -121.6618, 36.80115 ], [ -121.65454, 36.80323 ], [ -121.65009, 36.80546 ], [ -121.64022, 36.81458 ], [ -121.63096, 36.81993 ], [ -121.6303, 36.82211 ], [ -121.62836, 36.82565 ], [ -121.6283, 36.82754 ], [ -121.63, 36.83105 ], [ -121.63049, 36.83613 ], [ -121.63562, 36.84709 ], [ -121.63616, 36.84909 ], [ -121.63595, 36.85076 ], [ -121.63518, 36.85239 ], [ -121.63398, 36.85399 ], [ -121.63198, 36.85586 ], [ -121.62914, 36.85752 ], [ -121.624, 36.85955 ], [ -121.62043, 36.86247 ], [ -121.61778, 36.86343 ], [ -121.61468, 36.86322 ], [ -121.61181, 36.862 ], [ -121.60977, 36.86073 ], [ -121.60873, 36.8604 ], [ -121.59717, 36.85928 ], [ -121.58574, 36.86146 ], [ -121.58059, 36.86189 ], [ -121.57712, 36.86382 ], [ -121.57293, 36.86969 ], [ -121.57071, 36.87458 ], [ -121.56861, 36.8765 ], [ -121.56461, 36.87897 ], [ -121.56282, 36.88072 ], [ -121.5569, 36.89099 ], [ -121.55644, 36.89288 ], [ -121.55684, 36.90609 ], [ -121.55649, 36.90826 ], [ -121.55582, 36.90965 ], [ -121.55444, 36.9113 ], [ -121.54931, 36.91538 ], [ -121.54766, 36.91891 ], [ -121.54759, 36.92792 ], [ -121.55175, 36.93378 ], [ -121.5527, 36.93704 ], [ -121.553, 36.94878 ], [ -121.55122, 36.96168 ], [ -121.55479, 36.97388 ], [ -121.55891, 36.9841 ], [ -121.55633, 36.99871 ], [ -121.55677, 37.00336 ], [ -121.5762, 37.03975 ], [ -121.58986, 37.07101 ], [ -121.60458, 37.0978 ], [ -121.60747, 37.10117 ], [ -121.62323, 37.11409 ], [ -121.6375, 37.13725 ], [ -121.65734, 37.15772 ], [ -121.66434, 37.1633 ], [ -121.66969, 37.16959 ], [ -121.67906, 37.17772 ], [ -121.68749, 37.18649 ], [ -121.70476, 37.19855 ], [ -121.72227, 37.20884 ], [ -121.73017, 37.21668 ], [ -121.7435, 37.22716 ], [ -121.79428, 37.25571 ], [ -121.79787, 37.25843 ], [ -121.80048, 37.26216 ], [ -121.80517, 37.2762 ], [ -121.80919, 37.28312 ], [ -121.81008, 37.29411 ], [ -121.8113, 37.29716 ], [ -121.86294, 37.35106 ], [ -121.87178, 37.35862 ], [ -121.88, 37.36163 ], [ -121.9015, 37.36393 ], [ -121.90499, 37.36544 ], [ -121.91046, 37.36956 ], [ -121.91587, 37.37141 ], [ -121.92359, 37.37265 ], [ -121.95377, 37.37903 ], [ -122.00865, 37.39466 ], [ -122.04979, 37.40366 ], [ -122.0685, 37.40806 ], [ -122.08166, 37.41335 ], [ -122.08573, 37.41595 ], [ -122.09811, 37.42509 ], [ -122.12645, 37.45176 ], [ -122.17845, 37.48229 ], [ -122.18746, 37.48511 ], [ -122.20791, 37.48774 ], [ -122.21167, 37.48854 ], [ -122.21505, 37.48956 ], [ -122.22512, 37.49391 ], [ -122.23564, 37.49702 ], [ -122.23829, 37.49825 ], [ -122.27482, 37.53031 ], [ -122.30244, 37.56006 ], [ -122.3299, 37.5853 ], [ -122.3333, 37.58657 ], [ -122.35352, 37.58716 ], [ -122.35567, 37.58748 ], [ -122.35811, 37.58822 ], [ -122.36062, 37.58953 ], [ -122.39528, 37.61212 ], [ -122.39842, 37.61597 ], [ -122.40222, 37.62732 ], [ -122.40328, 37.63434 ], [ -122.40602, 37.64098 ], [ -122.4071, 37.65416 ], [ -122.40664, 37.65624 ], [ -122.40498, 37.65943 ], [ -122.40437, 37.66022 ], [ -122.39703, 37.6655 ], [ -122.39133, 37.67172 ], [ -122.38895, 37.67579 ], [ -122.38858, 37.67932 ], [ -122.39582, 37.71139 ], [ -122.39878, 37.71606 ], [ -122.40303, 37.72791 ], [ -122.40766, 37.73667 ], [ -122.40808, 37.7381 ], [ -122.40817, 37.73965 ], [ -122.40786, 37.74103 ], [ -122.40506, 37.74538 ], [ -122.40299, 37.75276 ], [ -122.40356, 37.75681 ], [ -122.40592, 37.75894 ], [ -122.4065, 37.76026 ], [ -122.4063, 37.7614 ], [ -122.40514, 37.76386 ], [ -122.40554, 37.76754 ], [ -122.40755, 37.76875 ], [ -122.41786, 37.76977 ] ], [ [ -121.65153, 36.68654 ], [ -121.66237, 36.69412 ], [ -121.66626, 36.70275 ], [ -121.66591, 36.70526 ], [ -121.66173, 36.71448 ], [ -121.65683, 36.73381 ], [ -121.65791, 36.73894 ], [ -121.66394, 36.75281 ], [ -121.66893, 36.76923 ], [ -121.66939, 36.78024 ], [ -121.6655, 36.79742 ], [ -121.66208, 36.80085 ], [ -121.65383, 36.80336 ], [ -121.65007, 36.8053 ], [ -121.64052, 36.81415 ], [ -121.63082, 36.81989 ], [ -121.62828, 36.82548 ], [ -121.62813, 36.82749 ], [ -121.62992, 36.83123 ], [ -121.63044, 36.83632 ], [ -121.63603, 36.84896 ], [ -121.63515, 36.85219 ], [ -121.63209, 36.85558 ], [ -121.61677, 36.86275 ], [ -121.61253, 36.8622 ], [ -121.60978, 36.86052 ], [ -121.60818, 36.86003 ], [ -121.59707, 36.85905 ], [ -121.58532, 36.86129 ], [ -121.58052, 36.86147 ], [ -121.5773, 36.86313 ], [ -121.57265, 36.86968 ], [ -121.57044, 36.8746 ], [ -121.56435, 36.87889 ], [ -121.56249, 36.88081 ], [ -121.55685, 36.89073 ], [ -121.55624, 36.89285 ], [ -121.55631, 36.90818 ], [ -121.55423, 36.91124 ], [ -121.54937, 36.91511 ], [ -121.54754, 36.91903 ], [ -121.54701, 36.92805 ], [ -121.5514, 36.93389 ], [ -121.55246, 36.93696 ], [ -121.55281, 36.94807 ], [ -121.55104, 36.96189 ], [ -121.55462, 36.97404 ], [ -121.55856, 36.98404 ], [ -121.55601, 36.99849 ], [ -121.55636, 37.00321 ], [ -121.57535, 37.03883 ], [ -121.58966, 37.07146 ], [ -121.60478, 37.09871 ], [ -121.60759, 37.1017 ], [ -121.62294, 37.11428 ], [ -121.63725, 37.13742 ], [ -121.65564, 37.15644 ], [ -121.66372, 37.16317 ], [ -121.6698, 37.17004 ], [ -121.67893, 37.17802 ], [ -121.68659, 37.18617 ], [ -121.70456, 37.19885 ], [ -121.72136, 37.2085 ], [ -121.72999, 37.21686 ], [ -121.74382, 37.22766 ], [ -121.79419, 37.25596 ], [ -121.79773, 37.25867 ], [ -121.80039, 37.26266 ], [ -121.805, 37.2765 ], [ -121.80889, 37.28304 ], [ -121.80981, 37.29419 ], [ -121.81134, 37.29772 ], [ -121.86284, 37.3513 ], [ -121.8717, 37.35879 ], [ -121.87919, 37.36168 ], [ -121.90141, 37.36415 ], [ -121.90464, 37.36551 ], [ -121.91024, 37.3697 ], [ -121.91606, 37.37167 ], [ -121.95354, 37.37918 ], [ -122.00885, 37.39489 ], [ -122.06805, 37.40814 ], [ -122.08198, 37.4137 ], [ -122.0979, 37.42518 ], [ -122.12592, 37.45165 ], [ -122.17788, 37.48225 ], [ -122.1868, 37.48515 ], [ -122.21236, 37.48887 ], [ -122.22468, 37.49391 ], [ -122.23818, 37.49841 ], [ -122.27531, 37.53105 ], [ -122.30196, 37.5599 ], [ -122.32985, 37.5855 ], [ -122.33391, 37.58682 ], [ -122.35281, 37.58732 ], [ -122.35737, 37.58813 ], [ -122.39531, 37.6125 ], [ -122.39802, 37.61589 ], [ -122.40199, 37.62729 ], [ -122.40299, 37.63425 ], [ -122.40593, 37.64211 ], [ -122.40691, 37.65395 ], [ -122.40417, 37.66021 ], [ -122.39781, 37.66462 ], [ -122.39126, 37.67144 ], [ -122.38892, 37.67536 ], [ -122.38834, 37.67905 ], [ -122.39557, 37.71143 ], [ -122.39881, 37.71664 ], [ -122.40288, 37.72844 ], [ -122.40791, 37.73794 ], [ -122.40765, 37.74107 ], [ -122.40507, 37.74489 ], [ -122.40288, 37.75186 ], [ -122.40321, 37.75652 ], [ -122.4063, 37.76027 ], [ -122.40494, 37.76386 ], [ -122.40527, 37.76751 ], [ -122.40829, 37.76989 ], [ -122.41006, 37.76941 ], [ -122.41784, 37.76988 ] ] ] } },
{ "type": "Feature", "properties": { "Route": 113, "route_label": "SR-113", "route_class": "SR" }, "geometry": { "type": "MultiLineString", "coordinates": [ [ [ -121.82304, 38.47203 ], [ -121.82382, 38.47301 ] ], [ [ -121.8223, 38.47062 ], [ -121.82304, 38.47203 ] ], [ [ -121.8223, 38.47062 ], [ -121.82234, 38.47185 ], [ -121.82304, 38.47203 ] ], [ [ -121.82241, 38.4565 ], [ -121.8223, 38.47062 ] ], [ [ -121.8225, 38.44963 ], [ -121.82241, 38.4565 ] ], [ [ -121.8225, 38.44963 ], [ -121.82235, 38.45634 ], [ -121.82241, 38.4565 ] ], [ [ -121.8225, 38.449 ], [ -121.8225, 38.44963 ] ], [ [ -121.82253, 38.44455 ], [ -121.8225, 38.449 ] ], [ [ -121.82253, 38.44455 ], [ -121.82248, 38.44658 ], [ -121.8225, 38.449 ] ], [ [ -121.82324, 38.33823 ], [ -121.82253, 38.44455 ] ], [ [ -121.81885, 38.28543 ], [ -121.82376, 38.28564 ], [ -121.82324, 38.33821 ] ], [ [ -121.80551, 38.2853 ], [ -121.81885, 38.28543 ] ], [ [ -121.80551, 38.2853 ], [ -121.80552, 38.28531 ], [ -121.81885, 38.28543 ] ], [ [ -121.80614, 38.18385 ], [ -121.80551, 38.2853 ] ], [ [ -121.77425, 38.51558 ], [ -121.76997, 38.51891 ], [ -121.76881, 38.52138 ], [ -121.76687, 38.58397 ], [ -121.76619, 38.62382 ], [ -121.7647, 38.62935 ], [ -121.75287, 38.6571 ], [ -121.75133, 38.66268 ], [ -121.75078, 38.68496 ], [ -121.75177, 38.6873 ], [ -121.75487, 38.69011 ] ], [ [ -121.77084, 38.51969 ], [ -121.76898, 38.52413 ], [ -121.76664, 38.62294 ], [ -121.76526, 38.62882 ], [ -121.75187, 38.66133 ], [ -121.75111, 38.68161 ], [ -121.75236, 38.68594 ] ], [ [ -121.76521, 38.69512 ], [ -121.76517, 38.71355 ], [ -121.76429, 38.72116 ], [ -121.76508, 38.73449 ], [ -121.766, 38.73518 ], [ -121.77498, 38.73534 ], [ -121.77585, 38.73605 ], [ -121.77458, 38.7926 ], [ -121.77337, 38.79316 ], [ -121.72746, 38.79222 ], [ -121.72307, 38.79479 ], [ -121.71976, 38.80138 ], [ -121.72013, 38.8056 ], [ -121.71553, 38.80995 ], [ -121.71444, 38.81238 ], [ -121.71907, 38.83017 ], [ -121.71852, 38.84167 ], [ -121.67847, 38.94794 ], [ -121.67222, 38.96723 ], [ -121.67193, 39.00226 ], [ -121.67016, 39.00322 ], [ -121.63135, 39.00342 ] ], [ [ -121.76521, 38.69512 ], [ -121.7653, 38.69459 ], [ -121.7652, 38.69451 ], [ -121.76514, 38.695 ], [ -121.76521, 38.69512 ] ] ] } },
{ "type": "Feature", "properties": { "Route": 116, "route_label": "SR-116", "route_class": "SR" }, "geometry": { "type": "MultiLineString", "coordinates": [ [ [ -123.10389, 38.43689 ], [ -123.1034, 38.43868 ], [ -123.10065, 38.44061 ], [ -123.10061, 38.44288 ], [ -123.09883, 38.44451 ], [ -123.09835, 38.44737 ], [ -123.09551, 38.44943 ], [ -123.08951, 38.4492 ], [ -123.07933, 38.44368 ], [ -123.07368, 38.44227 ], [ -123.07111, 38.44268 ], [ -123.06155, 38.44663 ], [ -123.05488, 38.45214 ], [ -123.05231, 38.4559 ], [ -123.05443, 38.46139 ], [ -123.05408, 38.46432 ], [ -123.05241, 38.46635 ], [ -123.04952, 38.4673 ], [ -123.04438, 38.46659 ], [ -123.03629, 38.46729 ], [ -123.02836, 38.47349 ], [ -123.02537, 38.47769 ], [ -123.02079, 38.47675 ], [ -123.0194, 38.47568 ] ], [ [ -123.0194, 38.47568 ], [ -123.0194, 38.47568 ], [ -123.01916, 38.47555 ] ], [ [ -123.0194, 38.47568 ], [ -123.01916, 38.47555 ] ], [ [ -123.01916, 38.47555 ], [ -123.01743, 38.47476 ], [ -123.01483, 38.47024 ] ], [ [ -123.01483, 38.47024 ], [ -123.01449, 38.47 ] ], [ [ -123.01483, 38.47024 ], [ -123.0148, 38.47023 ], [ -123.01449, 38.47 ] ], [ [ -123.01449, 38.47 ], [ -123.01183, 38.46834 ] ], [ [ -123.01183, 38.46834 ], [ -123.01162, 38.46825 ] ], [ [ -123.01183, 38.46834 ], [ -123.01182, 38.46834 ], [ -123.01162, 38.46825 ] ], [ [ -123.01162, 38.46825 ], [ -123.0091, 38.46821 ] ], [ [ -123.0091, 38.46821 ], [ -123.0087, 38.46852 ], [ -123.00868, 38.46854 ] ], [ [ -123.0091, 38.46821 ], [ -123.00868, 38.46854 ] ], [ [ -123.00868, 38.46854 ], [ -123.00559, 38.47397 ], [ -123.0029, 38.4748 ], [ -122.99755, 38.47824 ], [ -122.99707, 38.48031 ] ], [ [ -123.00507, 38.50118 ], [ -123.00361, 38.50194 ], [ -122.9988, 38.50201 ] ], [ [ -123.00507, 38.50118 ], [ -123.00364, 38.502 ], [ -122.9988, 38.50201 ] ], [ [ -122.99718, 38.48043 ], [ -123.01094, 38.48239 ], [ -123.01311, 38.4836 ], [ -123.01584, 38.48761 ], [ -123.01634, 38.49097 ], [ -123.01471, 38.49262 ], [ -123.00649, 38.49668 ], [ -123.00507, 38.50118 ] ], [ [ -122.9988, 38.50201 ], [ -122.99532, 38.50251 ], [ -122.99385, 38.49983 ] ], [ [ -122.99707, 38.48031 ], [ -122.99718, 38.48043 ] ], [ [ -122.99707, 38.48031 ], [ -122.99708, 38.48032 ], [ -122.99718, 38.48043 ] ], [ [ -122.99385, 38.49983 ], [ -122.99364, 38.49942 ], [ -122.99363, 38.49941 ] ], [ [ -122.99385, 38.49983 ], [ -122.99363, 38.49941 ] ], [ [ -122.99363, 38.49941 ], [ -122.99199, 38.4985 ], [ -122.98834, 38.49886 ], [ -122.9837, 38.50046 ], [ -122.98025, 38.49889 ], [ -122.97258, 38.49914 ], [ -122.96239, 38.49539 ], [ -122.96062, 38.49156 ] ], [ [ -122.96197, 38.48594 ], [ -122.96206, 38.48567 ] ], [ [ -122.96197, 38.48594 ], [ -122.96198, 38.48592 ], [ -122.96206, 38.48567 ] ], [ [ -122.96206, 38.48567 ], [ -122.9619, 38.48257 ], [ -122.95979, 38.48168 ], [ -122.9583, 38.47974 ], [ -122.95818, 38.47812 ], [ -122.95306, 38.47612 ], [ -122.94675, 38.47644 ], [ -122.94266, 38.47788 ], [ -122.92713, 38.47589 ], [ -122.92231, 38.47646 ], [ -122.91852, 38.47462 ], [ -122.91007, 38.47245 ], [ -122.90635, 38.47395 ], [ -122.88928, 38.47362 ], [ -122.88043, 38.46453 ] ], [ [ -122.96054, 38.49146 ], [ -122.96197, 38.48594 ] ], [ [ -122.96062, 38.49156 ], [ -122.96054, 38.49146 ] ], [ [ -122.96062, 38.49156 ], [ -122.96055, 38.49147 ], [ -122.96054, 38.49146 ] ], [ [ -122.88043, 38.46453 ], [ -122.87742, 38.4616 ] ], [ [ -122.88043, 38.46453 ], [ -122.88038, 38.46451 ], [ -122.87742, 38.4616 ] ], [ [ -122.87742, 38.4616 ], [ -122.86848, 38.45264 ], [ -122.8661, 38.44442 ], [ -122.86038, 38.44151 ], [ -122.85765, 38.43696 ], [ -122.85617, 38.43246 ], [ -122.85251, 38.42979 ] ], [ [ -122.85251, 38.42979 ], [ -122.85081, 38.42802 ], [ -122.84879, 38.42687 ], [ -122.84804, 38.42478 ], [ -122.84643, 38.4232 ], [ -122.84588, 38.41683 ], [ -122.84558, 38.41568 ], [ -122.84465, 38.41435 ], [ -122.84295, 38.41266 ], [ -122.8403, 38.40918 ], [ -122.83964, 38.40862 ] ], [ [ -122.85251, 38.42979 ], [ -122.84863, 38.42682 ], [ -122.84634, 38.42324 ], [ -122.84555, 38.41582 ], [ -122.84482, 38.41468 ], [ -122.84283, 38.41268 ], [ -122.83964, 38.40862 ] ], [ [ -122.83964, 38.40862 ], [ -122.83633, 38.40539 ], [ -122.82637, 38.40523 ], [ -122.82484, 38.40312 ] ], [ [ -122.82484, 38.40312 ], [ -122.82336, 38.40352 ], [ -122.82151, 38.39887 ], [ -122.81491, 38.38887 ] ], [ [ -122.82484, 38.40312 ], [ -122.82088, 38.39602 ], [ -122.81913, 38.39476 ], [ -122.81491, 38.38887 ] ], [ [ -122.81491, 38.38887 ], [ -122.81187, 38.38423 ], [ -122.80635, 38.3813 ], [ -122.79698, 38.37847 ], [ -122.78424, 38.36924 ], [ -122.77803, 38.36217 ], [ -122.76948, 38.35785 ], [ -122.76407, 38.35058 ], [ -122.75617, 38.34255 ], [ -122.74068, 38.33498 ], [ -122.73131, 38.33363 ] ], [ [ -122.73131, 38.33363 ], [ -122.72336, 38.33266 ], [ -122.72326, 38.33261 ] ], [ [ -122.73131, 38.33363 ], [ -122.72326, 38.33261 ] ], [ [ -122.72326, 38.33261 ], [ -122.71556, 38.33163 ] ], [ [ -122.71556, 38.33163 ], [ -122.71506, 38.33164 ], [ -122.71279, 38.33127 ], [ -122.71287, 38.33121 ], [ -122.71556, 38.33163 ] ], [ [ -122.61795, 38.2332 ], [ -122.61491, 38.23286 ], [ -122.5903, 38.23452 ], [ -122.54929, 38.21204 ] ], [ [ -122.54929, 38.21204 ], [ -122.54902, 38.21215 ] ], [ [ -122.54929, 38.21204 ], [ -122.54929, 38.21203 ], [ -122.54902, 38.21215 ] ], [ [ -122.54902, 38.21215 ], [ -122.54725, 38.21376 ], [ -122.54692, 38.21597 ], [ -122.54455, 38.21705 ], [ -122.5426, 38.22035 ], [ -122.53071, 38.22672 ], [ -122.53182, 38.23057 ], [ -122.52662, 38.2362 ], [ -122.52368, 38.23603 ], [ -122.51663, 38.23716 ], [ -122.50884, 38.23652 ], [ -122.5072, 38.23747 ], [ -122.50543, 38.24042 ] ], [ [ -122.50543, 38.24042 ], [ -122.50471, 38.24359 ] ], [ [ -122.50543, 38.24042 ], [ -122.5056, 38.24226 ], [ -122.50471, 38.24359 ] ], [ [ -122.50471, 38.24359 ], [ -122.49921, 38.24877 ], [ -122.49199, 38.25143 ] ], [ [ -122.49199, 38.25143 ], [ -122.48806, 38.2527 ] ], [ [ -122.49199, 38.25143 ], [ -122.4919, 38.25143 ], [ -122.48806, 38.2527 ] ], [ [ -122.48806, 38.2527 ], [ -122.48096, 38.25492 ], [ -122.47871, 38.25445 ], [ -122.47262, 38.24742 ], [ -122.46579, 38.24415 ], [ -122.46127, 38.23561 ] ] ] } },
{ "type": "Feature", "properties": { "Route": 121, "route_label": "SR-121", "route_class": "SR" }, "geometry": { "type": "MultiLineString", "coordinates": [ [ [ -122.44941, 38.15091 ], [ -122.44838, 38.15301 ], [ -122.44954, 38.1568 ], [ -122.45652, 38.16682 ], [ -122.45743, 38.16992 ], [ -122.45323, 38.17547 ], [ -122.44692, 38.17739 ], [ -122.44238, 38.18411 ], [ -122.44179, 38.18703 ], [ -122.44669, 38.19952 ], [ -122.45509, 38.21054 ], [ -122.45495, 38.21833 ], [ -122.46127, 38.23561 ], [ -122.46052, 38.2364 ], [ -122.45365, 38.23886 ], [ -122.44568, 38.24492 ], [ -122.43821, 38.24608 ], [ -122.41377, 38.24668 ], [ -122.41078, 38.24846 ], [ -122.40805, 38.25136 ], [ -122.4034, 38.25273 ], [ -122.39832, 38.25173 ], [ -122.39291, 38.25347 ], [ -122.38041, 38.25043 ], [ -122.36692, 38.25595 ], [ -122.36213, 38.2562 ], [ -122.35696, 38.25823 ], [ -122.35085, 38.25641 ], [ -122.3371, 38.25452 ], [ -122.31205, 38.25887 ] ], [ [ -122.31205, 38.25887 ], [ -122.31094, 38.25901 ], [ -122.30963, 38.25892 ], [ -122.30504, 38.25822 ], [ -122.3026, 38.25759 ] ], [ [ -122.31205, 38.25887 ], [ -122.30264, 38.25749 ] ], [ [ -122.27527, 38.28867 ], [ -122.2752, 38.28878 ] ], [ [ -122.27527, 38.28867 ], [ -122.27522, 38.28874 ], [ -122.2752, 38.28878 ] ], [ [ -122.27456, 38.28474 ], [ -122.27527, 38.28867 ] ], [ [ -122.2752, 38.28878 ], [ -122.27526, 38.29779 ], [ -122.27654, 38.30269 ], [ -122.27784, 38.30422 ], [ -122.27757, 38.30775 ], [ -122.27577, 38.31276 ], [ -122.27608, 38.31599 ], [ -122.2739, 38.31747 ], [ -122.27203, 38.32038 ], [ -122.27427, 38.32571 ], [ -122.25447, 38.34372 ], [ -122.25122, 38.34515 ], [ -122.24494, 38.34556 ], [ -122.24362, 38.34712 ], [ -122.23919, 38.34673 ], [ -122.23628, 38.34853 ], [ -122.23569, 38.34992 ], [ -122.22581, 38.35178 ], [ -122.2241, 38.35312 ], [ -122.22183, 38.35322 ], [ -122.21983, 38.35423 ], [ -122.21525, 38.35455 ], [ -122.21404, 38.35576 ], [ -122.21205, 38.35598 ], [ -122.21057, 38.35533 ], [ -122.20775, 38.35637 ], [ -122.20578, 38.35434 ], [ -122.20074, 38.35521 ], [ -122.20061, 38.35884 ], [ -122.20259, 38.36454 ], [ -122.20116, 38.36547 ], [ -122.20119, 38.36709 ], [ -122.20433, 38.37274 ], [ -122.20403, 38.3746 ], [ -122.20223, 38.37578 ], [ -122.20245, 38.37683 ], [ -122.20106, 38.37695 ], [ -122.19984, 38.37987 ], [ -122.20218, 38.39331 ], [ -122.20442, 38.39657 ], [ -122.20409, 38.39982 ], [ -122.20545, 38.40181 ], [ -122.20314, 38.4115 ], [ -122.20549, 38.41568 ], [ -122.205, 38.41704 ], [ -122.20668, 38.42048 ], [ -122.20926, 38.4236 ], [ -122.20996, 38.42802 ], [ -122.2077, 38.43183 ], [ -122.20539, 38.4333 ], [ -122.20522, 38.43957 ], [ -122.2021, 38.44134 ], [ -122.19962, 38.44418 ], [ -122.19647, 38.44558 ] ], [ [ -122.27417, 38.28048 ], [ -122.27456, 38.28474 ] ], [ [ -122.27417, 38.28048 ], [ -122.27408, 38.28061 ], [ -122.27456, 38.28474 ] ], [ [ -122.27417, 38.28048 ], [ -122.28493, 38.28166 ], [ -122.29248, 38.28204 ], [ -122.30035, 38.28195 ], [ -122.28491, 38.28154 ], [ -122.27417, 38.28048 ] ] ] } },
{ "type": "Feature", "properties": { "Route": 128, "route_label": "SR-128", "route_class": "SR" }, "geometry": { "type": "MultiLineString", "coordinates": [ [ [ -122.91909, 38.71361 ], [ -122.91751, 38.71454 ], [ -122.90417, 38.70654 ], [ -122.89265, 38.71551 ], [ -122.88755, 38.71254 ], [ -122.88366, 38.71337 ], [ -122.88263, 38.71199 ], [ -122.87787, 38.71028 ], [ -122.87219, 38.70514 ], [ -122.86999, 38.70446 ], [ -122.8652, 38.70046 ], [ -122.86078, 38.69821 ], [ -122.85612, 38.69386 ], [ -122.84937, 38.68959 ], [ -122.83962, 38.68736 ], [ -122.84267, 38.68439 ], [ -122.81974, 38.66652 ], [ -122.81298, 38.67155 ], [ -122.78318, 38.6484 ], [ -122.78038, 38.64793 ], [ -122.77769, 38.64644 ], [ -122.77645, 38.64321 ], [ -122.7717, 38.63965 ], [ -122.76716, 38.63851 ], [ -122.76553, 38.64112 ], [ -122.76358, 38.64217 ], [ -122.76094, 38.64164 ], [ -122.75774, 38.6396 ], [ -122.75407, 38.63969 ], [ -122.75252, 38.64267 ], [ -122.74551, 38.64151 ], [ -122.74428, 38.64284 ], [ -122.74472, 38.64483 ], [ -122.74042, 38.64867 ], [ -122.73657, 38.65038 ], [ -122.73165, 38.64883 ], [ -122.72777, 38.65118 ], [ -122.7247, 38.649 ], [ -122.71788, 38.6483 ], [ -122.71033, 38.64422 ], [ -122.68529, 38.63816 ], [ -122.66781, 38.6291 ], [ -122.66403, 38.62545 ], [ -122.66319, 38.62236 ], [ -122.65876, 38.6177 ], [ -122.65817, 38.61216 ], [ -122.65197, 38.60648 ], [ -122.64621, 38.60446 ], [ -122.64572, 38.60268 ], [ -122.64017, 38.60316 ], [ -122.63648, 38.60085 ], [ -122.63276, 38.59994 ], [ -122.63166, 38.60263 ], [ -122.62876, 38.60278 ], [ -122.62568, 38.60006 ], [ -122.61864, 38.59796 ], [ -122.60492, 38.58641 ], [ -122.59527, 38.58069 ], [ -122.58053, 38.57526 ] ], [ [ -122.42278, 38.45875 ], [ -122.41035, 38.46581 ], [ -122.399, 38.47 ], [ -122.40039, 38.4755 ], [ -122.40413, 38.47984 ], [ -122.40438, 38.48313 ], [ -122.4057, 38.48471 ], [ -122.40611, 38.48741 ] ], [ [ -122.40611, 38.48741 ], [ -122.40611, 38.48742 ], [ -122.40596, 38.48737 ] ], [ [ -122.40611, 38.48741 ], [ -122.40596, 38.48737 ] ], [ [ -122.40596, 38.48737 ], [ -122.40441, 38.48691 ], [ -122.40235, 38.48792 ], [ -122.39794, 38.48673 ], [ -122.3918, 38.48752 ], [ -122.38612, 38.48574 ], [ -122.37623, 38.48051 ], [ -122.37236, 38.48019 ], [ -122.37188, 38.47895 ], [ -122.37023, 38.48111 ], [ -122.36643, 38.48064 ], [ -122.3645, 38.48173 ], [ -122.36046, 38.48167 ], [ -122.35773, 38.48325 ], [ -122.35579, 38.48295 ], [ -122.35325, 38.48735 ], [ -122.34929, 38.48855 ], [ -122.34868, 38.49019 ], [ -122.3464, 38.49136 ], [ -122.34198, 38.49264 ], [ -122.33972, 38.49194 ], [ -122.3364, 38.49242 ], [ -122.32886, 38.48991 ], [ -122.32245, 38.48997 ], [ -122.31886, 38.48791 ], [ -122.31517, 38.48689 ], [ -122.31284, 38.48667 ], [ -122.30945, 38.48786 ], [ -122.30319, 38.48662 ], [ -122.29919, 38.48675 ], [ -122.29507, 38.4911 ], [ -122.29264, 38.49674 ], [ -122.29491, 38.50121 ], [ -122.29663, 38.50275 ], [ -122.29527, 38.5046 ], [ -122.29354, 38.50491 ], [ -122.28819, 38.50286 ], [ -122.28389, 38.50512 ], [ -122.27803, 38.50546 ], [ -122.27608, 38.50777 ], [ -122.27146, 38.50882 ], [ -122.26649, 38.50671 ], [ -122.2656, 38.50527 ], [ -122.25754, 38.5011 ], [ -122.25425, 38.49736 ], [ -122.24725, 38.49459 ], [ -122.24695, 38.49123 ], [ -122.24452, 38.48581 ], [ -122.23803, 38.4809 ], [ -122.2345, 38.47541 ], [ -122.22718, 38.47121 ], [ -122.2234, 38.46377 ], [ -122.20911, 38.45438 ], [ -122.20449, 38.4527 ], [ -122.20274, 38.44979 ], [ -122.1976, 38.44722 ], [ -122.19382, 38.44306 ], [ -122.18658, 38.43949 ], [ -122.1788, 38.43721 ], [ -122.17467, 38.43771 ], [ -122.17113, 38.43615 ], [ -122.16351, 38.43553 ], [ -122.15665, 38.43006 ], [ -122.15321, 38.4333 ], [ -122.15392, 38.43745 ], [ -122.1521, 38.44097 ], [ -122.15191, 38.45298 ], [ -122.15285, 38.45557 ], [ -122.15322, 38.46325 ], [ -122.15256, 38.4668 ], [ -122.15148, 38.46723 ], [ -122.14775, 38.46581 ], [ -122.14614, 38.46987 ], [ -122.14187, 38.4697 ], [ -122.14167, 38.47142 ], [ -122.14345, 38.4752 ], [ -122.14155, 38.47577 ], [ -122.14046, 38.4771 ], [ -122.13773, 38.47672 ], [ -122.13659, 38.47724 ], [ -122.13359, 38.48285 ], [ -122.13143, 38.48456 ], [ -122.12999, 38.48711 ], [ -122.127, 38.48907 ], [ -122.1254, 38.49335 ], [ -122.11883, 38.50204 ], [ -122.11504, 38.5052 ], [ -122.11164, 38.50543 ], [ -122.11141, 38.50626 ], [ -122.11309, 38.50714 ], [ -122.11327, 38.50803 ], [ -122.1089, 38.51152 ], [ -122.10583, 38.51222 ], [ -122.10056, 38.51172 ], [ -122.09711, 38.50898 ], [ -122.09543, 38.51324 ], [ -122.0914, 38.51647 ], [ -122.08649, 38.51489 ], [ -122.08118, 38.51548 ], [ -122.07432, 38.51425 ], [ -122.06757, 38.51488 ], [ -122.05904, 38.51752 ], [ -122.0565, 38.51764 ], [ -122.0513, 38.513 ], [ -122.04301, 38.50849 ], [ -122.04152, 38.50682 ], [ -122.03974, 38.50213 ], [ -122.03702, 38.49889 ], [ -122.03015, 38.49485 ], [ -122.02218, 38.49509 ], [ -122.01774, 38.49836 ], [ -122.01892, 38.50586 ], [ -122.01741, 38.50811 ], [ -121.95298, 38.53142 ] ] ] } },
{ "type": "Feature", "properties": { "Route": 152, "route_label": "SR-152", "route_class": "SR" }, "geometry": { "type": "MultiLineString", "coordinates": [ [ [ -121.79046, 36.9207 ], [ -121.78382, 36.91871 ] ], [ [ -121.79031, 36.91968 ], [ -121.78389, 36.91854 ] ], [ [ -121.78387, 36.91854 ], [ -121.76387, 36.91518 ], [ -121.76149, 36.91514 ] ], [ [ -121.78381, 36.9187 ], [ -121.76149, 36.91514 ] ], [ [ -121.76149, 36.91514 ], [ -121.7584, 36.9116 ] ], [ [ -121.7584, 36.9116 ], [ -121.75374, 36.91502 ] ], [ [ -121.7584, 36.9116 ], [ -121.75689, 36.91025 ], [ -121.75221, 36.91366 ], [ -121.75374, 36.91502 ] ], [ [ -121.75374, 36.91502 ], [ -121.74798, 36.91925 ] ], [ [ -121.74798, 36.91925 ], [ -121.7479, 36.91942 ] ], [ [ -121.74798, 36.91925 ], [ -121.7479, 36.91941 ], [ -121.7479, 36.91942 ] ], [ [ -121.7479, 36.91942 ], [ -121.74772, 36.91999 ] ], [ [ -121.74772, 36.91999 ], [ -121.74645, 36.92396 ] ], [ [ -121.74772, 36.91999 ], [ -121.74762, 36.92048 ], [ -121.74645, 36.92396 ] ], [ [ -121.74645, 36.92396 ], [ -121.74255, 36.93847 ], [ -121.73381, 36.94942 ], [ -121.72224, 36.96105 ], [ -121.72097, 36.96432 ], [ -121.7216, 36.96696 ], [ -121.71945, 36.96824 ], [ -121.72123, 36.97213 ], [ -121.71954, 36.97545 ], [ -121.71468, 36.97508 ], [ -121.71496, 36.97653 ], [ -121.71089, 36.97886 ], [ -121.71548, 36.97942 ], [ -121.71804, 36.9809 ], [ -121.71347, 36.98456 ], [ -121.71397, 36.98514 ], [ -121.71691, 36.98421 ], [ -121.71846, 36.98536 ], [ -121.71325, 36.99044 ], [ -121.71627, 36.99028 ], [ -121.7162, 36.99273 ], [ -121.71804, 36.99452 ], [ -121.71795, 36.99555 ], [ -121.71461, 36.99733 ], [ -121.71518, 36.99588 ], [ -121.71444, 36.9949 ], [ -121.70724, 36.99481 ], [ -121.70629, 36.9923 ], [ -121.70278, 36.99189 ], [ -121.69834, 36.98972 ], [ -121.69663, 36.9896 ], [ -121.69388, 36.99119 ], [ -121.6894, 36.99227 ], [ -121.68456, 37.00271 ], [ -121.68137, 37.0039 ], [ -121.67288, 37.00324 ], [ -121.66913, 37.00496 ], [ -121.66581, 37.00935 ], [ -121.66049, 37.01188 ], [ -121.65351, 37.01342 ], [ -121.63876, 37.01353 ], [ -121.63372, 37.01341 ], [ -121.62921, 37.01173 ] ], [ [ -121.62921, 37.01173 ], [ -121.62626, 37.01166 ] ], [ [ -121.62921, 37.01173 ], [ -121.62846, 37.0116 ], [ -121.62626, 37.01166 ] ], [ [ -121.62626, 37.01166 ], [ -121.61813, 37.0119 ] ], [ [ -121.61813, 37.0119 ], [ -121.61767, 37.01186 ] ], [ [ -121.61813, 37.0119 ], [ -121.6179, 37.01171 ], [ -121.61767, 37.01186 ] ], [ [ -121.61767, 37.01186 ], [ -121.60795, 37.01194 ], [ -121.59858, 37.01351 ], [ -121.5938, 37.01355 ] ], [ [ -121.5938, 37.01355 ], [ -121.59252, 37.0137 ], [ -121.588, 37.01365 ], [ -121.57841, 37.01346 ], [ -121.57688, 37.01332 ] ], [ [ -121.5938, 37.01355 ], [ -121.57688, 37.01332 ] ], [ [ -121.57688, 37.01332 ], [ -121.57237, 37.01468 ] ], [ [ -121.57479, 37.01941 ], [ -121.56674, 37.02248 ] ], [ [ -121.57237, 37.01468 ], [ -121.57362, 37.01688 ], [ -121.57479, 37.01941 ] ], [ [ -121.57237, 37.01468 ], [ -121.57479, 37.01941 ] ], [ [ -121.57479, 37.01941 ], [ -121.57463, 37.01938 ], [ -121.57406, 37.01953 ], [ -121.56666, 37.02233 ] ], [ [ -121.55651, 37.00305 ], [ -121.55479, 37.00351 ] ], [ [ -121.55479, 37.00351 ], [ -121.55142, 37.00414 ], [ -121.54154, 37.00316 ], [ -121.53643, 37.00307 ], [ -121.53225, 37.00197 ] ], [ [ -121.55479, 37.00351 ], [ -121.55203, 37.0043 ], [ -121.54835, 37.00411 ], [ -121.53643, 37.00318 ], [ -121.53225, 37.00197 ] ], [ [ -121.53225, 37.00197 ], [ -121.52613, 36.9994 ], [ -121.52409, 36.99945 ], [ -121.5166, 37.00956 ], [ -121.51537, 37.00986 ], [ -121.49436, 36.99008 ], [ -121.48521, 36.98621 ], [ -121.4786, 36.9846 ], [ -121.46678, 36.98323 ], [ -121.45867, 36.9875 ], [ -121.44972, 36.98901 ], [ -121.4407, 36.98411 ], [ -121.43375, 36.97332 ], [ -121.43027, 36.97233 ], [ -121.42524, 36.97299 ], [ -121.42174, 36.97184 ] ], [ [ -121.42174, 36.97184 ], [ -121.41838, 36.97097 ] ], [ [ -121.42174, 36.97184 ], [ -121.41905, 36.97122 ], [ -121.41838, 36.97097 ] ], [ [ -121.41838, 36.97097 ], [ -121.41298, 36.96848 ], [ -121.40576, 36.96219 ], [ -121.40194, 36.96095 ], [ -121.39864, 36.96143 ], [ -121.392, 36.96542 ], [ -121.38613, 36.9676 ] ], [ [ -121.38613, 36.9676 ], [ -121.38476, 36.96805 ], [ -121.38369, 36.96857 ], [ -121.3825, 36.96983 ], [ -121.38101, 36.97732 ], [ -121.38131, 36.97936 ], [ -121.38437, 36.98546 ], [ -121.38435, 36.98819 ], [ -121.37836, 36.99612 ], [ -121.37484, 36.99871 ], [ -121.36896, 37.00447 ], [ -121.36668, 37.00589 ], [ -121.35938, 37.00909 ], [ -121.34209, 37.01317 ], [ -121.34028, 37.01393 ], [ -121.32909, 37.02284 ], [ -121.32802, 37.02447 ], [ -121.32703, 37.0284 ], [ -121.32325, 37.03242 ], [ -121.30684, 37.03744 ], [ -121.3006, 37.03854 ], [ -121.29631, 37.03812 ], [ -121.29535, 37.03819 ], [ -121.29391, 37.03859 ], [ -121.29243, 37.03968 ], [ -121.28926, 37.04421 ], [ -121.28414, 37.04691 ], [ -121.27762, 37.04645 ], [ -121.27216, 37.04494 ], [ -121.271, 37.04502 ], [ -121.26841, 37.04547 ], [ -121.26323, 37.04463 ], [ -121.26225, 37.04472 ], [ -121.26129, 37.04502 ], [ -121.26001, 37.0459 ], [ -121.25708, 37.04981 ], [ -121.2536, 37.05244 ], [ -121.24815, 37.05388 ], [ -121.22657, 37.06451 ], [ -121.2135, 37.0679 ], [ -121.21197, 37.0693 ], [ -121.20822, 37.07611 ], [ -121.20576, 37.0771 ], [ -121.20075, 37.07727 ], [ -121.19859, 37.07777 ], [ -121.19721, 37.07862 ], [ -121.1916, 37.08407 ], [ -121.18927, 37.08471 ], [ -121.18249, 37.08466 ], [ -121.17333, 37.087 ], [ -121.16587, 37.08642 ], [ -121.16222, 37.08697 ], [ -121.1592, 37.08872 ], [ -121.15223, 37.09655 ], [ -121.13163, 37.10454 ], [ -121.12852, 37.10441 ], [ -121.12314, 37.10138 ], [ -121.12066, 37.09581 ], [ -121.11675, 37.09015 ], [ -121.1117, 37.08673 ], [ -121.11021, 37.08599 ], [ -121.10174, 37.08372 ], [ -121.0943, 37.08232 ], [ -121.05419, 37.05907 ], [ -121.05121, 37.05826 ], [ -121.04102, 37.05687 ], [ -121.01645, 37.05679 ] ], [ [ -121.38613, 36.9676 ], [ -121.38305, 36.96983 ], [ -121.38125, 36.97735 ], [ -121.38461, 36.98547 ], [ -121.3846, 36.98824 ], [ -121.3784, 36.99641 ], [ -121.36931, 37.00445 ], [ -121.3668, 37.00605 ], [ -121.36012, 37.0091 ], [ -121.34057, 37.01403 ], [ -121.32915, 37.02303 ], [ -121.32713, 37.02865 ], [ -121.32337, 37.03262 ], [ -121.30792, 37.03735 ], [ -121.30033, 37.03868 ], [ -121.29479, 37.03842 ], [ -121.29261, 37.03973 ], [ -121.28928, 37.04432 ], [ -121.28459, 37.04691 ], [ -121.28212, 37.04713 ], [ -121.27683, 37.04645 ], [ -121.27214, 37.04504 ], [ -121.26795, 37.04559 ], [ -121.26366, 37.04474 ], [ -121.26146, 37.04504 ], [ -121.25741, 37.04961 ], [ -121.25387, 37.05242 ], [ -121.248, 37.05404 ], [ -121.22575, 37.065 ], [ -121.21352, 37.06813 ], [ -121.20836, 37.07627 ], [ -121.20579, 37.07731 ], [ -121.19872, 37.07792 ], [ -121.1917, 37.08424 ], [ -121.18928, 37.0849 ], [ -121.18254, 37.08485 ], [ -121.17335, 37.08721 ], [ -121.16584, 37.08661 ], [ -121.16232, 37.08713 ], [ -121.15918, 37.08903 ], [ -121.15218, 37.09681 ], [ -121.13171, 37.10471 ], [ -121.12847, 37.1046 ], [ -121.1234, 37.10186 ], [ -121.11659, 37.09025 ], [ -121.11111, 37.08661 ], [ -121.09404, 37.08242 ], [ -121.0541, 37.05923 ], [ -121.04092, 37.05705 ], [ -121.01645, 37.057 ] ] ] } },
{ "type": "Feature", "properties": { "Route": 160, "route_label": "SR-160", "route_class": "SR" }, "geometry": { "type": "MultiLineString", "coordinates": [ [ [ -121.76398, 37.99096 ], [ -121.76, 37.99031 ], [ -121.75699, 37.99212 ], [ -121.75196, 38.01225 ], [ -121.7515, 38.01593 ], [ -121.75144, 38.02691 ], [ -121.75158, 38.04442 ] ], [ [ -121.76215, 37.99125 ], [ -121.75889, 37.99202 ], [ -121.75666, 37.99413 ], [ -121.75188, 38.0139 ], [ -121.75158, 38.04442 ] ], [ [ -121.75158, 38.04442 ], [ -121.75074, 38.04778 ], [ -121.74875, 38.05089 ], [ -121.74049, 38.05664 ], [ -121.73844, 38.05898 ], [ -121.7322, 38.07925 ], [ -121.73037, 38.08011 ], [ -121.71891, 38.08126 ], [ -121.71243, 38.08279 ], [ -121.70876, 38.08496 ], [ -121.70629, 38.08983 ], [ -121.70591, 38.09888 ], [ -121.69942, 38.10851 ] ], [ [ -121.69942, 38.10851 ], [ -121.69713, 38.11363 ] ], [ [ -121.69942, 38.10851 ], [ -121.69798, 38.11219 ], [ -121.69713, 38.11363 ] ], [ [ -121.69713, 38.11363 ], [ -121.69234, 38.12005 ], [ -121.68673, 38.13038 ], [ -121.68594, 38.13318 ], [ -121.68613, 38.13826 ], [ -121.68376, 38.143 ], [ -121.68189, 38.15134 ], [ -121.67588, 38.15584 ], [ -121.67531, 38.15897 ], [ -121.67171, 38.16349 ], [ -121.66917, 38.16942 ], [ -121.66631, 38.17215 ], [ -121.66135, 38.17427 ], [ -121.65833, 38.17465 ], [ -121.65057, 38.17206 ], [ -121.64397, 38.17188 ], [ -121.64074, 38.16963 ], [ -121.62982, 38.16686 ], [ -121.6266, 38.16524 ], [ -121.61905, 38.16308 ], [ -121.61147, 38.16199 ], [ -121.60461, 38.16335 ], [ -121.59692, 38.16663 ], [ -121.59269, 38.17146 ], [ -121.59485, 38.17245 ], [ -121.58776, 38.18221 ], [ -121.58286, 38.18739 ], [ -121.57577, 38.19106 ], [ -121.56438, 38.19454 ], [ -121.55964, 38.19955 ], [ -121.55872, 38.20245 ], [ -121.55851, 38.21613 ], [ -121.55699, 38.22703 ], [ -121.55959, 38.23601 ], [ -121.55626, 38.24089 ], [ -121.55437, 38.24203 ], [ -121.55044, 38.24243 ], [ -121.52975, 38.23881 ], [ -121.51851, 38.24042 ], [ -121.51209, 38.24647 ], [ -121.51234, 38.25123 ], [ -121.51631, 38.256 ], [ -121.55559, 38.28538 ], [ -121.57439, 38.30406 ], [ -121.57912, 38.31461 ], [ -121.57893, 38.31874 ], [ -121.57675, 38.31858 ] ], [ [ -121.57674, 38.31858 ], [ -121.57616, 38.32226 ], [ -121.57361, 38.32753 ], [ -121.56566, 38.33555 ], [ -121.56406, 38.33601 ], [ -121.55948, 38.33517 ], [ -121.55407, 38.3354 ], [ -121.55068, 38.33612 ], [ -121.54434, 38.33895 ], [ -121.53886, 38.34281 ], [ -121.53549, 38.34766 ], [ -121.52559, 38.35748 ], [ -121.52025, 38.36115 ], [ -121.51934, 38.36833 ], [ -121.52077, 38.37012 ], [ -121.5236, 38.37805 ], [ -121.52225, 38.38033 ], [ -121.51696, 38.38352 ], [ -121.51387, 38.38693 ], [ -121.51236, 38.39167 ], [ -121.51213, 38.39992 ], [ -121.51623, 38.40932 ], [ -121.52974, 38.42708 ], [ -121.53153, 38.43131 ], [ -121.53071, 38.43258 ], [ -121.52699, 38.4338 ], [ -121.51528, 38.43397 ], [ -121.5114, 38.43478 ], [ -121.50613, 38.43703 ], [ -121.50205, 38.44062 ], [ -121.50005, 38.44479 ], [ -121.49986, 38.45222 ], [ -121.5034, 38.47005 ] ], [ [ -121.4774, 38.59588 ], [ -121.46778, 38.60044 ], [ -121.44071, 38.60034 ], [ -121.43768, 38.60153 ], [ -121.43427, 38.60448 ] ], [ [ -121.47715, 38.59556 ], [ -121.46715, 38.60004 ], [ -121.4392, 38.60015 ], [ -121.43667, 38.60117 ], [ -121.43412, 38.60385 ] ] ] } },
{ "type": "Feature", "properties": { "Route": 205, "route_label": "I-205", "route_class": "I" }, "geometry": { "type": "MultiLineString", "coordinates": [ [ [ -121.57338, 37.74199 ], [ -121.54969, 37.7437 ], [ -121.49816, 37.74082 ], [ -121.49256, 37.74222 ], [ -121.44484, 37.76176 ], [ -121.44097, 37.76279 ], [ -121.42322, 37.76318 ], [ -121.40937, 37.765 ], [ -121.35414, 37.76515 ], [ -121.33503, 37.76704 ], [ -121.32944, 37.7693 ] ], [ [ -121.57177, 37.74193 ], [ -121.54976, 37.74353 ], [ -121.49736, 37.74062 ], [ -121.49252, 37.74191 ], [ -121.44091, 37.7625 ], [ -121.42335, 37.76287 ], [ -121.41033, 37.76467 ], [ -121.35142, 37.7651 ], [ -121.32978, 37.7675 ], [ -121.32622, 37.76939 ], [ -121.32232, 37.77374 ] ] ] } },
{ "type": "Feature", "properties": { "Route": 237, "route_label": "SR-237", "route_class": "SR" }, "geometry": { "type": "MultiLineString", "coordinates": [ [ [ -122.07304, 37.3804 ], [ -122.07129, 37.38255 ], [ -122.07027, 37.38328 ], [ -122.06537, 37.38568 ], [ -122.05918, 37.38672 ], [ -122.04494, 37.396 ], [ -122.03692, 37.40018 ], [ -122.0332, 37.40163 ], [ -122.02714, 37.40314 ], [ -121.98872, 37.41152 ], [ -121.97021, 37.41881 ], [ -121.95696, 37.41945 ], [ -121.94392, 37.41948 ], [ -121.93211, 37.42212 ], [ -121.92506, 37.42303 ], [ -121.91101, 37.42731 ], [ -121.90972, 37.42973 ], [ -121.90723, 37.43142 ], [ -121.89866, 37.4325 ], [ -121.88856, 37.43479 ] ], [ [ -122.07293, 37.38034 ], [ -122.07061, 37.38285 ], [ -122.06562, 37.38538 ], [ -122.0589, 37.38664 ], [ -122.04407, 37.39632 ], [ -122.03318, 37.4015 ], [ -121.98759, 37.41164 ], [ -121.9701, 37.41858 ], [ -121.94395, 37.41932 ], [ -121.93237, 37.42191 ], [ -121.92437, 37.42284 ], [ -121.91112, 37.4271 ], [ -121.90959, 37.42964 ], [ -121.90694, 37.43134 ], [ -121.89861, 37.43238 ], [ -121.88849, 37.43463 ] ] ] } },
{ "type": "Feature", "properties": { "Route": 238, "route_label": "I-238", "route_class": "I" }, "geometry": { "type": "MultiLineString", "coordinates": [ [ [ -122.09816, 37.69018 ], [ -122.11226, 37.68869 ], [ -122.12792, 37.69085 ], [ -122.13741, 37.69078 ] ], [ [ -122.09774, 37.6899 ], [ -122.1119, 37.68842 ], [ -122.12891, 37.69076 ], [ -122.13707, 37.69005 ] ], [ [ -122.09196, 37.68488 ], [ -122.09631, 37.68802 ] ], [ [ -122.09189, 37.68497 ], [ -122.09621, 37.68811 ] ], [ [ -121.92462, 37.54065 ], [ -121.93992, 37.54975 ], [ -121.95726, 37.5608 ], [ -121.97258, 37.57712 ], [ -121.9765, 37.57863 ], [ -121.98153, 37.57887 ], [ -121.98736, 37.57962 ], [ -121.98979, 37.5803 ], [ -121.99142, 37.58119 ], [ -121.99998, 37.58812 ], [ -122.02826, 37.61331 ] ], [ [ -121.92454, 37.54071 ], [ -121.95677, 37.56058 ], [ -121.97243, 37.57719 ], [ -121.97634, 37.57871 ], [ -121.9869, 37.57965 ], [ -121.9912, 37.5812 ], [ -122.02815, 37.61338 ] ] ] } },
{ "type": "Feature", "properties": { "Route": 242, "route_label": "SR-242", "route_class": "SR" }, "geometry": { "type": "MultiLineString", "coordinates": [ [ [ -122.05394, 37.95551 ], [ -122.04761, 37.97139 ], [ -122.04208, 37.98177 ], [ -122.03729, 38.00376 ], [ -122.03625, 38.00591 ] ], [ [ -122.05222, 37.9579 ], [ -122.0475, 37.97103 ], [ -122.04187, 37.98168 ], [ -122.03708, 38.00338 ], [ -122.03517, 38.00585 ] ] ] } },
{ "type": "Feature", "properties": { "Route": 262, "route_label": "SR-262", "route_class": "SR" }, "geometry": { "type": "MultiLineString", "coordinates": [ [ [ -121.93588, 37.48484 ], [ -121.93307, 37.48653 ], [ -121.93048, 37.48938 ], [ -121.9233, 37.49558 ] ], [ [ -121.93548, 37.48423 ], [ -121.9232, 37.49547 ] ] ] } },
{ "type": "Feature", "properties": { "Route": 280, "route_label": "I-280", "route_class": "I" }, "geometry": { "type": "MultiLineString", "coordinates": [ [ [ -122.44619, 37.64313 ], [ -122.44941, 37.64507 ], [ -122.45381, 37.65168 ], [ -122.46374, 37.65947 ], [ -122.46583, 37.66223 ], [ -122.46643, 37.67048 ], [ -122.47103, 37.67693 ], [ -122.47178, 37.67899 ], [ -122.47153, 37.6863 ], [ -122.47052, 37.69222 ], [ -122.47208, 37.70145 ], [ -122.47181, 37.70487 ], [ -122.46891, 37.70828 ], [ -122.46636, 37.71005 ], [ -122.46416, 37.71056 ], [ -122.45725, 37.71067 ], [ -122.45376, 37.71213 ], [ -122.44895, 37.71679 ], [ -122.44797, 37.72274 ], [ -122.44679, 37.7253 ], [ -122.44467, 37.72758 ], [ -122.44198, 37.72917 ], [ -122.4368, 37.73107 ], [ -122.43145, 37.73234 ], [ -122.42427, 37.73153 ], [ -122.42029, 37.73199 ], [ -122.41542, 37.73216 ], [ -122.40513, 37.73586 ], [ -122.40109, 37.73839 ], [ -122.39462, 37.74564 ], [ -122.39157, 37.75253 ], [ -122.39245, 37.75636 ], [ -122.39312, 37.76453 ], [ -122.39744, 37.76865 ], [ -122.39836, 37.7721 ], [ -122.401, 37.77481 ], [ -122.39789, 37.77209 ], [ -122.39674, 37.76855 ], [ -122.39294, 37.76466 ], [ -122.39123, 37.75207 ], [ -122.39404, 37.74607 ], [ -122.40109, 37.73839 ], [ -122.40485, 37.7359 ], [ -122.41528, 37.73202 ], [ -122.42396, 37.73135 ], [ -122.43174, 37.73211 ], [ -122.44314, 37.72841 ], [ -122.44734, 37.72397 ], [ -122.44903, 37.71627 ], [ -122.45322, 37.71237 ], [ -122.45666, 37.71061 ], [ -122.46627, 37.70988 ], [ -122.4685, 37.70839 ], [ -122.47104, 37.70513 ], [ -122.47135, 37.6987 ], [ -122.47022, 37.69027 ], [ -122.4715, 37.67882 ], [ -122.46591, 37.67005 ], [ -122.46538, 37.66208 ], [ -122.46369, 37.65986 ], [ -122.45375, 37.65204 ], [ -122.44924, 37.64542 ], [ -122.44589, 37.64335 ] ], [ [ -122.43186, 37.6279 ], [ -122.43724, 37.63218 ], [ -122.43853, 37.63386 ], [ -122.44088, 37.6382 ], [ -122.44617, 37.64313 ] ], [ [ -122.43176, 37.62811 ], [ -122.43724, 37.63247 ], [ -122.44032, 37.63783 ], [ -122.44587, 37.64334 ] ], [ [ -121.85193, 37.33955 ], [ -121.86966, 37.32892 ], [ -121.87281, 37.32808 ], [ -121.87974, 37.32733 ], [ -121.88598, 37.32503 ], [ -121.8969, 37.32278 ], [ -121.90421, 37.31727 ], [ -121.90877, 37.31513 ], [ -121.91143, 37.31463 ], [ -121.91361, 37.31482 ], [ -121.92021, 37.31674 ], [ -121.92915, 37.31671 ], [ -121.93783, 37.31733 ], [ -121.95763, 37.31635 ], [ -121.97008, 37.31626 ], [ -121.97312, 37.3166 ], [ -121.97763, 37.31784 ], [ -121.9891, 37.31811 ], [ -121.99274, 37.31922 ], [ -122.01878, 37.33272 ], [ -122.02372, 37.3342 ], [ -122.04658, 37.33409 ], [ -122.05803, 37.33208 ], [ -122.06678, 37.33412 ], [ -122.07505, 37.3333 ], [ -122.07936, 37.3343 ], [ -122.09163, 37.34163 ], [ -122.09559, 37.34471 ], [ -122.10334, 37.34834 ], [ -122.1081, 37.35329 ], [ -122.11667, 37.3565 ], [ -122.12253, 37.36324 ], [ -122.12507, 37.3643 ], [ -122.13244, 37.36529 ], [ -122.13776, 37.36696 ], [ -122.13977, 37.36799 ], [ -122.15035, 37.37825 ], [ -122.15133, 37.38004 ], [ -122.15259, 37.38495 ], [ -122.15504, 37.38739 ], [ -122.16265, 37.3892 ], [ -122.16778, 37.39168 ], [ -122.17482, 37.39285 ], [ -122.17676, 37.39405 ], [ -122.19047, 37.40733 ], [ -122.20735, 37.41306 ], [ -122.21417, 37.41788 ], [ -122.22025, 37.419 ], [ -122.22281, 37.4199 ], [ -122.23817, 37.43099 ], [ -122.25294, 37.44267 ], [ -122.25669, 37.44392 ], [ -122.26511, 37.44354 ], [ -122.26992, 37.44453 ], [ -122.27235, 37.44578 ], [ -122.28796, 37.45629 ], [ -122.28957, 37.45802 ], [ -122.29048, 37.45983 ], [ -122.29219, 37.46797 ], [ -122.29787, 37.47405 ], [ -122.29929, 37.47643 ], [ -122.29963, 37.47963 ], [ -122.29839, 37.4871 ], [ -122.30054, 37.49161 ], [ -122.30307, 37.4936 ], [ -122.31217, 37.49633 ], [ -122.31862, 37.49955 ], [ -122.33019, 37.50142 ], [ -122.3446, 37.51052 ], [ -122.35285, 37.51779 ], [ -122.35919, 37.52694 ], [ -122.36212, 37.53377 ], [ -122.36608, 37.53968 ], [ -122.37756, 37.55258 ], [ -122.38161, 37.55853 ], [ -122.38805, 37.56495 ], [ -122.39319, 37.56713 ], [ -122.39515, 37.56858 ], [ -122.40027, 37.57396 ], [ -122.40632, 37.58368 ], [ -122.41085, 37.58734 ], [ -122.4272, 37.60281 ], [ -122.42831, 37.60524 ], [ -122.42841, 37.60742 ], [ -122.42723, 37.61039 ], [ -122.42504, 37.61367 ], [ -122.4244, 37.61708 ], [ -122.42868, 37.62454 ], [ -122.43185, 37.62789 ] ], [ [ -121.85212, 37.33974 ], [ -121.86986, 37.3291 ], [ -121.87994, 37.32751 ], [ -121.88618, 37.32521 ], [ -121.8971, 37.32296 ], [ -121.90441, 37.31745 ], [ -121.91163, 37.31481 ], [ -121.92041, 37.31692 ], [ -121.93803, 37.31751 ], [ -121.97028, 37.31644 ], [ -121.97783, 37.31803 ], [ -121.9893, 37.31829 ], [ -121.99249, 37.31933 ], [ -122.01899, 37.33313 ], [ -122.02378, 37.33449 ], [ -122.04708, 37.33437 ], [ -122.05824, 37.33233 ], [ -122.06732, 37.33453 ], [ -122.07517, 37.33358 ], [ -122.07941, 37.33468 ], [ -122.09171, 37.34198 ], [ -122.09536, 37.34492 ], [ -122.10259, 37.34822 ], [ -122.10833, 37.35376 ], [ -122.11629, 37.35669 ], [ -122.12237, 37.36362 ], [ -122.12557, 37.36479 ], [ -122.13097, 37.36513 ], [ -122.13993, 37.3684 ], [ -122.15021, 37.37869 ], [ -122.15256, 37.38534 ], [ -122.15471, 37.38752 ], [ -122.1628, 37.38961 ], [ -122.16795, 37.3921 ], [ -122.17547, 37.39355 ], [ -122.18974, 37.40724 ], [ -122.20748, 37.41339 ], [ -122.21352, 37.41789 ], [ -122.22273, 37.42026 ], [ -122.2527, 37.44283 ], [ -122.25627, 37.44409 ], [ -122.26579, 37.4439 ], [ -122.27034, 37.44498 ], [ -122.28788, 37.45656 ], [ -122.29015, 37.45967 ], [ -122.29191, 37.46794 ], [ -122.29893, 37.47678 ], [ -122.29792, 37.48707 ], [ -122.29929, 37.49067 ], [ -122.30273, 37.49387 ], [ -122.31228, 37.49674 ], [ -122.31891, 37.50005 ], [ -122.32795, 37.50135 ], [ -122.33074, 37.50244 ], [ -122.34389, 37.51058 ], [ -122.35248, 37.51801 ], [ -122.35897, 37.527 ], [ -122.36248, 37.53513 ], [ -122.36689, 37.54227 ], [ -122.37567, 37.55089 ], [ -122.38127, 37.55849 ], [ -122.38772, 37.56502 ], [ -122.3939, 37.56791 ], [ -122.39956, 37.57366 ], [ -122.40218, 37.57904 ], [ -122.4058, 37.58378 ], [ -122.42694, 37.60295 ], [ -122.42804, 37.60755 ], [ -122.42464, 37.61383 ], [ -122.42421, 37.61762 ], [ -122.42856, 37.6248 ], [ -122.43174, 37.6281 ] ] ] } },
{ "type": "Feature", "properties": { "Route": 380, "route_label": "I-380", "route_class": "I" }, "geometry": { "type": "LineString", "coordinates": [ [ -122.432, 37.62819 ], [ -122.43096, 37.6292 ], [ -122.42648, 37.62999 ], [ -122.41665, 37.63409 ], [ -122.41438, 37.63443 ], [ -122.40702, 37.63441 ], [ -122.40125, 37.63819 ], [ -122.39979, 37.6386 ], [ -122.39769, 37.6386 ], [ -122.40072, 37.63825 ], [ -122.40726, 37.63397 ], [ -122.41713, 37.63368 ], [ -122.43081, 37.62722 ] ] } },
{ "type": "Feature", "properties": { "Route": 580, "route_label": "I-580", "route_class": "I" }, "geometry": { "type": "MultiLineString", "coordinates": [ [ [ -122.46492, 37.93972 ], [ -122.47868, 37.94269 ], [ -122.48329, 37.94475 ], [ -122.48763, 37.94479 ], [ -122.48979, 37.94537 ], [ -122.49115, 37.94634 ], [ -122.50499, 37.95948 ], [ -122.51015, 37.96217 ] ], [ [ -122.46492, 37.93972 ], [ -122.4787, 37.94282 ], [ -122.48322, 37.94486 ], [ -122.48968, 37.9455 ], [ -122.50491, 37.95965 ], [ -122.50977, 37.9624 ] ], [ [ -122.40892, 37.93272 ], [ -122.45013, 37.93553 ], [ -122.46492, 37.93972 ] ], [ [ -122.30933, 37.88818 ], [ -122.30886, 37.89178 ], [ -122.31027, 37.89528 ], [ -122.32628, 37.91471 ], [ -122.33359, 37.92035 ], [ -122.33735, 37.92135 ], [ -122.35554, 37.92181 ], [ -122.35888, 37.92281 ], [ -122.36697, 37.92679 ], [ -122.38051, 37.92734 ], [ -122.38814, 37.92959 ], [ -122.39514, 37.93252 ], [ -122.40033, 37.93189 ], [ -122.40892, 37.93272 ] ], [ [ -122.30869, 37.88531 ], [ -122.30829, 37.88998 ], [ -122.30891, 37.89287 ], [ -122.31007, 37.89529 ], [ -122.32662, 37.9154 ], [ -122.33341, 37.92048 ], [ -122.33817, 37.92162 ], [ -122.3559, 37.92209 ], [ -122.36622, 37.92681 ], [ -122.3803, 37.92748 ], [ -122.39488, 37.93261 ], [ -122.40047, 37.9321 ], [ -122.40892, 37.93272 ] ], [ [ -121.40207, 37.63862 ], [ -121.53399, 37.71854 ], [ -121.55806, 37.7393 ], [ -121.56123, 37.74076 ], [ -121.56825, 37.7418 ], [ -121.5813, 37.74106 ], [ -121.59941, 37.73776 ], [ -121.61003, 37.735 ], [ -121.62754, 37.73351 ], [ -121.63112, 37.73187 ], [ -121.63655, 37.72695 ], [ -121.65651, 37.72039 ], [ -121.6652, 37.71804 ], [ -121.66745, 37.71792 ], [ -121.6692, 37.71817 ], [ -121.67105, 37.71881 ], [ -121.67515, 37.72111 ], [ -121.68112, 37.72182 ], [ -121.70397, 37.717 ], [ -121.73484, 37.70424 ], [ -121.7389, 37.70281 ], [ -121.74167, 37.70235 ], [ -121.7597, 37.70286 ], [ -121.7765, 37.70041 ], [ -121.78726, 37.69949 ], [ -121.78943, 37.69964 ], [ -121.79529, 37.7007 ], [ -121.91792, 37.70168 ], [ -121.93504, 37.69821 ], [ -121.95795, 37.69828 ], [ -121.96755, 37.6971 ], [ -121.97231, 37.6973 ], [ -121.98707, 37.69955 ], [ -121.99593, 37.70267 ], [ -122.00229, 37.70338 ], [ -122.01609, 37.70268 ], [ -122.02414, 37.70068 ], [ -122.03176, 37.70198 ], [ -122.03534, 37.70184 ], [ -122.04007, 37.69984 ], [ -122.04608, 37.69477 ], [ -122.05038, 37.69342 ], [ -122.05874, 37.6935 ], [ -122.07129, 37.69066 ], [ -122.09724, 37.69006 ], [ -122.10103, 37.69172 ], [ -122.10912, 37.70038 ], [ -122.1212, 37.70723 ], [ -122.12923, 37.71237 ], [ -122.13126, 37.71438 ], [ -122.13759, 37.72484 ], [ -122.14072, 37.73719 ], [ -122.1488, 37.74497 ], [ -122.15144, 37.74982 ], [ -122.15193, 37.75126 ], [ -122.15173, 37.75308 ], [ -122.15102, 37.75428 ], [ -122.14829, 37.75718 ], [ -122.14806, 37.75965 ], [ -122.15503, 37.77034 ], [ -122.15811, 37.77317 ], [ -122.16941, 37.7787 ], [ -122.17818, 37.78355 ], [ -122.189, 37.78431 ], [ -122.19376, 37.78564 ], [ -122.19981, 37.78865 ], [ -122.2052, 37.79377 ], [ -122.21048, 37.79638 ], [ -122.22882, 37.8009 ], [ -122.23631, 37.80582 ], [ -122.24872, 37.81034 ], [ -122.25038, 37.81184 ], [ -122.25306, 37.81818 ], [ -122.26003, 37.82222 ], [ -122.28177, 37.82728 ], [ -122.28861, 37.82633 ], [ -122.29405, 37.82753 ], [ -122.30359, 37.82537 ] ], [ [ -121.40184, 37.63885 ], [ -121.53367, 37.71871 ], [ -121.56129, 37.74252 ], [ -121.56537, 37.74391 ], [ -121.57354, 37.74212 ], [ -121.58006, 37.74148 ], [ -121.60001, 37.73842 ], [ -121.60986, 37.73777 ], [ -121.62872, 37.73447 ], [ -121.63222, 37.73274 ], [ -121.63529, 37.72906 ], [ -121.63799, 37.72721 ], [ -121.64654, 37.72553 ], [ -121.65876, 37.72009 ], [ -121.66474, 37.71826 ], [ -121.6692, 37.71835 ], [ -121.67503, 37.72125 ], [ -121.6811, 37.72199 ], [ -121.70281, 37.71772 ], [ -121.73625, 37.7039 ], [ -121.7412, 37.70261 ], [ -121.76114, 37.70295 ], [ -121.78752, 37.69966 ], [ -121.79514, 37.70089 ], [ -121.91646, 37.70203 ], [ -121.93497, 37.69852 ], [ -121.95745, 37.69861 ], [ -121.96798, 37.69738 ], [ -121.98719, 37.69994 ], [ -121.9957, 37.70299 ], [ -122.00241, 37.70373 ], [ -122.01554, 37.70307 ], [ -122.0236, 37.70107 ], [ -122.03143, 37.70226 ], [ -122.03552, 37.70213 ], [ -122.03987, 37.70042 ], [ -122.04656, 37.69484 ], [ -122.05038, 37.6937 ], [ -122.05837, 37.69389 ], [ -122.07112, 37.69103 ], [ -122.0981, 37.69092 ], [ -122.10207, 37.69314 ], [ -122.109, 37.70062 ], [ -122.12095, 37.70733 ], [ -122.13098, 37.71449 ], [ -122.13729, 37.72474 ], [ -122.1405, 37.73722 ], [ -122.14892, 37.74544 ], [ -122.15156, 37.75065 ], [ -122.15131, 37.75345 ], [ -122.14788, 37.75765 ], [ -122.1481, 37.76039 ], [ -122.15493, 37.77055 ], [ -122.15808, 37.77336 ], [ -122.1777, 37.7836 ], [ -122.18769, 37.78433 ], [ -122.19302, 37.78556 ], [ -122.1995, 37.7887 ], [ -122.20478, 37.79371 ], [ -122.21026, 37.79651 ], [ -122.2286, 37.80103 ], [ -122.2358, 37.80582 ], [ -122.24861, 37.81051 ], [ -122.25015, 37.81191 ], [ -122.2528, 37.81822 ], [ -122.2599, 37.82239 ], [ -122.2817, 37.82754 ], [ -122.28851, 37.82653 ], [ -122.29382, 37.82808 ], [ -122.30051, 37.82637 ] ], [ [ -121.33457, 37.59144 ], [ -121.37265, 37.62065 ], [ -121.40206, 37.63862 ] ], [ [ -121.33756, 37.59419 ], [ -121.37165, 37.62034 ], [ -121.40183, 37.63884 ] ] ] } },
{ "type": "Feature", "properties": { "Route": 680, "route_label": "I-680", "route_class": "I" }, "geometry": { "type": "MultiLineString", "coordinates": [ [ [ -121.99079, 37.80608 ], [ -121.99331, 37.81226 ], [ -121.99344, 37.82162 ], [ -121.99527, 37.82546 ], [ -122.01848, 37.84045 ], [ -122.02682, 37.84667 ], [ -122.02808, 37.84818 ], [ -122.02869, 37.84949 ], [ -122.02972, 37.85534 ], [ -122.03322, 37.86107 ], [ -122.03777, 37.8651 ], [ -122.04488, 37.87464 ], [ -122.05523, 37.88542 ], [ -122.05806, 37.8892 ], [ -122.06921, 37.89481 ], [ -122.0704, 37.89571 ], [ -122.0711, 37.89681 ], [ -122.07116, 37.89948 ], [ -122.06734, 37.91279 ], [ -122.06627, 37.91523 ], [ -122.06305, 37.91915 ], [ -122.0612, 37.92385 ], [ -122.06021, 37.94095 ], [ -122.05265, 37.95829 ], [ -122.0555, 37.96498 ], [ -122.0634, 37.97482 ], [ -122.0646, 37.97686 ], [ -122.06538, 37.97902 ], [ -122.06773, 37.99063 ], [ -122.06854, 37.99273 ], [ -122.08719, 38.00959 ], [ -122.0961, 38.01857 ], [ -122.11363, 38.02604 ], [ -122.11582, 38.02741 ], [ -122.11709, 38.02953 ], [ -122.11776, 38.03416 ], [ -122.13037, 38.05033 ], [ -122.12972, 38.0565 ], [ -122.1315, 38.06161 ], [ -122.13154, 38.06289 ], [ -122.13112, 38.06421 ], [ -122.11957, 38.07834 ], [ -122.10826, 38.09045 ], [ -122.10332, 38.10604 ], [ -122.10633, 38.11305 ], [ -122.10758, 38.12918 ], [ -122.11017, 38.13481 ], [ -122.11054, 38.13636 ], [ -122.10959, 38.14271 ], [ -122.11096, 38.14753 ], [ -122.11519, 38.15718 ], [ -122.12972, 38.17427 ], [ -122.13776, 38.18914 ], [ -122.13818, 38.20376 ], [ -122.13795, 38.21667 ] ], [ [ -121.9905, 37.8061 ], [ -121.99305, 37.81238 ], [ -121.99322, 37.82185 ], [ -121.99511, 37.82561 ], [ -122.01841, 37.84062 ], [ -122.02657, 37.8467 ], [ -122.02839, 37.84935 ], [ -122.0293, 37.85491 ], [ -122.03312, 37.86134 ], [ -122.03746, 37.86506 ], [ -122.04443, 37.87444 ], [ -122.05063, 37.88155 ], [ -122.05813, 37.88964 ], [ -122.06902, 37.89489 ], [ -122.07063, 37.89653 ], [ -122.07091, 37.89826 ], [ -122.06853, 37.90839 ], [ -122.06633, 37.91442 ], [ -122.06299, 37.91863 ], [ -122.06089, 37.92377 ], [ -122.06008, 37.94017 ], [ -122.05266, 37.95728 ], [ -122.05245, 37.95857 ], [ -122.05266, 37.95995 ], [ -122.05581, 37.96576 ], [ -122.06479, 37.97775 ], [ -122.06763, 37.99111 ], [ -122.0689, 37.99368 ], [ -122.08769, 38.01027 ], [ -122.09619, 38.01889 ], [ -122.11533, 38.02765 ], [ -122.11666, 38.03002 ], [ -122.11761, 38.03743 ], [ -122.12933, 38.05327 ], [ -122.12955, 38.05735 ], [ -122.13132, 38.06152 ], [ -122.13084, 38.0644 ], [ -122.119, 38.07874 ], [ -122.10803, 38.09036 ], [ -122.10307, 38.1056 ], [ -122.10611, 38.11335 ], [ -122.10733, 38.1292 ], [ -122.1102, 38.13596 ], [ -122.10936, 38.14248 ], [ -122.11027, 38.14654 ], [ -122.11465, 38.1568 ], [ -122.12914, 38.17386 ], [ -122.13745, 38.18911 ], [ -122.13784, 38.21677 ] ], [ [ -121.87084, 37.58912 ], [ -121.87043, 37.59218 ], [ -121.87311, 37.59594 ], [ -121.87363, 37.5975 ], [ -121.87207, 37.60401 ], [ -121.87999, 37.62144 ], [ -121.88064, 37.62825 ], [ -121.88408, 37.63405 ], [ -121.88503, 37.64044 ], [ -121.90534, 37.66025 ], [ -121.90776, 37.66326 ], [ -121.90922, 37.66603 ], [ -121.92394, 37.70342 ], [ -121.93802, 37.72043 ], [ -121.9496, 37.73543 ], [ -121.95506, 37.74342 ], [ -121.97065, 37.76784 ], [ -121.9841, 37.7943 ], [ -121.98803, 37.79995 ], [ -121.99078, 37.80606 ] ], [ [ -121.87065, 37.58905 ], [ -121.87034, 37.59256 ], [ -121.8733, 37.59749 ], [ -121.8718, 37.60416 ], [ -121.87962, 37.62147 ], [ -121.88038, 37.62855 ], [ -121.8838, 37.63419 ], [ -121.88459, 37.64018 ], [ -121.9076, 37.66353 ], [ -121.92363, 37.7035 ], [ -121.94105, 37.72474 ], [ -121.95553, 37.74453 ], [ -121.97047, 37.76797 ], [ -121.98405, 37.79477 ], [ -121.98797, 37.80041 ], [ -121.99049, 37.80609 ] ], [ [ -121.85212, 37.33974 ], [ -121.8394, 37.34929 ], [ -121.83806, 37.35226 ], [ -121.8387, 37.35542 ], [ -121.84659, 37.3682 ], [ -121.87231, 37.39301 ], [ -121.87423, 37.39539 ], [ -121.87573, 37.39873 ], [ -121.88374, 37.42504 ], [ -121.88899, 37.43527 ], [ -121.89263, 37.45064 ], [ -121.90969, 37.47127 ], [ -121.91426, 37.48401 ], [ -121.91885, 37.49074 ], [ -121.93468, 37.50575 ], [ -121.9422, 37.51839 ], [ -121.94646, 37.52329 ], [ -121.94701, 37.52524 ], [ -121.94532, 37.52879 ], [ -121.94002, 37.53213 ], [ -121.9272, 37.53874 ], [ -121.9213, 37.54374 ], [ -121.9197, 37.54903 ], [ -121.91728, 37.55371 ], [ -121.91288, 37.55904 ], [ -121.9114, 37.55991 ], [ -121.90614, 37.56176 ], [ -121.90191, 37.56519 ], [ -121.88592, 37.57428 ], [ -121.87862, 37.57739 ], [ -121.87548, 37.58033 ], [ -121.87085, 37.5891 ] ], [ [ -121.85193, 37.33955 ], [ -121.8392, 37.34912 ], [ -121.83786, 37.35209 ], [ -121.83838, 37.35534 ], [ -121.84618, 37.36818 ], [ -121.87385, 37.39528 ], [ -121.88328, 37.42463 ], [ -121.88862, 37.43531 ], [ -121.89243, 37.45094 ], [ -121.90939, 37.47146 ], [ -121.91356, 37.48358 ], [ -121.91845, 37.49087 ], [ -121.93433, 37.50584 ], [ -121.94596, 37.52525 ], [ -121.94567, 37.52727 ], [ -121.9441, 37.5293 ], [ -121.92674, 37.53875 ], [ -121.92108, 37.54356 ], [ -121.91732, 37.553 ], [ -121.91291, 37.55875 ], [ -121.90595, 37.56162 ], [ -121.90165, 37.56507 ], [ -121.88528, 37.57437 ], [ -121.87908, 37.57675 ], [ -121.87529, 37.58022 ], [ -121.87066, 37.58903 ] ] ] } },
{ "type": "Feature", "properties": { "Route": 780, "route_label": "I-780", "route_class": "I" }, "geometry": { "type": "MultiLineString", "coordinates": [ [ [ -122.1287, 38.04764 ], [ -122.13263, 38.05023 ], [ -122.14033, 38.05 ], [ -122.14331, 38.05089 ], [ -122.14456, 38.05193 ], [ -122.15107, 38.05938 ], [ -122.15383, 38.06135 ], [ -122.16163, 38.064 ], [ -122.18062, 38.06799 ], [ -122.18292, 38.06881 ], [ -122.18487, 38.07039 ], [ -122.19269, 38.07993 ], [ -122.19814, 38.08328 ], [ -122.21406, 38.08621 ], [ -122.2349, 38.0927 ] ], [ [ -122.12656, 38.04894 ], [ -122.1298, 38.05138 ], [ -122.13925, 38.05024 ], [ -122.14219, 38.0506 ], [ -122.14413, 38.05178 ], [ -122.15113, 38.05973 ], [ -122.15354, 38.06144 ], [ -122.16152, 38.06418 ], [ -122.18289, 38.06901 ], [ -122.19243, 38.07996 ], [ -122.19801, 38.08344 ], [ -122.21412, 38.08644 ], [ -122.21999, 38.08876 ], [ -122.23475, 38.09279 ] ] ] } },
{ "type": "Feature", "properties": { "Route": 880, "route_label": "I-880", "route_class": "I" }, "geometry": { "type": "MultiLineString", "coordinates": [ [ [ -122.3004, 37.81509 ], [ -122.29682, 37.81867 ], [ -122.29691, 37.82033 ], [ -122.29825, 37.82166 ], [ -122.30579, 37.82457 ], [ -122.31794, 37.82311 ] ], [ [ -122.29621, 37.81844 ], [ -122.29647, 37.82022 ], [ -122.29757, 37.82143 ], [ -122.30593, 37.8253 ], [ -122.31223, 37.82502 ] ], [ [ -122.30062, 37.81425 ], [ -122.29748, 37.81631 ], [ -122.29597, 37.81757 ], [ -122.29212, 37.82236 ], [ -122.29081, 37.82511 ], [ -122.29577, 37.83613 ] ], [ [ -122.30062, 37.81425 ], [ -122.29708, 37.81685 ], [ -122.29621, 37.81844 ] ], [ [ -121.94019, 37.31733 ], [ -121.94074, 37.32835 ], [ -121.93974, 37.33155 ], [ -121.91236, 37.35311 ], [ -121.9028, 37.36255 ], [ -121.90133, 37.36504 ], [ -121.90101, 37.36706 ], [ -121.90117, 37.36873 ], [ -121.91036, 37.40778 ], [ -121.91656, 37.42612 ], [ -121.91824, 37.43025 ], [ -121.92333, 37.45705 ], [ -121.93571, 37.48246 ], [ -121.93813, 37.48491 ], [ -121.98364, 37.52052 ], [ -122.00501, 37.53146 ], [ -122.0163, 37.53835 ], [ -122.02821, 37.55408 ], [ -122.04456, 37.56975 ], [ -122.04907, 37.58137 ], [ -122.05078, 37.58466 ], [ -122.09684, 37.64915 ], [ -122.11006, 37.67052 ], [ -122.11189, 37.67263 ], [ -122.11713, 37.67668 ], [ -122.17175, 37.71435 ], [ -122.18299, 37.72545 ], [ -122.22242, 37.7711 ], [ -122.22348, 37.77176 ], [ -122.23515, 37.77603 ], [ -122.23758, 37.77858 ], [ -122.23931, 37.78269 ], [ -122.24134, 37.78423 ], [ -122.24868, 37.7878 ], [ -122.25253, 37.789 ], [ -122.25984, 37.79058 ], [ -122.2653, 37.79468 ], [ -122.26662, 37.79535 ], [ -122.28319, 37.80184 ], [ -122.28659, 37.8029 ], [ -122.28995, 37.80301 ], [ -122.29666, 37.80213 ], [ -122.30111, 37.80334 ], [ -122.30365, 37.80562 ], [ -122.30457, 37.80862 ], [ -122.30348, 37.81184 ], [ -122.30062, 37.81425 ] ], [ [ -122.3004, 37.81509 ], [ -122.29621, 37.81844 ] ], [ [ -121.94037, 37.31732 ], [ -121.94092, 37.32835 ], [ -121.93993, 37.33155 ], [ -121.91171, 37.35392 ], [ -121.90273, 37.36299 ], [ -121.90125, 37.36709 ], [ -121.91055, 37.40777 ], [ -121.91886, 37.43081 ], [ -121.92386, 37.45779 ], [ -121.93609, 37.48252 ], [ -121.98337, 37.51999 ], [ -122.01327, 37.53562 ], [ -122.0169, 37.53846 ], [ -122.02874, 37.55417 ], [ -122.04476, 37.56959 ], [ -122.05091, 37.58444 ], [ -122.09636, 37.64812 ], [ -122.11244, 37.67283 ], [ -122.17184, 37.71417 ], [ -122.18333, 37.72559 ], [ -122.22281, 37.77098 ], [ -122.23541, 37.77597 ], [ -122.23734, 37.77783 ], [ -122.23934, 37.78237 ], [ -122.24166, 37.78419 ], [ -122.24937, 37.78785 ], [ -122.25995, 37.79049 ], [ -122.2679, 37.79567 ], [ -122.2853, 37.80237 ], [ -122.28959, 37.80276 ], [ -122.29697, 37.80185 ], [ -122.30144, 37.80317 ], [ -122.30414, 37.80578 ], [ -122.30497, 37.8089 ], [ -122.30381, 37.81203 ], [ -122.3004, 37.81509 ] ], [ [ -122.29621, 37.81844 ], [ -122.29284, 37.82176 ], [ -122.29124, 37.82491 ], [ -122.29378, 37.82873 ], [ -122.29425, 37.83246 ] ] ] } },
{ "type": "Feature", "properties": { "Route": 980, "route_label": "I-980", "route_class": "I" }, "geometry": { "type": "MultiLineString", "coordinates": [ [ [ -122.27634, 37.79881 ], [ -122.2795, 37.80036 ], [ -122.28031, 37.80172 ], [ -122.28028, 37.8032 ], [ -122.27534, 37.81093 ], [ -122.27139, 37.81504 ], [ -122.26857, 37.82436 ] ], [ [ -122.27617, 37.79915 ], [ -122.27941, 37.80074 ], [ -122.27996, 37.80276 ], [ -122.27533, 37.81048 ], [ -122.27074, 37.81514 ], [ -122.26804, 37.82423 ] ] ] } }
]
}
