{
"type": "FeatureCollection",
"name": "zcta_points",
"crs": { "type": "name", "properties": { "name": "urn:ogc:def:crs:OGC:1.3:CRS84" } },
"xy_coordinate_resolution": 1e-05,
"features": [
{ "type": "Feature", "properties": { "zcta": "94019", "individual": 1, "student": 0, "company": 0, "w2017_19": 0, "w2020_23": 0, "w2024_26": 1, "w2017_19_student": 0, "w2017_19_share": null, "w2017_19_mix": null, "w2020_23_student": 0, "w2020_23_share": null, "w2020_23_mix": null, "w2024_26_student": 0, "w2024_26_share": 0.0, "w2024_26_mix": "No students", "y2017": 0, "y2017_individual": 0, "y2017_student": 0, "y2017_company": 0, "y2018": 0, "y2018_individual": 0, "y2018_student": 0, "y2018_company": 0, "y2019": 0, "y2019_individual": 0, "y2019_student": 0, "y2019_company": 0, "y2020": 0, "y2020_individual": 0, "y2020_student": 0, "y2020_company": 0, "y2021": 0, "y2021_individual": 0, "y2021_student": 0, "y2021_company": 0, "y2022": 0, "y2022_individual": 0, "y2022_student": 0, "y2022_company": 0, "y2023": 0, "y2023_individual": 0, "y2023_student": 0, "y2023_company": 0, "y2024": 0, "y2024_individual": 0, "y2024_student": 0, "y2024_company": 0, "y2025": 0, "y2025_individual": 0, "y2025_student": 0, "y2025_company": 0, "y2026": 1, "y2026_individual": 1, "y2026_student": 0, "y2026_company": 0, "total": 1, "student_share": 0.0, "recent_share": 1.0, "first_year": 2026, "last_year": 2026, "n_2026": 1, "reassigned_n": 0, "dominant_type": "Individual", "mix": "No students", "place": "Half Moon Bay", "in_main": true }, "geometry": { "type": "Point", "coordinates": [ -122.37575, 37.42824 ] } },
{ "type": "Feature", "properties": { "zcta": "95472", "individual": 1, "student": 0, "company": 0, "w2017_19": 1, "w2020_23": 0, "w2024_26": 0, "w2017_19_student": 0, "w2017_19_share": 0.0, "w2017_19_mix": "No students", "w2020_23_student": 0, "w2020_23_share": null, "w2020_23_mix": null, "w2024_26_student": 0, "w2024_26_share": null, "w2024_26_mix": null, "y2017": 0, "y2017_individual": 0, "y2017_student": 0, "y2017_company": 0, "y2018": 1, "y2018_individual": 1, "y2018_student": 0, "y2018_company": 0, "y2019": 0, "y2019_individual": 0, "y2019_student": 0, "y2019_company": 0, "y2020": 0, "y2020_individual": 0, "y2020_student": 0, "y2020_company": 0, "y2021": 0, "y2021_individual": 0, "y2021_student": 0, "y2021_company": 0, "y2022": 0, "y2022_individual": 0, "y2022_student": 0, "y2022_company": 0, "y2023": 0, "y2023_individual": 0, "y2023_student": 0, "y2023_company": 0, "y2024": 0, "y2024_individual": 0, "y2024_student": 0, "y2024_company": 0, "y2025": 0, "y2025_individual": 0, "y2025_student": 0, "y2025_company": 0, "y2026": 0, "y2026_individual": 0, "y2026_student": 0, "y2026_company": 0, "total": 1, "student_share": 0.0, "recent_share": 0.0, "first_year": 2018, "last_year": 2018, "n_2026": 0, "reassigned_n": 0, "dominant_type": "Individual", "mix": "No students", "place": "Occidental", "in_main": true }, "geometry": { "type": "Point", "coordinates": [ -122.88055, 38.4044 ] } },
{ "type": "Feature", "properties": { "zcta": "94559", "individual": 2, "student": 1, "company": 0, "w2017_19": 1, "w2020_23": 0, "w2024_26": 2, "w2017_19_student": 0, "w2017_19_share": 0.0, "w2017_19_mix": "No students", "w2020_23_student": 0, "w2020_23_share": null, "w2020_23_mix": null, "w2024_26_student": 1, "w2024_26_share": 0.5, "w2024_26_mix": "Mixed", "y2017": 0, "y2017_individual": 0, "y2017_student": 0, "y2017_company": 0, "y2018": 1, "y2018_individual": 1, "y2018_student": 0, "y2018_company": 0, "y2019": 0, "y2019_individual": 0, "y2019_student": 0, "y2019_company": 0, "y2020": 0, "y2020_individual": 0, "y2020_student": 0, "y2020_company": 0, "y2021": 0, "y2021_individual": 0, "y2021_student": 0, "y2021_company": 0, "y2022": 0, "y2022_individual": 0, "y2022_student": 0, "y2022_company": 0, "y2023": 0, "y2023_individual": 0, "y2023_student": 0, "y2023_company": 0, "y2024": 1, "y2024_individual": 1, "y2024_student": 0, "y2024_company": 0, "y2025": 0, "y2025_individual": 0, "y2025_student": 0, "y2025_company": 0, "y2026": 1, "y2026_individual": 0, "y2026_student": 1, "y2026_company": 0, "total": 3, "student_share": 0.333, "recent_share": 0.667, "first_year": 2018, "last_year": 2026, "n_2026": 1, "reassigned_n": 0, "dominant_type": "Individual", "mix": "Mostly professional", "place": "Napa", "in_main": true }, "geometry": { "type": "Point", "coordinates": [ -122.34211, 38.2504 ] } },
{ "type": "Feature", "properties": { "zcta": "95448", "individual": 0, "student": 0, "company": 1, "w2017_19": 1, "w2020_23": 0, "w2024_26": 0, "w2017_19_student": 0, "w2017_19_share": 0.0, "w2017_19_mix": "No students", "w2020_23_student": 0, "w2020_23_share": null, "w2020_23_mix": null, "w2024_26_student": 0, "w2024_26_share": null, "w2024_26_mix": null, "y2017": 0, "y2017_individual": 0, "y2017_student": 0, "y2017_company": 0, "y2018": 0, "y2018_individual": 0, "y2018_student": 0, "y2018_company": 0, "y2019": 1, "y2019_individual": 0, "y2019_student": 0, "y2019_company": 1, "y2020": 0, "y2020_individual": 0, "y2020_student": 0, "y2020_company": 0, "y2021": 0, "y2021_individual": 0, "y2021_student": 0, "y2021_company": 0, "y2022": 0, "y2022_individual": 0, "y2022_student": 0, "y2022_company": 0, "y2023": 0, "y2023_individual": 0, "y2023_student": 0, "y2023_company": 0, "y2024": 0, "y2024_individual": 0, "y2024_student": 0, "y2024_company": 0, "y2025": 0, "y2025_individual": 0, "y2025_student": 0, "y2025_company": 0, "y2026": 0, "y2026_individual": 0, "y2026_student": 0, "y2026_company": 0, "total": 1, "student_share": 0.0, "recent_share": 0.0, "first_year": 2019, "last_year": 2019, "n_2026": 0, "reassigned_n": 0, "dominant_type": "Company", "mix": "No students", "place": "Healdsburg", "in_main": false }, "geometry": { "type": "Point", "coordinates": [ -122.92071, 38.63265 ] } },
{ "type": "Feature", "properties": { "zcta": "93257", "individual": 0, "student": 1, "company": 0, "w2017_19": 0, "w2020_23": 0, "w2024_26": 1, "w2017_19_student": 0, "w2017_19_share": null, "w2017_19_mix": null, "w2020_23_student": 0, "w2020_23_share": null, "w2020_23_mix": null, "w2024_26_student": 1, "w2024_26_share": 1.0, "w2024_26_mix": "Mostly students", "y2017": 0, "y2017_individual": 0, "y2017_student": 0, "y2017_company": 0, "y2018": 0, "y2018_individual": 0, "y2018_student": 0, "y2018_company": 0, "y2019": 0, "y2019_individual": 0, "y2019_student": 0, "y2019_company": 0, "y2020": 0, "y2020_individual": 0, "y2020_student": 0, "y2020_company": 0, "y2021": 0, "y2021_individual": 0, "y2021_student": 0, "y2021_company": 0, "y2022": 0, "y2022_individual": 0, "y2022_student": 0, "y2022_company": 0, "y2023": 0, "y2023_individual": 0, "y2023_student": 0, "y2023_company": 0, "y2024": 0, "y2024_individual": 0, "y2024_student": 0, "y2024_company": 0, "y2025": 0, "y2025_individual": 0, "y2025_student": 0, "y2025_company": 0, "y2026": 1, "y2026_individual": 0, "y2026_student": 1, "y2026_company": 0, "total": 1, "student_share": 1.0, "recent_share": 1.0, "first_year": 2026, "last_year": 2026, "n_2026": 1, "reassigned_n": 0, "dominant_type": "Student", "mix": "Mostly students", "place": "Porterville", "in_main": false }, "geometry": { "type": "Point", "coordinates": [ -118.70467, 35.9557 ] } },
{ "type": "Feature", "properties": { "zcta": "90405", "individual": 0, "student": 1, "company": 0, "w2017_19": 0, "w2020_23": 1, "w2024_26": 0, "w2017_19_student": 0, "w2017_19_share": null, "w2017_19_mix": null, "w2020_23_student": 1, "w2020_23_share": 1.0, "w2020_23_mix": "Mostly students", "w2024_26_student": 0, "w2024_26_share": null, "w2024_26_mix": null, "y2017": 0, "y2017_individual": 0, "y2017_student": 0, "y2017_company": 0, "y2018": 0, "y2018_individual": 0, "y2018_student": 0, "y2018_company": 0, "y2019": 0, "y2019_individual": 0, "y2019_student": 0, "y2019_company": 0, "y2020": 1, "y2020_individual": 0, "y2020_student": 1, "y2020_company": 0, "y2021": 0, "y2021_individual": 0, "y2021_student": 0, "y2021_company": 0, "y2022": 0, "y2022_individual": 0, "y2022_student": 0, "y2022_company": 0, "y2023": 0, "y2023_individual": 0, "y2023_student": 0, "y2023_company": 0, "y2024": 0, "y2024_individual": 0, "y2024_student": 0, "y2024_company": 0, "y2025": 0, "y2025_individual": 0, "y2025_student": 0, "y2025_company": 0, "y2026": 0, "y2026_individual": 0, "y2026_student": 0, "y2026_company": 0, "total": 1, "student_share": 1.0, "recent_share": 0.0, "first_year": 2020, "last_year": 2020, "n_2026": 0, "reassigned_n": 0, "dominant_type": "Student", "mix": "Mostly students", "place": "Santa Monica", "in_main": false }, "geometry": { "type": "Point", "coordinates": [ -118.46938, 34.01117 ] } },
{ "type": "Feature", "properties": { "zcta": "94158", "individual": 0, "student": 1, "company": 0, "w2017_19": 1, "w2020_23": 0, "w2024_26": 0, "w2017_19_student": 1, "w2017_19_share": 1.0, "w2017_19_mix": "Mostly students", "w2020_23_student": 0, "w2020_23_share": null, "w2020_23_mix": null, "w2024_26_student": 0, "w2024_26_share": null, "w2024_26_mix": null, "y2017": 0, "y2017_individual": 0, "y2017_student": 0, "y2017_company": 0, "y2018": 0, "y2018_individual": 0, "y2018_student": 0, "y2018_company": 0, "y2019": 1, "y2019_individual": 0, "y2019_student": 1, "y2019_company": 0, "y2020": 0, "y2020_individual": 0, "y2020_student": 0, "y2020_company": 0, "y2021": 0, "y2021_individual": 0, "y2021_student": 0, "y2021_company": 0, "y2022": 0, "y2022_individual": 0, "y2022_student": 0, "y2022_company": 0, "y2023": 0, "y2023_individual": 0, "y2023_student": 0, "y2023_company": 0, "y2024": 0, "y2024_individual": 0, "y2024_student": 0, "y2024_company": 0, "y2025": 0, "y2025_individual": 0, "y2025_student": 0, "y2025_company": 0, "y2026": 0, "y2026_individual": 0, "y2026_student": 0, "y2026_company": 0, "total": 1, "student_share": 1.0, "recent_share": 0.0, "first_year": 2019, "last_year": 2019, "n_2026": 0, "reassigned_n": 0, "dominant_type": "Student", "mix": "Mostly students", "place": "San Francisco", "in_main": true }, "geometry": { "type": "Point", "coordinates": [ -122.39251, 37.77391 ] } },
{ "type": "Feature", "properties": { "zcta": "94062", "individual": 1, "student": 0, "company": 0, "w2017_19": 0, "w2020_23": 0, "w2024_26": 1, "w2017_19_student": 0, "w2017_19_share": null, "w2017_19_mix": null, "w2020_23_student": 0, "w2020_23_share": null, "w2020_23_mix": null, "w2024_26_student": 0, "w2024_26_share": 0.0, "w2024_26_mix": "No students", "y2017": 0, "y2017_individual": 0, "y2017_student": 0, "y2017_company": 0, "y2018": 0, "y2018_individual": 0, "y2018_student": 0, "y2018_company": 0, "y2019": 0, "y2019_individual": 0, "y2019_student": 0, "y2019_company": 0, "y2020": 0, "y2020_individual": 0, "y2020_student": 0, "y2020_company": 0, "y2021": 0, "y2021_individual": 0, "y2021_student": 0, "y2021_company": 0, "y2022": 0, "y2022_individual": 0, "y2022_student": 0, "y2022_company": 0, "y2023": 0, "y2023_individual": 0, "y2023_student": 0, "y2023_company": 0, "y2024": 1, "y2024_individual": 1, "y2024_student": 0, "y2024_company": 0, "y2025": 0, "y2025_individual": 0, "y2025_student": 0, "y2025_company": 0, "y2026": 0, "y2026_individual": 0, "y2026_student": 0, "y2026_company": 0, "total": 1, "student_share": 0.0, "recent_share": 1.0, "first_year": 2024, "last_year": 2024, "n_2026": 0, "reassigned_n": 0, "dominant_type": "Individual", "mix": "No students", "place": "Woodside", "in_main": true }, "geometry": { "type": "Point", "coordinates": [ -122.29974, 37.43804 ] } },
{ "type": "Feature", "properties": { "zcta": "93940", "individual": 2, "student": 0, "company": 0, "w2017_19": 1, "w2020_23": 1, "w2024_26": 0, "w2017_19_student": 0, "w2017_19_share": 0.0, "w2017_19_mix": "No students", "w2020_23_student": 0, "w2020_23_share": 0.0, "w2020_23_mix": "No students", "w2024_26_student": 0, "w2024_26_share": null, "w2024_26_mix": null, "y2017": 0, "y2017_individual": 0, "y2017_student": 0, "y2017_company": 0, "y2018": 1, "y2018_individual": 1, "y2018_student": 0, "y2018_company": 0, "y2019": 0, "y2019_individual": 0, "y2019_student": 0, "y2019_company": 0, "y2020": 1, "y2020_individual": 1, "y2020_student": 0, "y2020_company": 0, "y2021": 0, "y2021_individual": 0, "y2021_student": 0, "y2021_company": 0, "y2022": 0, "y2022_individual": 0, "y2022_student": 0, "y2022_company": 0, "y2023": 0, "y2023_individual": 0, "y2023_student": 0, "y2023_company": 0, "y2024": 0, "y2024_individual": 0, "y2024_student": 0, "y2024_company": 0, "y2025": 0, "y2025_individual": 0, "y2025_student": 0, "y2025_company": 0, "y2026": 0, "y2026_individual": 0, "y2026_student": 0, "y2026_company": 0, "total": 2, "student_share": 0.0, "recent_share": 0.0, "first_year": 2018, "last_year": 2020, "n_2026": 0, "reassigned_n": 0, "dominant_type": "Individual", "mix": "No students", "place": "Monterey", "in_main": false }, "geometry": { "type": "Point", "coordinates": [ -121.86793, 36.58399 ] } },
{ "type": "Feature", "properties": { "zcta": "94105", "individual": 1, "student": 0, "company": 1, "w2017_19": 0, "w2020_23": 2, "w2024_26": 0, "w2017_19_student": 0, "w2017_19_share": null, "w2017_19_mix": null, "w2020_23_student": 0, "w2020_23_share": 0.0, "w2020_23_mix": "No students", "w2024_26_student": 0, "w2024_26_share": null, "w2024_26_mix": null, "y2017": 0, "y2017_individual": 0, "y2017_student": 0, "y2017_company": 0, "y2018": 0, "y2018_individual": 0, "y2018_student": 0, "y2018_company": 0, "y2019": 0, "y2019_individual": 0, "y2019_student": 0, "y2019_company": 0, "y2020": 0, "y2020_individual": 0, "y2020_student": 0, "y2020_company": 0, "y2021": 2, "y2021_individual": 1, "y2021_student": 0, "y2021_company": 1, "y2022": 0, "y2022_individual": 0, "y2022_student": 0, "y2022_company": 0, "y2023": 0, "y2023_individual": 0, "y2023_student": 0, "y2023_company": 0, "y2024": 0, "y2024_individual": 0, "y2024_student": 0, "y2024_company": 0, "y2025": 0, "y2025_individual": 0, "y2025_student": 0, "y2025_company": 0, "y2026": 0, "y2026_individual": 0, "y2026_student": 0, "y2026_company": 0, "total": 2, "student_share": 0.0, "recent_share": 0.0, "first_year": 2021, "last_year": 2021, "n_2026": 0, "reassigned_n": 0, "dominant_type": "Individual", "mix": "No students", "place": "San Francisco", "in_main": true }, "geometry": { "type": "Point", "coordinates": [ -122.39454, 37.79038 ] } },
{ "type": "Feature", "properties": { "zcta": "94121", "individual": 4, "student": 2, "company": 0, "w2017_19": 1, "w2020_23": 3, "w2024_26": 2, "w2017_19_student": 0, "w2017_19_share": 0.0, "w2017_19_mix": "No students", "w2020_23_student": 2, "w2020_23_share": 0.667, "w2020_23_mix": "Mostly students", "w2024_26_student": 0, "w2024_26_share": 0.0, "w2024_26_mix": "No students", "y2017": 0, "y2017_individual": 0, "y2017_student": 0, "y2017_company": 0, "y2018": 1, "y2018_individual": 1, "y2018_student": 0, "y2018_company": 0, "y2019": 0, "y2019_individual": 0, "y2019_student": 0, "y2019_company": 0, "y2020": 1, "y2020_individual": 0, "y2020_student": 1, "y2020_company": 0, "y2021": 0, "y2021_individual": 0, "y2021_student": 0, "y2021_company": 0, "y2022": 2, "y2022_individual": 1, "y2022_student": 1, "y2022_company": 0, "y2023": 0, "y2023_individual": 0, "y2023_student": 0, "y2023_company": 0, "y2024": 0, "y2024_individual": 0, "y2024_student": 0, "y2024_company": 0, "y2025": 2, "y2025_individual": 2, "y2025_student": 0, "y2025_company": 0, "y2026": 0, "y2026_individual": 0, "y2026_student": 0, "y2026_company": 0, "total": 6, "student_share": 0.333, "recent_share": 0.333, "first_year": 2018, "last_year": 2025, "n_2026": 0, "reassigned_n": 0, "dominant_type": "Individual", "mix": "Mostly professional", "place": "San Francisco", "in_main": true }, "geometry": { "type": "Point", "coordinates": [ -122.49487, 37.77727 ] } },
{ "type": "Feature", "properties": { "zcta": "94133", "individual": 1, "student": 1, "company": 0, "w2017_19": 1, "w2020_23": 0, "w2024_26": 1, "w2017_19_student": 0, "w2017_19_share": 0.0, "w2017_19_mix": "No students", "w2020_23_student": 0, "w2020_23_share": null, "w2020_23_mix": null, "w2024_26_student": 1, "w2024_26_share": 1.0, "w2024_26_mix": "Mostly students", "y2017": 0, "y2017_individual": 0, "y2017_student": 0, "y2017_company": 0, "y2018": 1, "y2018_individual": 1, "y2018_student": 0, "y2018_company": 0, "y2019": 0, "y2019_individual": 0, "y2019_student": 0, "y2019_company": 0, "y2020": 0, "y2020_individual": 0, "y2020_student": 0, "y2020_company": 0, "y2021": 0, "y2021_individual": 0, "y2021_student": 0, "y2021_company": 0, "y2022": 0, "y2022_individual": 0, "y2022_student": 0, "y2022_company": 0, "y2023": 0, "y2023_individual": 0, "y2023_student": 0, "y2023_company": 0, "y2024": 0, "y2024_individual": 0, "y2024_student": 0, "y2024_company": 0, "y2025": 0, "y2025_individual": 0, "y2025_student": 0, "y2025_company": 0, "y2026": 1, "y2026_individual": 0, "y2026_student": 1, "y2026_company": 0, "total": 2, "student_share": 0.5, "recent_share": 0.5, "first_year": 2018, "last_year": 2026, "n_2026": 1, "reassigned_n": 0, "dominant_type": "Individual", "mix": "Mixed", "place": "San Francisco", "in_main": true }, "geometry": { "type": "Point", "coordinates": [ -122.41043, 37.80196 ] } },
{ "type": "Feature", "properties": { "zcta": "94551", "individual": 2, "student": 0, "company": 0, "w2017_19": 1, "w2020_23": 1, "w2024_26": 0, "w2017_19_student": 0, "w2017_19_share": 0.0, "w2017_19_mix": "No students", "w2020_23_student": 0, "w2020_23_share": 0.0, "w2020_23_mix": "No students", "w2024_26_student": 0, "w2024_26_share": null, "w2024_26_mix": null, "y2017": 1, "y2017_individual": 1, "y2017_student": 0, "y2017_company": 0, "y2018": 0, "y2018_individual": 0, "y2018_student": 0, "y2018_company": 0, "y2019": 0, "y2019_individual": 0, "y2019_student": 0, "y2019_company": 0, "y2020": 1, "y2020_individual": 1, "y2020_student": 0, "y2020_company": 0, "y2021": 0, "y2021_individual": 0, "y2021_student": 0, "y2021_company": 0, "y2022": 0, "y2022_individual": 0, "y2022_student": 0, "y2022_company": 0, "y2023": 0, "y2023_individual": 0, "y2023_student": 0, "y2023_company": 0, "y2024": 0, "y2024_individual": 0, "y2024_student": 0, "y2024_company": 0, "y2025": 0, "y2025_individual": 0, "y2025_student": 0, "y2025_company": 0, "y2026": 0, "y2026_individual": 0, "y2026_student": 0, "y2026_company": 0, "total": 2, "student_share": 0.0, "recent_share": 0.0, "first_year": 2017, "last_year": 2020, "n_2026": 0, "reassigned_n": 0, "dominant_type": "Individual", "mix": "No students", "place": "Livermore", "in_main": true }, "geometry": { "type": "Point", "coordinates": [ -121.7442, 37.77045 ] } },
{ "type": "Feature", "properties": { "zcta": "94553", "individual": 5, "student": 1, "company": 0, "w2017_19": 1, "w2020_23": 4, "w2024_26": 1, "w2017_19_student": 0, "w2017_19_share": 0.0, "w2017_19_mix": "No students", "w2020_23_student": 0, "w2020_23_share": 0.0, "w2020_23_mix": "No students", "w2024_26_student": 1, "w2024_26_share": 1.0, "w2024_26_mix": "Mostly students", "y2017": 0, "y2017_individual": 0, "y2017_student": 0, "y2017_company": 0, "y2018": 0, "y2018_individual": 0, "y2018_student": 0, "y2018_company": 0, "y2019": 1, "y2019_individual": 1, "y2019_student": 0, "y2019_company": 0, "y2020": 0, "y2020_individual": 0, "y2020_student": 0, "y2020_company": 0, "y2021": 3, "y2021_individual": 3, "y2021_student": 0, "y2021_company": 0, "y2022": 0, "y2022_individual": 0, "y2022_student": 0, "y2022_company": 0, "y2023": 1, "y2023_individual": 1, "y2023_student": 0, "y2023_company": 0, "y2024": 0, "y2024_individual": 0, "y2024_student": 0, "y2024_company": 0, "y2025": 0, "y2025_individual": 0, "y2025_student": 0, "y2025_company": 0, "y2026": 1, "y2026_individual": 0, "y2026_student": 1, "y2026_company": 0, "total": 6, "student_share": 0.167, "recent_share": 0.167, "first_year": 2019, "last_year": 2026, "n_2026": 1, "reassigned_n": 0, "dominant_type": "Individual", "mix": "Mostly professional", "place": "Martinez", "in_main": true }, "geometry": { "type": "Point", "coordinates": [ -122.15747, 37.97545 ] } },
{ "type": "Feature", "properties": { "zcta": "94574", "individual": 1, "student": 0, "company": 0, "w2017_19": 0, "w2020_23": 0, "w2024_26": 1, "w2017_19_student": 0, "w2017_19_share": null, "w2017_19_mix": null, "w2020_23_student": 0, "w2020_23_share": null, "w2020_23_mix": null, "w2024_26_student": 0, "w2024_26_share": 0.0, "w2024_26_mix": "No students", "y2017": 0, "y2017_individual": 0, "y2017_student": 0, "y2017_company": 0, "y2018": 0, "y2018_individual": 0, "y2018_student": 0, "y2018_company": 0, "y2019": 0, "y2019_individual": 0, "y2019_student": 0, "y2019_company": 0, "y2020": 0, "y2020_individual": 0, "y2020_student": 0, "y2020_company": 0, "y2021": 0, "y2021_individual": 0, "y2021_student": 0, "y2021_company": 0, "y2022": 0, "y2022_individual": 0, "y2022_student": 0, "y2022_company": 0, "y2023": 0, "y2023_individual": 0, "y2023_student": 0, "y2023_company": 0, "y2024": 0, "y2024_individual": 0, "y2024_student": 0, "y2024_company": 0, "y2025": 1, "y2025_individual": 1, "y2025_student": 0, "y2025_company": 0, "y2026": 0, "y2026_individual": 0, "y2026_student": 0, "y2026_company": 0, "total": 1, "student_share": 0.0, "recent_share": 1.0, "first_year": 2025, "last_year": 2025, "n_2026": 0, "reassigned_n": 0, "dominant_type": "Individual", "mix": "No students", "place": "St. Helena", "in_main": true }, "geometry": { "type": "Point", "coordinates": [ -122.38792, 38.53636 ] } },
{ "type": "Feature", "properties": { "zcta": "94941", "individual": 2, "student": 0, "company": 0, "w2017_19": 0, "w2020_23": 0, "w2024_26": 2, "w2017_19_student": 0, "w2017_19_share": null, "w2017_19_mix": null, "w2020_23_student": 0, "w2020_23_share": null, "w2020_23_mix": null, "w2024_26_student": 0, "w2024_26_share": 0.0, "w2024_26_mix": "No students", "y2017": 0, "y2017_individual": 0, "y2017_student": 0, "y2017_company": 0, "y2018": 0, "y2018_individual": 0, "y2018_student": 0, "y2018_company": 0, "y2019": 0, "y2019_individual": 0, "y2019_student": 0, "y2019_company": 0, "y2020": 0, "y2020_individual": 0, "y2020_student": 0, "y2020_company": 0, "y2021": 0, "y2021_individual": 0, "y2021_student": 0, "y2021_company": 0, "y2022": 0, "y2022_individual": 0, "y2022_student": 0, "y2022_company": 0, "y2023": 0, "y2023_individual": 0, "y2023_student": 0, "y2023_company": 0, "y2024": 0, "y2024_individual": 0, "y2024_student": 0, "y2024_company": 0, "y2025": 1, "y2025_individual": 1, "y2025_student": 0, "y2025_company": 0, "y2026": 1, "y2026_individual": 1, "y2026_student": 0, "y2026_company": 0, "total": 2, "student_share": 0.0, "recent_share": 1.0, "first_year": 2025, "last_year": 2026, "n_2026": 1, "reassigned_n": 0, "dominant_type": "Individual", "mix": "No students", "place": "Mill Valley", "in_main": true }, "geometry": { "type": "Point", "coordinates": [ -122.58031, 37.92682 ] } },
{ "type": "Feature", "properties": { "zcta": "94952", "individual": 3, "student": 1, "company": 0, "w2017_19": 1, "w2020_23": 1, "w2024_26": 2, "w2017_19_student": 1, "w2017_19_share": 1.0, "w2017_19_mix": "Mostly students", "w2020_23_student": 0, "w2020_23_share": 0.0, "w2020_23_mix": "No students", "w2024_26_student": 0, "w2024_26_share": 0.0, "w2024_26_mix": "No students", "y2017": 0, "y2017_individual": 0, "y2017_student": 0, "y2017_company": 0, "y2018": 0, "y2018_individual": 0, "y2018_student": 0, "y2018_company": 0, "y2019": 1, "y2019_individual": 0, "y2019_student": 1, "y2019_company": 0, "y2020": 0, "y2020_individual": 0, "y2020_student": 0, "y2020_company": 0, "y2021": 0, "y2021_individual": 0, "y2021_student": 0, "y2021_company": 0, "y2022": 1, "y2022_individual": 1, "y2022_student": 0, "y2022_company": 0, "y2023": 0, "y2023_individual": 0, "y2023_student": 0, "y2023_company": 0, "y2024": 0, "y2024_individual": 0, "y2024_student": 0, "y2024_company": 0, "y2025": 0, "y2025_individual": 0, "y2025_student": 0, "y2025_company": 0, "y2026": 2, "y2026_individual": 2, "y2026_student": 0, "y2026_company": 0, "total": 4, "student_share": 0.25, "recent_share": 0.5, "first_year": 2019, "last_year": 2026, "n_2026": 2, "reassigned_n": 1, "dominant_type": "Individual", "mix": "Mostly professional", "place": "Bloomfield", "in_main": true }, "geometry": { "type": "Point", "coordinates": [ -122.71465, 38.22323 ] } },
{ "type": "Feature", "properties": { "zcta": "95060", "individual": 4, "student": 2, "company": 1, "w2017_19": 0, "w2020_23": 1, "w2024_26": 6, "w2017_19_student": 0, "w2017_19_share": null, "w2017_19_mix": null, "w2020_23_student": 1, "w2020_23_share": 1.0, "w2020_23_mix": "Mostly students", "w2024_26_student": 1, "w2024_26_share": 0.167, "w2024_26_mix": "Mostly professional", "y2017": 0, "y2017_individual": 0, "y2017_student": 0, "y2017_company": 0, "y2018": 0, "y2018_individual": 0, "y2018_student": 0, "y2018_company": 0, "y2019": 0, "y2019_individual": 0, "y2019_student": 0, "y2019_company": 0, "y2020": 0, "y2020_individual": 0, "y2020_student": 0, "y2020_company": 0, "y2021": 0, "y2021_individual": 0, "y2021_student": 0, "y2021_company": 0, "y2022": 0, "y2022_individual": 0, "y2022_student": 0, "y2022_company": 0, "y2023": 1, "y2023_individual": 0, "y2023_student": 1, "y2023_company": 0, "y2024": 1, "y2024_individual": 0, "y2024_student": 0, "y2024_company": 1, "y2025": 2, "y2025_individual": 2, "y2025_student": 0, "y2025_company": 0, "y2026": 3, "y2026_individual": 2, "y2026_student": 1, "y2026_company": 0, "total": 7, "student_share": 0.286, "recent_share": 0.857, "first_year": 2023, "last_year": 2026, "n_2026": 3, "reassigned_n": 0, "dominant_type": "Individual", "mix": "Mostly professional", "place": "Bonny Doon", "in_main": true }, "geometry": { "type": "Point", "coordinates": [ -122.13778, 37.04494 ] } },
{ "type": "Feature", "properties": { "zcta": "95131", "individual": 1, "student": 0, "company": 0, "w2017_19": 1, "w2020_23": 0, "w2024_26": 0, "w2017_19_student": 0, "w2017_19_share": 0.0, "w2017_19_mix": "No students", "w2020_23_student": 0, "w2020_23_share": null, "w2020_23_mix": null, "w2024_26_student": 0, "w2024_26_share": null, "w2024_26_mix": null, "y2017": 0, "y2017_individual": 0, "y2017_student": 0, "y2017_company": 0, "y2018": 0, "y2018_individual": 0, "y2018_student": 0, "y2018_company": 0, "y2019": 1, "y2019_individual": 1, "y2019_student": 0, "y2019_company": 0, "y2020": 0, "y2020_individual": 0, "y2020_student": 0, "y2020_company": 0, "y2021": 0, "y2021_individual": 0, "y2021_student": 0, "y2021_company": 0, "y2022": 0, "y2022_individual": 0, "y2022_student": 0, "y2022_company": 0, "y2023": 0, "y2023_individual": 0, "y2023_student": 0, "y2023_company": 0, "y2024": 0, "y2024_individual": 0, "y2024_student": 0, "y2024_company": 0, "y2025": 0, "y2025_individual": 0, "y2025_student": 0, "y2025_company": 0, "y2026": 0, "y2026_individual": 0, "y2026_student": 0, "y2026_company": 0, "total": 1, "student_share": 0.0, "recent_share": 0.0, "first_year": 2019, "last_year": 2019, "n_2026": 0, "reassigned_n": 0, "dominant_type": "Individual", "mix": "No students", "place": "San Jose", "in_main": true }, "geometry": { "type": "Point", "coordinates": [ -121.89527, 37.38726 ] } },
{ "type": "Feature", "properties": { "zcta": "95482", "individual": 1, "student": 0, "company": 0, "w2017_19": 0, "w2020_23": 0, "w2024_26": 1, "w2017_19_student": 0, "w2017_19_share": null, "w2017_19_mix": null, "w2020_23_student": 0, "w2020_23_share": null, "w2020_23_mix": null, "w2024_26_student": 0, "w2024_26_share": 0.0, "w2024_26_mix": "No students", "y2017": 0, "y2017_individual": 0, "y2017_student": 0, "y2017_company": 0, "y2018": 0, "y2018_individual": 0, "y2018_student": 0, "y2018_company": 0, "y2019": 0, "y2019_individual": 0, "y2019_student": 0, "y2019_company": 0, "y2020": 0, "y2020_individual": 0, "y2020_student": 0, "y2020_company": 0, "y2021": 0, "y2021_individual": 0, "y2021_student": 0, "y2021_company": 0, "y2022": 0, "y2022_individual": 0, "y2022_student": 0, "y2022_company": 0, "y2023": 0, "y2023_individual": 0, "y2023_student": 0, "y2023_company": 0, "y2024": 0, "y2024_individual": 0, "y2024_student": 0, "y2024_company": 0, "y2025": 1, "y2025_individual": 1, "y2025_student": 0, "y2025_company": 0, "y2026": 0, "y2026_individual": 0, "y2026_student": 0, "y2026_company": 0, "total": 1, "student_share": 0.0, "recent_share": 1.0, "first_year": 2025, "last_year": 2025, "n_2026": 0, "reassigned_n": 0, "dominant_type": "Individual", "mix": "No students", "place": "Ukiah", "in_main": false }, "geometry": { "type": "Point", "coordinates": [ -123.23801, 39.14505 ] } },
{ "type": "Feature", "properties": { "zcta": "94552", "individual": 1, "student": 1, "company": 1, "w2017_19": 0, "w2020_23": 0, "w2024_26": 3, "w2017_19_student": 0, "w2017_19_share": null, "w2017_19_mix": null, "w2020_23_student": 0, "w2020_23_share": null, "w2020_23_mix": null, "w2024_26_student": 1, "w2024_26_share": 0.333, "w2024_26_mix": "Mostly professional", "y2017": 0, "y2017_individual": 0, "y2017_student": 0, "y2017_company": 0, "y2018": 0, "y2018_individual": 0, "y2018_student": 0, "y2018_company": 0, "y2019": 0, "y2019_individual": 0, "y2019_student": 0, "y2019_company": 0, "y2020": 0, "y2020_individual": 0, "y2020_student": 0, "y2020_company": 0, "y2021": 0, "y2021_individual": 0, "y2021_student": 0, "y2021_company": 0, "y2022": 0, "y2022_individual": 0, "y2022_student": 0, "y2022_company": 0, "y2023": 0, "y2023_individual": 0, "y2023_student": 0, "y2023_company": 0, "y2024": 0, "y2024_individual": 0, "y2024_student": 0, "y2024_company": 0, "y2025": 2, "y2025_individual": 1, "y2025_student": 0, "y2025_company": 1, "y2026": 1, "y2026_individual": 0, "y2026_student": 1, "y2026_company": 0, "total": 3, "student_share": 0.333, "recent_share": 1.0, "first_year": 2025, "last_year": 2026, "n_2026": 1, "reassigned_n": 0, "dominant_type": "Individual", "mix": "Mostly professional", "place": "Castro Valley", "in_main": true }, "geometry": { "type": "Point", "coordinates": [ -122.01606, 37.69605 ] } },
{ "type": "Feature", "properties": { "zcta": "94612", "individual": 6, "student": 2, "company": 2, "w2017_19": 2, "w2020_23": 4, "w2024_26": 4, "w2017_19_student": 0, "w2017_19_share": 0.0, "w2017_19_mix": "No students", "w2020_23_student": 1, "w2020_23_share": 0.25, "w2020_23_mix": "Mostly professional", "w2024_26_student": 1, "w2024_26_share": 0.25, "w2024_26_mix": "Mostly professional", "y2017": 1, "y2017_individual": 1, "y2017_student": 0, "y2017_company": 0, "y2018": 1, "y2018_individual": 1, "y2018_student": 0, "y2018_company": 0, "y2019": 0, "y2019_individual": 0, "y2019_student": 0, "y2019_company": 0, "y2020": 1, "y2020_individual": 1, "y2020_student": 0, "y2020_company": 0, "y2021": 1, "y2021_individual": 0, "y2021_student": 0, "y2021_company": 1, "y2022": 2, "y2022_individual": 0, "y2022_student": 1, "y2022_company": 1, "y2023": 0, "y2023_individual": 0, "y2023_student": 0, "y2023_company": 0, "y2024": 0, "y2024_individual": 0, "y2024_student": 0, "y2024_company": 0, "y2025": 1, "y2025_individual": 1, "y2025_student": 0, "y2025_company": 0, "y2026": 3, "y2026_individual": 2, "y2026_student": 1, "y2026_company": 0, "total": 10, "student_share": 0.2, "recent_share": 0.4, "first_year": 2017, "last_year": 2026, "n_2026": 3, "reassigned_n": 1, "dominant_type": "Individual", "mix": "Mostly professional", "place": "Oakland", "in_main": true }, "geometry": { "type": "Point", "coordinates": [ -122.26926, 37.80868 ] } },
{ "type": "Feature", "properties": { "zcta": "95453", "individual": 0, "student": 0, "company": 1, "w2017_19": 0, "w2020_23": 1, "w2024_26": 0, "w2017_19_student": 0, "w2017_19_share": null, "w2017_19_mix": null, "w2020_23_student": 0, "w2020_23_share": 0.0, "w2020_23_mix": "No students", "w2024_26_student": 0, "w2024_26_share": null, "w2024_26_mix": null, "y2017": 0, "y2017_individual": 0, "y2017_student": 0, "y2017_company": 0, "y2018": 0, "y2018_individual": 0, "y2018_student": 0, "y2018_company": 0, "y2019": 0, "y2019_individual": 0, "y2019_student": 0, "y2019_company": 0, "y2020": 0, "y2020_individual": 0, "y2020_student": 0, "y2020_company": 0, "y2021": 1, "y2021_individual": 0, "y2021_student": 0, "y2021_company": 1, "y2022": 0, "y2022_individual": 0, "y2022_student": 0, "y2022_company": 0, "y2023": 0, "y2023_individual": 0, "y2023_student": 0, "y2023_company": 0, "y2024": 0, "y2024_individual": 0, "y2024_student": 0, "y2024_company": 0, "y2025": 0, "y2025_individual": 0, "y2025_student": 0, "y2025_company": 0, "y2026": 0, "y2026_individual": 0, "y2026_student": 0, "y2026_company": 0, "total": 1, "student_share": 0.0, "recent_share": 0.0, "first_year": 2021, "last_year": 2021, "n_2026": 0, "reassigned_n": 0, "dominant_type": "Company", "mix": "No students", "place": "North Lakeport", "in_main": false }, "geometry": { "type": "Point", "coordinates": [ -122.94854, 39.03923 ] } },
{ "type": "Feature", "properties": { "zcta": "94573", "individual": 1, "student": 0, "company": 0, "w2017_19": 0, "w2020_23": 1, "w2024_26": 0, "w2017_19_student": 0, "w2017_19_share": null, "w2017_19_mix": null, "w2020_23_student": 0, "w2020_23_share": 0.0, "w2020_23_mix": "No students", "w2024_26_student": 0, "w2024_26_share": null, "w2024_26_mix": null, "y2017": 0, "y2017_individual": 0, "y2017_student": 0, "y2017_company": 0, "y2018": 0, "y2018_individual": 0, "y2018_student": 0, "y2018_company": 0, "y2019": 0, "y2019_individual": 0, "y2019_student": 0, "y2019_company": 0, "y2020": 0, "y2020_individual": 0, "y2020_student": 0, "y2020_company": 0, "y2021": 0, "y2021_individual": 0, "y2021_student": 0, "y2021_company": 0, "y2022": 0, "y2022_individual": 0, "y2022_student": 0, "y2022_company": 0, "y2023": 1, "y2023_individual": 1, "y2023_student": 0, "y2023_company": 0, "y2024": 0, "y2024_individual": 0, "y2024_student": 0, "y2024_company": 0, "y2025": 0, "y2025_individual": 0, "y2025_student": 0, "y2025_company": 0, "y2026": 0, "y2026_individual": 0, "y2026_student": 0, "y2026_company": 0, "total": 1, "student_share": 0.0, "recent_share": 0.0, "first_year": 2023, "last_year": 2023, "n_2026": 0, "reassigned_n": 0, "dominant_type": "Individual", "mix": "No students", "place": "Rutherford", "in_main": true }, "geometry": { "type": "Point", "coordinates": [ -122.42077, 38.45704 ] } },
{ "type": "Feature", "properties": { "zcta": "94549", "individual": 1, "student": 0, "company": 0, "w2017_19": 0, "w2020_23": 1, "w2024_26": 0, "w2017_19_student": 0, "w2017_19_share": null, "w2017_19_mix": null, "w2020_23_student": 0, "w2020_23_share": 0.0, "w2020_23_mix": "No students", "w2024_26_student": 0, "w2024_26_share": null, "w2024_26_mix": null, "y2017": 0, "y2017_individual": 0, "y2017_student": 0, "y2017_company": 0, "y2018": 0, "y2018_individual": 0, "y2018_student": 0, "y2018_company": 0, "y2019": 0, "y2019_individual": 0, "y2019_student": 0, "y2019_company": 0, "y2020": 0, "y2020_individual": 0, "y2020_student": 0, "y2020_company": 0, "y2021": 0, "y2021_individual": 0, "y2021_student": 0, "y2021_company": 0, "y2022": 0, "y2022_individual": 0, "y2022_student": 0, "y2022_company": 0, "y2023": 1, "y2023_individual": 1, "y2023_student": 0, "y2023_company": 0, "y2024": 0, "y2024_individual": 0, "y2024_student": 0, "y2024_company": 0, "y2025": 0, "y2025_individual": 0, "y2025_student": 0, "y2025_company": 0, "y2026": 0, "y2026_individual": 0, "y2026_student": 0, "y2026_company": 0, "total": 1, "student_share": 0.0, "recent_share": 0.0, "first_year": 2023, "last_year": 2023, "n_2026": 0, "reassigned_n": 0, "dominant_type": "Individual", "mix": "No students", "place": "Lafayette", "in_main": true }, "geometry": { "type": "Point", "coordinates": [ -122.12451, 37.90397 ] } },
{ "type": "Feature", "properties": { "zcta": "95818", "individual": 1, "student": 0, "company": 0, "w2017_19": 0, "w2020_23": 0, "w2024_26": 1, "w2017_19_student": 0, "w2017_19_share": null, "w2017_19_mix": null, "w2020_23_student": 0, "w2020_23_share": null, "w2020_23_mix": null, "w2024_26_student": 0, "w2024_26_share": 0.0, "w2024_26_mix": "No students", "y2017": 0, "y2017_individual": 0, "y2017_student": 0, "y2017_company": 0, "y2018": 0, "y2018_individual": 0, "y2018_student": 0, "y2018_company": 0, "y2019": 0, "y2019_individual": 0, "y2019_student": 0, "y2019_company": 0, "y2020": 0, "y2020_individual": 0, "y2020_student": 0, "y2020_company": 0, "y2021": 0, "y2021_individual": 0, "y2021_student": 0, "y2021_company": 0, "y2022": 0, "y2022_individual": 0, "y2022_student": 0, "y2022_company": 0, "y2023": 0, "y2023_individual": 0, "y2023_student": 0, "y2023_company": 0, "y2024": 0, "y2024_individual": 0, "y2024_student": 0, "y2024_company": 0, "y2025": 1, "y2025_individual": 1, "y2025_student": 0, "y2025_company": 0, "y2026": 0, "y2026_individual": 0, "y2026_student": 0, "y2026_company": 0, "total": 1, "student_share": 0.0, "recent_share": 1.0, "first_year": 2025, "last_year": 2025, "n_2026": 0, "reassigned_n": 0, "dominant_type": "Individual", "mix": "No students", "place": "Sacramento", "in_main": false }, "geometry": { "type": "Point", "coordinates": [ -121.49581, 38.55619 ] } },
{ "type": "Feature", "properties": { "zcta": "95119", "individual": 0, "student": 0, "company": 1, "w2017_19": 1, "w2020_23": 0, "w2024_26": 0, "w2017_19_student": 0, "w2017_19_share": 0.0, "w2017_19_mix": "No students", "w2020_23_student": 0, "w2020_23_share": null, "w2020_23_mix": null, "w2024_26_student": 0, "w2024_26_share": null, "w2024_26_mix": null, "y2017": 0, "y2017_individual": 0, "y2017_student": 0, "y2017_company": 0, "y2018": 0, "y2018_individual": 0, "y2018_student": 0, "y2018_company": 0, "y2019": 1, "y2019_individual": 0, "y2019_student": 0, "y2019_company": 1, "y2020": 0, "y2020_individual": 0, "y2020_student": 0, "y2020_company": 0, "y2021": 0, "y2021_individual": 0, "y2021_student": 0, "y2021_company": 0, "y2022": 0, "y2022_individual": 0, "y2022_student": 0, "y2022_company": 0, "y2023": 0, "y2023_individual": 0, "y2023_student": 0, "y2023_company": 0, "y2024": 0, "y2024_individual": 0, "y2024_student": 0, "y2024_company": 0, "y2025": 0, "y2025_individual": 0, "y2025_student": 0, "y2025_company": 0, "y2026": 0, "y2026_individual": 0, "y2026_student": 0, "y2026_company": 0, "total": 1, "student_share": 0.0, "recent_share": 0.0, "first_year": 2019, "last_year": 2019, "n_2026": 0, "reassigned_n": 0, "dominant_type": "Company", "mix": "No students", "place": "San Jose", "in_main": true }, "geometry": { "type": "Point", "coordinates": [ -121.78782, 37.23189 ] } },
{ "type": "Feature", "properties": { "zcta": "95123", "individual": 2, "student": 0, "company": 0, "w2017_19": 0, "w2020_23": 0, "w2024_26": 2, "w2017_19_student": 0, "w2017_19_share": null, "w2017_19_mix": null, "w2020_23_student": 0, "w2020_23_share": null, "w2020_23_mix": null, "w2024_26_student": 0, "w2024_26_share": 0.0, "w2024_26_mix": "No students", "y2017": 0, "y2017_individual": 0, "y2017_student": 0, "y2017_company": 0, "y2018": 0, "y2018_individual": 0, "y2018_student": 0, "y2018_company": 0, "y2019": 0, "y2019_individual": 0, "y2019_student": 0, "y2019_company": 0, "y2020": 0, "y2020_individual": 0, "y2020_student": 0, "y2020_company": 0, "y2021": 0, "y2021_individual": 0, "y2021_student": 0, "y2021_company": 0, "y2022": 0, "y2022_individual": 0, "y2022_student": 0, "y2022_company": 0, "y2023": 0, "y2023_individual": 0, "y2023_student": 0, "y2023_company": 0, "y2024": 0, "y2024_individual": 0, "y2024_student": 0, "y2024_company": 0, "y2025": 0, "y2025_individual": 0, "y2025_student": 0, "y2025_company": 0, "y2026": 2, "y2026_individual": 2, "y2026_student": 0, "y2026_company": 0, "total": 2, "student_share": 0.0, "recent_share": 1.0, "first_year": 2026, "last_year": 2026, "n_2026": 2, "reassigned_n": 0, "dominant_type": "Individual", "mix": "No students", "place": "San Jose", "in_main": true }, "geometry": { "type": "Point", "coordinates": [ -121.83484, 37.24546 ] } },
{ "type": "Feature", "properties": { "zcta": "94534", "individual": 1, "student": 0, "company": 0, "w2017_19": 1, "w2020_23": 0, "w2024_26": 0, "w2017_19_student": 0, "w2017_19_share": 0.0, "w2017_19_mix": "No students", "w2020_23_student": 0, "w2020_23_share": null, "w2020_23_mix": null, "w2024_26_student": 0, "w2024_26_share": null, "w2024_26_mix": null, "y2017": 1, "y2017_individual": 1, "y2017_student": 0, "y2017_company": 0, "y2018": 0, "y2018_individual": 0, "y2018_student": 0, "y2018_company": 0, "y2019": 0, "y2019_individual": 0, "y2019_student": 0, "y2019_company": 0, "y2020": 0, "y2020_individual": 0, "y2020_student": 0, "y2020_company": 0, "y2021": 0, "y2021_individual": 0, "y2021_student": 0, "y2021_company": 0, "y2022": 0, "y2022_individual": 0, "y2022_student": 0, "y2022_company": 0, "y2023": 0, "y2023_individual": 0, "y2023_student": 0, "y2023_company": 0, "y2024": 0, "y2024_individual": 0, "y2024_student": 0, "y2024_company": 0, "y2025": 0, "y2025_individual": 0, "y2025_student": 0, "y2025_company": 0, "y2026": 0, "y2026_individual": 0, "y2026_student": 0, "y2026_company": 0, "total": 1, "student_share": 0.0, "recent_share": 0.0, "first_year": 2017, "last_year": 2017, "n_2026": 0, "reassigned_n": 0, "dominant_type": "Individual", "mix": "No students", "place": "Fairfield", "in_main": true }, "geometry": { "type": "Point", "coordinates": [ -122.10561, 38.22087 ] } },
{ "type": "Feature", "properties": { "zcta": "94303", "individual": 0, "student": 1, "company": 0, "w2017_19": 0, "w2020_23": 0, "w2024_26": 1, "w2017_19_student": 0, "w2017_19_share": null, "w2017_19_mix": null, "w2020_23_student": 0, "w2020_23_share": null, "w2020_23_mix": null, "w2024_26_student": 1, "w2024_26_share": 1.0, "w2024_26_mix": "Mostly students", "y2017": 0, "y2017_individual": 0, "y2017_student": 0, "y2017_company": 0, "y2018": 0, "y2018_individual": 0, "y2018_student": 0, "y2018_company": 0, "y2019": 0, "y2019_individual": 0, "y2019_student": 0, "y2019_company": 0, "y2020": 0, "y2020_individual": 0, "y2020_student": 0, "y2020_company": 0, "y2021": 0, "y2021_individual": 0, "y2021_student": 0, "y2021_company": 0, "y2022": 0, "y2022_individual": 0, "y2022_student": 0, "y2022_company": 0, "y2023": 0, "y2023_individual": 0, "y2023_student": 0, "y2023_company": 0, "y2024": 0, "y2024_individual": 0, "y2024_student": 0, "y2024_company": 0, "y2025": 0, "y2025_individual": 0, "y2025_student": 0, "y2025_company": 0, "y2026": 1, "y2026_individual": 0, "y2026_student": 1, "y2026_company": 0, "total": 1, "student_share": 1.0, "recent_share": 1.0, "first_year": 2026, "last_year": 2026, "n_2026": 1, "reassigned_n": 0, "dominant_type": "Student", "mix": "Mostly students", "place": "Palo Alto", "in_main": true }, "geometry": { "type": "Point", "coordinates": [ -122.11405, 37.45151 ] } },
{ "type": "Feature", "properties": { "zcta": "94706", "individual": 1, "student": 2, "company": 0, "w2017_19": 2, "w2020_23": 0, "w2024_26": 1, "w2017_19_student": 1, "w2017_19_share": 0.5, "w2017_19_mix": "Mixed", "w2020_23_student": 0, "w2020_23_share": null, "w2020_23_mix": null, "w2024_26_student": 1, "w2024_26_share": 1.0, "w2024_26_mix": "Mostly students", "y2017": 0, "y2017_individual": 0, "y2017_student": 0, "y2017_company": 0, "y2018": 1, "y2018_individual": 1, "y2018_student": 0, "y2018_company": 0, "y2019": 1, "y2019_individual": 0, "y2019_student": 1, "y2019_company": 0, "y2020": 0, "y2020_individual": 0, "y2020_student": 0, "y2020_company": 0, "y2021": 0, "y2021_individual": 0, "y2021_student": 0, "y2021_company": 0, "y2022": 0, "y2022_individual": 0, "y2022_student": 0, "y2022_company": 0, "y2023": 0, "y2023_individual": 0, "y2023_student": 0, "y2023_company": 0, "y2024": 0, "y2024_individual": 0, "y2024_student": 0, "y2024_company": 0, "y2025": 0, "y2025_individual": 0, "y2025_student": 0, "y2025_company": 0, "y2026": 1, "y2026_individual": 0, "y2026_student": 1, "y2026_company": 0, "total": 3, "student_share": 0.667, "recent_share": 0.333, "first_year": 2018, "last_year": 2026, "n_2026": 1, "reassigned_n": 0, "dominant_type": "Student", "mix": "Mostly students", "place": "Albany", "in_main": true }, "geometry": { "type": "Point", "coordinates": [ -122.29582, 37.88955 ] } },
{ "type": "Feature", "properties": { "zcta": "91364", "individual": 1, "student": 0, "company": 0, "w2017_19": 0, "w2020_23": 0, "w2024_26": 1, "w2017_19_student": 0, "w2017_19_share": null, "w2017_19_mix": null, "w2020_23_student": 0, "w2020_23_share": null, "w2020_23_mix": null, "w2024_26_student": 0, "w2024_26_share": 0.0, "w2024_26_mix": "No students", "y2017": 0, "y2017_individual": 0, "y2017_student": 0, "y2017_company": 0, "y2018": 0, "y2018_individual": 0, "y2018_student": 0, "y2018_company": 0, "y2019": 0, "y2019_individual": 0, "y2019_student": 0, "y2019_company": 0, "y2020": 0, "y2020_individual": 0, "y2020_student": 0, "y2020_company": 0, "y2021": 0, "y2021_individual": 0, "y2021_student": 0, "y2021_company": 0, "y2022": 0, "y2022_individual": 0, "y2022_student": 0, "y2022_company": 0, "y2023": 0, "y2023_individual": 0, "y2023_student": 0, "y2023_company": 0, "y2024": 0, "y2024_individual": 0, "y2024_student": 0, "y2024_company": 0, "y2025": 0, "y2025_individual": 0, "y2025_student": 0, "y2025_company": 0, "y2026": 1, "y2026_individual": 1, "y2026_student": 0, "y2026_company": 0, "total": 1, "student_share": 0.0, "recent_share": 1.0, "first_year": 2026, "last_year": 2026, "n_2026": 1, "reassigned_n": 0, "dominant_type": "Individual", "mix": "No students", "place": "Los Angeles", "in_main": false }, "geometry": { "type": "Point", "coordinates": [ -118.60087, 34.15195 ] } },
{ "type": "Feature", "properties": { "zcta": "93901", "individual": 0, "student": 1, "company": 0, "w2017_19": 0, "w2020_23": 0, "w2024_26": 1, "w2017_19_student": 0, "w2017_19_share": null, "w2017_19_mix": null, "w2020_23_student": 0, "w2020_23_share": null, "w2020_23_mix": null, "w2024_26_student": 1, "w2024_26_share": 1.0, "w2024_26_mix": "Mostly students", "y2017": 0, "y2017_individual": 0, "y2017_student": 0, "y2017_company": 0, "y2018": 0, "y2018_individual": 0, "y2018_student": 0, "y2018_company": 0, "y2019": 0, "y2019_individual": 0, "y2019_student": 0, "y2019_company": 0, "y2020": 0, "y2020_individual": 0, "y2020_student": 0, "y2020_company": 0, "y2021": 0, "y2021_individual": 0, "y2021_student": 0, "y2021_company": 0, "y2022": 0, "y2022_individual": 0, "y2022_student": 0, "y2022_company": 0, "y2023": 0, "y2023_individual": 0, "y2023_student": 0, "y2023_company": 0, "y2024": 0, "y2024_individual": 0, "y2024_student": 0, "y2024_company": 0, "y2025": 0, "y2025_individual": 0, "y2025_student": 0, "y2025_company": 0, "y2026": 1, "y2026_individual": 0, "y2026_student": 1, "y2026_company": 0, "total": 1, "student_share": 1.0, "recent_share": 1.0, "first_year": 2026, "last_year": 2026, "n_2026": 1, "reassigned_n": 0, "dominant_type": "Student", "mix": "Mostly students", "place": "Salinas", "in_main": false }, "geometry": { "type": "Point", "coordinates": [ -121.5983, 36.63541 ] } },
{ "type": "Feature", "properties": { "zcta": "94109", "individual": 6, "student": 1, "company": 0, "w2017_19": 2, "w2020_23": 2, "w2024_26": 3, "w2017_19_student": 0, "w2017_19_share": 0.0, "w2017_19_mix": "No students", "w2020_23_student": 0, "w2020_23_share": 0.0, "w2020_23_mix": "No students", "w2024_26_student": 1, "w2024_26_share": 0.333, "w2024_26_mix": "Mostly professional", "y2017": 0, "y2017_individual": 0, "y2017_student": 0, "y2017_company": 0, "y2018": 1, "y2018_individual": 1, "y2018_student": 0, "y2018_company": 0, "y2019": 1, "y2019_individual": 1, "y2019_student": 0, "y2019_company": 0, "y2020": 1, "y2020_individual": 1, "y2020_student": 0, "y2020_company": 0, "y2021": 1, "y2021_individual": 1, "y2021_student": 0, "y2021_company": 0, "y2022": 0, "y2022_individual": 0, "y2022_student": 0, "y2022_company": 0, "y2023": 0, "y2023_individual": 0, "y2023_student": 0, "y2023_company": 0, "y2024": 0, "y2024_individual": 0, "y2024_student": 0, "y2024_company": 0, "y2025": 0, "y2025_individual": 0, "y2025_student": 0, "y2025_company": 0, "y2026": 3, "y2026_individual": 2, "y2026_student": 1, "y2026_company": 0, "total": 7, "student_share": 0.143, "recent_share": 0.429, "first_year": 2018, "last_year": 2026, "n_2026": 3, "reassigned_n": 0, "dominant_type": "Individual", "mix": "Mostly professional", "place": "San Francisco", "in_main": true }, "geometry": { "type": "Point", "coordinates": [ -122.42205, 37.79462 ] } },
{ "type": "Feature", "properties": { "zcta": "92084", "individual": 0, "student": 1, "company": 0, "w2017_19": 0, "w2020_23": 0, "w2024_26": 1, "w2017_19_student": 0, "w2017_19_share": null, "w2017_19_mix": null, "w2020_23_student": 0, "w2020_23_share": null, "w2020_23_mix": null, "w2024_26_student": 1, "w2024_26_share": 1.0, "w2024_26_mix": "Mostly students", "y2017": 0, "y2017_individual": 0, "y2017_student": 0, "y2017_company": 0, "y2018": 0, "y2018_individual": 0, "y2018_student": 0, "y2018_company": 0, "y2019": 0, "y2019_individual": 0, "y2019_student": 0, "y2019_company": 0, "y2020": 0, "y2020_individual": 0, "y2020_student": 0, "y2020_company": 0, "y2021": 0, "y2021_individual": 0, "y2021_student": 0, "y2021_company": 0, "y2022": 0, "y2022_individual": 0, "y2022_student": 0, "y2022_company": 0, "y2023": 0, "y2023_individual": 0, "y2023_student": 0, "y2023_company": 0, "y2024": 0, "y2024_individual": 0, "y2024_student": 0, "y2024_company": 0, "y2025": 0, "y2025_individual": 0, "y2025_student": 0, "y2025_company": 0, "y2026": 1, "y2026_individual": 0, "y2026_student": 1, "y2026_company": 0, "total": 1, "student_share": 1.0, "recent_share": 1.0, "first_year": 2026, "last_year": 2026, "n_2026": 1, "reassigned_n": 0, "dominant_type": "Student", "mix": "Mostly students", "place": "Vista", "in_main": false }, "geometry": { "type": "Point", "coordinates": [ -117.21044, 33.21746 ] } },
{ "type": "Feature", "properties": { "zcta": "94041", "individual": 2, "student": 1, "company": 0, "w2017_19": 0, "w2020_23": 1, "w2024_26": 2, "w2017_19_student": 0, "w2017_19_share": null, "w2017_19_mix": null, "w2020_23_student": 0, "w2020_23_share": 0.0, "w2020_23_mix": "No students", "w2024_26_student": 1, "w2024_26_share": 0.5, "w2024_26_mix": "Mixed", "y2017": 0, "y2017_individual": 0, "y2017_student": 0, "y2017_company": 0, "y2018": 0, "y2018_individual": 0, "y2018_student": 0, "y2018_company": 0, "y2019": 0, "y2019_individual": 0, "y2019_student": 0, "y2019_company": 0, "y2020": 0, "y2020_individual": 0, "y2020_student": 0, "y2020_company": 0, "y2021": 0, "y2021_individual": 0, "y2021_student": 0, "y2021_company": 0, "y2022": 0, "y2022_individual": 0, "y2022_student": 0, "y2022_company": 0, "y2023": 1, "y2023_individual": 1, "y2023_student": 0, "y2023_company": 0, "y2024": 1, "y2024_individual": 1, "y2024_student": 0, "y2024_company": 0, "y2025": 0, "y2025_individual": 0, "y2025_student": 0, "y2025_company": 0, "y2026": 1, "y2026_individual": 0, "y2026_student": 1, "y2026_company": 0, "total": 3, "student_share": 0.333, "recent_share": 0.667, "first_year": 2023, "last_year": 2026, "n_2026": 1, "reassigned_n": 2, "dominant_type": "Individual", "mix": "Mostly professional", "place": "Mountain View", "in_main": true }, "geometry": { "type": "Point", "coordinates": [ -122.07532, 37.38843 ] } },
{ "type": "Feature", "properties": { "zcta": "94117", "individual": 9, "student": 0, "company": 2, "w2017_19": 5, "w2020_23": 4, "w2024_26": 2, "w2017_19_student": 0, "w2017_19_share": 0.0, "w2017_19_mix": "No students", "w2020_23_student": 0, "w2020_23_share": 0.0, "w2020_23_mix": "No students", "w2024_26_student": 0, "w2024_26_share": 0.0, "w2024_26_mix": "No students", "y2017": 1, "y2017_individual": 1, "y2017_student": 0, "y2017_company": 0, "y2018": 4, "y2018_individual": 3, "y2018_student": 0, "y2018_company": 1, "y2019": 0, "y2019_individual": 0, "y2019_student": 0, "y2019_company": 0, "y2020": 2, "y2020_individual": 2, "y2020_student": 0, "y2020_company": 0, "y2021": 1, "y2021_individual": 0, "y2021_student": 0, "y2021_company": 1, "y2022": 0, "y2022_individual": 0, "y2022_student": 0, "y2022_company": 0, "y2023": 1, "y2023_individual": 1, "y2023_student": 0, "y2023_company": 0, "y2024": 1, "y2024_individual": 1, "y2024_student": 0, "y2024_company": 0, "y2025": 1, "y2025_individual": 1, "y2025_student": 0, "y2025_company": 0, "y2026": 0, "y2026_individual": 0, "y2026_student": 0, "y2026_company": 0, "total": 11, "student_share": 0.0, "recent_share": 0.182, "first_year": 2017, "last_year": 2025, "n_2026": 0, "reassigned_n": 0, "dominant_type": "Individual", "mix": "No students", "place": "San Francisco", "in_main": true }, "geometry": { "type": "Point", "coordinates": [ -122.44537, 37.76875 ] } },
{ "type": "Feature", "properties": { "zcta": "94591", "individual": 1, "student": 0, "company": 0, "w2017_19": 0, "w2020_23": 0, "w2024_26": 1, "w2017_19_student": 0, "w2017_19_share": null, "w2017_19_mix": null, "w2020_23_student": 0, "w2020_23_share": null, "w2020_23_mix": null, "w2024_26_student": 0, "w2024_26_share": 0.0, "w2024_26_mix": "No students", "y2017": 0, "y2017_individual": 0, "y2017_student": 0, "y2017_company": 0, "y2018": 0, "y2018_individual": 0, "y2018_student": 0, "y2018_company": 0, "y2019": 0, "y2019_individual": 0, "y2019_student": 0, "y2019_company": 0, "y2020": 0, "y2020_individual": 0, "y2020_student": 0, "y2020_company": 0, "y2021": 0, "y2021_individual": 0, "y2021_student": 0, "y2021_company": 0, "y2022": 0, "y2022_individual": 0, "y2022_student": 0, "y2022_company": 0, "y2023": 0, "y2023_individual": 0, "y2023_student": 0, "y2023_company": 0, "y2024": 0, "y2024_individual": 0, "y2024_student": 0, "y2024_company": 0, "y2025": 1, "y2025_individual": 1, "y2025_student": 0, "y2025_company": 0, "y2026": 0, "y2026_individual": 0, "y2026_student": 0, "y2026_company": 0, "total": 1, "student_share": 0.0, "recent_share": 1.0, "first_year": 2025, "last_year": 2025, "n_2026": 0, "reassigned_n": 0, "dominant_type": "Individual", "mix": "No students", "place": "Vallejo", "in_main": true }, "geometry": { "type": "Point", "coordinates": [ -122.20374, 38.12533 ] } },
{ "type": "Feature", "properties": { "zcta": "94401", "individual": 1, "student": 0, "company": 0, "w2017_19": 0, "w2020_23": 0, "w2024_26": 1, "w2017_19_student": 0, "w2017_19_share": null, "w2017_19_mix": null, "w2020_23_student": 0, "w2020_23_share": null, "w2020_23_mix": null, "w2024_26_student": 0, "w2024_26_share": 0.0, "w2024_26_mix": "No students", "y2017": 0, "y2017_individual": 0, "y2017_student": 0, "y2017_company": 0, "y2018": 0, "y2018_individual": 0, "y2018_student": 0, "y2018_company": 0, "y2019": 0, "y2019_individual": 0, "y2019_student": 0, "y2019_company": 0, "y2020": 0, "y2020_individual": 0, "y2020_student": 0, "y2020_company": 0, "y2021": 0, "y2021_individual": 0, "y2021_student": 0, "y2021_company": 0, "y2022": 0, "y2022_individual": 0, "y2022_student": 0, "y2022_company": 0, "y2023": 0, "y2023_individual": 0, "y2023_student": 0, "y2023_company": 0, "y2024": 1, "y2024_individual": 1, "y2024_student": 0, "y2024_company": 0, "y2025": 0, "y2025_individual": 0, "y2025_student": 0, "y2025_company": 0, "y2026": 0, "y2026_individual": 0, "y2026_student": 0, "y2026_company": 0, "total": 1, "student_share": 0.0, "recent_share": 1.0, "first_year": 2024, "last_year": 2024, "n_2026": 0, "reassigned_n": 0, "dominant_type": "Individual", "mix": "No students", "place": "San Mateo", "in_main": true }, "geometry": { "type": "Point", "coordinates": [ -122.3203, 37.57336 ] } },
{ "type": "Feature", "properties": { "zcta": "92373", "individual": 0, "student": 0, "company": 1, "w2017_19": 0, "w2020_23": 0, "w2024_26": 1, "w2017_19_student": 0, "w2017_19_share": null, "w2017_19_mix": null, "w2020_23_student": 0, "w2020_23_share": null, "w2020_23_mix": null, "w2024_26_student": 0, "w2024_26_share": 0.0, "w2024_26_mix": "No students", "y2017": 0, "y2017_individual": 0, "y2017_student": 0, "y2017_company": 0, "y2018": 0, "y2018_individual": 0, "y2018_student": 0, "y2018_company": 0, "y2019": 0, "y2019_individual": 0, "y2019_student": 0, "y2019_company": 0, "y2020": 0, "y2020_individual": 0, "y2020_student": 0, "y2020_company": 0, "y2021": 0, "y2021_individual": 0, "y2021_student": 0, "y2021_company": 0, "y2022": 0, "y2022_individual": 0, "y2022_student": 0, "y2022_company": 0, "y2023": 0, "y2023_individual": 0, "y2023_student": 0, "y2023_company": 0, "y2024": 0, "y2024_individual": 0, "y2024_student": 0, "y2024_company": 0, "y2025": 1, "y2025_individual": 0, "y2025_student": 0, "y2025_company": 1, "y2026": 0, "y2026_individual": 0, "y2026_student": 0, "y2026_company": 0, "total": 1, "student_share": 0.0, "recent_share": 1.0, "first_year": 2025, "last_year": 2025, "n_2026": 0, "reassigned_n": 0, "dominant_type": "Company", "mix": "No students", "place": "Redlands", "in_main": false }, "geometry": { "type": "Point", "coordinates": [ -117.16904, 34.00439 ] } },
{ "type": "Feature", "properties": { "zcta": "95691", "individual": 1, "student": 0, "company": 0, "w2017_19": 0, "w2020_23": 1, "w2024_26": 0, "w2017_19_student": 0, "w2017_19_share": null, "w2017_19_mix": null, "w2020_23_student": 0, "w2020_23_share": 0.0, "w2020_23_mix": "No students", "w2024_26_student": 0, "w2024_26_share": null, "w2024_26_mix": null, "y2017": 0, "y2017_individual": 0, "y2017_student": 0, "y2017_company": 0, "y2018": 0, "y2018_individual": 0, "y2018_student": 0, "y2018_company": 0, "y2019": 0, "y2019_individual": 0, "y2019_student": 0, "y2019_company": 0, "y2020": 1, "y2020_individual": 1, "y2020_student": 0, "y2020_company": 0, "y2021": 0, "y2021_individual": 0, "y2021_student": 0, "y2021_company": 0, "y2022": 0, "y2022_individual": 0, "y2022_student": 0, "y2022_company": 0, "y2023": 0, "y2023_individual": 0, "y2023_student": 0, "y2023_company": 0, "y2024": 0, "y2024_individual": 0, "y2024_student": 0, "y2024_company": 0, "y2025": 0, "y2025_individual": 0, "y2025_student": 0, "y2025_company": 0, "y2026": 0, "y2026_individual": 0, "y2026_student": 0, "y2026_company": 0, "total": 1, "student_share": 0.0, "recent_share": 0.0, "first_year": 2020, "last_year": 2020, "n_2026": 0, "reassigned_n": 0, "dominant_type": "Individual", "mix": "No students", "place": "West Sacramento", "in_main": false }, "geometry": { "type": "Point", "coordinates": [ -121.60748, 38.64361 ] } },
{ "type": "Feature", "properties": { "zcta": "94621", "individual": 2, "student": 0, "company": 0, "w2017_19": 0, "w2020_23": 0, "w2024_26": 2, "w2017_19_student": 0, "w2017_19_share": null, "w2017_19_mix": null, "w2020_23_student": 0, "w2020_23_share": null, "w2020_23_mix": null, "w2024_26_student": 0, "w2024_26_share": 0.0, "w2024_26_mix": "No students", "y2017": 0, "y2017_individual": 0, "y2017_student": 0, "y2017_company": 0, "y2018": 0, "y2018_individual": 0, "y2018_student": 0, "y2018_company": 0, "y2019": 0, "y2019_individual": 0, "y2019_student": 0, "y2019_company": 0, "y2020": 0, "y2020_individual": 0, "y2020_student": 0, "y2020_company": 0, "y2021": 0, "y2021_individual": 0, "y2021_student": 0, "y2021_company": 0, "y2022": 0, "y2022_individual": 0, "y2022_student": 0, "y2022_company": 0, "y2023": 0, "y2023_individual": 0, "y2023_student": 0, "y2023_company": 0, "y2024": 2, "y2024_individual": 2, "y2024_student": 0, "y2024_company": 0, "y2025": 0, "y2025_individual": 0, "y2025_student": 0, "y2025_company": 0, "y2026": 0, "y2026_individual": 0, "y2026_student": 0, "y2026_company": 0, "total": 2, "student_share": 0.0, "recent_share": 1.0, "first_year": 2024, "last_year": 2024, "n_2026": 0, "reassigned_n": 0, "dominant_type": "Individual", "mix": "No students", "place": "Oakland", "in_main": true }, "geometry": { "type": "Point", "coordinates": [ -122.21041, 37.73511 ] } },
{ "type": "Feature", "properties": { "zcta": "95377", "individual": 1, "student": 0, "company": 0, "w2017_19": 0, "w2020_23": 0, "w2024_26": 1, "w2017_19_student": 0, "w2017_19_share": null, "w2017_19_mix": null, "w2020_23_student": 0, "w2020_23_share": null, "w2020_23_mix": null, "w2024_26_student": 0, "w2024_26_share": 0.0, "w2024_26_mix": "No students", "y2017": 0, "y2017_individual": 0, "y2017_student": 0, "y2017_company": 0, "y2018": 0, "y2018_individual": 0, "y2018_student": 0, "y2018_company": 0, "y2019": 0, "y2019_individual": 0, "y2019_student": 0, "y2019_company": 0, "y2020": 0, "y2020_individual": 0, "y2020_student": 0, "y2020_company": 0, "y2021": 0, "y2021_individual": 0, "y2021_student": 0, "y2021_company": 0, "y2022": 0, "y2022_individual": 0, "y2022_student": 0, "y2022_company": 0, "y2023": 0, "y2023_individual": 0, "y2023_student": 0, "y2023_company": 0, "y2024": 1, "y2024_individual": 1, "y2024_student": 0, "y2024_company": 0, "y2025": 0, "y2025_individual": 0, "y2025_student": 0, "y2025_company": 0, "y2026": 0, "y2026_individual": 0, "y2026_student": 0, "y2026_company": 0, "total": 1, "student_share": 0.0, "recent_share": 1.0, "first_year": 2024, "last_year": 2024, "n_2026": 0, "reassigned_n": 0, "dominant_type": "Individual", "mix": "No students", "place": "Tracy", "in_main": true }, "geometry": { "type": "Point", "coordinates": [ -121.49195, 37.65486 ] } },
{ "type": "Feature", "properties": { "zcta": "95765", "individual": 1, "student": 0, "company": 0, "w2017_19": 1, "w2020_23": 0, "w2024_26": 0, "w2017_19_student": 0, "w2017_19_share": 0.0, "w2017_19_mix": "No students", "w2020_23_student": 0, "w2020_23_share": null, "w2020_23_mix": null, "w2024_26_student": 0, "w2024_26_share": null, "w2024_26_mix": null, "y2017": 0, "y2017_individual": 0, "y2017_student": 0, "y2017_company": 0, "y2018": 0, "y2018_individual": 0, "y2018_student": 0, "y2018_company": 0, "y2019": 1, "y2019_individual": 1, "y2019_student": 0, "y2019_company": 0, "y2020": 0, "y2020_individual": 0, "y2020_student": 0, "y2020_company": 0, "y2021": 0, "y2021_individual": 0, "y2021_student": 0, "y2021_company": 0, "y2022": 0, "y2022_individual": 0, "y2022_student": 0, "y2022_company": 0, "y2023": 0, "y2023_individual": 0, "y2023_student": 0, "y2023_company": 0, "y2024": 0, "y2024_individual": 0, "y2024_student": 0, "y2024_company": 0, "y2025": 0, "y2025_individual": 0, "y2025_student": 0, "y2025_company": 0, "y2026": 0, "y2026_individual": 0, "y2026_student": 0, "y2026_company": 0, "total": 1, "student_share": 0.0, "recent_share": 0.0, "first_year": 2019, "last_year": 2019, "n_2026": 0, "reassigned_n": 0, "dominant_type": "Individual", "mix": "No students", "place": "Rocklin", "in_main": false }, "geometry": { "type": "Point", "coordinates": [ -121.28698, 38.81903 ] } },
{ "type": "Feature", "properties": { "zcta": "95148", "individual": 1, "student": 0, "company": 0, "w2017_19": 0, "w2020_23": 1, "w2024_26": 0, "w2017_19_student": 0, "w2017_19_share": null, "w2017_19_mix": null, "w2020_23_student": 0, "w2020_23_share": 0.0, "w2020_23_mix": "No students", "w2024_26_student": 0, "w2024_26_share": null, "w2024_26_mix": null, "y2017": 0, "y2017_individual": 0, "y2017_student": 0, "y2017_company": 0, "y2018": 0, "y2018_individual": 0, "y2018_student": 0, "y2018_company": 0, "y2019": 0, "y2019_individual": 0, "y2019_student": 0, "y2019_company": 0, "y2020": 0, "y2020_individual": 0, "y2020_student": 0, "y2020_company": 0, "y2021": 1, "y2021_individual": 1, "y2021_student": 0, "y2021_company": 0, "y2022": 0, "y2022_individual": 0, "y2022_student": 0, "y2022_company": 0, "y2023": 0, "y2023_individual": 0, "y2023_student": 0, "y2023_company": 0, "y2024": 0, "y2024_individual": 0, "y2024_student": 0, "y2024_company": 0, "y2025": 0, "y2025_individual": 0, "y2025_student": 0, "y2025_company": 0, "y2026": 0, "y2026_individual": 0, "y2026_student": 0, "y2026_company": 0, "total": 1, "student_share": 0.0, "recent_share": 0.0, "first_year": 2021, "last_year": 2021, "n_2026": 0, "reassigned_n": 0, "dominant_type": "Individual", "mix": "No students", "place": "San Jose", "in_main": true }, "geometry": { "type": "Point", "coordinates": [ -121.77817, 37.33223 ] } },
{ "type": "Feature", "properties": { "zcta": "95112", "individual": 11, "student": 0, "company": 2, "w2017_19": 3, "w2020_23": 3, "w2024_26": 7, "w2017_19_student": 0, "w2017_19_share": 0.0, "w2017_19_mix": "No students", "w2020_23_student": 0, "w2020_23_share": 0.0, "w2020_23_mix": "No students", "w2024_26_student": 0, "w2024_26_share": 0.0, "w2024_26_mix": "No students", "y2017": 0, "y2017_individual": 0, "y2017_student": 0, "y2017_company": 0, "y2018": 3, "y2018_individual": 2, "y2018_student": 0, "y2018_company": 1, "y2019": 0, "y2019_individual": 0, "y2019_student": 0, "y2019_company": 0, "y2020": 0, "y2020_individual": 0, "y2020_student": 0, "y2020_company": 0, "y2021": 2, "y2021_individual": 2, "y2021_student": 0, "y2021_company": 0, "y2022": 1, "y2022_individual": 1, "y2022_student": 0, "y2022_company": 0, "y2023": 0, "y2023_individual": 0, "y2023_student": 0, "y2023_company": 0, "y2024": 0, "y2024_individual": 0, "y2024_student": 0, "y2024_company": 0, "y2025": 0, "y2025_individual": 0, "y2025_student": 0, "y2025_company": 0, "y2026": 7, "y2026_individual": 6, "y2026_student": 0, "y2026_company": 1, "total": 13, "student_share": 0.0, "recent_share": 0.538, "first_year": 2018, "last_year": 2026, "n_2026": 7, "reassigned_n": 3, "dominant_type": "Individual", "mix": "No students", "place": "San Jose", "in_main": true }, "geometry": { "type": "Point", "coordinates": [ -121.88475, 37.34344 ] } },
{ "type": "Feature", "properties": { "zcta": "95687", "individual": 1, "student": 1, "company": 0, "w2017_19": 0, "w2020_23": 2, "w2024_26": 0, "w2017_19_student": 0, "w2017_19_share": null, "w2017_19_mix": null, "w2020_23_student": 1, "w2020_23_share": 0.5, "w2020_23_mix": "Mixed", "w2024_26_student": 0, "w2024_26_share": null, "w2024_26_mix": null, "y2017": 0, "y2017_individual": 0, "y2017_student": 0, "y2017_company": 0, "y2018": 0, "y2018_individual": 0, "y2018_student": 0, "y2018_company": 0, "y2019": 0, "y2019_individual": 0, "y2019_student": 0, "y2019_company": 0, "y2020": 1, "y2020_individual": 0, "y2020_student": 1, "y2020_company": 0, "y2021": 0, "y2021_individual": 0, "y2021_student": 0, "y2021_company": 0, "y2022": 1, "y2022_individual": 1, "y2022_student": 0, "y2022_company": 0, "y2023": 0, "y2023_individual": 0, "y2023_student": 0, "y2023_company": 0, "y2024": 0, "y2024_individual": 0, "y2024_student": 0, "y2024_company": 0, "y2025": 0, "y2025_individual": 0, "y2025_student": 0, "y2025_company": 0, "y2026": 0, "y2026_individual": 0, "y2026_student": 0, "y2026_company": 0, "total": 2, "student_share": 0.5, "recent_share": 0.0, "first_year": 2020, "last_year": 2022, "n_2026": 0, "reassigned_n": 0, "dominant_type": "Individual", "mix": "Mixed", "place": "Vacaville", "in_main": true }, "geometry": { "type": "Point", "coordinates": [ -121.93627, 38.34037 ] } },
{ "type": "Feature", "properties": { "zcta": "91001", "individual": 0, "student": 1, "company": 0, "w2017_19": 0, "w2020_23": 0, "w2024_26": 1, "w2017_19_student": 0, "w2017_19_share": null, "w2017_19_mix": null, "w2020_23_student": 0, "w2020_23_share": null, "w2020_23_mix": null, "w2024_26_student": 1, "w2024_26_share": 1.0, "w2024_26_mix": "Mostly students", "y2017": 0, "y2017_individual": 0, "y2017_student": 0, "y2017_company": 0, "y2018": 0, "y2018_individual": 0, "y2018_student": 0, "y2018_company": 0, "y2019": 0, "y2019_individual": 0, "y2019_student": 0, "y2019_company": 0, "y2020": 0, "y2020_individual": 0, "y2020_student": 0, "y2020_company": 0, "y2021": 0, "y2021_individual": 0, "y2021_student": 0, "y2021_company": 0, "y2022": 0, "y2022_individual": 0, "y2022_student": 0, "y2022_company": 0, "y2023": 0, "y2023_individual": 0, "y2023_student": 0, "y2023_company": 0, "y2024": 0, "y2024_individual": 0, "y2024_student": 0, "y2024_company": 0, "y2025": 0, "y2025_individual": 0, "y2025_student": 0, "y2025_company": 0, "y2026": 1, "y2026_individual": 0, "y2026_student": 1, "y2026_company": 0, "total": 1, "student_share": 1.0, "recent_share": 1.0, "first_year": 2026, "last_year": 2026, "n_2026": 1, "reassigned_n": 0, "dominant_type": "Student", "mix": "Mostly students", "place": "Altadena", "in_main": false }, "geometry": { "type": "Point", "coordinates": [ -118.13874, 34.19884 ] } },
{ "type": "Feature", "properties": { "zcta": "94608", "individual": 5, "student": 3, "company": 0, "w2017_19": 1, "w2020_23": 4, "w2024_26": 3, "w2017_19_student": 1, "w2017_19_share": 1.0, "w2017_19_mix": "Mostly students", "w2020_23_student": 2, "w2020_23_share": 0.5, "w2020_23_mix": "Mixed", "w2024_26_student": 0, "w2024_26_share": 0.0, "w2024_26_mix": "No students", "y2017": 0, "y2017_individual": 0, "y2017_student": 0, "y2017_company": 0, "y2018": 0, "y2018_individual": 0, "y2018_student": 0, "y2018_company": 0, "y2019": 1, "y2019_individual": 0, "y2019_student": 1, "y2019_company": 0, "y2020": 1, "y2020_individual": 0, "y2020_student": 1, "y2020_company": 0, "y2021": 2, "y2021_individual": 2, "y2021_student": 0, "y2021_company": 0, "y2022": 1, "y2022_individual": 0, "y2022_student": 1, "y2022_company": 0, "y2023": 0, "y2023_individual": 0, "y2023_student": 0, "y2023_company": 0, "y2024": 0, "y2024_individual": 0, "y2024_student": 0, "y2024_company": 0, "y2025": 1, "y2025_individual": 1, "y2025_student": 0, "y2025_company": 0, "y2026": 2, "y2026_individual": 2, "y2026_student": 0, "y2026_company": 0, "total": 8, "student_share": 0.375, "recent_share": 0.375, "first_year": 2019, "last_year": 2026, "n_2026": 2, "reassigned_n": 0, "dominant_type": "Individual", "mix": "Mixed", "place": "Emeryville", "in_main": true }, "geometry": { "type": "Point", "coordinates": [ -122.28369, 37.83436 ] } },
{ "type": "Feature", "properties": { "zcta": "92507", "individual": 0, "student": 0, "company": 1, "w2017_19": 1, "w2020_23": 0, "w2024_26": 0, "w2017_19_student": 0, "w2017_19_share": 0.0, "w2017_19_mix": "No students", "w2020_23_student": 0, "w2020_23_share": null, "w2020_23_mix": null, "w2024_26_student": 0, "w2024_26_share": null, "w2024_26_mix": null, "y2017": 0, "y2017_individual": 0, "y2017_student": 0, "y2017_company": 0, "y2018": 0, "y2018_individual": 0, "y2018_student": 0, "y2018_company": 0, "y2019": 1, "y2019_individual": 0, "y2019_student": 0, "y2019_company": 1, "y2020": 0, "y2020_individual": 0, "y2020_student": 0, "y2020_company": 0, "y2021": 0, "y2021_individual": 0, "y2021_student": 0, "y2021_company": 0, "y2022": 0, "y2022_individual": 0, "y2022_student": 0, "y2022_company": 0, "y2023": 0, "y2023_individual": 0, "y2023_student": 0, "y2023_company": 0, "y2024": 0, "y2024_individual": 0, "y2024_student": 0, "y2024_company": 0, "y2025": 0, "y2025_individual": 0, "y2025_student": 0, "y2025_company": 0, "y2026": 0, "y2026_individual": 0, "y2026_student": 0, "y2026_company": 0, "total": 1, "student_share": 0.0, "recent_share": 0.0, "first_year": 2019, "last_year": 2019, "n_2026": 0, "reassigned_n": 0, "dominant_type": "Company", "mix": "No students", "place": "Riverside", "in_main": false }, "geometry": { "type": "Point", "coordinates": [ -117.35451, 33.97148 ] } },
{ "type": "Feature", "properties": { "zcta": "95310", "individual": 1, "student": 0, "company": 0, "w2017_19": 0, "w2020_23": 1, "w2024_26": 0, "w2017_19_student": 0, "w2017_19_share": null, "w2017_19_mix": null, "w2020_23_student": 0, "w2020_23_share": 0.0, "w2020_23_mix": "No students", "w2024_26_student": 0, "w2024_26_share": null, "w2024_26_mix": null, "y2017": 0, "y2017_individual": 0, "y2017_student": 0, "y2017_company": 0, "y2018": 0, "y2018_individual": 0, "y2018_student": 0, "y2018_company": 0, "y2019": 0, "y2019_individual": 0, "y2019_student": 0, "y2019_company": 0, "y2020": 0, "y2020_individual": 0, "y2020_student": 0, "y2020_company": 0, "y2021": 0, "y2021_individual": 0, "y2021_student": 0, "y2021_company": 0, "y2022": 1, "y2022_individual": 1, "y2022_student": 0, "y2022_company": 0, "y2023": 0, "y2023_individual": 0, "y2023_student": 0, "y2023_company": 0, "y2024": 0, "y2024_individual": 0, "y2024_student": 0, "y2024_company": 0, "y2025": 0, "y2025_individual": 0, "y2025_student": 0, "y2025_company": 0, "y2026": 0, "y2026_individual": 0, "y2026_student": 0, "y2026_company": 0, "total": 1, "student_share": 0.0, "recent_share": 0.0, "first_year": 2022, "last_year": 2022, "n_2026": 0, "reassigned_n": 0, "dominant_type": "Individual", "mix": "No students", "place": "Columbia", "in_main": false }, "geometry": { "type": "Point", "coordinates": [ -120.35622, 38.11177 ] } },
{ "type": "Feature", "properties": { "zcta": "94043", "individual": 3, "student": 0, "company": 0, "w2017_19": 1, "w2020_23": 0, "w2024_26": 2, "w2017_19_student": 0, "w2017_19_share": 0.0, "w2017_19_mix": "No students", "w2020_23_student": 0, "w2020_23_share": null, "w2020_23_mix": null, "w2024_26_student": 0, "w2024_26_share": 0.0, "w2024_26_mix": "No students", "y2017": 0, "y2017_individual": 0, "y2017_student": 0, "y2017_company": 0, "y2018": 1, "y2018_individual": 1, "y2018_student": 0, "y2018_company": 0, "y2019": 0, "y2019_individual": 0, "y2019_student": 0, "y2019_company": 0, "y2020": 0, "y2020_individual": 0, "y2020_student": 0, "y2020_company": 0, "y2021": 0, "y2021_individual": 0, "y2021_student": 0, "y2021_company": 0, "y2022": 0, "y2022_individual": 0, "y2022_student": 0, "y2022_company": 0, "y2023": 0, "y2023_individual": 0, "y2023_student": 0, "y2023_company": 0, "y2024": 0, "y2024_individual": 0, "y2024_student": 0, "y2024_company": 0, "y2025": 2, "y2025_individual": 2, "y2025_student": 0, "y2025_company": 0, "y2026": 0, "y2026_individual": 0, "y2026_student": 0, "y2026_company": 0, "total": 3, "student_share": 0.0, "recent_share": 0.667, "first_year": 2018, "last_year": 2025, "n_2026": 0, "reassigned_n": 1, "dominant_type": "Individual", "mix": "No students", "place": "Mountain View", "in_main": true }, "geometry": { "type": "Point", "coordinates": [ -122.07116, 37.41114 ] } },
{ "type": "Feature", "properties": { "zcta": "94568", "individual": 1, "student": 0, "company": 0, "w2017_19": 1, "w2020_23": 0, "w2024_26": 0, "w2017_19_student": 0, "w2017_19_share": 0.0, "w2017_19_mix": "No students", "w2020_23_student": 0, "w2020_23_share": null, "w2020_23_mix": null, "w2024_26_student": 0, "w2024_26_share": null, "w2024_26_mix": null, "y2017": 0, "y2017_individual": 0, "y2017_student": 0, "y2017_company": 0, "y2018": 0, "y2018_individual": 0, "y2018_student": 0, "y2018_company": 0, "y2019": 1, "y2019_individual": 1, "y2019_student": 0, "y2019_company": 0, "y2020": 0, "y2020_individual": 0, "y2020_student": 0, "y2020_company": 0, "y2021": 0, "y2021_individual": 0, "y2021_student": 0, "y2021_company": 0, "y2022": 0, "y2022_individual": 0, "y2022_student": 0, "y2022_company": 0, "y2023": 0, "y2023_individual": 0, "y2023_student": 0, "y2023_company": 0, "y2024": 0, "y2024_individual": 0, "y2024_student": 0, "y2024_company": 0, "y2025": 0, "y2025_individual": 0, "y2025_student": 0, "y2025_company": 0, "y2026": 0, "y2026_individual": 0, "y2026_student": 0, "y2026_company": 0, "total": 1, "student_share": 0.0, "recent_share": 0.0, "first_year": 2019, "last_year": 2019, "n_2026": 0, "reassigned_n": 0, "dominant_type": "Individual", "mix": "No students", "place": "Dublin", "in_main": true }, "geometry": { "type": "Point", "coordinates": [ -121.89028, 37.72092 ] } },
{ "type": "Feature", "properties": { "zcta": "94086", "individual": 2, "student": 1, "company": 0, "w2017_19": 1, "w2020_23": 2, "w2024_26": 0, "w2017_19_student": 0, "w2017_19_share": 0.0, "w2017_19_mix": "No students", "w2020_23_student": 1, "w2020_23_share": 0.5, "w2020_23_mix": "Mixed", "w2024_26_student": 0, "w2024_26_share": null, "w2024_26_mix": null, "y2017": 0, "y2017_individual": 0, "y2017_student": 0, "y2017_company": 0, "y2018": 0, "y2018_individual": 0, "y2018_student": 0, "y2018_company": 0, "y2019": 1, "y2019_individual": 1, "y2019_student": 0, "y2019_company": 0, "y2020": 1, "y2020_individual": 1, "y2020_student": 0, "y2020_company": 0, "y2021": 0, "y2021_individual": 0, "y2021_student": 0, "y2021_company": 0, "y2022": 1, "y2022_individual": 0, "y2022_student": 1, "y2022_company": 0, "y2023": 0, "y2023_individual": 0, "y2023_student": 0, "y2023_company": 0, "y2024": 0, "y2024_individual": 0, "y2024_student": 0, "y2024_company": 0, "y2025": 0, "y2025_individual": 0, "y2025_student": 0, "y2025_company": 0, "y2026": 0, "y2026_individual": 0, "y2026_student": 0, "y2026_company": 0, "total": 3, "student_share": 0.333, "recent_share": 0.0, "first_year": 2019, "last_year": 2022, "n_2026": 0, "reassigned_n": 0, "dominant_type": "Individual", "mix": "Mostly professional", "place": "Sunnyvale", "in_main": true }, "geometry": { "type": "Point", "coordinates": [ -122.0173, 37.36933 ] } },
{ "type": "Feature", "properties": { "zcta": "94111", "individual": 4, "student": 0, "company": 1, "w2017_19": 4, "w2020_23": 1, "w2024_26": 0, "w2017_19_student": 0, "w2017_19_share": 0.0, "w2017_19_mix": "No students", "w2020_23_student": 0, "w2020_23_share": 0.0, "w2020_23_mix": "No students", "w2024_26_student": 0, "w2024_26_share": null, "w2024_26_mix": null, "y2017": 0, "y2017_individual": 0, "y2017_student": 0, "y2017_company": 0, "y2018": 4, "y2018_individual": 3, "y2018_student": 0, "y2018_company": 1, "y2019": 0, "y2019_individual": 0, "y2019_student": 0, "y2019_company": 0, "y2020": 0, "y2020_individual": 0, "y2020_student": 0, "y2020_company": 0, "y2021": 0, "y2021_individual": 0, "y2021_student": 0, "y2021_company": 0, "y2022": 0, "y2022_individual": 0, "y2022_student": 0, "y2022_company": 0, "y2023": 1, "y2023_individual": 1, "y2023_student": 0, "y2023_company": 0, "y2024": 0, "y2024_individual": 0, "y2024_student": 0, "y2024_company": 0, "y2025": 0, "y2025_individual": 0, "y2025_student": 0, "y2025_company": 0, "y2026": 0, "y2026_individual": 0, "y2026_student": 0, "y2026_company": 0, "total": 5, "student_share": 0.0, "recent_share": 0.0, "first_year": 2018, "last_year": 2023, "n_2026": 0, "reassigned_n": 0, "dominant_type": "Individual", "mix": "No students", "place": "San Francisco", "in_main": true }, "geometry": { "type": "Point", "coordinates": [ -122.3993, 37.79843 ] } },
{ "type": "Feature", "properties": { "zcta": "94521", "individual": 1, "student": 0, "company": 0, "w2017_19": 1, "w2020_23": 0, "w2024_26": 0, "w2017_19_student": 0, "w2017_19_share": 0.0, "w2017_19_mix": "No students", "w2020_23_student": 0, "w2020_23_share": null, "w2020_23_mix": null, "w2024_26_student": 0, "w2024_26_share": null, "w2024_26_mix": null, "y2017": 0, "y2017_individual": 0, "y2017_student": 0, "y2017_company": 0, "y2018": 0, "y2018_individual": 0, "y2018_student": 0, "y2018_company": 0, "y2019": 1, "y2019_individual": 1, "y2019_student": 0, "y2019_company": 0, "y2020": 0, "y2020_individual": 0, "y2020_student": 0, "y2020_company": 0, "y2021": 0, "y2021_individual": 0, "y2021_student": 0, "y2021_company": 0, "y2022": 0, "y2022_individual": 0, "y2022_student": 0, "y2022_company": 0, "y2023": 0, "y2023_individual": 0, "y2023_student": 0, "y2023_company": 0, "y2024": 0, "y2024_individual": 0, "y2024_student": 0, "y2024_company": 0, "y2025": 0, "y2025_individual": 0, "y2025_student": 0, "y2025_company": 0, "y2026": 0, "y2026_individual": 0, "y2026_student": 0, "y2026_company": 0, "total": 1, "student_share": 0.0, "recent_share": 0.0, "first_year": 2019, "last_year": 2019, "n_2026": 0, "reassigned_n": 0, "dominant_type": "Individual", "mix": "No students", "place": "Concord", "in_main": true }, "geometry": { "type": "Point", "coordinates": [ -121.97169, 37.94721 ] } },
{ "type": "Feature", "properties": { "zcta": "94947", "individual": 1, "student": 0, "company": 0, "w2017_19": 1, "w2020_23": 0, "w2024_26": 0, "w2017_19_student": 0, "w2017_19_share": 0.0, "w2017_19_mix": "No students", "w2020_23_student": 0, "w2020_23_share": null, "w2020_23_mix": null, "w2024_26_student": 0, "w2024_26_share": null, "w2024_26_mix": null, "y2017": 1, "y2017_individual": 1, "y2017_student": 0, "y2017_company": 0, "y2018": 0, "y2018_individual": 0, "y2018_student": 0, "y2018_company": 0, "y2019": 0, "y2019_individual": 0, "y2019_student": 0, "y2019_company": 0, "y2020": 0, "y2020_individual": 0, "y2020_student": 0, "y2020_company": 0, "y2021": 0, "y2021_individual": 0, "y2021_student": 0, "y2021_company": 0, "y2022": 0, "y2022_individual": 0, "y2022_student": 0, "y2022_company": 0, "y2023": 0, "y2023_individual": 0, "y2023_student": 0, "y2023_company": 0, "y2024": 0, "y2024_individual": 0, "y2024_student": 0, "y2024_company": 0, "y2025": 0, "y2025_individual": 0, "y2025_student": 0, "y2025_company": 0, "y2026": 0, "y2026_individual": 0, "y2026_student": 0, "y2026_company": 0, "total": 1, "student_share": 0.0, "recent_share": 0.0, "first_year": 2017, "last_year": 2017, "n_2026": 0, "reassigned_n": 0, "dominant_type": "Individual", "mix": "No students", "place": "Novato", "in_main": true }, "geometry": { "type": "Point", "coordinates": [ -122.61593, 38.0972 ] } },
{ "type": "Feature", "properties": { "zcta": "94536", "individual": 3, "student": 0, "company": 1, "w2017_19": 1, "w2020_23": 3, "w2024_26": 0, "w2017_19_student": 0, "w2017_19_share": 0.0, "w2017_19_mix": "No students", "w2020_23_student": 0, "w2020_23_share": 0.0, "w2020_23_mix": "No students", "w2024_26_student": 0, "w2024_26_share": null, "w2024_26_mix": null, "y2017": 0, "y2017_individual": 0, "y2017_student": 0, "y2017_company": 0, "y2018": 1, "y2018_individual": 1, "y2018_student": 0, "y2018_company": 0, "y2019": 0, "y2019_individual": 0, "y2019_student": 0, "y2019_company": 0, "y2020": 0, "y2020_individual": 0, "y2020_student": 0, "y2020_company": 0, "y2021": 0, "y2021_individual": 0, "y2021_student": 0, "y2021_company": 0, "y2022": 2, "y2022_individual": 1, "y2022_student": 0, "y2022_company": 1, "y2023": 1, "y2023_individual": 1, "y2023_student": 0, "y2023_company": 0, "y2024": 0, "y2024_individual": 0, "y2024_student": 0, "y2024_company": 0, "y2025": 0, "y2025_individual": 0, "y2025_student": 0, "y2025_company": 0, "y2026": 0, "y2026_individual": 0, "y2026_student": 0, "y2026_company": 0, "total": 4, "student_share": 0.0, "recent_share": 0.0, "first_year": 2018, "last_year": 2023, "n_2026": 0, "reassigned_n": 0, "dominant_type": "Individual", "mix": "No students", "place": "Fremont", "in_main": true }, "geometry": { "type": "Point", "coordinates": [ -121.99947, 37.56491 ] } },
{ "type": "Feature", "properties": { "zcta": "94931", "individual": 1, "student": 0, "company": 0, "w2017_19": 0, "w2020_23": 0, "w2024_26": 1, "w2017_19_student": 0, "w2017_19_share": null, "w2017_19_mix": null, "w2020_23_student": 0, "w2020_23_share": null, "w2020_23_mix": null, "w2024_26_student": 0, "w2024_26_share": 0.0, "w2024_26_mix": "No students", "y2017": 0, "y2017_individual": 0, "y2017_student": 0, "y2017_company": 0, "y2018": 0, "y2018_individual": 0, "y2018_student": 0, "y2018_company": 0, "y2019": 0, "y2019_individual": 0, "y2019_student": 0, "y2019_company": 0, "y2020": 0, "y2020_individual": 0, "y2020_student": 0, "y2020_company": 0, "y2021": 0, "y2021_individual": 0, "y2021_student": 0, "y2021_company": 0, "y2022": 0, "y2022_individual": 0, "y2022_student": 0, "y2022_company": 0, "y2023": 0, "y2023_individual": 0, "y2023_student": 0, "y2023_company": 0, "y2024": 0, "y2024_individual": 0, "y2024_student": 0, "y2024_company": 0, "y2025": 0, "y2025_individual": 0, "y2025_student": 0, "y2025_company": 0, "y2026": 1, "y2026_individual": 1, "y2026_student": 0, "y2026_company": 0, "total": 1, "student_share": 0.0, "recent_share": 1.0, "first_year": 2026, "last_year": 2026, "n_2026": 1, "reassigned_n": 0, "dominant_type": "Individual", "mix": "No students", "place": "Cotati", "in_main": true }, "geometry": { "type": "Point", "coordinates": [ -122.70478, 38.31836 ] } },
{ "type": "Feature", "properties": { "zcta": "94066", "individual": 1, "student": 0, "company": 0, "w2017_19": 0, "w2020_23": 1, "w2024_26": 0, "w2017_19_student": 0, "w2017_19_share": null, "w2017_19_mix": null, "w2020_23_student": 0, "w2020_23_share": 0.0, "w2020_23_mix": "No students", "w2024_26_student": 0, "w2024_26_share": null, "w2024_26_mix": null, "y2017": 0, "y2017_individual": 0, "y2017_student": 0, "y2017_company": 0, "y2018": 0, "y2018_individual": 0, "y2018_student": 0, "y2018_company": 0, "y2019": 0, "y2019_individual": 0, "y2019_student": 0, "y2019_company": 0, "y2020": 0, "y2020_individual": 0, "y2020_student": 0, "y2020_company": 0, "y2021": 0, "y2021_individual": 0, "y2021_student": 0, "y2021_company": 0, "y2022": 1, "y2022_individual": 1, "y2022_student": 0, "y2022_company": 0, "y2023": 0, "y2023_individual": 0, "y2023_student": 0, "y2023_company": 0, "y2024": 0, "y2024_individual": 0, "y2024_student": 0, "y2024_company": 0, "y2025": 0, "y2025_individual": 0, "y2025_student": 0, "y2025_company": 0, "y2026": 0, "y2026_individual": 0, "y2026_student": 0, "y2026_company": 0, "total": 1, "student_share": 0.0, "recent_share": 0.0, "first_year": 2022, "last_year": 2022, "n_2026": 0, "reassigned_n": 0, "dominant_type": "Individual", "mix": "No students", "place": "San Bruno", "in_main": true }, "geometry": { "type": "Point", "coordinates": [ -122.43403, 37.62439 ] } },
{ "type": "Feature", "properties": { "zcta": "94503", "individual": 1, "student": 0, "company": 0, "w2017_19": 0, "w2020_23": 1, "w2024_26": 0, "w2017_19_student": 0, "w2017_19_share": null, "w2017_19_mix": null, "w2020_23_student": 0, "w2020_23_share": 0.0, "w2020_23_mix": "No students", "w2024_26_student": 0, "w2024_26_share": null, "w2024_26_mix": null, "y2017": 0, "y2017_individual": 0, "y2017_student": 0, "y2017_company": 0, "y2018": 0, "y2018_individual": 0, "y2018_student": 0, "y2018_company": 0, "y2019": 0, "y2019_individual": 0, "y2019_student": 0, "y2019_company": 0, "y2020": 0, "y2020_individual": 0, "y2020_student": 0, "y2020_company": 0, "y2021": 0, "y2021_individual": 0, "y2021_student": 0, "y2021_company": 0, "y2022": 0, "y2022_individual": 0, "y2022_student": 0, "y2022_company": 0, "y2023": 1, "y2023_individual": 1, "y2023_student": 0, "y2023_company": 0, "y2024": 0, "y2024_individual": 0, "y2024_student": 0, "y2024_company": 0, "y2025": 0, "y2025_individual": 0, "y2025_student": 0, "y2025_company": 0, "y2026": 0, "y2026_individual": 0, "y2026_student": 0, "y2026_company": 0, "total": 1, "student_share": 0.0, "recent_share": 0.0, "first_year": 2023, "last_year": 2023, "n_2026": 0, "reassigned_n": 0, "dominant_type": "Individual", "mix": "No students", "place": "American Canyon", "in_main": true }, "geometry": { "type": "Point", "coordinates": [ -122.2218, 38.20332 ] } },
{ "type": "Feature", "properties": { "zcta": "95618", "individual": 2, "student": 1, "company": 0, "w2017_19": 0, "w2020_23": 1, "w2024_26": 2, "w2017_19_student": 0, "w2017_19_share": null, "w2017_19_mix": null, "w2020_23_student": 0, "w2020_23_share": 0.0, "w2020_23_mix": "No students", "w2024_26_student": 1, "w2024_26_share": 0.5, "w2024_26_mix": "Mixed", "y2017": 0, "y2017_individual": 0, "y2017_student": 0, "y2017_company": 0, "y2018": 0, "y2018_individual": 0, "y2018_student": 0, "y2018_company": 0, "y2019": 0, "y2019_individual": 0, "y2019_student": 0, "y2019_company": 0, "y2020": 0, "y2020_individual": 0, "y2020_student": 0, "y2020_company": 0, "y2021": 0, "y2021_individual": 0, "y2021_student": 0, "y2021_company": 0, "y2022": 1, "y2022_individual": 1, "y2022_student": 0, "y2022_company": 0, "y2023": 0, "y2023_individual": 0, "y2023_student": 0, "y2023_company": 0, "y2024": 0, "y2024_individual": 0, "y2024_student": 0, "y2024_company": 0, "y2025": 1, "y2025_individual": 1, "y2025_student": 0, "y2025_company": 0, "y2026": 1, "y2026_individual": 0, "y2026_student": 1, "y2026_company": 0, "total": 3, "student_share": 0.333, "recent_share": 0.667, "first_year": 2022, "last_year": 2026, "n_2026": 1, "reassigned_n": 0, "dominant_type": "Individual", "mix": "Mostly professional", "place": "Davis", "in_main": true }, "geometry": { "type": "Point", "coordinates": [ -121.68236, 38.54116 ] } },
{ "type": "Feature", "properties": { "zcta": "94306", "individual": 3, "student": 1, "company": 0, "w2017_19": 1, "w2020_23": 1, "w2024_26": 2, "w2017_19_student": 0, "w2017_19_share": 0.0, "w2017_19_mix": "No students", "w2020_23_student": 0, "w2020_23_share": 0.0, "w2020_23_mix": "No students", "w2024_26_student": 1, "w2024_26_share": 0.5, "w2024_26_mix": "Mixed", "y2017": 0, "y2017_individual": 0, "y2017_student": 0, "y2017_company": 0, "y2018": 0, "y2018_individual": 0, "y2018_student": 0, "y2018_company": 0, "y2019": 1, "y2019_individual": 1, "y2019_student": 0, "y2019_company": 0, "y2020": 1, "y2020_individual": 1, "y2020_student": 0, "y2020_company": 0, "y2021": 0, "y2021_individual": 0, "y2021_student": 0, "y2021_company": 0, "y2022": 0, "y2022_individual": 0, "y2022_student": 0, "y2022_company": 0, "y2023": 0, "y2023_individual": 0, "y2023_student": 0, "y2023_company": 0, "y2024": 0, "y2024_individual": 0, "y2024_student": 0, "y2024_company": 0, "y2025": 1, "y2025_individual": 1, "y2025_student": 0, "y2025_company": 0, "y2026": 1, "y2026_individual": 0, "y2026_student": 1, "y2026_company": 0, "total": 4, "student_share": 0.25, "recent_share": 0.5, "first_year": 2019, "last_year": 2026, "n_2026": 1, "reassigned_n": 0, "dominant_type": "Individual", "mix": "Mostly professional", "place": "Palo Alto", "in_main": true }, "geometry": { "type": "Point", "coordinates": [ -122.12371, 37.41313 ] } },
{ "type": "Feature", "properties": { "zcta": "94519", "individual": 1, "student": 0, "company": 0, "w2017_19": 0, "w2020_23": 1, "w2024_26": 0, "w2017_19_student": 0, "w2017_19_share": null, "w2017_19_mix": null, "w2020_23_student": 0, "w2020_23_share": 0.0, "w2020_23_mix": "No students", "w2024_26_student": 0, "w2024_26_share": null, "w2024_26_mix": null, "y2017": 0, "y2017_individual": 0, "y2017_student": 0, "y2017_company": 0, "y2018": 0, "y2018_individual": 0, "y2018_student": 0, "y2018_company": 0, "y2019": 0, "y2019_individual": 0, "y2019_student": 0, "y2019_company": 0, "y2020": 1, "y2020_individual": 1, "y2020_student": 0, "y2020_company": 0, "y2021": 0, "y2021_individual": 0, "y2021_student": 0, "y2021_company": 0, "y2022": 0, "y2022_individual": 0, "y2022_student": 0, "y2022_company": 0, "y2023": 0, "y2023_individual": 0, "y2023_student": 0, "y2023_company": 0, "y2024": 0, "y2024_individual": 0, "y2024_student": 0, "y2024_company": 0, "y2025": 0, "y2025_individual": 0, "y2025_student": 0, "y2025_company": 0, "y2026": 0, "y2026_individual": 0, "y2026_student": 0, "y2026_company": 0, "total": 1, "student_share": 0.0, "recent_share": 0.0, "first_year": 2020, "last_year": 2020, "n_2026": 0, "reassigned_n": 0, "dominant_type": "Individual", "mix": "No students", "place": "Concord", "in_main": true }, "geometry": { "type": "Point", "coordinates": [ -122.01678, 37.99037 ] } },
{ "type": "Feature", "properties": { "zcta": "95608", "individual": 1, "student": 0, "company": 0, "w2017_19": 0, "w2020_23": 1, "w2024_26": 0, "w2017_19_student": 0, "w2017_19_share": null, "w2017_19_mix": null, "w2020_23_student": 0, "w2020_23_share": 0.0, "w2020_23_mix": "No students", "w2024_26_student": 0, "w2024_26_share": null, "w2024_26_mix": null, "y2017": 0, "y2017_individual": 0, "y2017_student": 0, "y2017_company": 0, "y2018": 0, "y2018_individual": 0, "y2018_student": 0, "y2018_company": 0, "y2019": 0, "y2019_individual": 0, "y2019_student": 0, "y2019_company": 0, "y2020": 0, "y2020_individual": 0, "y2020_student": 0, "y2020_company": 0, "y2021": 0, "y2021_individual": 0, "y2021_student": 0, "y2021_company": 0, "y2022": 1, "y2022_individual": 1, "y2022_student": 0, "y2022_company": 0, "y2023": 0, "y2023_individual": 0, "y2023_student": 0, "y2023_company": 0, "y2024": 0, "y2024_individual": 0, "y2024_student": 0, "y2024_company": 0, "y2025": 0, "y2025_individual": 0, "y2025_student": 0, "y2025_company": 0, "y2026": 0, "y2026_individual": 0, "y2026_student": 0, "y2026_company": 0, "total": 1, "student_share": 0.0, "recent_share": 0.0, "first_year": 2022, "last_year": 2022, "n_2026": 0, "reassigned_n": 0, "dominant_type": "Individual", "mix": "No students", "place": "Carmichael", "in_main": false }, "geometry": { "type": "Point", "coordinates": [ -121.32935, 38.62524 ] } },
{ "type": "Feature", "properties": { "zcta": "95661", "individual": 0, "student": 1, "company": 0, "w2017_19": 0, "w2020_23": 0, "w2024_26": 1, "w2017_19_student": 0, "w2017_19_share": null, "w2017_19_mix": null, "w2020_23_student": 0, "w2020_23_share": null, "w2020_23_mix": null, "w2024_26_student": 1, "w2024_26_share": 1.0, "w2024_26_mix": "Mostly students", "y2017": 0, "y2017_individual": 0, "y2017_student": 0, "y2017_company": 0, "y2018": 0, "y2018_individual": 0, "y2018_student": 0, "y2018_company": 0, "y2019": 0, "y2019_individual": 0, "y2019_student": 0, "y2019_company": 0, "y2020": 0, "y2020_individual": 0, "y2020_student": 0, "y2020_company": 0, "y2021": 0, "y2021_individual": 0, "y2021_student": 0, "y2021_company": 0, "y2022": 0, "y2022_individual": 0, "y2022_student": 0, "y2022_company": 0, "y2023": 0, "y2023_individual": 0, "y2023_student": 0, "y2023_company": 0, "y2024": 0, "y2024_individual": 0, "y2024_student": 0, "y2024_company": 0, "y2025": 0, "y2025_individual": 0, "y2025_student": 0, "y2025_company": 0, "y2026": 1, "y2026_individual": 0, "y2026_student": 1, "y2026_company": 0, "total": 1, "student_share": 1.0, "recent_share": 1.0, "first_year": 2026, "last_year": 2026, "n_2026": 1, "reassigned_n": 0, "dominant_type": "Student", "mix": "Mostly students", "place": "Roseville", "in_main": false }, "geometry": { "type": "Point", "coordinates": [ -121.24845, 38.74392 ] } },
{ "type": "Feature", "properties": { "zcta": "94703", "individual": 1, "student": 1, "company": 0, "w2017_19": 0, "w2020_23": 1, "w2024_26": 1, "w2017_19_student": 0, "w2017_19_share": null, "w2017_19_mix": null, "w2020_23_student": 0, "w2020_23_share": 0.0, "w2020_23_mix": "No students", "w2024_26_student": 1, "w2024_26_share": 1.0, "w2024_26_mix": "Mostly students", "y2017": 0, "y2017_individual": 0, "y2017_student": 0, "y2017_company": 0, "y2018": 0, "y2018_individual": 0, "y2018_student": 0, "y2018_company": 0, "y2019": 0, "y2019_individual": 0, "y2019_student": 0, "y2019_company": 0, "y2020": 0, "y2020_individual": 0, "y2020_student": 0, "y2020_company": 0, "y2021": 0, "y2021_individual": 0, "y2021_student": 0, "y2021_company": 0, "y2022": 1, "y2022_individual": 1, "y2022_student": 0, "y2022_company": 0, "y2023": 0, "y2023_individual": 0, "y2023_student": 0, "y2023_company": 0, "y2024": 0, "y2024_individual": 0, "y2024_student": 0, "y2024_company": 0, "y2025": 0, "y2025_individual": 0, "y2025_student": 0, "y2025_company": 0, "y2026": 1, "y2026_individual": 0, "y2026_student": 1, "y2026_company": 0, "total": 2, "student_share": 0.5, "recent_share": 0.5, "first_year": 2022, "last_year": 2026, "n_2026": 1, "reassigned_n": 0, "dominant_type": "Individual", "mix": "Mixed", "place": "Berkeley", "in_main": true }, "geometry": { "type": "Point", "coordinates": [ -122.27666, 37.86554 ] } },
{ "type": "Feature", "properties": { "zcta": "94112", "individual": 2, "student": 2, "company": 1, "w2017_19": 1, "w2020_23": 0, "w2024_26": 4, "w2017_19_student": 1, "w2017_19_share": 1.0, "w2017_19_mix": "Mostly students", "w2020_23_student": 0, "w2020_23_share": null, "w2020_23_mix": null, "w2024_26_student": 1, "w2024_26_share": 0.25, "w2024_26_mix": "Mostly professional", "y2017": 0, "y2017_individual": 0, "y2017_student": 0, "y2017_company": 0, "y2018": 0, "y2018_individual": 0, "y2018_student": 0, "y2018_company": 0, "y2019": 1, "y2019_individual": 0, "y2019_student": 1, "y2019_company": 0, "y2020": 0, "y2020_individual": 0, "y2020_student": 0, "y2020_company": 0, "y2021": 0, "y2021_individual": 0, "y2021_student": 0, "y2021_company": 0, "y2022": 0, "y2022_individual": 0, "y2022_student": 0, "y2022_company": 0, "y2023": 0, "y2023_individual": 0, "y2023_student": 0, "y2023_company": 0, "y2024": 0, "y2024_individual": 0, "y2024_student": 0, "y2024_company": 0, "y2025": 1, "y2025_individual": 0, "y2025_student": 0, "y2025_company": 1, "y2026": 3, "y2026_individual": 2, "y2026_student": 1, "y2026_company": 0, "total": 5, "student_share": 0.4, "recent_share": 0.8, "first_year": 2019, "last_year": 2026, "n_2026": 3, "reassigned_n": 0, "dominant_type": "Individual", "mix": "Mixed", "place": "San Francisco", "in_main": true }, "geometry": { "type": "Point", "coordinates": [ -122.44347, 37.7226 ] } },
{ "type": "Feature", "properties": { "zcta": "94607", "individual": 0, "student": 1, "company": 1, "w2017_19": 1, "w2020_23": 1, "w2024_26": 0, "w2017_19_student": 1, "w2017_19_share": 1.0, "w2017_19_mix": "Mostly students", "w2020_23_student": 0, "w2020_23_share": 0.0, "w2020_23_mix": "No students", "w2024_26_student": 0, "w2024_26_share": null, "w2024_26_mix": null, "y2017": 0, "y2017_individual": 0, "y2017_student": 0, "y2017_company": 0, "y2018": 0, "y2018_individual": 0, "y2018_student": 0, "y2018_company": 0, "y2019": 1, "y2019_individual": 0, "y2019_student": 1, "y2019_company": 0, "y2020": 0, "y2020_individual": 0, "y2020_student": 0, "y2020_company": 0, "y2021": 0, "y2021_individual": 0, "y2021_student": 0, "y2021_company": 0, "y2022": 1, "y2022_individual": 0, "y2022_student": 0, "y2022_company": 1, "y2023": 0, "y2023_individual": 0, "y2023_student": 0, "y2023_company": 0, "y2024": 0, "y2024_individual": 0, "y2024_student": 0, "y2024_company": 0, "y2025": 0, "y2025_individual": 0, "y2025_student": 0, "y2025_company": 0, "y2026": 0, "y2026_individual": 0, "y2026_student": 0, "y2026_company": 0, "total": 2, "student_share": 0.5, "recent_share": 0.0, "first_year": 2019, "last_year": 2022, "n_2026": 0, "reassigned_n": 0, "dominant_type": "Student", "mix": "Mixed", "place": "Oakland", "in_main": true }, "geometry": { "type": "Point", "coordinates": [ -122.30758, 37.809 ] } },
{ "type": "Feature", "properties": { "zcta": "93955", "individual": 1, "student": 0, "company": 0, "w2017_19": 0, "w2020_23": 1, "w2024_26": 0, "w2017_19_student": 0, "w2017_19_share": null, "w2017_19_mix": null, "w2020_23_student": 0, "w2020_23_share": 0.0, "w2020_23_mix": "No students", "w2024_26_student": 0, "w2024_26_share": null, "w2024_26_mix": null, "y2017": 0, "y2017_individual": 0, "y2017_student": 0, "y2017_company": 0, "y2018": 0, "y2018_individual": 0, "y2018_student": 0, "y2018_company": 0, "y2019": 0, "y2019_individual": 0, "y2019_student": 0, "y2019_company": 0, "y2020": 0, "y2020_individual": 0, "y2020_student": 0, "y2020_company": 0, "y2021": 0, "y2021_individual": 0, "y2021_student": 0, "y2021_company": 0, "y2022": 0, "y2022_individual": 0, "y2022_student": 0, "y2022_company": 0, "y2023": 1, "y2023_individual": 1, "y2023_student": 0, "y2023_company": 0, "y2024": 0, "y2024_individual": 0, "y2024_student": 0, "y2024_company": 0, "y2025": 0, "y2025_individual": 0, "y2025_student": 0, "y2025_company": 0, "y2026": 0, "y2026_individual": 0, "y2026_student": 0, "y2026_company": 0, "total": 1, "student_share": 0.0, "recent_share": 0.0, "first_year": 2023, "last_year": 2023, "n_2026": 0, "reassigned_n": 0, "dominant_type": "Individual", "mix": "No students", "place": "Seaside", "in_main": false }, "geometry": { "type": "Point", "coordinates": [ -121.79026, 36.62968 ] } },
{ "type": "Feature", "properties": { "zcta": "94806", "individual": 0, "student": 1, "company": 0, "w2017_19": 0, "w2020_23": 0, "w2024_26": 1, "w2017_19_student": 0, "w2017_19_share": null, "w2017_19_mix": null, "w2020_23_student": 0, "w2020_23_share": null, "w2020_23_mix": null, "w2024_26_student": 1, "w2024_26_share": 1.0, "w2024_26_mix": "Mostly students", "y2017": 0, "y2017_individual": 0, "y2017_student": 0, "y2017_company": 0, "y2018": 0, "y2018_individual": 0, "y2018_student": 0, "y2018_company": 0, "y2019": 0, "y2019_individual": 0, "y2019_student": 0, "y2019_company": 0, "y2020": 0, "y2020_individual": 0, "y2020_student": 0, "y2020_company": 0, "y2021": 0, "y2021_individual": 0, "y2021_student": 0, "y2021_company": 0, "y2022": 0, "y2022_individual": 0, "y2022_student": 0, "y2022_company": 0, "y2023": 0, "y2023_individual": 0, "y2023_student": 0, "y2023_company": 0, "y2024": 0, "y2024_individual": 0, "y2024_student": 0, "y2024_company": 0, "y2025": 0, "y2025_individual": 0, "y2025_student": 0, "y2025_company": 0, "y2026": 1, "y2026_individual": 0, "y2026_student": 1, "y2026_company": 0, "total": 1, "student_share": 1.0, "recent_share": 1.0, "first_year": 2026, "last_year": 2026, "n_2026": 1, "reassigned_n": 0, "dominant_type": "Student", "mix": "Mostly students", "place": "Richmond", "in_main": true }, "geometry": { "type": "Point", "coordinates": [ -122.3373, 37.98139 ] } },
{ "type": "Feature", "properties": { "zcta": "94708", "individual": 3, "student": 2, "company": 0, "w2017_19": 2, "w2020_23": 0, "w2024_26": 3, "w2017_19_student": 0, "w2017_19_share": 0.0, "w2017_19_mix": "No students", "w2020_23_student": 0, "w2020_23_share": null, "w2020_23_mix": null, "w2024_26_student": 2, "w2024_26_share": 0.667, "w2024_26_mix": "Mostly students", "y2017": 0, "y2017_individual": 0, "y2017_student": 0, "y2017_company": 0, "y2018": 2, "y2018_individual": 2, "y2018_student": 0, "y2018_company": 0, "y2019": 0, "y2019_individual": 0, "y2019_student": 0, "y2019_company": 0, "y2020": 0, "y2020_individual": 0, "y2020_student": 0, "y2020_company": 0, "y2021": 0, "y2021_individual": 0, "y2021_student": 0, "y2021_company": 0, "y2022": 0, "y2022_individual": 0, "y2022_student": 0, "y2022_company": 0, "y2023": 0, "y2023_individual": 0, "y2023_student": 0, "y2023_company": 0, "y2024": 0, "y2024_individual": 0, "y2024_student": 0, "y2024_company": 0, "y2025": 0, "y2025_individual": 0, "y2025_student": 0, "y2025_company": 0, "y2026": 3, "y2026_individual": 1, "y2026_student": 2, "y2026_company": 0, "total": 5, "student_share": 0.4, "recent_share": 0.6, "first_year": 2018, "last_year": 2026, "n_2026": 3, "reassigned_n": 0, "dominant_type": "Individual", "mix": "Mixed", "place": "Berkeley", "in_main": true }, "geometry": { "type": "Point", "coordinates": [ -122.26072, 37.9014 ] } },
{ "type": "Feature", "properties": { "zcta": "94566", "individual": 4, "student": 0, "company": 1, "w2017_19": 2, "w2020_23": 1, "w2024_26": 2, "w2017_19_student": 0, "w2017_19_share": 0.0, "w2017_19_mix": "No students", "w2020_23_student": 0, "w2020_23_share": 0.0, "w2020_23_mix": "No students", "w2024_26_student": 0, "w2024_26_share": 0.0, "w2024_26_mix": "No students", "y2017": 0, "y2017_individual": 0, "y2017_student": 0, "y2017_company": 0, "y2018": 0, "y2018_individual": 0, "y2018_student": 0, "y2018_company": 0, "y2019": 2, "y2019_individual": 1, "y2019_student": 0, "y2019_company": 1, "y2020": 0, "y2020_individual": 0, "y2020_student": 0, "y2020_company": 0, "y2021": 0, "y2021_individual": 0, "y2021_student": 0, "y2021_company": 0, "y2022": 0, "y2022_individual": 0, "y2022_student": 0, "y2022_company": 0, "y2023": 1, "y2023_individual": 1, "y2023_student": 0, "y2023_company": 0, "y2024": 1, "y2024_individual": 1, "y2024_student": 0, "y2024_company": 0, "y2025": 0, "y2025_individual": 0, "y2025_student": 0, "y2025_company": 0, "y2026": 1, "y2026_individual": 1, "y2026_student": 0, "y2026_company": 0, "total": 5, "student_share": 0.0, "recent_share": 0.4, "first_year": 2019, "last_year": 2026, "n_2026": 1, "reassigned_n": 0, "dominant_type": "Individual", "mix": "No students", "place": "Pleasanton", "in_main": true }, "geometry": { "type": "Point", "coordinates": [ -121.8538, 37.65289 ] } },
{ "type": "Feature", "properties": { "zcta": "94523", "individual": 1, "student": 0, "company": 0, "w2017_19": 0, "w2020_23": 0, "w2024_26": 1, "w2017_19_student": 0, "w2017_19_share": null, "w2017_19_mix": null, "w2020_23_student": 0, "w2020_23_share": null, "w2020_23_mix": null, "w2024_26_student": 0, "w2024_26_share": 0.0, "w2024_26_mix": "No students", "y2017": 0, "y2017_individual": 0, "y2017_student": 0, "y2017_company": 0, "y2018": 0, "y2018_individual": 0, "y2018_student": 0, "y2018_company": 0, "y2019": 0, "y2019_individual": 0, "y2019_student": 0, "y2019_company": 0, "y2020": 0, "y2020_individual": 0, "y2020_student": 0, "y2020_company": 0, "y2021": 0, "y2021_individual": 0, "y2021_student": 0, "y2021_company": 0, "y2022": 0, "y2022_individual": 0, "y2022_student": 0, "y2022_company": 0, "y2023": 0, "y2023_individual": 0, "y2023_student": 0, "y2023_company": 0, "y2024": 0, "y2024_individual": 0, "y2024_student": 0, "y2024_company": 0, "y2025": 1, "y2025_individual": 1, "y2025_student": 0, "y2025_company": 0, "y2026": 0, "y2026_individual": 0, "y2026_student": 0, "y2026_company": 0, "total": 1, "student_share": 0.0, "recent_share": 1.0, "first_year": 2025, "last_year": 2025, "n_2026": 0, "reassigned_n": 0, "dominant_type": "Individual", "mix": "No students", "place": "Pleasant Hill", "in_main": true }, "geometry": { "type": "Point", "coordinates": [ -122.07755, 37.95355 ] } },
{ "type": "Feature", "properties": { "zcta": "94577", "individual": 2, "student": 1, "company": 0, "w2017_19": 1, "w2020_23": 0, "w2024_26": 2, "w2017_19_student": 1, "w2017_19_share": 1.0, "w2017_19_mix": "Mostly students", "w2020_23_student": 0, "w2020_23_share": null, "w2020_23_mix": null, "w2024_26_student": 0, "w2024_26_share": 0.0, "w2024_26_mix": "No students", "y2017": 0, "y2017_individual": 0, "y2017_student": 0, "y2017_company": 0, "y2018": 1, "y2018_individual": 0, "y2018_student": 1, "y2018_company": 0, "y2019": 0, "y2019_individual": 0, "y2019_student": 0, "y2019_company": 0, "y2020": 0, "y2020_individual": 0, "y2020_student": 0, "y2020_company": 0, "y2021": 0, "y2021_individual": 0, "y2021_student": 0, "y2021_company": 0, "y2022": 0, "y2022_individual": 0, "y2022_student": 0, "y2022_company": 0, "y2023": 0, "y2023_individual": 0, "y2023_student": 0, "y2023_company": 0, "y2024": 0, "y2024_individual": 0, "y2024_student": 0, "y2024_company": 0, "y2025": 1, "y2025_individual": 1, "y2025_student": 0, "y2025_company": 0, "y2026": 1, "y2026_individual": 1, "y2026_student": 0, "y2026_company": 0, "total": 3, "student_share": 0.333, "recent_share": 0.667, "first_year": 2018, "last_year": 2026, "n_2026": 1, "reassigned_n": 0, "dominant_type": "Individual", "mix": "Mostly professional", "place": "San Leandro", "in_main": true }, "geometry": { "type": "Point", "coordinates": [ -122.16956, 37.71604 ] } },
{ "type": "Feature", "properties": { "zcta": "94578", "individual": 1, "student": 0, "company": 0, "w2017_19": 0, "w2020_23": 0, "w2024_26": 1, "w2017_19_student": 0, "w2017_19_share": null, "w2017_19_mix": null, "w2020_23_student": 0, "w2020_23_share": null, "w2020_23_mix": null, "w2024_26_student": 0, "w2024_26_share": 0.0, "w2024_26_mix": "No students", "y2017": 0, "y2017_individual": 0, "y2017_student": 0, "y2017_company": 0, "y2018": 0, "y2018_individual": 0, "y2018_student": 0, "y2018_company": 0, "y2019": 0, "y2019_individual": 0, "y2019_student": 0, "y2019_company": 0, "y2020": 0, "y2020_individual": 0, "y2020_student": 0, "y2020_company": 0, "y2021": 0, "y2021_individual": 0, "y2021_student": 0, "y2021_company": 0, "y2022": 0, "y2022_individual": 0, "y2022_student": 0, "y2022_company": 0, "y2023": 0, "y2023_individual": 0, "y2023_student": 0, "y2023_company": 0, "y2024": 0, "y2024_individual": 0, "y2024_student": 0, "y2024_company": 0, "y2025": 1, "y2025_individual": 1, "y2025_student": 0, "y2025_company": 0, "y2026": 0, "y2026_individual": 0, "y2026_student": 0, "y2026_company": 0, "total": 1, "student_share": 0.0, "recent_share": 1.0, "first_year": 2025, "last_year": 2025, "n_2026": 0, "reassigned_n": 0, "dominant_type": "Individual", "mix": "No students", "place": "San Leandro", "in_main": true }, "geometry": { "type": "Point", "coordinates": [ -122.12872, 37.70932 ] } },
{ "type": "Feature", "properties": { "zcta": "94580", "individual": 1, "student": 1, "company": 0, "w2017_19": 0, "w2020_23": 1, "w2024_26": 1, "w2017_19_student": 0, "w2017_19_share": null, "w2017_19_mix": null, "w2020_23_student": 1, "w2020_23_share": 1.0, "w2020_23_mix": "Mostly students", "w2024_26_student": 0, "w2024_26_share": 0.0, "w2024_26_mix": "No students", "y2017": 0, "y2017_individual": 0, "y2017_student": 0, "y2017_company": 0, "y2018": 0, "y2018_individual": 0, "y2018_student": 0, "y2018_company": 0, "y2019": 0, "y2019_individual": 0, "y2019_student": 0, "y2019_company": 0, "y2020": 0, "y2020_individual": 0, "y2020_student": 0, "y2020_company": 0, "y2021": 0, "y2021_individual": 0, "y2021_student": 0, "y2021_company": 0, "y2022": 1, "y2022_individual": 0, "y2022_student": 1, "y2022_company": 0, "y2023": 0, "y2023_individual": 0, "y2023_student": 0, "y2023_company": 0, "y2024": 0, "y2024_individual": 0, "y2024_student": 0, "y2024_company": 0, "y2025": 1, "y2025_individual": 1, "y2025_student": 0, "y2025_company": 0, "y2026": 0, "y2026_individual": 0, "y2026_student": 0, "y2026_company": 0, "total": 2, "student_share": 0.5, "recent_share": 0.5, "first_year": 2022, "last_year": 2025, "n_2026": 0, "reassigned_n": 0, "dominant_type": "Individual", "mix": "Mixed", "place": "San Lorenzo", "in_main": true }, "geometry": { "type": "Point", "coordinates": [ -122.13027, 37.68062 ] } },
{ "type": "Feature", "properties": { "zcta": "94583", "individual": 1, "student": 0, "company": 0, "w2017_19": 0, "w2020_23": 1, "w2024_26": 0, "w2017_19_student": 0, "w2017_19_share": null, "w2017_19_mix": null, "w2020_23_student": 0, "w2020_23_share": 0.0, "w2020_23_mix": "No students", "w2024_26_student": 0, "w2024_26_share": null, "w2024_26_mix": null, "y2017": 0, "y2017_individual": 0, "y2017_student": 0, "y2017_company": 0, "y2018": 0, "y2018_individual": 0, "y2018_student": 0, "y2018_company": 0, "y2019": 0, "y2019_individual": 0, "y2019_student": 0, "y2019_company": 0, "y2020": 0, "y2020_individual": 0, "y2020_student": 0, "y2020_company": 0, "y2021": 0, "y2021_individual": 0, "y2021_student": 0, "y2021_company": 0, "y2022": 0, "y2022_individual": 0, "y2022_student": 0, "y2022_company": 0, "y2023": 1, "y2023_individual": 1, "y2023_student": 0, "y2023_company": 0, "y2024": 0, "y2024_individual": 0, "y2024_student": 0, "y2024_company": 0, "y2025": 0, "y2025_individual": 0, "y2025_student": 0, "y2025_company": 0, "y2026": 0, "y2026_individual": 0, "y2026_student": 0, "y2026_company": 0, "total": 1, "student_share": 0.0, "recent_share": 0.0, "first_year": 2023, "last_year": 2023, "n_2026": 0, "reassigned_n": 0, "dominant_type": "Individual", "mix": "No students", "place": "San Ramon", "in_main": true }, "geometry": { "type": "Point", "coordinates": [ -121.99608, 37.78045 ] } },
{ "type": "Feature", "properties": { "zcta": "94530", "individual": 2, "student": 1, "company": 0, "w2017_19": 1, "w2020_23": 1, "w2024_26": 1, "w2017_19_student": 0, "w2017_19_share": 0.0, "w2017_19_mix": "No students", "w2020_23_student": 1, "w2020_23_share": 1.0, "w2020_23_mix": "Mostly students", "w2024_26_student": 0, "w2024_26_share": 0.0, "w2024_26_mix": "No students", "y2017": 0, "y2017_individual": 0, "y2017_student": 0, "y2017_company": 0, "y2018": 0, "y2018_individual": 0, "y2018_student": 0, "y2018_company": 0, "y2019": 1, "y2019_individual": 1, "y2019_student": 0, "y2019_company": 0, "y2020": 0, "y2020_individual": 0, "y2020_student": 0, "y2020_company": 0, "y2021": 1, "y2021_individual": 0, "y2021_student": 1, "y2021_company": 0, "y2022": 0, "y2022_individual": 0, "y2022_student": 0, "y2022_company": 0, "y2023": 0, "y2023_individual": 0, "y2023_student": 0, "y2023_company": 0, "y2024": 0, "y2024_individual": 0, "y2024_student": 0, "y2024_company": 0, "y2025": 1, "y2025_individual": 1, "y2025_student": 0, "y2025_company": 0, "y2026": 0, "y2026_individual": 0, "y2026_student": 0, "y2026_company": 0, "total": 3, "student_share": 0.333, "recent_share": 0.333, "first_year": 2019, "last_year": 2025, "n_2026": 0, "reassigned_n": 0, "dominant_type": "Individual", "mix": "Mostly professional", "place": "El Cerrito", "in_main": true }, "geometry": { "type": "Point", "coordinates": [ -122.30014, 37.9217 ] } },
{ "type": "Feature", "properties": { "zcta": "94538", "individual": 1, "student": 0, "company": 0, "w2017_19": 0, "w2020_23": 1, "w2024_26": 0, "w2017_19_student": 0, "w2017_19_share": null, "w2017_19_mix": null, "w2020_23_student": 0, "w2020_23_share": 0.0, "w2020_23_mix": "No students", "w2024_26_student": 0, "w2024_26_share": null, "w2024_26_mix": null, "y2017": 0, "y2017_individual": 0, "y2017_student": 0, "y2017_company": 0, "y2018": 0, "y2018_individual": 0, "y2018_student": 0, "y2018_company": 0, "y2019": 0, "y2019_individual": 0, "y2019_student": 0, "y2019_company": 0, "y2020": 0, "y2020_individual": 0, "y2020_student": 0, "y2020_company": 0, "y2021": 1, "y2021_individual": 1, "y2021_student": 0, "y2021_company": 0, "y2022": 0, "y2022_individual": 0, "y2022_student": 0, "y2022_company": 0, "y2023": 0, "y2023_individual": 0, "y2023_student": 0, "y2023_company": 0, "y2024": 0, "y2024_individual": 0, "y2024_student": 0, "y2024_company": 0, "y2025": 0, "y2025_individual": 0, "y2025_student": 0, "y2025_company": 0, "y2026": 0, "y2026_individual": 0, "y2026_student": 0, "y2026_company": 0, "total": 1, "student_share": 0.0, "recent_share": 0.0, "first_year": 2021, "last_year": 2021, "n_2026": 0, "reassigned_n": 0, "dominant_type": "Individual", "mix": "No students", "place": "Fremont", "in_main": true }, "geometry": { "type": "Point", "coordinates": [ -121.96952, 37.50775 ] } },
{ "type": "Feature", "properties": { "zcta": "94590", "individual": 1, "student": 1, "company": 0, "w2017_19": 0, "w2020_23": 2, "w2024_26": 0, "w2017_19_student": 0, "w2017_19_share": null, "w2017_19_mix": null, "w2020_23_student": 1, "w2020_23_share": 0.5, "w2020_23_mix": "Mixed", "w2024_26_student": 0, "w2024_26_share": null, "w2024_26_mix": null, "y2017": 0, "y2017_individual": 0, "y2017_student": 0, "y2017_company": 0, "y2018": 0, "y2018_individual": 0, "y2018_student": 0, "y2018_company": 0, "y2019": 0, "y2019_individual": 0, "y2019_student": 0, "y2019_company": 0, "y2020": 1, "y2020_individual": 1, "y2020_student": 0, "y2020_company": 0, "y2021": 0, "y2021_individual": 0, "y2021_student": 0, "y2021_company": 0, "y2022": 1, "y2022_individual": 0, "y2022_student": 1, "y2022_company": 0, "y2023": 0, "y2023_individual": 0, "y2023_student": 0, "y2023_company": 0, "y2024": 0, "y2024_individual": 0, "y2024_student": 0, "y2024_company": 0, "y2025": 0, "y2025_individual": 0, "y2025_student": 0, "y2025_company": 0, "y2026": 0, "y2026_individual": 0, "y2026_student": 0, "y2026_company": 0, "total": 2, "student_share": 0.5, "recent_share": 0.0, "first_year": 2020, "last_year": 2022, "n_2026": 0, "reassigned_n": 0, "dominant_type": "Individual", "mix": "Mixed", "place": "Vallejo", "in_main": true }, "geometry": { "type": "Point", "coordinates": [ -122.24571, 38.09615 ] } },
{ "type": "Feature", "properties": { "zcta": "94542", "individual": 1, "student": 0, "company": 0, "w2017_19": 1, "w2020_23": 0, "w2024_26": 0, "w2017_19_student": 0, "w2017_19_share": 0.0, "w2017_19_mix": "No students", "w2020_23_student": 0, "w2020_23_share": null, "w2020_23_mix": null, "w2024_26_student": 0, "w2024_26_share": null, "w2024_26_mix": null, "y2017": 1, "y2017_individual": 1, "y2017_student": 0, "y2017_company": 0, "y2018": 0, "y2018_individual": 0, "y2018_student": 0, "y2018_company": 0, "y2019": 0, "y2019_individual": 0, "y2019_student": 0, "y2019_company": 0, "y2020": 0, "y2020_individual": 0, "y2020_student": 0, "y2020_company": 0, "y2021": 0, "y2021_individual": 0, "y2021_student": 0, "y2021_company": 0, "y2022": 0, "y2022_individual": 0, "y2022_student": 0, "y2022_company": 0, "y2023": 0, "y2023_individual": 0, "y2023_student": 0, "y2023_company": 0, "y2024": 0, "y2024_individual": 0, "y2024_student": 0, "y2024_company": 0, "y2025": 0, "y2025_individual": 0, "y2025_student": 0, "y2025_company": 0, "y2026": 0, "y2026_individual": 0, "y2026_student": 0, "y2026_company": 0, "total": 1, "student_share": 0.0, "recent_share": 0.0, "first_year": 2017, "last_year": 2017, "n_2026": 0, "reassigned_n": 0, "dominant_type": "Individual", "mix": "No students", "place": "Hayward", "in_main": true }, "geometry": { "type": "Point", "coordinates": [ -122.0326, 37.65429 ] } },
{ "type": "Feature", "properties": { "zcta": "94596", "individual": 6, "student": 1, "company": 2, "w2017_19": 5, "w2020_23": 3, "w2024_26": 1, "w2017_19_student": 0, "w2017_19_share": 0.0, "w2017_19_mix": "No students", "w2020_23_student": 0, "w2020_23_share": 0.0, "w2020_23_mix": "No students", "w2024_26_student": 1, "w2024_26_share": 1.0, "w2024_26_mix": "Mostly students", "y2017": 0, "y2017_individual": 0, "y2017_student": 0, "y2017_company": 0, "y2018": 1, "y2018_individual": 1, "y2018_student": 0, "y2018_company": 0, "y2019": 4, "y2019_individual": 2, "y2019_student": 0, "y2019_company": 2, "y2020": 1, "y2020_individual": 1, "y2020_student": 0, "y2020_company": 0, "y2021": 0, "y2021_individual": 0, "y2021_student": 0, "y2021_company": 0, "y2022": 2, "y2022_individual": 2, "y2022_student": 0, "y2022_company": 0, "y2023": 0, "y2023_individual": 0, "y2023_student": 0, "y2023_company": 0, "y2024": 0, "y2024_individual": 0, "y2024_student": 0, "y2024_company": 0, "y2025": 0, "y2025_individual": 0, "y2025_student": 0, "y2025_company": 0, "y2026": 1, "y2026_individual": 0, "y2026_student": 1, "y2026_company": 0, "total": 9, "student_share": 0.111, "recent_share": 0.111, "first_year": 2018, "last_year": 2026, "n_2026": 1, "reassigned_n": 0, "dominant_type": "Individual", "mix": "Mostly professional", "place": "Walnut Creek", "in_main": true }, "geometry": { "type": "Point", "coordinates": [ -122.03152, 37.8909 ] } },
{ "type": "Feature", "properties": { "zcta": "94546", "individual": 2, "student": 1, "company": 0, "w2017_19": 0, "w2020_23": 1, "w2024_26": 2, "w2017_19_student": 0, "w2017_19_share": null, "w2017_19_mix": null, "w2020_23_student": 0, "w2020_23_share": 0.0, "w2020_23_mix": "No students", "w2024_26_student": 1, "w2024_26_share": 0.5, "w2024_26_mix": "Mixed", "y2017": 0, "y2017_individual": 0, "y2017_student": 0, "y2017_company": 0, "y2018": 0, "y2018_individual": 0, "y2018_student": 0, "y2018_company": 0, "y2019": 0, "y2019_individual": 0, "y2019_student": 0, "y2019_company": 0, "y2020": 0, "y2020_individual": 0, "y2020_student": 0, "y2020_company": 0, "y2021": 0, "y2021_individual": 0, "y2021_student": 0, "y2021_company": 0, "y2022": 0, "y2022_individual": 0, "y2022_student": 0, "y2022_company": 0, "y2023": 1, "y2023_individual": 1, "y2023_student": 0, "y2023_company": 0, "y2024": 0, "y2024_individual": 0, "y2024_student": 0, "y2024_company": 0, "y2025": 1, "y2025_individual": 1, "y2025_student": 0, "y2025_company": 0, "y2026": 1, "y2026_individual": 0, "y2026_student": 1, "y2026_company": 0, "total": 3, "student_share": 0.333, "recent_share": 0.667, "first_year": 2023, "last_year": 2026, "n_2026": 1, "reassigned_n": 0, "dominant_type": "Individual", "mix": "Mostly professional", "place": "Castro Valley", "in_main": true }, "geometry": { "type": "Point", "coordinates": [ -122.08792, 37.74195 ] } },
{ "type": "Feature", "properties": { "zcta": "94598", "individual": 1, "student": 0, "company": 0, "w2017_19": 1, "w2020_23": 0, "w2024_26": 0, "w2017_19_student": 0, "w2017_19_share": 0.0, "w2017_19_mix": "No students", "w2020_23_student": 0, "w2020_23_share": null, "w2020_23_mix": null, "w2024_26_student": 0, "w2024_26_share": null, "w2024_26_mix": null, "y2017": 0, "y2017_individual": 0, "y2017_student": 0, "y2017_company": 0, "y2018": 1, "y2018_individual": 1, "y2018_student": 0, "y2018_company": 0, "y2019": 0, "y2019_individual": 0, "y2019_student": 0, "y2019_company": 0, "y2020": 0, "y2020_individual": 0, "y2020_student": 0, "y2020_company": 0, "y2021": 0, "y2021_individual": 0, "y2021_student": 0, "y2021_company": 0, "y2022": 0, "y2022_individual": 0, "y2022_student": 0, "y2022_company": 0, "y2023": 0, "y2023_individual": 0, "y2023_student": 0, "y2023_company": 0, "y2024": 0, "y2024_individual": 0, "y2024_student": 0, "y2024_company": 0, "y2025": 0, "y2025_individual": 0, "y2025_student": 0, "y2025_company": 0, "y2026": 0, "y2026_individual": 0, "y2026_student": 0, "y2026_company": 0, "total": 1, "student_share": 0.0, "recent_share": 0.0, "first_year": 2018, "last_year": 2018, "n_2026": 0, "reassigned_n": 0, "dominant_type": "Individual", "mix": "No students", "place": "Walnut Creek", "in_main": true }, "geometry": { "type": "Point", "coordinates": [ -121.99257, 37.89071 ] } },
{ "type": "Feature", "properties": { "zcta": "94602", "individual": 1, "student": 0, "company": 0, "w2017_19": 1, "w2020_23": 0, "w2024_26": 0, "w2017_19_student": 0, "w2017_19_share": 0.0, "w2017_19_mix": "No students", "w2020_23_student": 0, "w2020_23_share": null, "w2020_23_mix": null, "w2024_26_student": 0, "w2024_26_share": null, "w2024_26_mix": null, "y2017": 0, "y2017_individual": 0, "y2017_student": 0, "y2017_company": 0, "y2018": 0, "y2018_individual": 0, "y2018_student": 0, "y2018_company": 0, "y2019": 1, "y2019_individual": 1, "y2019_student": 0, "y2019_company": 0, "y2020": 0, "y2020_individual": 0, "y2020_student": 0, "y2020_company": 0, "y2021": 0, "y2021_individual": 0, "y2021_student": 0, "y2021_company": 0, "y2022": 0, "y2022_individual": 0, "y2022_student": 0, "y2022_company": 0, "y2023": 0, "y2023_individual": 0, "y2023_student": 0, "y2023_company": 0, "y2024": 0, "y2024_individual": 0, "y2024_student": 0, "y2024_company": 0, "y2025": 0, "y2025_individual": 0, "y2025_student": 0, "y2025_company": 0, "y2026": 0, "y2026_individual": 0, "y2026_student": 0, "y2026_company": 0, "total": 1, "student_share": 0.0, "recent_share": 0.0, "first_year": 2019, "last_year": 2019, "n_2026": 0, "reassigned_n": 0, "dominant_type": "Individual", "mix": "No students", "place": "Oakland", "in_main": true }, "geometry": { "type": "Point", "coordinates": [ -122.21074, 37.80501 ] } },
{ "type": "Feature", "properties": { "zcta": "94606", "individual": 2, "student": 0, "company": 0, "w2017_19": 0, "w2020_23": 2, "w2024_26": 0, "w2017_19_student": 0, "w2017_19_share": null, "w2017_19_mix": null, "w2020_23_student": 0, "w2020_23_share": 0.0, "w2020_23_mix": "No students", "w2024_26_student": 0, "w2024_26_share": null, "w2024_26_mix": null, "y2017": 0, "y2017_individual": 0, "y2017_student": 0, "y2017_company": 0, "y2018": 0, "y2018_individual": 0, "y2018_student": 0, "y2018_company": 0, "y2019": 0, "y2019_individual": 0, "y2019_student": 0, "y2019_company": 0, "y2020": 0, "y2020_individual": 0, "y2020_student": 0, "y2020_company": 0, "y2021": 1, "y2021_individual": 1, "y2021_student": 0, "y2021_company": 0, "y2022": 1, "y2022_individual": 1, "y2022_student": 0, "y2022_company": 0, "y2023": 0, "y2023_individual": 0, "y2023_student": 0, "y2023_company": 0, "y2024": 0, "y2024_individual": 0, "y2024_student": 0, "y2024_company": 0, "y2025": 0, "y2025_individual": 0, "y2025_student": 0, "y2025_company": 0, "y2026": 0, "y2026_individual": 0, "y2026_student": 0, "y2026_company": 0, "total": 2, "student_share": 0.0, "recent_share": 0.0, "first_year": 2021, "last_year": 2022, "n_2026": 0, "reassigned_n": 0, "dominant_type": "Individual", "mix": "No students", "place": "Oakland", "in_main": true }, "geometry": { "type": "Point", "coordinates": [ -122.24814, 37.78963 ] } },
{ "type": "Feature", "properties": { "zcta": "94609", "individual": 3, "student": 1, "company": 0, "w2017_19": 0, "w2020_23": 1, "w2024_26": 3, "w2017_19_student": 0, "w2017_19_share": null, "w2017_19_mix": null, "w2020_23_student": 0, "w2020_23_share": 0.0, "w2020_23_mix": "No students", "w2024_26_student": 1, "w2024_26_share": 0.333, "w2024_26_mix": "Mostly professional", "y2017": 0, "y2017_individual": 0, "y2017_student": 0, "y2017_company": 0, "y2018": 0, "y2018_individual": 0, "y2018_student": 0, "y2018_company": 0, "y2019": 0, "y2019_individual": 0, "y2019_student": 0, "y2019_company": 0, "y2020": 1, "y2020_individual": 1, "y2020_student": 0, "y2020_company": 0, "y2021": 0, "y2021_individual": 0, "y2021_student": 0, "y2021_company": 0, "y2022": 0, "y2022_individual": 0, "y2022_student": 0, "y2022_company": 0, "y2023": 0, "y2023_individual": 0, "y2023_student": 0, "y2023_company": 0, "y2024": 0, "y2024_individual": 0, "y2024_student": 0, "y2024_company": 0, "y2025": 1, "y2025_individual": 1, "y2025_student": 0, "y2025_company": 0, "y2026": 2, "y2026_individual": 1, "y2026_student": 1, "y2026_company": 0, "total": 4, "student_share": 0.25, "recent_share": 0.75, "first_year": 2020, "last_year": 2026, "n_2026": 2, "reassigned_n": 0, "dominant_type": "Individual", "mix": "Mostly professional", "place": "Oakland", "in_main": true }, "geometry": { "type": "Point", "coordinates": [ -122.26194, 37.83443 ] } },
{ "type": "Feature", "properties": { "zcta": "94610", "individual": 3, "student": 1, "company": 0, "w2017_19": 1, "w2020_23": 1, "w2024_26": 2, "w2017_19_student": 0, "w2017_19_share": 0.0, "w2017_19_mix": "No students", "w2020_23_student": 1, "w2020_23_share": 1.0, "w2020_23_mix": "Mostly students", "w2024_26_student": 0, "w2024_26_share": 0.0, "w2024_26_mix": "No students", "y2017": 0, "y2017_individual": 0, "y2017_student": 0, "y2017_company": 0, "y2018": 1, "y2018_individual": 1, "y2018_student": 0, "y2018_company": 0, "y2019": 0, "y2019_individual": 0, "y2019_student": 0, "y2019_company": 0, "y2020": 0, "y2020_individual": 0, "y2020_student": 0, "y2020_company": 0, "y2021": 0, "y2021_individual": 0, "y2021_student": 0, "y2021_company": 0, "y2022": 0, "y2022_individual": 0, "y2022_student": 0, "y2022_company": 0, "y2023": 1, "y2023_individual": 0, "y2023_student": 1, "y2023_company": 0, "y2024": 1, "y2024_individual": 1, "y2024_student": 0, "y2024_company": 0, "y2025": 0, "y2025_individual": 0, "y2025_student": 0, "y2025_company": 0, "y2026": 1, "y2026_individual": 1, "y2026_student": 0, "y2026_company": 0, "total": 4, "student_share": 0.25, "recent_share": 0.5, "first_year": 2018, "last_year": 2026, "n_2026": 1, "reassigned_n": 0, "dominant_type": "Individual", "mix": "Mostly professional", "place": "Oakland", "in_main": true }, "geometry": { "type": "Point", "coordinates": [ -122.24165, 37.81177 ] } },
{ "type": "Feature", "properties": { "zcta": "94611", "individual": 4, "student": 1, "company": 0, "w2017_19": 2, "w2020_23": 1, "w2024_26": 2, "w2017_19_student": 1, "w2017_19_share": 0.5, "w2017_19_mix": "Mixed", "w2020_23_student": 0, "w2020_23_share": 0.0, "w2020_23_mix": "No students", "w2024_26_student": 0, "w2024_26_share": 0.0, "w2024_26_mix": "No students", "y2017": 0, "y2017_individual": 0, "y2017_student": 0, "y2017_company": 0, "y2018": 0, "y2018_individual": 0, "y2018_student": 0, "y2018_company": 0, "y2019": 2, "y2019_individual": 1, "y2019_student": 1, "y2019_company": 0, "y2020": 0, "y2020_individual": 0, "y2020_student": 0, "y2020_company": 0, "y2021": 0, "y2021_individual": 0, "y2021_student": 0, "y2021_company": 0, "y2022": 1, "y2022_individual": 1, "y2022_student": 0, "y2022_company": 0, "y2023": 0, "y2023_individual": 0, "y2023_student": 0, "y2023_company": 0, "y2024": 0, "y2024_individual": 0, "y2024_student": 0, "y2024_company": 0, "y2025": 0, "y2025_individual": 0, "y2025_student": 0, "y2025_company": 0, "y2026": 2, "y2026_individual": 2, "y2026_student": 0, "y2026_company": 0, "total": 5, "student_share": 0.2, "recent_share": 0.4, "first_year": 2019, "last_year": 2026, "n_2026": 2, "reassigned_n": 0, "dominant_type": "Individual", "mix": "Mostly professional", "place": "Oakland", "in_main": true }, "geometry": { "type": "Point", "coordinates": [ -122.20532, 37.8382 ] } },
{ "type": "Feature", "properties": { "zcta": "94702", "individual": 1, "student": 1, "company": 0, "w2017_19": 1, "w2020_23": 1, "w2024_26": 0, "w2017_19_student": 0, "w2017_19_share": 0.0, "w2017_19_mix": "No students", "w2020_23_student": 1, "w2020_23_share": 1.0, "w2020_23_mix": "Mostly students", "w2024_26_student": 0, "w2024_26_share": null, "w2024_26_mix": null, "y2017": 0, "y2017_individual": 0, "y2017_student": 0, "y2017_company": 0, "y2018": 1, "y2018_individual": 1, "y2018_student": 0, "y2018_company": 0, "y2019": 0, "y2019_individual": 0, "y2019_student": 0, "y2019_company": 0, "y2020": 0, "y2020_individual": 0, "y2020_student": 0, "y2020_company": 0, "y2021": 0, "y2021_individual": 0, "y2021_student": 0, "y2021_company": 0, "y2022": 0, "y2022_individual": 0, "y2022_student": 0, "y2022_company": 0, "y2023": 1, "y2023_individual": 0, "y2023_student": 1, "y2023_company": 0, "y2024": 0, "y2024_individual": 0, "y2024_student": 0, "y2024_company": 0, "y2025": 0, "y2025_individual": 0, "y2025_student": 0, "y2025_company": 0, "y2026": 0, "y2026_individual": 0, "y2026_student": 0, "y2026_company": 0, "total": 2, "student_share": 0.5, "recent_share": 0.0, "first_year": 2018, "last_year": 2023, "n_2026": 0, "reassigned_n": 0, "dominant_type": "Individual", "mix": "Mixed", "place": "Berkeley", "in_main": true }, "geometry": { "type": "Point", "coordinates": [ -122.286, 37.86431 ] } },
{ "type": "Feature", "properties": { "zcta": "94704", "individual": 2, "student": 3, "company": 0, "w2017_19": 1, "w2020_23": 1, "w2024_26": 3, "w2017_19_student": 0, "w2017_19_share": 0.0, "w2017_19_mix": "No students", "w2020_23_student": 0, "w2020_23_share": 0.0, "w2020_23_mix": "No students", "w2024_26_student": 3, "w2024_26_share": 1.0, "w2024_26_mix": "Mostly students", "y2017": 0, "y2017_individual": 0, "y2017_student": 0, "y2017_company": 0, "y2018": 0, "y2018_individual": 0, "y2018_student": 0, "y2018_company": 0, "y2019": 1, "y2019_individual": 1, "y2019_student": 0, "y2019_company": 0, "y2020": 0, "y2020_individual": 0, "y2020_student": 0, "y2020_company": 0, "y2021": 1, "y2021_individual": 1, "y2021_student": 0, "y2021_company": 0, "y2022": 0, "y2022_individual": 0, "y2022_student": 0, "y2022_company": 0, "y2023": 0, "y2023_individual": 0, "y2023_student": 0, "y2023_company": 0, "y2024": 0, "y2024_individual": 0, "y2024_student": 0, "y2024_company": 0, "y2025": 0, "y2025_individual": 0, "y2025_student": 0, "y2025_company": 0, "y2026": 3, "y2026_individual": 0, "y2026_student": 3, "y2026_company": 0, "total": 5, "student_share": 0.6, "recent_share": 0.6, "first_year": 2019, "last_year": 2026, "n_2026": 3, "reassigned_n": 0, "dominant_type": "Student", "mix": "Mixed", "place": "Berkeley", "in_main": true }, "geometry": { "type": "Point", "coordinates": [ -122.26458, 37.86714 ] } },
{ "type": "Feature", "properties": { "zcta": "94710", "individual": 1, "student": 1, "company": 0, "w2017_19": 0, "w2020_23": 1, "w2024_26": 1, "w2017_19_student": 0, "w2017_19_share": null, "w2017_19_mix": null, "w2020_23_student": 1, "w2020_23_share": 1.0, "w2020_23_mix": "Mostly students", "w2024_26_student": 0, "w2024_26_share": 0.0, "w2024_26_mix": "No students", "y2017": 0, "y2017_individual": 0, "y2017_student": 0, "y2017_company": 0, "y2018": 0, "y2018_individual": 0, "y2018_student": 0, "y2018_company": 0, "y2019": 0, "y2019_individual": 0, "y2019_student": 0, "y2019_company": 0, "y2020": 1, "y2020_individual": 0, "y2020_student": 1, "y2020_company": 0, "y2021": 0, "y2021_individual": 0, "y2021_student": 0, "y2021_company": 0, "y2022": 0, "y2022_individual": 0, "y2022_student": 0, "y2022_company": 0, "y2023": 0, "y2023_individual": 0, "y2023_student": 0, "y2023_company": 0, "y2024": 0, "y2024_individual": 0, "y2024_student": 0, "y2024_company": 0, "y2025": 1, "y2025_individual": 1, "y2025_student": 0, "y2025_company": 0, "y2026": 0, "y2026_individual": 0, "y2026_student": 0, "y2026_company": 0, "total": 2, "student_share": 0.5, "recent_share": 0.5, "first_year": 2020, "last_year": 2025, "n_2026": 0, "reassigned_n": 0, "dominant_type": "Individual", "mix": "Mixed", "place": "Berkeley", "in_main": true }, "geometry": { "type": "Point", "coordinates": [ -122.30144, 37.87244 ] } },
{ "type": "Feature", "properties": { "zcta": "94720", "individual": 1, "student": 0, "company": 0, "w2017_19": 0, "w2020_23": 0, "w2024_26": 1, "w2017_19_student": 0, "w2017_19_share": null, "w2017_19_mix": null, "w2020_23_student": 0, "w2020_23_share": null, "w2020_23_mix": null, "w2024_26_student": 0, "w2024_26_share": 0.0, "w2024_26_mix": "No students", "y2017": 0, "y2017_individual": 0, "y2017_student": 0, "y2017_company": 0, "y2018": 0, "y2018_individual": 0, "y2018_student": 0, "y2018_company": 0, "y2019": 0, "y2019_individual": 0, "y2019_student": 0, "y2019_company": 0, "y2020": 0, "y2020_individual": 0, "y2020_student": 0, "y2020_company": 0, "y2021": 0, "y2021_individual": 0, "y2021_student": 0, "y2021_company": 0, "y2022": 0, "y2022_individual": 0, "y2022_student": 0, "y2022_company": 0, "y2023": 0, "y2023_individual": 0, "y2023_student": 0, "y2023_company": 0, "y2024": 0, "y2024_individual": 0, "y2024_student": 0, "y2024_company": 0, "y2025": 1, "y2025_individual": 1, "y2025_student": 0, "y2025_company": 0, "y2026": 0, "y2026_individual": 0, "y2026_student": 0, "y2026_company": 0, "total": 1, "student_share": 0.0, "recent_share": 1.0, "first_year": 2025, "last_year": 2025, "n_2026": 0, "reassigned_n": 0, "dominant_type": "Individual", "mix": "No students", "place": "Berkeley", "in_main": true }, "geometry": { "type": "Point", "coordinates": [ -122.25727, 37.87189 ] } },
{ "type": "Feature", "properties": { "zcta": "94804", "individual": 2, "student": 1, "company": 0, "w2017_19": 1, "w2020_23": 1, "w2024_26": 1, "w2017_19_student": 0, "w2017_19_share": 0.0, "w2017_19_mix": "No students", "w2020_23_student": 0, "w2020_23_share": 0.0, "w2020_23_mix": "No students", "w2024_26_student": 1, "w2024_26_share": 1.0, "w2024_26_mix": "Mostly students", "y2017": 0, "y2017_individual": 0, "y2017_student": 0, "y2017_company": 0, "y2018": 1, "y2018_individual": 1, "y2018_student": 0, "y2018_company": 0, "y2019": 0, "y2019_individual": 0, "y2019_student": 0, "y2019_company": 0, "y2020": 0, "y2020_individual": 0, "y2020_student": 0, "y2020_company": 0, "y2021": 0, "y2021_individual": 0, "y2021_student": 0, "y2021_company": 0, "y2022": 1, "y2022_individual": 1, "y2022_student": 0, "y2022_company": 0, "y2023": 0, "y2023_individual": 0, "y2023_student": 0, "y2023_company": 0, "y2024": 0, "y2024_individual": 0, "y2024_student": 0, "y2024_company": 0, "y2025": 0, "y2025_individual": 0, "y2025_student": 0, "y2025_company": 0, "y2026": 1, "y2026_individual": 0, "y2026_student": 1, "y2026_company": 0, "total": 3, "student_share": 0.333, "recent_share": 0.333, "first_year": 2018, "last_year": 2026, "n_2026": 1, "reassigned_n": 0, "dominant_type": "Individual", "mix": "Mostly professional", "place": "Richmond", "in_main": true }, "geometry": { "type": "Point", "coordinates": [ -122.3507, 37.92436 ] } },
{ "type": "Feature", "properties": { "zcta": "94122", "individual": 7, "student": 1, "company": 0, "w2017_19": 4, "w2020_23": 2, "w2024_26": 2, "w2017_19_student": 0, "w2017_19_share": 0.0, "w2017_19_mix": "No students", "w2020_23_student": 1, "w2020_23_share": 0.5, "w2020_23_mix": "Mixed", "w2024_26_student": 0, "w2024_26_share": 0.0, "w2024_26_mix": "No students", "y2017": 0, "y2017_individual": 0, "y2017_student": 0, "y2017_company": 0, "y2018": 3, "y2018_individual": 3, "y2018_student": 0, "y2018_company": 0, "y2019": 1, "y2019_individual": 1, "y2019_student": 0, "y2019_company": 0, "y2020": 2, "y2020_individual": 1, "y2020_student": 1, "y2020_company": 0, "y2021": 0, "y2021_individual": 0, "y2021_student": 0, "y2021_company": 0, "y2022": 0, "y2022_individual": 0, "y2022_student": 0, "y2022_company": 0, "y2023": 0, "y2023_individual": 0, "y2023_student": 0, "y2023_company": 0, "y2024": 1, "y2024_individual": 1, "y2024_student": 0, "y2024_company": 0, "y2025": 0, "y2025_individual": 0, "y2025_student": 0, "y2025_company": 0, "y2026": 1, "y2026_individual": 1, "y2026_student": 0, "y2026_company": 0, "total": 8, "student_share": 0.125, "recent_share": 0.25, "first_year": 2018, "last_year": 2026, "n_2026": 1, "reassigned_n": 0, "dominant_type": "Individual", "mix": "Mostly professional", "place": "San Francisco", "in_main": true }, "geometry": { "type": "Point", "coordinates": [ -122.48511, 37.76006 ] } },
{ "type": "Feature", "properties": { "zcta": "94124", "individual": 3, "student": 0, "company": 0, "w2017_19": 1, "w2020_23": 1, "w2024_26": 1, "w2017_19_student": 0, "w2017_19_share": 0.0, "w2017_19_mix": "No students", "w2020_23_student": 0, "w2020_23_share": 0.0, "w2020_23_mix": "No students", "w2024_26_student": 0, "w2024_26_share": 0.0, "w2024_26_mix": "No students", "y2017": 0, "y2017_individual": 0, "y2017_student": 0, "y2017_company": 0, "y2018": 0, "y2018_individual": 0, "y2018_student": 0, "y2018_company": 0, "y2019": 1, "y2019_individual": 1, "y2019_student": 0, "y2019_company": 0, "y2020": 1, "y2020_individual": 1, "y2020_student": 0, "y2020_company": 0, "y2021": 0, "y2021_individual": 0, "y2021_student": 0, "y2021_company": 0, "y2022": 0, "y2022_individual": 0, "y2022_student": 0, "y2022_company": 0, "y2023": 0, "y2023_individual": 0, "y2023_student": 0, "y2023_company": 0, "y2024": 0, "y2024_individual": 0, "y2024_student": 0, "y2024_company": 0, "y2025": 1, "y2025_individual": 1, "y2025_student": 0, "y2025_company": 0, "y2026": 0, "y2026_individual": 0, "y2026_student": 0, "y2026_company": 0, "total": 3, "student_share": 0.0, "recent_share": 0.333, "first_year": 2019, "last_year": 2025, "n_2026": 0, "reassigned_n": 0, "dominant_type": "Individual", "mix": "No students", "place": "San Francisco", "in_main": true }, "geometry": { "type": "Point", "coordinates": [ -122.38268, 37.73034 ] } },
{ "type": "Feature", "properties": { "zcta": "94127", "individual": 3, "student": 0, "company": 0, "w2017_19": 1, "w2020_23": 1, "w2024_26": 1, "w2017_19_student": 0, "w2017_19_share": 0.0, "w2017_19_mix": "No students", "w2020_23_student": 0, "w2020_23_share": 0.0, "w2020_23_mix": "No students", "w2024_26_student": 0, "w2024_26_share": 0.0, "w2024_26_mix": "No students", "y2017": 0, "y2017_individual": 0, "y2017_student": 0, "y2017_company": 0, "y2018": 1, "y2018_individual": 1, "y2018_student": 0, "y2018_company": 0, "y2019": 0, "y2019_individual": 0, "y2019_student": 0, "y2019_company": 0, "y2020": 1, "y2020_individual": 1, "y2020_student": 0, "y2020_company": 0, "y2021": 0, "y2021_individual": 0, "y2021_student": 0, "y2021_company": 0, "y2022": 0, "y2022_individual": 0, "y2022_student": 0, "y2022_company": 0, "y2023": 0, "y2023_individual": 0, "y2023_student": 0, "y2023_company": 0, "y2024": 0, "y2024_individual": 0, "y2024_student": 0, "y2024_company": 0, "y2025": 1, "y2025_individual": 1, "y2025_student": 0, "y2025_company": 0, "y2026": 0, "y2026_individual": 0, "y2026_student": 0, "y2026_company": 0, "total": 3, "student_share": 0.0, "recent_share": 0.333, "first_year": 2018, "last_year": 2025, "n_2026": 0, "reassigned_n": 0, "dominant_type": "Individual", "mix": "No students", "place": "San Francisco", "in_main": true }, "geometry": { "type": "Point", "coordinates": [ -122.45854, 37.73574 ] } },
{ "type": "Feature", "properties": { "zcta": "94305", "individual": 0, "student": 0, "company": 1, "w2017_19": 0, "w2020_23": 1, "w2024_26": 0, "w2017_19_student": 0, "w2017_19_share": null, "w2017_19_mix": null, "w2020_23_student": 0, "w2020_23_share": 0.0, "w2020_23_mix": "No students", "w2024_26_student": 0, "w2024_26_share": null, "w2024_26_mix": null, "y2017": 0, "y2017_individual": 0, "y2017_student": 0, "y2017_company": 0, "y2018": 0, "y2018_individual": 0, "y2018_student": 0, "y2018_company": 0, "y2019": 0, "y2019_individual": 0, "y2019_student": 0, "y2019_company": 0, "y2020": 0, "y2020_individual": 0, "y2020_student": 0, "y2020_company": 0, "y2021": 0, "y2021_individual": 0, "y2021_student": 0, "y2021_company": 0, "y2022": 1, "y2022_individual": 0, "y2022_student": 0, "y2022_company": 1, "y2023": 0, "y2023_individual": 0, "y2023_student": 0, "y2023_company": 0, "y2024": 0, "y2024_individual": 0, "y2024_student": 0, "y2024_company": 0, "y2025": 0, "y2025_individual": 0, "y2025_student": 0, "y2025_company": 0, "y2026": 0, "y2026_individual": 0, "y2026_student": 0, "y2026_company": 0, "total": 1, "student_share": 0.0, "recent_share": 0.0, "first_year": 2022, "last_year": 2022, "n_2026": 0, "reassigned_n": 0, "dominant_type": "Company", "mix": "No students", "place": "Stanford", "in_main": true }, "geometry": { "type": "Point", "coordinates": [ -122.17209, 37.41729 ] } },
{ "type": "Feature", "properties": { "zcta": "94403", "individual": 0, "student": 1, "company": 0, "w2017_19": 1, "w2020_23": 0, "w2024_26": 0, "w2017_19_student": 1, "w2017_19_share": 1.0, "w2017_19_mix": "Mostly students", "w2020_23_student": 0, "w2020_23_share": null, "w2020_23_mix": null, "w2024_26_student": 0, "w2024_26_share": null, "w2024_26_mix": null, "y2017": 0, "y2017_individual": 0, "y2017_student": 0, "y2017_company": 0, "y2018": 0, "y2018_individual": 0, "y2018_student": 0, "y2018_company": 0, "y2019": 1, "y2019_individual": 0, "y2019_student": 1, "y2019_company": 0, "y2020": 0, "y2020_individual": 0, "y2020_student": 0, "y2020_company": 0, "y2021": 0, "y2021_individual": 0, "y2021_student": 0, "y2021_company": 0, "y2022": 0, "y2022_individual": 0, "y2022_student": 0, "y2022_company": 0, "y2023": 0, "y2023_individual": 0, "y2023_student": 0, "y2023_company": 0, "y2024": 0, "y2024_individual": 0, "y2024_student": 0, "y2024_company": 0, "y2025": 0, "y2025_individual": 0, "y2025_student": 0, "y2025_company": 0, "y2026": 0, "y2026_individual": 0, "y2026_student": 0, "y2026_company": 0, "total": 1, "student_share": 1.0, "recent_share": 0.0, "first_year": 2019, "last_year": 2019, "n_2026": 0, "reassigned_n": 0, "dominant_type": "Student", "mix": "Mostly students", "place": "San Mateo", "in_main": true }, "geometry": { "type": "Point", "coordinates": [ -122.30334, 37.5395 ] } },
{ "type": "Feature", "properties": { "zcta": "94518", "individual": 1, "student": 0, "company": 1, "w2017_19": 1, "w2020_23": 1, "w2024_26": 0, "w2017_19_student": 0, "w2017_19_share": 0.0, "w2017_19_mix": "No students", "w2020_23_student": 0, "w2020_23_share": 0.0, "w2020_23_mix": "No students", "w2024_26_student": 0, "w2024_26_share": null, "w2024_26_mix": null, "y2017": 0, "y2017_individual": 0, "y2017_student": 0, "y2017_company": 0, "y2018": 1, "y2018_individual": 0, "y2018_student": 0, "y2018_company": 1, "y2019": 0, "y2019_individual": 0, "y2019_student": 0, "y2019_company": 0, "y2020": 0, "y2020_individual": 0, "y2020_student": 0, "y2020_company": 0, "y2021": 0, "y2021_individual": 0, "y2021_student": 0, "y2021_company": 0, "y2022": 0, "y2022_individual": 0, "y2022_student": 0, "y2022_company": 0, "y2023": 1, "y2023_individual": 1, "y2023_student": 0, "y2023_company": 0, "y2024": 0, "y2024_individual": 0, "y2024_student": 0, "y2024_company": 0, "y2025": 0, "y2025_individual": 0, "y2025_student": 0, "y2025_company": 0, "y2026": 0, "y2026_individual": 0, "y2026_student": 0, "y2026_company": 0, "total": 2, "student_share": 0.0, "recent_share": 0.0, "first_year": 2018, "last_year": 2023, "n_2026": 0, "reassigned_n": 0, "dominant_type": "Individual", "mix": "No students", "place": "Concord", "in_main": true }, "geometry": { "type": "Point", "coordinates": [ -122.02055, 37.95311 ] } },
{ "type": "Feature", "properties": { "zcta": "94501", "individual": 4, "student": 2, "company": 0, "w2017_19": 1, "w2020_23": 1, "w2024_26": 4, "w2017_19_student": 0, "w2017_19_share": 0.0, "w2017_19_mix": "No students", "w2020_23_student": 0, "w2020_23_share": 0.0, "w2020_23_mix": "No students", "w2024_26_student": 2, "w2024_26_share": 0.5, "w2024_26_mix": "Mixed", "y2017": 0, "y2017_individual": 0, "y2017_student": 0, "y2017_company": 0, "y2018": 1, "y2018_individual": 1, "y2018_student": 0, "y2018_company": 0, "y2019": 0, "y2019_individual": 0, "y2019_student": 0, "y2019_company": 0, "y2020": 1, "y2020_individual": 1, "y2020_student": 0, "y2020_company": 0, "y2021": 0, "y2021_individual": 0, "y2021_student": 0, "y2021_company": 0, "y2022": 0, "y2022_individual": 0, "y2022_student": 0, "y2022_company": 0, "y2023": 0, "y2023_individual": 0, "y2023_student": 0, "y2023_company": 0, "y2024": 0, "y2024_individual": 0, "y2024_student": 0, "y2024_company": 0, "y2025": 1, "y2025_individual": 1, "y2025_student": 0, "y2025_company": 0, "y2026": 3, "y2026_individual": 1, "y2026_student": 2, "y2026_company": 0, "total": 6, "student_share": 0.333, "recent_share": 0.667, "first_year": 2018, "last_year": 2026, "n_2026": 3, "reassigned_n": 0, "dominant_type": "Individual", "mix": "Mostly professional", "place": "Alameda", "in_main": true }, "geometry": { "type": "Point", "coordinates": [ -122.27008, 37.77304 ] } },
{ "type": "Feature", "properties": { "zcta": "94520", "individual": 7, "student": 0, "company": 1, "w2017_19": 0, "w2020_23": 7, "w2024_26": 1, "w2017_19_student": 0, "w2017_19_share": null, "w2017_19_mix": null, "w2020_23_student": 0, "w2020_23_share": 0.0, "w2020_23_mix": "No students", "w2024_26_student": 0, "w2024_26_share": 0.0, "w2024_26_mix": "No students", "y2017": 0, "y2017_individual": 0, "y2017_student": 0, "y2017_company": 0, "y2018": 0, "y2018_individual": 0, "y2018_student": 0, "y2018_company": 0, "y2019": 0, "y2019_individual": 0, "y2019_student": 0, "y2019_company": 0, "y2020": 0, "y2020_individual": 0, "y2020_student": 0, "y2020_company": 0, "y2021": 6, "y2021_individual": 5, "y2021_student": 0, "y2021_company": 1, "y2022": 1, "y2022_individual": 1, "y2022_student": 0, "y2022_company": 0, "y2023": 0, "y2023_individual": 0, "y2023_student": 0, "y2023_company": 0, "y2024": 0, "y2024_individual": 0, "y2024_student": 0, "y2024_company": 0, "y2025": 0, "y2025_individual": 0, "y2025_student": 0, "y2025_company": 0, "y2026": 1, "y2026_individual": 1, "y2026_student": 0, "y2026_company": 0, "total": 8, "student_share": 0.0, "recent_share": 0.125, "first_year": 2021, "last_year": 2026, "n_2026": 1, "reassigned_n": 0, "dominant_type": "Individual", "mix": "No students", "place": "Concord", "in_main": true }, "geometry": { "type": "Point", "coordinates": [ -122.04829, 37.99063 ] } },
{ "type": "Feature", "properties": { "zcta": "94563", "individual": 4, "student": 1, "company": 0, "w2017_19": 0, "w2020_23": 1, "w2024_26": 4, "w2017_19_student": 0, "w2017_19_share": null, "w2017_19_mix": null, "w2020_23_student": 0, "w2020_23_share": 0.0, "w2020_23_mix": "No students", "w2024_26_student": 1, "w2024_26_share": 0.25, "w2024_26_mix": "Mostly professional", "y2017": 0, "y2017_individual": 0, "y2017_student": 0, "y2017_company": 0, "y2018": 0, "y2018_individual": 0, "y2018_student": 0, "y2018_company": 0, "y2019": 0, "y2019_individual": 0, "y2019_student": 0, "y2019_company": 0, "y2020": 1, "y2020_individual": 1, "y2020_student": 0, "y2020_company": 0, "y2021": 0, "y2021_individual": 0, "y2021_student": 0, "y2021_company": 0, "y2022": 0, "y2022_individual": 0, "y2022_student": 0, "y2022_company": 0, "y2023": 0, "y2023_individual": 0, "y2023_student": 0, "y2023_company": 0, "y2024": 0, "y2024_individual": 0, "y2024_student": 0, "y2024_company": 0, "y2025": 1, "y2025_individual": 1, "y2025_student": 0, "y2025_company": 0, "y2026": 3, "y2026_individual": 2, "y2026_student": 1, "y2026_company": 0, "total": 5, "student_share": 0.2, "recent_share": 0.8, "first_year": 2020, "last_year": 2026, "n_2026": 3, "reassigned_n": 0, "dominant_type": "Individual", "mix": "Mostly professional", "place": "Orinda", "in_main": true }, "geometry": { "type": "Point", "coordinates": [ -122.19163, 37.88012 ] } },
{ "type": "Feature", "properties": { "zcta": "94024", "individual": 1, "student": 0, "company": 0, "w2017_19": 1, "w2020_23": 0, "w2024_26": 0, "w2017_19_student": 0, "w2017_19_share": 0.0, "w2017_19_mix": "No students", "w2020_23_student": 0, "w2020_23_share": null, "w2020_23_mix": null, "w2024_26_student": 0, "w2024_26_share": null, "w2024_26_mix": null, "y2017": 0, "y2017_individual": 0, "y2017_student": 0, "y2017_company": 0, "y2018": 1, "y2018_individual": 1, "y2018_student": 0, "y2018_company": 0, "y2019": 0, "y2019_individual": 0, "y2019_student": 0, "y2019_company": 0, "y2020": 0, "y2020_individual": 0, "y2020_student": 0, "y2020_company": 0, "y2021": 0, "y2021_individual": 0, "y2021_student": 0, "y2021_company": 0, "y2022": 0, "y2022_individual": 0, "y2022_student": 0, "y2022_company": 0, "y2023": 0, "y2023_individual": 0, "y2023_student": 0, "y2023_company": 0, "y2024": 0, "y2024_individual": 0, "y2024_student": 0, "y2024_company": 0, "y2025": 0, "y2025_individual": 0, "y2025_student": 0, "y2025_company": 0, "y2026": 0, "y2026_individual": 0, "y2026_student": 0, "y2026_company": 0, "total": 1, "student_share": 0.0, "recent_share": 0.0, "first_year": 2018, "last_year": 2018, "n_2026": 0, "reassigned_n": 0, "dominant_type": "Individual", "mix": "No students", "place": "Los Altos", "in_main": true }, "geometry": { "type": "Point", "coordinates": [ -122.09314, 37.35725 ] } },
{ "type": "Feature", "properties": { "zcta": "94025", "individual": 3, "student": 1, "company": 0, "w2017_19": 2, "w2020_23": 0, "w2024_26": 2, "w2017_19_student": 0, "w2017_19_share": 0.0, "w2017_19_mix": "No students", "w2020_23_student": 0, "w2020_23_share": null, "w2020_23_mix": null, "w2024_26_student": 1, "w2024_26_share": 0.5, "w2024_26_mix": "Mixed", "y2017": 0, "y2017_individual": 0, "y2017_student": 0, "y2017_company": 0, "y2018": 2, "y2018_individual": 2, "y2018_student": 0, "y2018_company": 0, "y2019": 0, "y2019_individual": 0, "y2019_student": 0, "y2019_company": 0, "y2020": 0, "y2020_individual": 0, "y2020_student": 0, "y2020_company": 0, "y2021": 0, "y2021_individual": 0, "y2021_student": 0, "y2021_company": 0, "y2022": 0, "y2022_individual": 0, "y2022_student": 0, "y2022_company": 0, "y2023": 0, "y2023_individual": 0, "y2023_student": 0, "y2023_company": 0, "y2024": 0, "y2024_individual": 0, "y2024_student": 0, "y2024_company": 0, "y2025": 1, "y2025_individual": 1, "y2025_student": 0, "y2025_company": 0, "y2026": 1, "y2026_individual": 0, "y2026_student": 1, "y2026_company": 0, "total": 4, "student_share": 0.25, "recent_share": 0.5, "first_year": 2018, "last_year": 2026, "n_2026": 1, "reassigned_n": 0, "dominant_type": "Individual", "mix": "Mostly professional", "place": "Menlo Park", "in_main": true }, "geometry": { "type": "Point", "coordinates": [ -122.1802, 37.44921 ] } },
{ "type": "Feature", "properties": { "zcta": "94030", "individual": 2, "student": 0, "company": 0, "w2017_19": 1, "w2020_23": 1, "w2024_26": 0, "w2017_19_student": 0, "w2017_19_share": 0.0, "w2017_19_mix": "No students", "w2020_23_student": 0, "w2020_23_share": 0.0, "w2020_23_mix": "No students", "w2024_26_student": 0, "w2024_26_share": null, "w2024_26_mix": null, "y2017": 0, "y2017_individual": 0, "y2017_student": 0, "y2017_company": 0, "y2018": 0, "y2018_individual": 0, "y2018_student": 0, "y2018_company": 0, "y2019": 1, "y2019_individual": 1, "y2019_student": 0, "y2019_company": 0, "y2020": 1, "y2020_individual": 1, "y2020_student": 0, "y2020_company": 0, "y2021": 0, "y2021_individual": 0, "y2021_student": 0, "y2021_company": 0, "y2022": 0, "y2022_individual": 0, "y2022_student": 0, "y2022_company": 0, "y2023": 0, "y2023_individual": 0, "y2023_student": 0, "y2023_company": 0, "y2024": 0, "y2024_individual": 0, "y2024_student": 0, "y2024_company": 0, "y2025": 0, "y2025_individual": 0, "y2025_student": 0, "y2025_company": 0, "y2026": 0, "y2026_individual": 0, "y2026_student": 0, "y2026_company": 0, "total": 2, "student_share": 0.0, "recent_share": 0.0, "first_year": 2019, "last_year": 2020, "n_2026": 0, "reassigned_n": 0, "dominant_type": "Individual", "mix": "No students", "place": "Millbrae", "in_main": true }, "geometry": { "type": "Point", "coordinates": [ -122.40284, 37.59871 ] } },
{ "type": "Feature", "properties": { "zcta": "94044", "individual": 0, "student": 2, "company": 0, "w2017_19": 0, "w2020_23": 1, "w2024_26": 1, "w2017_19_student": 0, "w2017_19_share": null, "w2017_19_mix": null, "w2020_23_student": 1, "w2020_23_share": 1.0, "w2020_23_mix": "Mostly students", "w2024_26_student": 1, "w2024_26_share": 1.0, "w2024_26_mix": "Mostly students", "y2017": 0, "y2017_individual": 0, "y2017_student": 0, "y2017_company": 0, "y2018": 0, "y2018_individual": 0, "y2018_student": 0, "y2018_company": 0, "y2019": 0, "y2019_individual": 0, "y2019_student": 0, "y2019_company": 0, "y2020": 0, "y2020_individual": 0, "y2020_student": 0, "y2020_company": 0, "y2021": 1, "y2021_individual": 0, "y2021_student": 1, "y2021_company": 0, "y2022": 0, "y2022_individual": 0, "y2022_student": 0, "y2022_company": 0, "y2023": 0, "y2023_individual": 0, "y2023_student": 0, "y2023_company": 0, "y2024": 0, "y2024_individual": 0, "y2024_student": 0, "y2024_company": 0, "y2025": 0, "y2025_individual": 0, "y2025_student": 0, "y2025_company": 0, "y2026": 1, "y2026_individual": 0, "y2026_student": 1, "y2026_company": 0, "total": 2, "student_share": 1.0, "recent_share": 0.5, "first_year": 2021, "last_year": 2026, "n_2026": 1, "reassigned_n": 0, "dominant_type": "Student", "mix": "Mostly students", "place": "Pacifica", "in_main": true }, "geometry": { "type": "Point", "coordinates": [ -122.47425, 37.6149 ] } },
{ "type": "Feature", "properties": { "zcta": "94061", "individual": 1, "student": 0, "company": 1, "w2017_19": 0, "w2020_23": 1, "w2024_26": 1, "w2017_19_student": 0, "w2017_19_share": null, "w2017_19_mix": null, "w2020_23_student": 0, "w2020_23_share": 0.0, "w2020_23_mix": "No students", "w2024_26_student": 0, "w2024_26_share": 0.0, "w2024_26_mix": "No students", "y2017": 0, "y2017_individual": 0, "y2017_student": 0, "y2017_company": 0, "y2018": 0, "y2018_individual": 0, "y2018_student": 0, "y2018_company": 0, "y2019": 0, "y2019_individual": 0, "y2019_student": 0, "y2019_company": 0, "y2020": 1, "y2020_individual": 1, "y2020_student": 0, "y2020_company": 0, "y2021": 0, "y2021_individual": 0, "y2021_student": 0, "y2021_company": 0, "y2022": 0, "y2022_individual": 0, "y2022_student": 0, "y2022_company": 0, "y2023": 0, "y2023_individual": 0, "y2023_student": 0, "y2023_company": 0, "y2024": 0, "y2024_individual": 0, "y2024_student": 0, "y2024_company": 0, "y2025": 1, "y2025_individual": 0, "y2025_student": 0, "y2025_company": 1, "y2026": 0, "y2026_individual": 0, "y2026_student": 0, "y2026_company": 0, "total": 2, "student_share": 0.0, "recent_share": 0.5, "first_year": 2020, "last_year": 2025, "n_2026": 0, "reassigned_n": 0, "dominant_type": "Individual", "mix": "No students", "place": "Redwood City", "in_main": true }, "geometry": { "type": "Point", "coordinates": [ -122.23659, 37.46225 ] } },
{ "type": "Feature", "properties": { "zcta": "94065", "individual": 1, "student": 1, "company": 0, "w2017_19": 1, "w2020_23": 1, "w2024_26": 0, "w2017_19_student": 0, "w2017_19_share": 0.0, "w2017_19_mix": "No students", "w2020_23_student": 1, "w2020_23_share": 1.0, "w2020_23_mix": "Mostly students", "w2024_26_student": 0, "w2024_26_share": null, "w2024_26_mix": null, "y2017": 0, "y2017_individual": 0, "y2017_student": 0, "y2017_company": 0, "y2018": 1, "y2018_individual": 1, "y2018_student": 0, "y2018_company": 0, "y2019": 0, "y2019_individual": 0, "y2019_student": 0, "y2019_company": 0, "y2020": 0, "y2020_individual": 0, "y2020_student": 0, "y2020_company": 0, "y2021": 0, "y2021_individual": 0, "y2021_student": 0, "y2021_company": 0, "y2022": 1, "y2022_individual": 0, "y2022_student": 1, "y2022_company": 0, "y2023": 0, "y2023_individual": 0, "y2023_student": 0, "y2023_company": 0, "y2024": 0, "y2024_individual": 0, "y2024_student": 0, "y2024_company": 0, "y2025": 0, "y2025_individual": 0, "y2025_student": 0, "y2025_company": 0, "y2026": 0, "y2026_individual": 0, "y2026_student": 0, "y2026_company": 0, "total": 2, "student_share": 0.5, "recent_share": 0.0, "first_year": 2018, "last_year": 2022, "n_2026": 0, "reassigned_n": 0, "dominant_type": "Individual", "mix": "Mixed", "place": "Redwood City", "in_main": true }, "geometry": { "type": "Point", "coordinates": [ -122.24536, 37.53692 ] } },
{ "type": "Feature", "properties": { "zcta": "94080", "individual": 1, "student": 0, "company": 0, "w2017_19": 0, "w2020_23": 0, "w2024_26": 1, "w2017_19_student": 0, "w2017_19_share": null, "w2017_19_mix": null, "w2020_23_student": 0, "w2020_23_share": null, "w2020_23_mix": null, "w2024_26_student": 0, "w2024_26_share": 0.0, "w2024_26_mix": "No students", "y2017": 0, "y2017_individual": 0, "y2017_student": 0, "y2017_company": 0, "y2018": 0, "y2018_individual": 0, "y2018_student": 0, "y2018_company": 0, "y2019": 0, "y2019_individual": 0, "y2019_student": 0, "y2019_company": 0, "y2020": 0, "y2020_individual": 0, "y2020_student": 0, "y2020_company": 0, "y2021": 0, "y2021_individual": 0, "y2021_student": 0, "y2021_company": 0, "y2022": 0, "y2022_individual": 0, "y2022_student": 0, "y2022_company": 0, "y2023": 0, "y2023_individual": 0, "y2023_student": 0, "y2023_company": 0, "y2024": 1, "y2024_individual": 1, "y2024_student": 0, "y2024_company": 0, "y2025": 0, "y2025_individual": 0, "y2025_student": 0, "y2025_company": 0, "y2026": 0, "y2026_individual": 0, "y2026_student": 0, "y2026_company": 0, "total": 1, "student_share": 0.0, "recent_share": 1.0, "first_year": 2024, "last_year": 2024, "n_2026": 0, "reassigned_n": 0, "dominant_type": "Individual", "mix": "No students", "place": "South San Francisco", "in_main": true }, "geometry": { "type": "Point", "coordinates": [ -122.41803, 37.6587 ] } },
{ "type": "Feature", "properties": { "zcta": "94089", "individual": 1, "student": 0, "company": 0, "w2017_19": 0, "w2020_23": 1, "w2024_26": 0, "w2017_19_student": 0, "w2017_19_share": null, "w2017_19_mix": null, "w2020_23_student": 0, "w2020_23_share": 0.0, "w2020_23_mix": "No students", "w2024_26_student": 0, "w2024_26_share": null, "w2024_26_mix": null, "y2017": 0, "y2017_individual": 0, "y2017_student": 0, "y2017_company": 0, "y2018": 0, "y2018_individual": 0, "y2018_student": 0, "y2018_company": 0, "y2019": 0, "y2019_individual": 0, "y2019_student": 0, "y2019_company": 0, "y2020": 0, "y2020_individual": 0, "y2020_student": 0, "y2020_company": 0, "y2021": 1, "y2021_individual": 1, "y2021_student": 0, "y2021_company": 0, "y2022": 0, "y2022_individual": 0, "y2022_student": 0, "y2022_company": 0, "y2023": 0, "y2023_individual": 0, "y2023_student": 0, "y2023_company": 0, "y2024": 0, "y2024_individual": 0, "y2024_student": 0, "y2024_company": 0, "y2025": 0, "y2025_individual": 0, "y2025_student": 0, "y2025_company": 0, "y2026": 0, "y2026_individual": 0, "y2026_student": 0, "y2026_company": 0, "total": 1, "student_share": 0.0, "recent_share": 0.0, "first_year": 2021, "last_year": 2021, "n_2026": 0, "reassigned_n": 0, "dominant_type": "Individual", "mix": "No students", "place": "Sunnyvale", "in_main": true }, "geometry": { "type": "Point", "coordinates": [ -122.01234, 37.41474 ] } },
{ "type": "Feature", "properties": { "zcta": "94103", "individual": 3, "student": 1, "company": 1, "w2017_19": 2, "w2020_23": 0, "w2024_26": 3, "w2017_19_student": 0, "w2017_19_share": 0.0, "w2017_19_mix": "No students", "w2020_23_student": 0, "w2020_23_share": null, "w2020_23_mix": null, "w2024_26_student": 1, "w2024_26_share": 0.333, "w2024_26_mix": "Mostly professional", "y2017": 0, "y2017_individual": 0, "y2017_student": 0, "y2017_company": 0, "y2018": 2, "y2018_individual": 2, "y2018_student": 0, "y2018_company": 0, "y2019": 0, "y2019_individual": 0, "y2019_student": 0, "y2019_company": 0, "y2020": 0, "y2020_individual": 0, "y2020_student": 0, "y2020_company": 0, "y2021": 0, "y2021_individual": 0, "y2021_student": 0, "y2021_company": 0, "y2022": 0, "y2022_individual": 0, "y2022_student": 0, "y2022_company": 0, "y2023": 0, "y2023_individual": 0, "y2023_student": 0, "y2023_company": 0, "y2024": 0, "y2024_individual": 0, "y2024_student": 0, "y2024_company": 0, "y2025": 1, "y2025_individual": 0, "y2025_student": 0, "y2025_company": 1, "y2026": 2, "y2026_individual": 1, "y2026_student": 1, "y2026_company": 0, "total": 5, "student_share": 0.2, "recent_share": 0.6, "first_year": 2018, "last_year": 2026, "n_2026": 2, "reassigned_n": 0, "dominant_type": "Individual", "mix": "Mostly professional", "place": "San Francisco", "in_main": true }, "geometry": { "type": "Point", "coordinates": [ -122.41033, 37.77584 ] } },
{ "type": "Feature", "properties": { "zcta": "94107", "individual": 4, "student": 3, "company": 0, "w2017_19": 1, "w2020_23": 1, "w2024_26": 5, "w2017_19_student": 0, "w2017_19_share": 0.0, "w2017_19_mix": "No students", "w2020_23_student": 1, "w2020_23_share": 1.0, "w2020_23_mix": "Mostly students", "w2024_26_student": 2, "w2024_26_share": 0.4, "w2024_26_mix": "Mixed", "y2017": 0, "y2017_individual": 0, "y2017_student": 0, "y2017_company": 0, "y2018": 0, "y2018_individual": 0, "y2018_student": 0, "y2018_company": 0, "y2019": 1, "y2019_individual": 1, "y2019_student": 0, "y2019_company": 0, "y2020": 0, "y2020_individual": 0, "y2020_student": 0, "y2020_company": 0, "y2021": 0, "y2021_individual": 0, "y2021_student": 0, "y2021_company": 0, "y2022": 0, "y2022_individual": 0, "y2022_student": 0, "y2022_company": 0, "y2023": 1, "y2023_individual": 0, "y2023_student": 1, "y2023_company": 0, "y2024": 0, "y2024_individual": 0, "y2024_student": 0, "y2024_company": 0, "y2025": 0, "y2025_individual": 0, "y2025_student": 0, "y2025_company": 0, "y2026": 5, "y2026_individual": 3, "y2026_student": 2, "y2026_company": 0, "total": 7, "student_share": 0.429, "recent_share": 0.714, "first_year": 2019, "last_year": 2026, "n_2026": 5, "reassigned_n": 0, "dominant_type": "Individual", "mix": "Mixed", "place": "San Francisco", "in_main": true }, "geometry": { "type": "Point", "coordinates": [ -122.39876, 37.76809 ] } },
{ "type": "Feature", "properties": { "zcta": "94115", "individual": 4, "student": 1, "company": 0, "w2017_19": 1, "w2020_23": 2, "w2024_26": 2, "w2017_19_student": 1, "w2017_19_share": 1.0, "w2017_19_mix": "Mostly students", "w2020_23_student": 0, "w2020_23_share": 0.0, "w2020_23_mix": "No students", "w2024_26_student": 0, "w2024_26_share": 0.0, "w2024_26_mix": "No students", "y2017": 0, "y2017_individual": 0, "y2017_student": 0, "y2017_company": 0, "y2018": 0, "y2018_individual": 0, "y2018_student": 0, "y2018_company": 0, "y2019": 1, "y2019_individual": 0, "y2019_student": 1, "y2019_company": 0, "y2020": 2, "y2020_individual": 2, "y2020_student": 0, "y2020_company": 0, "y2021": 0, "y2021_individual": 0, "y2021_student": 0, "y2021_company": 0, "y2022": 0, "y2022_individual": 0, "y2022_student": 0, "y2022_company": 0, "y2023": 0, "y2023_individual": 0, "y2023_student": 0, "y2023_company": 0, "y2024": 1, "y2024_individual": 1, "y2024_student": 0, "y2024_company": 0, "y2025": 1, "y2025_individual": 1, "y2025_student": 0, "y2025_company": 0, "y2026": 0, "y2026_individual": 0, "y2026_student": 0, "y2026_company": 0, "total": 5, "student_share": 0.2, "recent_share": 0.4, "first_year": 2019, "last_year": 2025, "n_2026": 0, "reassigned_n": 0, "dominant_type": "Individual", "mix": "Mostly professional", "place": "San Francisco", "in_main": true }, "geometry": { "type": "Point", "coordinates": [ -122.43769, 37.78629 ] } },
{ "type": "Feature", "properties": { "zcta": "95133", "individual": 0, "student": 1, "company": 0, "w2017_19": 0, "w2020_23": 1, "w2024_26": 0, "w2017_19_student": 0, "w2017_19_share": null, "w2017_19_mix": null, "w2020_23_student": 1, "w2020_23_share": 1.0, "w2020_23_mix": "Mostly students", "w2024_26_student": 0, "w2024_26_share": null, "w2024_26_mix": null, "y2017": 0, "y2017_individual": 0, "y2017_student": 0, "y2017_company": 0, "y2018": 0, "y2018_individual": 0, "y2018_student": 0, "y2018_company": 0, "y2019": 0, "y2019_individual": 0, "y2019_student": 0, "y2019_company": 0, "y2020": 0, "y2020_individual": 0, "y2020_student": 0, "y2020_company": 0, "y2021": 0, "y2021_individual": 0, "y2021_student": 0, "y2021_company": 0, "y2022": 1, "y2022_individual": 0, "y2022_student": 1, "y2022_company": 0, "y2023": 0, "y2023_individual": 0, "y2023_student": 0, "y2023_company": 0, "y2024": 0, "y2024_individual": 0, "y2024_student": 0, "y2024_company": 0, "y2025": 0, "y2025_individual": 0, "y2025_student": 0, "y2025_company": 0, "y2026": 0, "y2026_individual": 0, "y2026_student": 0, "y2026_company": 0, "total": 1, "student_share": 1.0, "recent_share": 0.0, "first_year": 2022, "last_year": 2022, "n_2026": 0, "reassigned_n": 0, "dominant_type": "Student", "mix": "Mostly students", "place": "San Jose", "in_main": true }, "geometry": { "type": "Point", "coordinates": [ -121.86133, 37.3713 ] } },
{ "type": "Feature", "properties": { "zcta": "95134", "individual": 1, "student": 0, "company": 0, "w2017_19": 0, "w2020_23": 0, "w2024_26": 1, "w2017_19_student": 0, "w2017_19_share": null, "w2017_19_mix": null, "w2020_23_student": 0, "w2020_23_share": null, "w2020_23_mix": null, "w2024_26_student": 0, "w2024_26_share": 0.0, "w2024_26_mix": "No students", "y2017": 0, "y2017_individual": 0, "y2017_student": 0, "y2017_company": 0, "y2018": 0, "y2018_individual": 0, "y2018_student": 0, "y2018_company": 0, "y2019": 0, "y2019_individual": 0, "y2019_student": 0, "y2019_company": 0, "y2020": 0, "y2020_individual": 0, "y2020_student": 0, "y2020_company": 0, "y2021": 0, "y2021_individual": 0, "y2021_student": 0, "y2021_company": 0, "y2022": 0, "y2022_individual": 0, "y2022_student": 0, "y2022_company": 0, "y2023": 0, "y2023_individual": 0, "y2023_student": 0, "y2023_company": 0, "y2024": 0, "y2024_individual": 0, "y2024_student": 0, "y2024_company": 0, "y2025": 0, "y2025_individual": 0, "y2025_student": 0, "y2025_company": 0, "y2026": 1, "y2026_individual": 1, "y2026_student": 0, "y2026_company": 0, "total": 1, "student_share": 0.0, "recent_share": 1.0, "first_year": 2026, "last_year": 2026, "n_2026": 1, "reassigned_n": 0, "dominant_type": "Individual", "mix": "No students", "place": "San Jose", "in_main": true }, "geometry": { "type": "Point", "coordinates": [ -121.943, 37.42434 ] } },
{ "type": "Feature", "properties": { "zcta": "95136", "individual": 1, "student": 0, "company": 0, "w2017_19": 1, "w2020_23": 0, "w2024_26": 0, "w2017_19_student": 0, "w2017_19_share": 0.0, "w2017_19_mix": "No students", "w2020_23_student": 0, "w2020_23_share": null, "w2020_23_mix": null, "w2024_26_student": 0, "w2024_26_share": null, "w2024_26_mix": null, "y2017": 0, "y2017_individual": 0, "y2017_student": 0, "y2017_company": 0, "y2018": 1, "y2018_individual": 1, "y2018_student": 0, "y2018_company": 0, "y2019": 0, "y2019_individual": 0, "y2019_student": 0, "y2019_company": 0, "y2020": 0, "y2020_individual": 0, "y2020_student": 0, "y2020_company": 0, "y2021": 0, "y2021_individual": 0, "y2021_student": 0, "y2021_company": 0, "y2022": 0, "y2022_individual": 0, "y2022_student": 0, "y2022_company": 0, "y2023": 0, "y2023_individual": 0, "y2023_student": 0, "y2023_company": 0, "y2024": 0, "y2024_individual": 0, "y2024_student": 0, "y2024_company": 0, "y2025": 0, "y2025_individual": 0, "y2025_student": 0, "y2025_company": 0, "y2026": 0, "y2026_individual": 0, "y2026_student": 0, "y2026_company": 0, "total": 1, "student_share": 0.0, "recent_share": 0.0, "first_year": 2018, "last_year": 2018, "n_2026": 0, "reassigned_n": 0, "dominant_type": "Individual", "mix": "No students", "place": "San Jose", "in_main": true }, "geometry": { "type": "Point", "coordinates": [ -121.85427, 37.27493 ] } },
{ "type": "Feature", "properties": { "zcta": "95350", "individual": 1, "student": 0, "company": 0, "w2017_19": 0, "w2020_23": 1, "w2024_26": 0, "w2017_19_student": 0, "w2017_19_share": null, "w2017_19_mix": null, "w2020_23_student": 0, "w2020_23_share": 0.0, "w2020_23_mix": "No students", "w2024_26_student": 0, "w2024_26_share": null, "w2024_26_mix": null, "y2017": 0, "y2017_individual": 0, "y2017_student": 0, "y2017_company": 0, "y2018": 0, "y2018_individual": 0, "y2018_student": 0, "y2018_company": 0, "y2019": 0, "y2019_individual": 0, "y2019_student": 0, "y2019_company": 0, "y2020": 1, "y2020_individual": 1, "y2020_student": 0, "y2020_company": 0, "y2021": 0, "y2021_individual": 0, "y2021_student": 0, "y2021_company": 0, "y2022": 0, "y2022_individual": 0, "y2022_student": 0, "y2022_company": 0, "y2023": 0, "y2023_individual": 0, "y2023_student": 0, "y2023_company": 0, "y2024": 0, "y2024_individual": 0, "y2024_student": 0, "y2024_company": 0, "y2025": 0, "y2025_individual": 0, "y2025_student": 0, "y2025_company": 0, "y2026": 0, "y2026_individual": 0, "y2026_student": 0, "y2026_company": 0, "total": 1, "student_share": 0.0, "recent_share": 0.0, "first_year": 2020, "last_year": 2020, "n_2026": 0, "reassigned_n": 0, "dominant_type": "Individual", "mix": "No students", "place": "Modesto", "in_main": false }, "geometry": { "type": "Point", "coordinates": [ -121.00676, 37.66879 ] } },
{ "type": "Feature", "properties": { "zcta": "95111", "individual": 1, "student": 0, "company": 0, "w2017_19": 0, "w2020_23": 1, "w2024_26": 0, "w2017_19_student": 0, "w2017_19_share": null, "w2017_19_mix": null, "w2020_23_student": 0, "w2020_23_share": 0.0, "w2020_23_mix": "No students", "w2024_26_student": 0, "w2024_26_share": null, "w2024_26_mix": null, "y2017": 0, "y2017_individual": 0, "y2017_student": 0, "y2017_company": 0, "y2018": 0, "y2018_individual": 0, "y2018_student": 0, "y2018_company": 0, "y2019": 0, "y2019_individual": 0, "y2019_student": 0, "y2019_company": 0, "y2020": 1, "y2020_individual": 1, "y2020_student": 0, "y2020_company": 0, "y2021": 0, "y2021_individual": 0, "y2021_student": 0, "y2021_company": 0, "y2022": 0, "y2022_individual": 0, "y2022_student": 0, "y2022_company": 0, "y2023": 0, "y2023_individual": 0, "y2023_student": 0, "y2023_company": 0, "y2024": 0, "y2024_individual": 0, "y2024_student": 0, "y2024_company": 0, "y2025": 0, "y2025_individual": 0, "y2025_student": 0, "y2025_company": 0, "y2026": 0, "y2026_individual": 0, "y2026_student": 0, "y2026_company": 0, "total": 1, "student_share": 0.0, "recent_share": 0.0, "first_year": 2020, "last_year": 2020, "n_2026": 0, "reassigned_n": 0, "dominant_type": "Individual", "mix": "No students", "place": "San Jose", "in_main": true }, "geometry": { "type": "Point", "coordinates": [ -121.82246, 37.28143 ] } },
{ "type": "Feature", "properties": { "zcta": "95118", "individual": 1, "student": 0, "company": 0, "w2017_19": 0, "w2020_23": 0, "w2024_26": 1, "w2017_19_student": 0, "w2017_19_share": null, "w2017_19_mix": null, "w2020_23_student": 0, "w2020_23_share": null, "w2020_23_mix": null, "w2024_26_student": 0, "w2024_26_share": 0.0, "w2024_26_mix": "No students", "y2017": 0, "y2017_individual": 0, "y2017_student": 0, "y2017_company": 0, "y2018": 0, "y2018_individual": 0, "y2018_student": 0, "y2018_company": 0, "y2019": 0, "y2019_individual": 0, "y2019_student": 0, "y2019_company": 0, "y2020": 0, "y2020_individual": 0, "y2020_student": 0, "y2020_company": 0, "y2021": 0, "y2021_individual": 0, "y2021_student": 0, "y2021_company": 0, "y2022": 0, "y2022_individual": 0, "y2022_student": 0, "y2022_company": 0, "y2023": 0, "y2023_individual": 0, "y2023_student": 0, "y2023_company": 0, "y2024": 0, "y2024_individual": 0, "y2024_student": 0, "y2024_company": 0, "y2025": 1, "y2025_individual": 1, "y2025_student": 0, "y2025_company": 0, "y2026": 0, "y2026_individual": 0, "y2026_student": 0, "y2026_company": 0, "total": 1, "student_share": 0.0, "recent_share": 1.0, "first_year": 2025, "last_year": 2025, "n_2026": 0, "reassigned_n": 0, "dominant_type": "Individual", "mix": "No students", "place": "San Jose", "in_main": true }, "geometry": { "type": "Point", "coordinates": [ -121.88688, 37.25558 ] } },
{ "type": "Feature", "properties": { "zcta": "95122", "individual": 0, "student": 2, "company": 0, "w2017_19": 0, "w2020_23": 1, "w2024_26": 1, "w2017_19_student": 0, "w2017_19_share": null, "w2017_19_mix": null, "w2020_23_student": 1, "w2020_23_share": 1.0, "w2020_23_mix": "Mostly students", "w2024_26_student": 1, "w2024_26_share": 1.0, "w2024_26_mix": "Mostly students", "y2017": 0, "y2017_individual": 0, "y2017_student": 0, "y2017_company": 0, "y2018": 0, "y2018_individual": 0, "y2018_student": 0, "y2018_company": 0, "y2019": 0, "y2019_individual": 0, "y2019_student": 0, "y2019_company": 0, "y2020": 0, "y2020_individual": 0, "y2020_student": 0, "y2020_company": 0, "y2021": 0, "y2021_individual": 0, "y2021_student": 0, "y2021_company": 0, "y2022": 1, "y2022_individual": 0, "y2022_student": 1, "y2022_company": 0, "y2023": 0, "y2023_individual": 0, "y2023_student": 0, "y2023_company": 0, "y2024": 0, "y2024_individual": 0, "y2024_student": 0, "y2024_company": 0, "y2025": 0, "y2025_individual": 0, "y2025_student": 0, "y2025_company": 0, "y2026": 1, "y2026_individual": 0, "y2026_student": 1, "y2026_company": 0, "total": 2, "student_share": 1.0, "recent_share": 0.5, "first_year": 2022, "last_year": 2026, "n_2026": 1, "reassigned_n": 0, "dominant_type": "Student", "mix": "Mostly students", "place": "San Jose", "in_main": true }, "geometry": { "type": "Point", "coordinates": [ -121.83936, 37.33047 ] } },
{ "type": "Feature", "properties": { "zcta": "95125", "individual": 1, "student": 0, "company": 0, "w2017_19": 0, "w2020_23": 0, "w2024_26": 1, "w2017_19_student": 0, "w2017_19_share": null, "w2017_19_mix": null, "w2020_23_student": 0, "w2020_23_share": null, "w2020_23_mix": null, "w2024_26_student": 0, "w2024_26_share": 0.0, "w2024_26_mix": "No students", "y2017": 0, "y2017_individual": 0, "y2017_student": 0, "y2017_company": 0, "y2018": 0, "y2018_individual": 0, "y2018_student": 0, "y2018_company": 0, "y2019": 0, "y2019_individual": 0, "y2019_student": 0, "y2019_company": 0, "y2020": 0, "y2020_individual": 0, "y2020_student": 0, "y2020_company": 0, "y2021": 0, "y2021_individual": 0, "y2021_student": 0, "y2021_company": 0, "y2022": 0, "y2022_individual": 0, "y2022_student": 0, "y2022_company": 0, "y2023": 0, "y2023_individual": 0, "y2023_student": 0, "y2023_company": 0, "y2024": 0, "y2024_individual": 0, "y2024_student": 0, "y2024_company": 0, "y2025": 0, "y2025_individual": 0, "y2025_student": 0, "y2025_company": 0, "y2026": 1, "y2026_individual": 1, "y2026_student": 0, "y2026_company": 0, "total": 1, "student_share": 0.0, "recent_share": 1.0, "first_year": 2026, "last_year": 2026, "n_2026": 1, "reassigned_n": 0, "dominant_type": "Individual", "mix": "No students", "place": "San Jose", "in_main": true }, "geometry": { "type": "Point", "coordinates": [ -121.89752, 37.29702 ] } },
{ "type": "Feature", "properties": { "zcta": "95126", "individual": 2, "student": 0, "company": 0, "w2017_19": 1, "w2020_23": 1, "w2024_26": 0, "w2017_19_student": 0, "w2017_19_share": 0.0, "w2017_19_mix": "No students", "w2020_23_student": 0, "w2020_23_share": 0.0, "w2020_23_mix": "No students", "w2024_26_student": 0, "w2024_26_share": null, "w2024_26_mix": null, "y2017": 0, "y2017_individual": 0, "y2017_student": 0, "y2017_company": 0, "y2018": 1, "y2018_individual": 1, "y2018_student": 0, "y2018_company": 0, "y2019": 0, "y2019_individual": 0, "y2019_student": 0, "y2019_company": 0, "y2020": 0, "y2020_individual": 0, "y2020_student": 0, "y2020_company": 0, "y2021": 0, "y2021_individual": 0, "y2021_student": 0, "y2021_company": 0, "y2022": 1, "y2022_individual": 1, "y2022_student": 0, "y2022_company": 0, "y2023": 0, "y2023_individual": 0, "y2023_student": 0, "y2023_company": 0, "y2024": 0, "y2024_individual": 0, "y2024_student": 0, "y2024_company": 0, "y2025": 0, "y2025_individual": 0, "y2025_student": 0, "y2025_company": 0, "y2026": 0, "y2026_individual": 0, "y2026_student": 0, "y2026_company": 0, "total": 2, "student_share": 0.0, "recent_share": 0.0, "first_year": 2018, "last_year": 2022, "n_2026": 0, "reassigned_n": 0, "dominant_type": "Individual", "mix": "No students", "place": "San Jose", "in_main": true }, "geometry": { "type": "Point", "coordinates": [ -121.90624, 37.32399 ] } },
{ "type": "Feature", "properties": { "zcta": "95128", "individual": 0, "student": 1, "company": 0, "w2017_19": 0, "w2020_23": 1, "w2024_26": 0, "w2017_19_student": 0, "w2017_19_share": null, "w2017_19_mix": null, "w2020_23_student": 1, "w2020_23_share": 1.0, "w2020_23_mix": "Mostly students", "w2024_26_student": 0, "w2024_26_share": null, "w2024_26_mix": null, "y2017": 0, "y2017_individual": 0, "y2017_student": 0, "y2017_company": 0, "y2018": 0, "y2018_individual": 0, "y2018_student": 0, "y2018_company": 0, "y2019": 0, "y2019_individual": 0, "y2019_student": 0, "y2019_company": 0, "y2020": 0, "y2020_individual": 0, "y2020_student": 0, "y2020_company": 0, "y2021": 0, "y2021_individual": 0, "y2021_student": 0, "y2021_company": 0, "y2022": 1, "y2022_individual": 0, "y2022_student": 1, "y2022_company": 0, "y2023": 0, "y2023_individual": 0, "y2023_student": 0, "y2023_company": 0, "y2024": 0, "y2024_individual": 0, "y2024_student": 0, "y2024_company": 0, "y2025": 0, "y2025_individual": 0, "y2025_student": 0, "y2025_company": 0, "y2026": 0, "y2026_individual": 0, "y2026_student": 0, "y2026_company": 0, "total": 1, "student_share": 1.0, "recent_share": 0.0, "first_year": 2022, "last_year": 2022, "n_2026": 0, "reassigned_n": 0, "dominant_type": "Student", "mix": "Mostly students", "place": "San Jose", "in_main": true }, "geometry": { "type": "Point", "coordinates": [ -121.93243, 37.31595 ] } },
{ "type": "Feature", "properties": { "zcta": "95129", "individual": 1, "student": 0, "company": 0, "w2017_19": 1, "w2020_23": 0, "w2024_26": 0, "w2017_19_student": 0, "w2017_19_share": 0.0, "w2017_19_mix": "No students", "w2020_23_student": 0, "w2020_23_share": null, "w2020_23_mix": null, "w2024_26_student": 0, "w2024_26_share": null, "w2024_26_mix": null, "y2017": 0, "y2017_individual": 0, "y2017_student": 0, "y2017_company": 0, "y2018": 1, "y2018_individual": 1, "y2018_student": 0, "y2018_company": 0, "y2019": 0, "y2019_individual": 0, "y2019_student": 0, "y2019_company": 0, "y2020": 0, "y2020_individual": 0, "y2020_student": 0, "y2020_company": 0, "y2021": 0, "y2021_individual": 0, "y2021_student": 0, "y2021_company": 0, "y2022": 0, "y2022_individual": 0, "y2022_student": 0, "y2022_company": 0, "y2023": 0, "y2023_individual": 0, "y2023_student": 0, "y2023_company": 0, "y2024": 0, "y2024_individual": 0, "y2024_student": 0, "y2024_company": 0, "y2025": 0, "y2025_individual": 0, "y2025_student": 0, "y2025_company": 0, "y2026": 0, "y2026_individual": 0, "y2026_student": 0, "y2026_company": 0, "total": 1, "student_share": 0.0, "recent_share": 0.0, "first_year": 2018, "last_year": 2018, "n_2026": 0, "reassigned_n": 0, "dominant_type": "Individual", "mix": "No students", "place": "San Jose", "in_main": true }, "geometry": { "type": "Point", "coordinates": [ -122.00569, 37.30648 ] } },
{ "type": "Feature", "properties": { "zcta": "95050", "individual": 1, "student": 0, "company": 0, "w2017_19": 0, "w2020_23": 0, "w2024_26": 1, "w2017_19_student": 0, "w2017_19_share": null, "w2017_19_mix": null, "w2020_23_student": 0, "w2020_23_share": null, "w2020_23_mix": null, "w2024_26_student": 0, "w2024_26_share": 0.0, "w2024_26_mix": "No students", "y2017": 0, "y2017_individual": 0, "y2017_student": 0, "y2017_company": 0, "y2018": 0, "y2018_individual": 0, "y2018_student": 0, "y2018_company": 0, "y2019": 0, "y2019_individual": 0, "y2019_student": 0, "y2019_company": 0, "y2020": 0, "y2020_individual": 0, "y2020_student": 0, "y2020_company": 0, "y2021": 0, "y2021_individual": 0, "y2021_student": 0, "y2021_company": 0, "y2022": 0, "y2022_individual": 0, "y2022_student": 0, "y2022_company": 0, "y2023": 0, "y2023_individual": 0, "y2023_student": 0, "y2023_company": 0, "y2024": 0, "y2024_individual": 0, "y2024_student": 0, "y2024_company": 0, "y2025": 1, "y2025_individual": 1, "y2025_student": 0, "y2025_company": 0, "y2026": 0, "y2026_individual": 0, "y2026_student": 0, "y2026_company": 0, "total": 1, "student_share": 0.0, "recent_share": 1.0, "first_year": 2025, "last_year": 2025, "n_2026": 0, "reassigned_n": 0, "dominant_type": "Individual", "mix": "No students", "place": "Santa Clara", "in_main": true }, "geometry": { "type": "Point", "coordinates": [ -121.9555, 37.34852 ] } },
{ "type": "Feature", "properties": { "zcta": "95054", "individual": 1, "student": 0, "company": 0, "w2017_19": 1, "w2020_23": 0, "w2024_26": 0, "w2017_19_student": 0, "w2017_19_share": 0.0, "w2017_19_mix": "No students", "w2020_23_student": 0, "w2020_23_share": null, "w2020_23_mix": null, "w2024_26_student": 0, "w2024_26_share": null, "w2024_26_mix": null, "y2017": 0, "y2017_individual": 0, "y2017_student": 0, "y2017_company": 0, "y2018": 1, "y2018_individual": 1, "y2018_student": 0, "y2018_company": 0, "y2019": 0, "y2019_individual": 0, "y2019_student": 0, "y2019_company": 0, "y2020": 0, "y2020_individual": 0, "y2020_student": 0, "y2020_company": 0, "y2021": 0, "y2021_individual": 0, "y2021_student": 0, "y2021_company": 0, "y2022": 0, "y2022_individual": 0, "y2022_student": 0, "y2022_company": 0, "y2023": 0, "y2023_individual": 0, "y2023_student": 0, "y2023_company": 0, "y2024": 0, "y2024_individual": 0, "y2024_student": 0, "y2024_company": 0, "y2025": 0, "y2025_individual": 0, "y2025_student": 0, "y2025_company": 0, "y2026": 0, "y2026_individual": 0, "y2026_student": 0, "y2026_company": 0, "total": 1, "student_share": 0.0, "recent_share": 0.0, "first_year": 2018, "last_year": 2018, "n_2026": 0, "reassigned_n": 0, "dominant_type": "Individual", "mix": "No students", "place": "Santa Clara", "in_main": true }, "geometry": { "type": "Point", "coordinates": [ -121.9641, 37.39694 ] } },
{ "type": "Feature", "properties": { "zcta": "95066", "individual": 1, "student": 0, "company": 0, "w2017_19": 0, "w2020_23": 0, "w2024_26": 1, "w2017_19_student": 0, "w2017_19_share": null, "w2017_19_mix": null, "w2020_23_student": 0, "w2020_23_share": null, "w2020_23_mix": null, "w2024_26_student": 0, "w2024_26_share": 0.0, "w2024_26_mix": "No students", "y2017": 0, "y2017_individual": 0, "y2017_student": 0, "y2017_company": 0, "y2018": 0, "y2018_individual": 0, "y2018_student": 0, "y2018_company": 0, "y2019": 0, "y2019_individual": 0, "y2019_student": 0, "y2019_company": 0, "y2020": 0, "y2020_individual": 0, "y2020_student": 0, "y2020_company": 0, "y2021": 0, "y2021_individual": 0, "y2021_student": 0, "y2021_company": 0, "y2022": 0, "y2022_individual": 0, "y2022_student": 0, "y2022_company": 0, "y2023": 0, "y2023_individual": 0, "y2023_student": 0, "y2023_company": 0, "y2024": 0, "y2024_individual": 0, "y2024_student": 0, "y2024_company": 0, "y2025": 0, "y2025_individual": 0, "y2025_student": 0, "y2025_company": 0, "y2026": 1, "y2026_individual": 1, "y2026_student": 0, "y2026_company": 0, "total": 1, "student_share": 0.0, "recent_share": 1.0, "first_year": 2026, "last_year": 2026, "n_2026": 1, "reassigned_n": 0, "dominant_type": "Individual", "mix": "No students", "place": "Scotts Valley", "in_main": true }, "geometry": { "type": "Point", "coordinates": [ -122.0165, 37.07001 ] } },
{ "type": "Feature", "properties": { "zcta": "94903", "individual": 1, "student": 0, "company": 0, "w2017_19": 0, "w2020_23": 1, "w2024_26": 0, "w2017_19_student": 0, "w2017_19_share": null, "w2017_19_mix": null, "w2020_23_student": 0, "w2020_23_share": 0.0, "w2020_23_mix": "No students", "w2024_26_student": 0, "w2024_26_share": null, "w2024_26_mix": null, "y2017": 0, "y2017_individual": 0, "y2017_student": 0, "y2017_company": 0, "y2018": 0, "y2018_individual": 0, "y2018_student": 0, "y2018_company": 0, "y2019": 0, "y2019_individual": 0, "y2019_student": 0, "y2019_company": 0, "y2020": 0, "y2020_individual": 0, "y2020_student": 0, "y2020_company": 0, "y2021": 1, "y2021_individual": 1, "y2021_student": 0, "y2021_company": 0, "y2022": 0, "y2022_individual": 0, "y2022_student": 0, "y2022_company": 0, "y2023": 0, "y2023_individual": 0, "y2023_student": 0, "y2023_company": 0, "y2024": 0, "y2024_individual": 0, "y2024_student": 0, "y2024_company": 0, "y2025": 0, "y2025_individual": 0, "y2025_student": 0, "y2025_company": 0, "y2026": 0, "y2026_individual": 0, "y2026_student": 0, "y2026_company": 0, "total": 1, "student_share": 0.0, "recent_share": 0.0, "first_year": 2021, "last_year": 2021, "n_2026": 0, "reassigned_n": 0, "dominant_type": "Individual", "mix": "No students", "place": "San Rafael", "in_main": true }, "geometry": { "type": "Point", "coordinates": [ -122.54397, 38.0239 ] } },
{ "type": "Feature", "properties": { "zcta": "95811", "individual": 2, "student": 1, "company": 0, "w2017_19": 1, "w2020_23": 1, "w2024_26": 1, "w2017_19_student": 0, "w2017_19_share": 0.0, "w2017_19_mix": "No students", "w2020_23_student": 1, "w2020_23_share": 1.0, "w2020_23_mix": "Mostly students", "w2024_26_student": 0, "w2024_26_share": 0.0, "w2024_26_mix": "No students", "y2017": 0, "y2017_individual": 0, "y2017_student": 0, "y2017_company": 0, "y2018": 0, "y2018_individual": 0, "y2018_student": 0, "y2018_company": 0, "y2019": 1, "y2019_individual": 1, "y2019_student": 0, "y2019_company": 0, "y2020": 0, "y2020_individual": 0, "y2020_student": 0, "y2020_company": 0, "y2021": 1, "y2021_individual": 0, "y2021_student": 1, "y2021_company": 0, "y2022": 0, "y2022_individual": 0, "y2022_student": 0, "y2022_company": 0, "y2023": 0, "y2023_individual": 0, "y2023_student": 0, "y2023_company": 0, "y2024": 1, "y2024_individual": 1, "y2024_student": 0, "y2024_company": 0, "y2025": 0, "y2025_individual": 0, "y2025_student": 0, "y2025_company": 0, "y2026": 0, "y2026_individual": 0, "y2026_student": 0, "y2026_company": 0, "total": 3, "student_share": 0.333, "recent_share": 0.333, "first_year": 2019, "last_year": 2024, "n_2026": 0, "reassigned_n": 0, "dominant_type": "Individual", "mix": "Mostly professional", "place": "Sacramento", "in_main": false }, "geometry": { "type": "Point", "coordinates": [ -121.47809, 38.58378 ] } },
{ "type": "Feature", "properties": { "zcta": "95816", "individual": 2, "student": 0, "company": 0, "w2017_19": 1, "w2020_23": 0, "w2024_26": 1, "w2017_19_student": 0, "w2017_19_share": 0.0, "w2017_19_mix": "No students", "w2020_23_student": 0, "w2020_23_share": null, "w2020_23_mix": null, "w2024_26_student": 0, "w2024_26_share": 0.0, "w2024_26_mix": "No students", "y2017": 0, "y2017_individual": 0, "y2017_student": 0, "y2017_company": 0, "y2018": 1, "y2018_individual": 1, "y2018_student": 0, "y2018_company": 0, "y2019": 0, "y2019_individual": 0, "y2019_student": 0, "y2019_company": 0, "y2020": 0, "y2020_individual": 0, "y2020_student": 0, "y2020_company": 0, "y2021": 0, "y2021_individual": 0, "y2021_student": 0, "y2021_company": 0, "y2022": 0, "y2022_individual": 0, "y2022_student": 0, "y2022_company": 0, "y2023": 0, "y2023_individual": 0, "y2023_student": 0, "y2023_company": 0, "y2024": 0, "y2024_individual": 0, "y2024_student": 0, "y2024_company": 0, "y2025": 1, "y2025_individual": 1, "y2025_student": 0, "y2025_company": 0, "y2026": 0, "y2026_individual": 0, "y2026_student": 0, "y2026_company": 0, "total": 2, "student_share": 0.0, "recent_share": 0.5, "first_year": 2018, "last_year": 2025, "n_2026": 0, "reassigned_n": 0, "dominant_type": "Individual", "mix": "No students", "place": "Sacramento", "in_main": false }, "geometry": { "type": "Point", "coordinates": [ -121.46581, 38.57449 ] } },
{ "type": "Feature", "properties": { "zcta": "94960", "individual": 1, "student": 0, "company": 0, "w2017_19": 0, "w2020_23": 1, "w2024_26": 0, "w2017_19_student": 0, "w2017_19_share": null, "w2017_19_mix": null, "w2020_23_student": 0, "w2020_23_share": 0.0, "w2020_23_mix": "No students", "w2024_26_student": 0, "w2024_26_share": null, "w2024_26_mix": null, "y2017": 0, "y2017_individual": 0, "y2017_student": 0, "y2017_company": 0, "y2018": 0, "y2018_individual": 0, "y2018_student": 0, "y2018_company": 0, "y2019": 0, "y2019_individual": 0, "y2019_student": 0, "y2019_company": 0, "y2020": 0, "y2020_individual": 0, "y2020_student": 0, "y2020_company": 0, "y2021": 0, "y2021_individual": 0, "y2021_student": 0, "y2021_company": 0, "y2022": 1, "y2022_individual": 1, "y2022_student": 0, "y2022_company": 0, "y2023": 0, "y2023_individual": 0, "y2023_student": 0, "y2023_company": 0, "y2024": 0, "y2024_individual": 0, "y2024_student": 0, "y2024_company": 0, "y2025": 0, "y2025_individual": 0, "y2025_student": 0, "y2025_company": 0, "y2026": 0, "y2026_individual": 0, "y2026_student": 0, "y2026_company": 0, "total": 1, "student_share": 0.0, "recent_share": 0.0, "first_year": 2022, "last_year": 2022, "n_2026": 0, "reassigned_n": 0, "dominant_type": "Individual", "mix": "No students", "place": "Sleepy Hollow", "in_main": true }, "geometry": { "type": "Point", "coordinates": [ -122.57257, 37.99622 ] } },
{ "type": "Feature", "properties": { "zcta": "94965", "individual": 2, "student": 0, "company": 0, "w2017_19": 1, "w2020_23": 1, "w2024_26": 0, "w2017_19_student": 0, "w2017_19_share": 0.0, "w2017_19_mix": "No students", "w2020_23_student": 0, "w2020_23_share": 0.0, "w2020_23_mix": "No students", "w2024_26_student": 0, "w2024_26_share": null, "w2024_26_mix": null, "y2017": 0, "y2017_individual": 0, "y2017_student": 0, "y2017_company": 0, "y2018": 1, "y2018_individual": 1, "y2018_student": 0, "y2018_company": 0, "y2019": 0, "y2019_individual": 0, "y2019_student": 0, "y2019_company": 0, "y2020": 1, "y2020_individual": 1, "y2020_student": 0, "y2020_company": 0, "y2021": 0, "y2021_individual": 0, "y2021_student": 0, "y2021_company": 0, "y2022": 0, "y2022_individual": 0, "y2022_student": 0, "y2022_company": 0, "y2023": 0, "y2023_individual": 0, "y2023_student": 0, "y2023_company": 0, "y2024": 0, "y2024_individual": 0, "y2024_student": 0, "y2024_company": 0, "y2025": 0, "y2025_individual": 0, "y2025_student": 0, "y2025_company": 0, "y2026": 0, "y2026_individual": 0, "y2026_student": 0, "y2026_company": 0, "total": 2, "student_share": 0.0, "recent_share": 0.0, "first_year": 2018, "last_year": 2020, "n_2026": 0, "reassigned_n": 0, "dominant_type": "Individual", "mix": "No students", "place": "Sausalito", "in_main": true }, "geometry": { "type": "Point", "coordinates": [ -122.55762, 37.85692 ] } },
{ "type": "Feature", "properties": { "zcta": "95003", "individual": 1, "student": 0, "company": 0, "w2017_19": 0, "w2020_23": 0, "w2024_26": 1, "w2017_19_student": 0, "w2017_19_share": null, "w2017_19_mix": null, "w2020_23_student": 0, "w2020_23_share": null, "w2020_23_mix": null, "w2024_26_student": 0, "w2024_26_share": 0.0, "w2024_26_mix": "No students", "y2017": 0, "y2017_individual": 0, "y2017_student": 0, "y2017_company": 0, "y2018": 0, "y2018_individual": 0, "y2018_student": 0, "y2018_company": 0, "y2019": 0, "y2019_individual": 0, "y2019_student": 0, "y2019_company": 0, "y2020": 0, "y2020_individual": 0, "y2020_student": 0, "y2020_company": 0, "y2021": 0, "y2021_individual": 0, "y2021_student": 0, "y2021_company": 0, "y2022": 0, "y2022_individual": 0, "y2022_student": 0, "y2022_company": 0, "y2023": 0, "y2023_individual": 0, "y2023_student": 0, "y2023_company": 0, "y2024": 1, "y2024_individual": 1, "y2024_student": 0, "y2024_company": 0, "y2025": 0, "y2025_individual": 0, "y2025_student": 0, "y2025_company": 0, "y2026": 0, "y2026_individual": 0, "y2026_student": 0, "y2026_company": 0, "total": 1, "student_share": 0.0, "recent_share": 1.0, "first_year": 2024, "last_year": 2024, "n_2026": 0, "reassigned_n": 0, "dominant_type": "Individual", "mix": "No students", "place": "Day Valley", "in_main": true }, "geometry": { "type": "Point", "coordinates": [ -121.87508, 37.00642 ] } },
{ "type": "Feature", "properties": { "zcta": "95005", "individual": 1, "student": 0, "company": 0, "w2017_19": 0, "w2020_23": 0, "w2024_26": 1, "w2017_19_student": 0, "w2017_19_share": null, "w2017_19_mix": null, "w2020_23_student": 0, "w2020_23_share": null, "w2020_23_mix": null, "w2024_26_student": 0, "w2024_26_share": 0.0, "w2024_26_mix": "No students", "y2017": 0, "y2017_individual": 0, "y2017_student": 0, "y2017_company": 0, "y2018": 0, "y2018_individual": 0, "y2018_student": 0, "y2018_company": 0, "y2019": 0, "y2019_individual": 0, "y2019_student": 0, "y2019_company": 0, "y2020": 0, "y2020_individual": 0, "y2020_student": 0, "y2020_company": 0, "y2021": 0, "y2021_individual": 0, "y2021_student": 0, "y2021_company": 0, "y2022": 0, "y2022_individual": 0, "y2022_student": 0, "y2022_company": 0, "y2023": 0, "y2023_individual": 0, "y2023_student": 0, "y2023_company": 0, "y2024": 0, "y2024_individual": 0, "y2024_student": 0, "y2024_company": 0, "y2025": 1, "y2025_individual": 1, "y2025_student": 0, "y2025_company": 0, "y2026": 0, "y2026_individual": 0, "y2026_student": 0, "y2026_company": 0, "total": 1, "student_share": 0.0, "recent_share": 1.0, "first_year": 2025, "last_year": 2025, "n_2026": 0, "reassigned_n": 0, "dominant_type": "Individual", "mix": "No students", "place": "Ben Lomond", "in_main": true }, "geometry": { "type": "Point", "coordinates": [ -122.09211, 37.09921 ] } },
{ "type": "Feature", "properties": { "zcta": "95567", "individual": 1, "student": 0, "company": 0, "w2017_19": 0, "w2020_23": 1, "w2024_26": 0, "w2017_19_student": 0, "w2017_19_share": null, "w2017_19_mix": null, "w2020_23_student": 0, "w2020_23_share": 0.0, "w2020_23_mix": "No students", "w2024_26_student": 0, "w2024_26_share": null, "w2024_26_mix": null, "y2017": 0, "y2017_individual": 0, "y2017_student": 0, "y2017_company": 0, "y2018": 0, "y2018_individual": 0, "y2018_student": 0, "y2018_company": 0, "y2019": 0, "y2019_individual": 0, "y2019_student": 0, "y2019_company": 0, "y2020": 0, "y2020_individual": 0, "y2020_student": 0, "y2020_company": 0, "y2021": 0, "y2021_individual": 0, "y2021_student": 0, "y2021_company": 0, "y2022": 0, "y2022_individual": 0, "y2022_student": 0, "y2022_company": 0, "y2023": 1, "y2023_individual": 1, "y2023_student": 0, "y2023_company": 0, "y2024": 0, "y2024_individual": 0, "y2024_student": 0, "y2024_company": 0, "y2025": 0, "y2025_individual": 0, "y2025_student": 0, "y2025_company": 0, "y2026": 0, "y2026_individual": 0, "y2026_student": 0, "y2026_company": 0, "total": 1, "student_share": 0.0, "recent_share": 0.0, "first_year": 2023, "last_year": 2023, "n_2026": 0, "reassigned_n": 0, "dominant_type": "Individual", "mix": "No students", "place": "Smith River", "in_main": false }, "geometry": { "type": "Point", "coordinates": [ -124.10971, 41.93702 ] } },
{ "type": "Feature", "properties": { "zcta": "95403", "individual": 1, "student": 0, "company": 0, "w2017_19": 1, "w2020_23": 0, "w2024_26": 0, "w2017_19_student": 0, "w2017_19_share": 0.0, "w2017_19_mix": "No students", "w2020_23_student": 0, "w2020_23_share": null, "w2020_23_mix": null, "w2024_26_student": 0, "w2024_26_share": null, "w2024_26_mix": null, "y2017": 1, "y2017_individual": 1, "y2017_student": 0, "y2017_company": 0, "y2018": 0, "y2018_individual": 0, "y2018_student": 0, "y2018_company": 0, "y2019": 0, "y2019_individual": 0, "y2019_student": 0, "y2019_company": 0, "y2020": 0, "y2020_individual": 0, "y2020_student": 0, "y2020_company": 0, "y2021": 0, "y2021_individual": 0, "y2021_student": 0, "y2021_company": 0, "y2022": 0, "y2022_individual": 0, "y2022_student": 0, "y2022_company": 0, "y2023": 0, "y2023_individual": 0, "y2023_student": 0, "y2023_company": 0, "y2024": 0, "y2024_individual": 0, "y2024_student": 0, "y2024_company": 0, "y2025": 0, "y2025_individual": 0, "y2025_student": 0, "y2025_company": 0, "y2026": 0, "y2026_individual": 0, "y2026_student": 0, "y2026_company": 0, "total": 1, "student_share": 0.0, "recent_share": 0.0, "first_year": 2017, "last_year": 2017, "n_2026": 0, "reassigned_n": 0, "dominant_type": "Individual", "mix": "No students", "place": "Santa Rosa", "in_main": true }, "geometry": { "type": "Point", "coordinates": [ -122.80496, 38.50344 ] } },
{ "type": "Feature", "properties": { "zcta": "91732", "individual": 0, "student": 1, "company": 0, "w2017_19": 0, "w2020_23": 0, "w2024_26": 1, "w2017_19_student": 0, "w2017_19_share": null, "w2017_19_mix": null, "w2020_23_student": 0, "w2020_23_share": null, "w2020_23_mix": null, "w2024_26_student": 1, "w2024_26_share": 1.0, "w2024_26_mix": "Mostly students", "y2017": 0, "y2017_individual": 0, "y2017_student": 0, "y2017_company": 0, "y2018": 0, "y2018_individual": 0, "y2018_student": 0, "y2018_company": 0, "y2019": 0, "y2019_individual": 0, "y2019_student": 0, "y2019_company": 0, "y2020": 0, "y2020_individual": 0, "y2020_student": 0, "y2020_company": 0, "y2021": 0, "y2021_individual": 0, "y2021_student": 0, "y2021_company": 0, "y2022": 0, "y2022_individual": 0, "y2022_student": 0, "y2022_company": 0, "y2023": 0, "y2023_individual": 0, "y2023_student": 0, "y2023_company": 0, "y2024": 0, "y2024_individual": 0, "y2024_student": 0, "y2024_company": 0, "y2025": 0, "y2025_individual": 0, "y2025_student": 0, "y2025_company": 0, "y2026": 1, "y2026_individual": 0, "y2026_student": 1, "y2026_company": 0, "total": 1, "student_share": 1.0, "recent_share": 1.0, "first_year": 2026, "last_year": 2026, "n_2026": 1, "reassigned_n": 0, "dominant_type": "Student", "mix": "Mostly students", "place": "El Monte", "in_main": false }, "geometry": { "type": "Point", "coordinates": [ -118.01203, 34.0713 ] } },
{ "type": "Feature", "properties": { "zcta": "95776", "individual": 0, "student": 1, "company": 0, "w2017_19": 0, "w2020_23": 0, "w2024_26": 1, "w2017_19_student": 0, "w2017_19_share": null, "w2017_19_mix": null, "w2020_23_student": 0, "w2020_23_share": null, "w2020_23_mix": null, "w2024_26_student": 1, "w2024_26_share": 1.0, "w2024_26_mix": "Mostly students", "y2017": 0, "y2017_individual": 0, "y2017_student": 0, "y2017_company": 0, "y2018": 0, "y2018_individual": 0, "y2018_student": 0, "y2018_company": 0, "y2019": 0, "y2019_individual": 0, "y2019_student": 0, "y2019_company": 0, "y2020": 0, "y2020_individual": 0, "y2020_student": 0, "y2020_company": 0, "y2021": 0, "y2021_individual": 0, "y2021_student": 0, "y2021_company": 0, "y2022": 0, "y2022_individual": 0, "y2022_student": 0, "y2022_company": 0, "y2023": 0, "y2023_individual": 0, "y2023_student": 0, "y2023_company": 0, "y2024": 0, "y2024_individual": 0, "y2024_student": 0, "y2024_company": 0, "y2025": 0, "y2025_individual": 0, "y2025_student": 0, "y2025_company": 0, "y2026": 1, "y2026_individual": 0, "y2026_student": 1, "y2026_company": 0, "total": 1, "student_share": 1.0, "recent_share": 1.0, "first_year": 2026, "last_year": 2026, "n_2026": 1, "reassigned_n": 0, "dominant_type": "Student", "mix": "Mostly students", "place": "Woodland", "in_main": false }, "geometry": { "type": "Point", "coordinates": [ -121.70516, 38.68477 ] } },
{ "type": "Feature", "properties": { "zcta": "94108", "individual": 3, "student": 0, "company": 0, "w2017_19": 1, "w2020_23": 1, "w2024_26": 1, "w2017_19_student": 0, "w2017_19_share": 0.0, "w2017_19_mix": "No students", "w2020_23_student": 0, "w2020_23_share": 0.0, "w2020_23_mix": "No students", "w2024_26_student": 0, "w2024_26_share": 0.0, "w2024_26_mix": "No students", "y2017": 0, "y2017_individual": 0, "y2017_student": 0, "y2017_company": 0, "y2018": 0, "y2018_individual": 0, "y2018_student": 0, "y2018_company": 0, "y2019": 1, "y2019_individual": 1, "y2019_student": 0, "y2019_company": 0, "y2020": 0, "y2020_individual": 0, "y2020_student": 0, "y2020_company": 0, "y2021": 1, "y2021_individual": 1, "y2021_student": 0, "y2021_company": 0, "y2022": 0, "y2022_individual": 0, "y2022_student": 0, "y2022_company": 0, "y2023": 0, "y2023_individual": 0, "y2023_student": 0, "y2023_company": 0, "y2024": 0, "y2024_individual": 0, "y2024_student": 0, "y2024_company": 0, "y2025": 0, "y2025_individual": 0, "y2025_student": 0, "y2025_company": 0, "y2026": 1, "y2026_individual": 1, "y2026_student": 0, "y2026_company": 0, "total": 3, "student_share": 0.0, "recent_share": 0.333, "first_year": 2019, "last_year": 2026, "n_2026": 1, "reassigned_n": 0, "dominant_type": "Individual", "mix": "No students", "place": "San Francisco", "in_main": true }, "geometry": { "type": "Point", "coordinates": [ -122.40923, 37.79185 ] } },
{ "type": "Feature", "properties": { "zcta": "95018", "individual": 1, "student": 0, "company": 0, "w2017_19": 0, "w2020_23": 1, "w2024_26": 0, "w2017_19_student": 0, "w2017_19_share": null, "w2017_19_mix": null, "w2020_23_student": 0, "w2020_23_share": 0.0, "w2020_23_mix": "No students", "w2024_26_student": 0, "w2024_26_share": null, "w2024_26_mix": null, "y2017": 0, "y2017_individual": 0, "y2017_student": 0, "y2017_company": 0, "y2018": 0, "y2018_individual": 0, "y2018_student": 0, "y2018_company": 0, "y2019": 0, "y2019_individual": 0, "y2019_student": 0, "y2019_company": 0, "y2020": 0, "y2020_individual": 0, "y2020_student": 0, "y2020_company": 0, "y2021": 0, "y2021_individual": 0, "y2021_student": 0, "y2021_company": 0, "y2022": 0, "y2022_individual": 0, "y2022_student": 0, "y2022_company": 0, "y2023": 1, "y2023_individual": 1, "y2023_student": 0, "y2023_company": 0, "y2024": 0, "y2024_individual": 0, "y2024_student": 0, "y2024_company": 0, "y2025": 0, "y2025_individual": 0, "y2025_student": 0, "y2025_company": 0, "y2026": 0, "y2026_individual": 0, "y2026_student": 0, "y2026_company": 0, "total": 1, "student_share": 0.0, "recent_share": 0.0, "first_year": 2023, "last_year": 2023, "n_2026": 0, "reassigned_n": 0, "dominant_type": "Individual", "mix": "No students", "place": "Felton", "in_main": true }, "geometry": { "type": "Point", "coordinates": [ -122.05307, 37.08377 ] } },
{ "type": "Feature", "properties": { "zcta": "94541", "individual": 2, "student": 1, "company": 0, "w2017_19": 2, "w2020_23": 1, "w2024_26": 0, "w2017_19_student": 1, "w2017_19_share": 0.5, "w2017_19_mix": "Mixed", "w2020_23_student": 0, "w2020_23_share": 0.0, "w2020_23_mix": "No students", "w2024_26_student": 0, "w2024_26_share": null, "w2024_26_mix": null, "y2017": 0, "y2017_individual": 0, "y2017_student": 0, "y2017_company": 0, "y2018": 1, "y2018_individual": 1, "y2018_student": 0, "y2018_company": 0, "y2019": 1, "y2019_individual": 0, "y2019_student": 1, "y2019_company": 0, "y2020": 0, "y2020_individual": 0, "y2020_student": 0, "y2020_company": 0, "y2021": 0, "y2021_individual": 0, "y2021_student": 0, "y2021_company": 0, "y2022": 0, "y2022_individual": 0, "y2022_student": 0, "y2022_company": 0, "y2023": 1, "y2023_individual": 1, "y2023_student": 0, "y2023_company": 0, "y2024": 0, "y2024_individual": 0, "y2024_student": 0, "y2024_company": 0, "y2025": 0, "y2025_individual": 0, "y2025_student": 0, "y2025_company": 0, "y2026": 0, "y2026_individual": 0, "y2026_student": 0, "y2026_company": 0, "total": 3, "student_share": 0.333, "recent_share": 0.0, "first_year": 2018, "last_year": 2023, "n_2026": 0, "reassigned_n": 0, "dominant_type": "Individual", "mix": "Mostly professional", "place": "Hayward", "in_main": true }, "geometry": { "type": "Point", "coordinates": [ -122.08576, 37.67497 ] } },
{ "type": "Feature", "properties": { "zcta": "94565", "individual": 1, "student": 0, "company": 0, "w2017_19": 0, "w2020_23": 0, "w2024_26": 1, "w2017_19_student": 0, "w2017_19_share": null, "w2017_19_mix": null, "w2020_23_student": 0, "w2020_23_share": null, "w2020_23_mix": null, "w2024_26_student": 0, "w2024_26_share": 0.0, "w2024_26_mix": "No students", "y2017": 0, "y2017_individual": 0, "y2017_student": 0, "y2017_company": 0, "y2018": 0, "y2018_individual": 0, "y2018_student": 0, "y2018_company": 0, "y2019": 0, "y2019_individual": 0, "y2019_student": 0, "y2019_company": 0, "y2020": 0, "y2020_individual": 0, "y2020_student": 0, "y2020_company": 0, "y2021": 0, "y2021_individual": 0, "y2021_student": 0, "y2021_company": 0, "y2022": 0, "y2022_individual": 0, "y2022_student": 0, "y2022_company": 0, "y2023": 0, "y2023_individual": 0, "y2023_student": 0, "y2023_company": 0, "y2024": 0, "y2024_individual": 0, "y2024_student": 0, "y2024_company": 0, "y2025": 0, "y2025_individual": 0, "y2025_student": 0, "y2025_company": 0, "y2026": 1, "y2026_individual": 1, "y2026_student": 0, "y2026_company": 0, "total": 1, "student_share": 0.0, "recent_share": 1.0, "first_year": 2026, "last_year": 2026, "n_2026": 1, "reassigned_n": 0, "dominant_type": "Individual", "mix": "No students", "place": "Pittsburg", "in_main": true }, "geometry": { "type": "Point", "coordinates": [ -121.91938, 38.00052 ] } },
{ "type": "Feature", "properties": { "zcta": "94605", "individual": 8, "student": 1, "company": 1, "w2017_19": 0, "w2020_23": 9, "w2024_26": 1, "w2017_19_student": 0, "w2017_19_share": null, "w2017_19_mix": null, "w2020_23_student": 0, "w2020_23_share": 0.0, "w2020_23_mix": "No students", "w2024_26_student": 1, "w2024_26_share": 1.0, "w2024_26_mix": "Mostly students", "y2017": 0, "y2017_individual": 0, "y2017_student": 0, "y2017_company": 0, "y2018": 0, "y2018_individual": 0, "y2018_student": 0, "y2018_company": 0, "y2019": 0, "y2019_individual": 0, "y2019_student": 0, "y2019_company": 0, "y2020": 0, "y2020_individual": 0, "y2020_student": 0, "y2020_company": 0, "y2021": 7, "y2021_individual": 6, "y2021_student": 0, "y2021_company": 1, "y2022": 2, "y2022_individual": 2, "y2022_student": 0, "y2022_company": 0, "y2023": 0, "y2023_individual": 0, "y2023_student": 0, "y2023_company": 0, "y2024": 0, "y2024_individual": 0, "y2024_student": 0, "y2024_company": 0, "y2025": 1, "y2025_individual": 0, "y2025_student": 1, "y2025_company": 0, "y2026": 0, "y2026_individual": 0, "y2026_student": 0, "y2026_company": 0, "total": 10, "student_share": 0.1, "recent_share": 0.1, "first_year": 2021, "last_year": 2025, "n_2026": 0, "reassigned_n": 0, "dominant_type": "Individual", "mix": "Mostly professional", "place": "Oakland", "in_main": true }, "geometry": { "type": "Point", "coordinates": [ -122.14452, 37.75677 ] } },
{ "type": "Feature", "properties": { "zcta": "94705", "individual": 3, "student": 1, "company": 0, "w2017_19": 3, "w2020_23": 0, "w2024_26": 1, "w2017_19_student": 0, "w2017_19_share": 0.0, "w2017_19_mix": "No students", "w2020_23_student": 0, "w2020_23_share": null, "w2020_23_mix": null, "w2024_26_student": 1, "w2024_26_share": 1.0, "w2024_26_mix": "Mostly students", "y2017": 0, "y2017_individual": 0, "y2017_student": 0, "y2017_company": 0, "y2018": 1, "y2018_individual": 1, "y2018_student": 0, "y2018_company": 0, "y2019": 2, "y2019_individual": 2, "y2019_student": 0, "y2019_company": 0, "y2020": 0, "y2020_individual": 0, "y2020_student": 0, "y2020_company": 0, "y2021": 0, "y2021_individual": 0, "y2021_student": 0, "y2021_company": 0, "y2022": 0, "y2022_individual": 0, "y2022_student": 0, "y2022_company": 0, "y2023": 0, "y2023_individual": 0, "y2023_student": 0, "y2023_company": 0, "y2024": 0, "y2024_individual": 0, "y2024_student": 0, "y2024_company": 0, "y2025": 0, "y2025_individual": 0, "y2025_student": 0, "y2025_company": 0, "y2026": 1, "y2026_individual": 0, "y2026_student": 1, "y2026_company": 0, "total": 4, "student_share": 0.25, "recent_share": 0.25, "first_year": 2018, "last_year": 2026, "n_2026": 1, "reassigned_n": 0, "dominant_type": "Individual", "mix": "Mostly professional", "place": "Oakland", "in_main": true }, "geometry": { "type": "Point", "coordinates": [ -122.22946, 37.86743 ] } },
{ "type": "Feature", "properties": { "zcta": "94801", "individual": 0, "student": 1, "company": 0, "w2017_19": 1, "w2020_23": 0, "w2024_26": 0, "w2017_19_student": 1, "w2017_19_share": 1.0, "w2017_19_mix": "Mostly students", "w2020_23_student": 0, "w2020_23_share": null, "w2020_23_mix": null, "w2024_26_student": 0, "w2024_26_share": null, "w2024_26_mix": null, "y2017": 0, "y2017_individual": 0, "y2017_student": 0, "y2017_company": 0, "y2018": 1, "y2018_individual": 0, "y2018_student": 1, "y2018_company": 0, "y2019": 0, "y2019_individual": 0, "y2019_student": 0, "y2019_company": 0, "y2020": 0, "y2020_individual": 0, "y2020_student": 0, "y2020_company": 0, "y2021": 0, "y2021_individual": 0, "y2021_student": 0, "y2021_company": 0, "y2022": 0, "y2022_individual": 0, "y2022_student": 0, "y2022_company": 0, "y2023": 0, "y2023_individual": 0, "y2023_student": 0, "y2023_company": 0, "y2024": 0, "y2024_individual": 0, "y2024_student": 0, "y2024_company": 0, "y2025": 0, "y2025_individual": 0, "y2025_student": 0, "y2025_company": 0, "y2026": 0, "y2026_individual": 0, "y2026_student": 0, "y2026_company": 0, "total": 1, "student_share": 1.0, "recent_share": 0.0, "first_year": 2018, "last_year": 2018, "n_2026": 0, "reassigned_n": 0, "dominant_type": "Student", "mix": "Mostly students", "place": "Richmond", "in_main": true }, "geometry": { "type": "Point", "coordinates": [ -122.37734, 37.95884 ] } },
{ "type": "Feature", "properties": { "zcta": "94805", "individual": 1, "student": 0, "company": 0, "w2017_19": 0, "w2020_23": 1, "w2024_26": 0, "w2017_19_student": 0, "w2017_19_share": null, "w2017_19_mix": null, "w2020_23_student": 0, "w2020_23_share": 0.0, "w2020_23_mix": "No students", "w2024_26_student": 0, "w2024_26_share": null, "w2024_26_mix": null, "y2017": 0, "y2017_individual": 0, "y2017_student": 0, "y2017_company": 0, "y2018": 0, "y2018_individual": 0, "y2018_student": 0, "y2018_company": 0, "y2019": 0, "y2019_individual": 0, "y2019_student": 0, "y2019_company": 0, "y2020": 0, "y2020_individual": 0, "y2020_student": 0, "y2020_company": 0, "y2021": 0, "y2021_individual": 0, "y2021_student": 0, "y2021_company": 0, "y2022": 1, "y2022_individual": 1, "y2022_student": 0, "y2022_company": 0, "y2023": 0, "y2023_individual": 0, "y2023_student": 0, "y2023_company": 0, "y2024": 0, "y2024_individual": 0, "y2024_student": 0, "y2024_company": 0, "y2025": 0, "y2025_individual": 0, "y2025_student": 0, "y2025_company": 0, "y2026": 0, "y2026_individual": 0, "y2026_student": 0, "y2026_company": 0, "total": 1, "student_share": 0.0, "recent_share": 0.0, "first_year": 2022, "last_year": 2022, "n_2026": 0, "reassigned_n": 0, "dominant_type": "Individual", "mix": "No students", "place": "Richmond", "in_main": true }, "geometry": { "type": "Point", "coordinates": [ -122.32239, 37.94319 ] } },
{ "type": "Feature", "properties": { "zcta": "95838", "individual": 0, "student": 1, "company": 0, "w2017_19": 0, "w2020_23": 0, "w2024_26": 1, "w2017_19_student": 0, "w2017_19_share": null, "w2017_19_mix": null, "w2020_23_student": 0, "w2020_23_share": null, "w2020_23_mix": null, "w2024_26_student": 1, "w2024_26_share": 1.0, "w2024_26_mix": "Mostly students", "y2017": 0, "y2017_individual": 0, "y2017_student": 0, "y2017_company": 0, "y2018": 0, "y2018_individual": 0, "y2018_student": 0, "y2018_company": 0, "y2019": 0, "y2019_individual": 0, "y2019_student": 0, "y2019_company": 0, "y2020": 0, "y2020_individual": 0, "y2020_student": 0, "y2020_company": 0, "y2021": 0, "y2021_individual": 0, "y2021_student": 0, "y2021_company": 0, "y2022": 0, "y2022_individual": 0, "y2022_student": 0, "y2022_company": 0, "y2023": 0, "y2023_individual": 0, "y2023_student": 0, "y2023_company": 0, "y2024": 0, "y2024_individual": 0, "y2024_student": 0, "y2024_company": 0, "y2025": 0, "y2025_individual": 0, "y2025_student": 0, "y2025_company": 0, "y2026": 1, "y2026_individual": 0, "y2026_student": 1, "y2026_company": 0, "total": 1, "student_share": 1.0, "recent_share": 1.0, "first_year": 2026, "last_year": 2026, "n_2026": 1, "reassigned_n": 0, "dominant_type": "Student", "mix": "Mostly students", "place": "Sacramento", "in_main": false }, "geometry": { "type": "Point", "coordinates": [ -121.44147, 38.64432 ] } },
{ "type": "Feature", "properties": { "zcta": "95008", "individual": 2, "student": 1, "company": 0, "w2017_19": 1, "w2020_23": 0, "w2024_26": 2, "w2017_19_student": 0, "w2017_19_share": 0.0, "w2017_19_mix": "No students", "w2020_23_student": 0, "w2020_23_share": null, "w2020_23_mix": null, "w2024_26_student": 1, "w2024_26_share": 0.5, "w2024_26_mix": "Mixed", "y2017": 0, "y2017_individual": 0, "y2017_student": 0, "y2017_company": 0, "y2018": 1, "y2018_individual": 1, "y2018_student": 0, "y2018_company": 0, "y2019": 0, "y2019_individual": 0, "y2019_student": 0, "y2019_company": 0, "y2020": 0, "y2020_individual": 0, "y2020_student": 0, "y2020_company": 0, "y2021": 0, "y2021_individual": 0, "y2021_student": 0, "y2021_company": 0, "y2022": 0, "y2022_individual": 0, "y2022_student": 0, "y2022_company": 0, "y2023": 0, "y2023_individual": 0, "y2023_student": 0, "y2023_company": 0, "y2024": 0, "y2024_individual": 0, "y2024_student": 0, "y2024_company": 0, "y2025": 1, "y2025_individual": 1, "y2025_student": 0, "y2025_company": 0, "y2026": 1, "y2026_individual": 0, "y2026_student": 1, "y2026_company": 0, "total": 3, "student_share": 0.333, "recent_share": 0.667, "first_year": 2018, "last_year": 2026, "n_2026": 1, "reassigned_n": 0, "dominant_type": "Individual", "mix": "Mostly professional", "place": "Campbell", "in_main": true }, "geometry": { "type": "Point", "coordinates": [ -121.95455, 37.27951 ] } },
{ "type": "Feature", "properties": { "zcta": "95035", "individual": 0, "student": 2, "company": 0, "w2017_19": 0, "w2020_23": 2, "w2024_26": 0, "w2017_19_student": 0, "w2017_19_share": null, "w2017_19_mix": null, "w2020_23_student": 2, "w2020_23_share": 1.0, "w2020_23_mix": "Mostly students", "w2024_26_student": 0, "w2024_26_share": null, "w2024_26_mix": null, "y2017": 0, "y2017_individual": 0, "y2017_student": 0, "y2017_company": 0, "y2018": 0, "y2018_individual": 0, "y2018_student": 0, "y2018_company": 0, "y2019": 0, "y2019_individual": 0, "y2019_student": 0, "y2019_company": 0, "y2020": 0, "y2020_individual": 0, "y2020_student": 0, "y2020_company": 0, "y2021": 1, "y2021_individual": 0, "y2021_student": 1, "y2021_company": 0, "y2022": 0, "y2022_individual": 0, "y2022_student": 0, "y2022_company": 0, "y2023": 1, "y2023_individual": 0, "y2023_student": 1, "y2023_company": 0, "y2024": 0, "y2024_individual": 0, "y2024_student": 0, "y2024_company": 0, "y2025": 0, "y2025_individual": 0, "y2025_student": 0, "y2025_company": 0, "y2026": 0, "y2026_individual": 0, "y2026_student": 0, "y2026_company": 0, "total": 2, "student_share": 1.0, "recent_share": 0.0, "first_year": 2021, "last_year": 2023, "n_2026": 0, "reassigned_n": 0, "dominant_type": "Student", "mix": "Mostly students", "place": "Milpitas", "in_main": true }, "geometry": { "type": "Point", "coordinates": [ -121.87448, 37.43985 ] } },
{ "type": "Feature", "properties": { "zcta": "94010", "individual": 2, "student": 0, "company": 0, "w2017_19": 1, "w2020_23": 1, "w2024_26": 0, "w2017_19_student": 0, "w2017_19_share": 0.0, "w2017_19_mix": "No students", "w2020_23_student": 0, "w2020_23_share": 0.0, "w2020_23_mix": "No students", "w2024_26_student": 0, "w2024_26_share": null, "w2024_26_mix": null, "y2017": 0, "y2017_individual": 0, "y2017_student": 0, "y2017_company": 0, "y2018": 0, "y2018_individual": 0, "y2018_student": 0, "y2018_company": 0, "y2019": 1, "y2019_individual": 1, "y2019_student": 0, "y2019_company": 0, "y2020": 0, "y2020_individual": 0, "y2020_student": 0, "y2020_company": 0, "y2021": 0, "y2021_individual": 0, "y2021_student": 0, "y2021_company": 0, "y2022": 1, "y2022_individual": 1, "y2022_student": 0, "y2022_company": 0, "y2023": 0, "y2023_individual": 0, "y2023_student": 0, "y2023_company": 0, "y2024": 0, "y2024_individual": 0, "y2024_student": 0, "y2024_company": 0, "y2025": 0, "y2025_individual": 0, "y2025_student": 0, "y2025_company": 0, "y2026": 0, "y2026_individual": 0, "y2026_student": 0, "y2026_company": 0, "total": 2, "student_share": 0.0, "recent_share": 0.0, "first_year": 2019, "last_year": 2022, "n_2026": 0, "reassigned_n": 0, "dominant_type": "Individual", "mix": "No students", "place": "Hillsborough", "in_main": true }, "geometry": { "type": "Point", "coordinates": [ -122.37494, 37.57542 ] } },
{ "type": "Feature", "properties": { "zcta": "94102", "individual": 2, "student": 0, "company": 0, "w2017_19": 0, "w2020_23": 2, "w2024_26": 0, "w2017_19_student": 0, "w2017_19_share": null, "w2017_19_mix": null, "w2020_23_student": 0, "w2020_23_share": 0.0, "w2020_23_mix": "No students", "w2024_26_student": 0, "w2024_26_share": null, "w2024_26_mix": null, "y2017": 0, "y2017_individual": 0, "y2017_student": 0, "y2017_company": 0, "y2018": 0, "y2018_individual": 0, "y2018_student": 0, "y2018_company": 0, "y2019": 0, "y2019_individual": 0, "y2019_student": 0, "y2019_company": 0, "y2020": 0, "y2020_individual": 0, "y2020_student": 0, "y2020_company": 0, "y2021": 1, "y2021_individual": 1, "y2021_student": 0, "y2021_company": 0, "y2022": 0, "y2022_individual": 0, "y2022_student": 0, "y2022_company": 0, "y2023": 1, "y2023_individual": 1, "y2023_student": 0, "y2023_company": 0, "y2024": 0, "y2024_individual": 0, "y2024_student": 0, "y2024_company": 0, "y2025": 0, "y2025_individual": 0, "y2025_student": 0, "y2025_company": 0, "y2026": 0, "y2026_individual": 0, "y2026_student": 0, "y2026_company": 0, "total": 2, "student_share": 0.0, "recent_share": 0.0, "first_year": 2021, "last_year": 2023, "n_2026": 0, "reassigned_n": 0, "dominant_type": "Individual", "mix": "No students", "place": "San Francisco", "in_main": true }, "geometry": { "type": "Point", "coordinates": [ -122.42034, 37.77956 ] } },
{ "type": "Feature", "properties": { "zcta": "94116", "individual": 1, "student": 0, "company": 0, "w2017_19": 0, "w2020_23": 0, "w2024_26": 1, "w2017_19_student": 0, "w2017_19_share": null, "w2017_19_mix": null, "w2020_23_student": 0, "w2020_23_share": null, "w2020_23_mix": null, "w2024_26_student": 0, "w2024_26_share": 0.0, "w2024_26_mix": "No students", "y2017": 0, "y2017_individual": 0, "y2017_student": 0, "y2017_company": 0, "y2018": 0, "y2018_individual": 0, "y2018_student": 0, "y2018_company": 0, "y2019": 0, "y2019_individual": 0, "y2019_student": 0, "y2019_company": 0, "y2020": 0, "y2020_individual": 0, "y2020_student": 0, "y2020_company": 0, "y2021": 0, "y2021_individual": 0, "y2021_student": 0, "y2021_company": 0, "y2022": 0, "y2022_individual": 0, "y2022_student": 0, "y2022_company": 0, "y2023": 0, "y2023_individual": 0, "y2023_student": 0, "y2023_company": 0, "y2024": 1, "y2024_individual": 1, "y2024_student": 0, "y2024_company": 0, "y2025": 0, "y2025_individual": 0, "y2025_student": 0, "y2025_company": 0, "y2026": 0, "y2026_individual": 0, "y2026_student": 0, "y2026_company": 0, "total": 1, "student_share": 0.0, "recent_share": 1.0, "first_year": 2024, "last_year": 2024, "n_2026": 0, "reassigned_n": 0, "dominant_type": "Individual", "mix": "No students", "place": "San Francisco", "in_main": true }, "geometry": { "type": "Point", "coordinates": [ -122.48492, 37.74468 ] } },
{ "type": "Feature", "properties": { "zcta": "94301", "individual": 1, "student": 0, "company": 0, "w2017_19": 0, "w2020_23": 1, "w2024_26": 0, "w2017_19_student": 0, "w2017_19_share": null, "w2017_19_mix": null, "w2020_23_student": 0, "w2020_23_share": 0.0, "w2020_23_mix": "No students", "w2024_26_student": 0, "w2024_26_share": null, "w2024_26_mix": null, "y2017": 0, "y2017_individual": 0, "y2017_student": 0, "y2017_company": 0, "y2018": 0, "y2018_individual": 0, "y2018_student": 0, "y2018_company": 0, "y2019": 0, "y2019_individual": 0, "y2019_student": 0, "y2019_company": 0, "y2020": 1, "y2020_individual": 1, "y2020_student": 0, "y2020_company": 0, "y2021": 0, "y2021_individual": 0, "y2021_student": 0, "y2021_company": 0, "y2022": 0, "y2022_individual": 0, "y2022_student": 0, "y2022_company": 0, "y2023": 0, "y2023_individual": 0, "y2023_student": 0, "y2023_company": 0, "y2024": 0, "y2024_individual": 0, "y2024_student": 0, "y2024_company": 0, "y2025": 0, "y2025_individual": 0, "y2025_student": 0, "y2025_company": 0, "y2026": 0, "y2026_individual": 0, "y2026_student": 0, "y2026_company": 0, "total": 1, "student_share": 0.0, "recent_share": 0.0, "first_year": 2020, "last_year": 2020, "n_2026": 0, "reassigned_n": 0, "dominant_type": "Individual", "mix": "No students", "place": "Palo Alto", "in_main": true }, "geometry": { "type": "Point", "coordinates": [ -122.15399, 37.44277 ] } },
{ "type": "Feature", "properties": { "zcta": "92109", "individual": 0, "student": 0, "company": 1, "w2017_19": 0, "w2020_23": 0, "w2024_26": 1, "w2017_19_student": 0, "w2017_19_share": null, "w2017_19_mix": null, "w2020_23_student": 0, "w2020_23_share": null, "w2020_23_mix": null, "w2024_26_student": 0, "w2024_26_share": 0.0, "w2024_26_mix": "No students", "y2017": 0, "y2017_individual": 0, "y2017_student": 0, "y2017_company": 0, "y2018": 0, "y2018_individual": 0, "y2018_student": 0, "y2018_company": 0, "y2019": 0, "y2019_individual": 0, "y2019_student": 0, "y2019_company": 0, "y2020": 0, "y2020_individual": 0, "y2020_student": 0, "y2020_company": 0, "y2021": 0, "y2021_individual": 0, "y2021_student": 0, "y2021_company": 0, "y2022": 0, "y2022_individual": 0, "y2022_student": 0, "y2022_company": 0, "y2023": 0, "y2023_individual": 0, "y2023_student": 0, "y2023_company": 0, "y2024": 0, "y2024_individual": 0, "y2024_student": 0, "y2024_company": 0, "y2025": 1, "y2025_individual": 0, "y2025_student": 0, "y2025_company": 1, "y2026": 0, "y2026_individual": 0, "y2026_student": 0, "y2026_company": 0, "total": 1, "student_share": 0.0, "recent_share": 1.0, "first_year": 2025, "last_year": 2025, "n_2026": 0, "reassigned_n": 0, "dominant_type": "Company", "mix": "No students", "place": "San Diego", "in_main": false }, "geometry": { "type": "Point", "coordinates": [ -117.23307, 32.79674 ] } },
{ "type": "Feature", "properties": { "zcta": "95819", "individual": 1, "student": 0, "company": 0, "w2017_19": 0, "w2020_23": 0, "w2024_26": 1, "w2017_19_student": 0, "w2017_19_share": null, "w2017_19_mix": null, "w2020_23_student": 0, "w2020_23_share": null, "w2020_23_mix": null, "w2024_26_student": 0, "w2024_26_share": 0.0, "w2024_26_mix": "No students", "y2017": 0, "y2017_individual": 0, "y2017_student": 0, "y2017_company": 0, "y2018": 0, "y2018_individual": 0, "y2018_student": 0, "y2018_company": 0, "y2019": 0, "y2019_individual": 0, "y2019_student": 0, "y2019_company": 0, "y2020": 0, "y2020_individual": 0, "y2020_student": 0, "y2020_company": 0, "y2021": 0, "y2021_individual": 0, "y2021_student": 0, "y2021_company": 0, "y2022": 0, "y2022_individual": 0, "y2022_student": 0, "y2022_company": 0, "y2023": 0, "y2023_individual": 0, "y2023_student": 0, "y2023_company": 0, "y2024": 0, "y2024_individual": 0, "y2024_student": 0, "y2024_company": 0, "y2025": 1, "y2025_individual": 1, "y2025_student": 0, "y2025_company": 0, "y2026": 0, "y2026_individual": 0, "y2026_student": 0, "y2026_company": 0, "total": 1, "student_share": 0.0, "recent_share": 1.0, "first_year": 2025, "last_year": 2025, "n_2026": 0, "reassigned_n": 0, "dominant_type": "Individual", "mix": "No students", "place": "Sacramento", "in_main": false }, "geometry": { "type": "Point", "coordinates": [ -121.43894, 38.5691 ] } },
{ "type": "Feature", "properties": { "zcta": "94110", "individual": 12, "student": 5, "company": 0, "w2017_19": 4, "w2020_23": 7, "w2024_26": 6, "w2017_19_student": 0, "w2017_19_share": 0.0, "w2017_19_mix": "No students", "w2020_23_student": 4, "w2020_23_share": 0.571, "w2020_23_mix": "Mixed", "w2024_26_student": 1, "w2024_26_share": 0.167, "w2024_26_mix": "Mostly professional", "y2017": 0, "y2017_individual": 0, "y2017_student": 0, "y2017_company": 0, "y2018": 3, "y2018_individual": 3, "y2018_student": 0, "y2018_company": 0, "y2019": 1, "y2019_individual": 1, "y2019_student": 0, "y2019_company": 0, "y2020": 3, "y2020_individual": 0, "y2020_student": 3, "y2020_company": 0, "y2021": 1, "y2021_individual": 0, "y2021_student": 1, "y2021_company": 0, "y2022": 1, "y2022_individual": 1, "y2022_student": 0, "y2022_company": 0, "y2023": 2, "y2023_individual": 2, "y2023_student": 0, "y2023_company": 0, "y2024": 1, "y2024_individual": 1, "y2024_student": 0, "y2024_company": 0, "y2025": 3, "y2025_individual": 3, "y2025_student": 0, "y2025_company": 0, "y2026": 2, "y2026_individual": 1, "y2026_student": 1, "y2026_company": 0, "total": 17, "student_share": 0.294, "recent_share": 0.353, "first_year": 2018, "last_year": 2026, "n_2026": 2, "reassigned_n": 0, "dominant_type": "Individual", "mix": "Mostly professional", "place": "San Francisco", "in_main": true }, "geometry": { "type": "Point", "coordinates": [ -122.41449, 37.74838 ] } },
{ "type": "Feature", "properties": { "zcta": "94619", "individual": 1, "student": 0, "company": 0, "w2017_19": 0, "w2020_23": 0, "w2024_26": 1, "w2017_19_student": 0, "w2017_19_share": null, "w2017_19_mix": null, "w2020_23_student": 0, "w2020_23_share": null, "w2020_23_mix": null, "w2024_26_student": 0, "w2024_26_share": 0.0, "w2024_26_mix": "No students", "y2017": 0, "y2017_individual": 0, "y2017_student": 0, "y2017_company": 0, "y2018": 0, "y2018_individual": 0, "y2018_student": 0, "y2018_company": 0, "y2019": 0, "y2019_individual": 0, "y2019_student": 0, "y2019_company": 0, "y2020": 0, "y2020_individual": 0, "y2020_student": 0, "y2020_company": 0, "y2021": 0, "y2021_individual": 0, "y2021_student": 0, "y2021_company": 0, "y2022": 0, "y2022_individual": 0, "y2022_student": 0, "y2022_company": 0, "y2023": 0, "y2023_individual": 0, "y2023_student": 0, "y2023_company": 0, "y2024": 0, "y2024_individual": 0, "y2024_student": 0, "y2024_company": 0, "y2025": 1, "y2025_individual": 1, "y2025_student": 0, "y2025_company": 0, "y2026": 0, "y2026_individual": 0, "y2026_student": 0, "y2026_company": 0, "total": 1, "student_share": 0.0, "recent_share": 1.0, "first_year": 2025, "last_year": 2025, "n_2026": 0, "reassigned_n": 0, "dominant_type": "Individual", "mix": "No students", "place": "Oakland", "in_main": true }, "geometry": { "type": "Point", "coordinates": [ -122.15016, 37.78604 ] } },
{ "type": "Feature", "properties": { "zcta": "93950", "individual": 1, "student": 0, "company": 0, "w2017_19": 0, "w2020_23": 0, "w2024_26": 1, "w2017_19_student": 0, "w2017_19_share": null, "w2017_19_mix": null, "w2020_23_student": 0, "w2020_23_share": null, "w2020_23_mix": null, "w2024_26_student": 0, "w2024_26_share": 0.0, "w2024_26_mix": "No students", "y2017": 0, "y2017_individual": 0, "y2017_student": 0, "y2017_company": 0, "y2018": 0, "y2018_individual": 0, "y2018_student": 0, "y2018_company": 0, "y2019": 0, "y2019_individual": 0, "y2019_student": 0, "y2019_company": 0, "y2020": 0, "y2020_individual": 0, "y2020_student": 0, "y2020_company": 0, "y2021": 0, "y2021_individual": 0, "y2021_student": 0, "y2021_company": 0, "y2022": 0, "y2022_individual": 0, "y2022_student": 0, "y2022_company": 0, "y2023": 0, "y2023_individual": 0, "y2023_student": 0, "y2023_company": 0, "y2024": 0, "y2024_individual": 0, "y2024_student": 0, "y2024_company": 0, "y2025": 0, "y2025_individual": 0, "y2025_student": 0, "y2025_company": 0, "y2026": 1, "y2026_individual": 1, "y2026_student": 0, "y2026_company": 0, "total": 1, "student_share": 0.0, "recent_share": 1.0, "first_year": 2026, "last_year": 2026, "n_2026": 1, "reassigned_n": 0, "dominant_type": "Individual", "mix": "No students", "place": "Pacific Grove", "in_main": false }, "geometry": { "type": "Point", "coordinates": [ -121.92185, 36.61721 ] } },
{ "type": "Feature", "properties": { "zcta": "94002", "individual": 1, "student": 0, "company": 0, "w2017_19": 0, "w2020_23": 1, "w2024_26": 0, "w2017_19_student": 0, "w2017_19_share": null, "w2017_19_mix": null, "w2020_23_student": 0, "w2020_23_share": 0.0, "w2020_23_mix": "No students", "w2024_26_student": 0, "w2024_26_share": null, "w2024_26_mix": null, "y2017": 0, "y2017_individual": 0, "y2017_student": 0, "y2017_company": 0, "y2018": 0, "y2018_individual": 0, "y2018_student": 0, "y2018_company": 0, "y2019": 0, "y2019_individual": 0, "y2019_student": 0, "y2019_company": 0, "y2020": 0, "y2020_individual": 0, "y2020_student": 0, "y2020_company": 0, "y2021": 0, "y2021_individual": 0, "y2021_student": 0, "y2021_company": 0, "y2022": 0, "y2022_individual": 0, "y2022_student": 0, "y2022_company": 0, "y2023": 1, "y2023_individual": 1, "y2023_student": 0, "y2023_company": 0, "y2024": 0, "y2024_individual": 0, "y2024_student": 0, "y2024_company": 0, "y2025": 0, "y2025_individual": 0, "y2025_student": 0, "y2025_company": 0, "y2026": 0, "y2026_individual": 0, "y2026_student": 0, "y2026_company": 0, "total": 1, "student_share": 0.0, "recent_share": 0.0, "first_year": 2023, "last_year": 2023, "n_2026": 0, "reassigned_n": 0, "dominant_type": "Individual", "mix": "No students", "place": "Belmont", "in_main": true }, "geometry": { "type": "Point", "coordinates": [ -122.29789, 37.51404 ] } },
{ "type": "Feature", "properties": { "zcta": "94134", "individual": 2, "student": 1, "company": 0, "w2017_19": 0, "w2020_23": 1, "w2024_26": 2, "w2017_19_student": 0, "w2017_19_share": null, "w2017_19_mix": null, "w2020_23_student": 1, "w2020_23_share": 1.0, "w2020_23_mix": "Mostly students", "w2024_26_student": 0, "w2024_26_share": 0.0, "w2024_26_mix": "No students", "y2017": 0, "y2017_individual": 0, "y2017_student": 0, "y2017_company": 0, "y2018": 0, "y2018_individual": 0, "y2018_student": 0, "y2018_company": 0, "y2019": 0, "y2019_individual": 0, "y2019_student": 0, "y2019_company": 0, "y2020": 1, "y2020_individual": 0, "y2020_student": 1, "y2020_company": 0, "y2021": 0, "y2021_individual": 0, "y2021_student": 0, "y2021_company": 0, "y2022": 0, "y2022_individual": 0, "y2022_student": 0, "y2022_company": 0, "y2023": 0, "y2023_individual": 0, "y2023_student": 0, "y2023_company": 0, "y2024": 0, "y2024_individual": 0, "y2024_student": 0, "y2024_company": 0, "y2025": 2, "y2025_individual": 2, "y2025_student": 0, "y2025_company": 0, "y2026": 0, "y2026_individual": 0, "y2026_student": 0, "y2026_company": 0, "total": 3, "student_share": 0.333, "recent_share": 0.667, "first_year": 2020, "last_year": 2025, "n_2026": 0, "reassigned_n": 0, "dominant_type": "Individual", "mix": "Mostly professional", "place": "San Francisco", "in_main": true }, "geometry": { "type": "Point", "coordinates": [ -122.41237, 37.72287 ] } },
{ "type": "Feature", "properties": { "zcta": "94940", "individual": 1, "student": 0, "company": 0, "w2017_19": 0, "w2020_23": 1, "w2024_26": 0, "w2017_19_student": 0, "w2017_19_share": null, "w2017_19_mix": null, "w2020_23_student": 0, "w2020_23_share": 0.0, "w2020_23_mix": "No students", "w2024_26_student": 0, "w2024_26_share": null, "w2024_26_mix": null, "y2017": 0, "y2017_individual": 0, "y2017_student": 0, "y2017_company": 0, "y2018": 0, "y2018_individual": 0, "y2018_student": 0, "y2018_company": 0, "y2019": 0, "y2019_individual": 0, "y2019_student": 0, "y2019_company": 0, "y2020": 0, "y2020_individual": 0, "y2020_student": 0, "y2020_company": 0, "y2021": 1, "y2021_individual": 1, "y2021_student": 0, "y2021_company": 0, "y2022": 0, "y2022_individual": 0, "y2022_student": 0, "y2022_company": 0, "y2023": 0, "y2023_individual": 0, "y2023_student": 0, "y2023_company": 0, "y2024": 0, "y2024_individual": 0, "y2024_student": 0, "y2024_company": 0, "y2025": 0, "y2025_individual": 0, "y2025_student": 0, "y2025_company": 0, "y2026": 0, "y2026_individual": 0, "y2026_student": 0, "y2026_company": 0, "total": 1, "student_share": 0.0, "recent_share": 0.0, "first_year": 2021, "last_year": 2021, "n_2026": 0, "reassigned_n": 0, "dominant_type": "Individual", "mix": "No students", "place": "Point Reyes Station", "in_main": true }, "geometry": { "type": "Point", "coordinates": [ -122.88328, 38.15843 ] } },
{ "type": "Feature", "properties": { "zcta": "94132", "individual": 1, "student": 0, "company": 0, "w2017_19": 0, "w2020_23": 1, "w2024_26": 0, "w2017_19_student": 0, "w2017_19_share": null, "w2017_19_mix": null, "w2020_23_student": 0, "w2020_23_share": 0.0, "w2020_23_mix": "No students", "w2024_26_student": 0, "w2024_26_share": null, "w2024_26_mix": null, "y2017": 0, "y2017_individual": 0, "y2017_student": 0, "y2017_company": 0, "y2018": 0, "y2018_individual": 0, "y2018_student": 0, "y2018_company": 0, "y2019": 0, "y2019_individual": 0, "y2019_student": 0, "y2019_company": 0, "y2020": 1, "y2020_individual": 1, "y2020_student": 0, "y2020_company": 0, "y2021": 0, "y2021_individual": 0, "y2021_student": 0, "y2021_company": 0, "y2022": 0, "y2022_individual": 0, "y2022_student": 0, "y2022_company": 0, "y2023": 0, "y2023_individual": 0, "y2023_student": 0, "y2023_company": 0, "y2024": 0, "y2024_individual": 0, "y2024_student": 0, "y2024_company": 0, "y2025": 0, "y2025_individual": 0, "y2025_student": 0, "y2025_company": 0, "y2026": 0, "y2026_individual": 0, "y2026_student": 0, "y2026_company": 0, "total": 1, "student_share": 0.0, "recent_share": 0.0, "first_year": 2020, "last_year": 2020, "n_2026": 0, "reassigned_n": 0, "dominant_type": "Individual", "mix": "No students", "place": "San Francisco", "in_main": true }, "geometry": { "type": "Point", "coordinates": [ -122.48773, 37.72298 ] } },
{ "type": "Feature", "properties": { "zcta": "95014", "individual": 2, "student": 2, "company": 0, "w2017_19": 0, "w2020_23": 1, "w2024_26": 3, "w2017_19_student": 0, "w2017_19_share": null, "w2017_19_mix": null, "w2020_23_student": 0, "w2020_23_share": 0.0, "w2020_23_mix": "No students", "w2024_26_student": 2, "w2024_26_share": 0.667, "w2024_26_mix": "Mostly students", "y2017": 0, "y2017_individual": 0, "y2017_student": 0, "y2017_company": 0, "y2018": 0, "y2018_individual": 0, "y2018_student": 0, "y2018_company": 0, "y2019": 0, "y2019_individual": 0, "y2019_student": 0, "y2019_company": 0, "y2020": 0, "y2020_individual": 0, "y2020_student": 0, "y2020_company": 0, "y2021": 1, "y2021_individual": 1, "y2021_student": 0, "y2021_company": 0, "y2022": 0, "y2022_individual": 0, "y2022_student": 0, "y2022_company": 0, "y2023": 0, "y2023_individual": 0, "y2023_student": 0, "y2023_company": 0, "y2024": 0, "y2024_individual": 0, "y2024_student": 0, "y2024_company": 0, "y2025": 1, "y2025_individual": 1, "y2025_student": 0, "y2025_company": 0, "y2026": 2, "y2026_individual": 0, "y2026_student": 2, "y2026_company": 0, "total": 4, "student_share": 0.5, "recent_share": 0.75, "first_year": 2021, "last_year": 2026, "n_2026": 2, "reassigned_n": 0, "dominant_type": "Individual", "mix": "Mixed", "place": "Cupertino", "in_main": true }, "geometry": { "type": "Point", "coordinates": [ -122.08359, 37.30194 ] } },
{ "type": "Feature", "properties": { "zcta": "94588", "individual": 0, "student": 1, "company": 0, "w2017_19": 0, "w2020_23": 1, "w2024_26": 0, "w2017_19_student": 0, "w2017_19_share": null, "w2017_19_mix": null, "w2020_23_student": 1, "w2020_23_share": 1.0, "w2020_23_mix": "Mostly students", "w2024_26_student": 0, "w2024_26_share": null, "w2024_26_mix": null, "y2017": 0, "y2017_individual": 0, "y2017_student": 0, "y2017_company": 0, "y2018": 0, "y2018_individual": 0, "y2018_student": 0, "y2018_company": 0, "y2019": 0, "y2019_individual": 0, "y2019_student": 0, "y2019_company": 0, "y2020": 0, "y2020_individual": 0, "y2020_student": 0, "y2020_company": 0, "y2021": 1, "y2021_individual": 0, "y2021_student": 1, "y2021_company": 0, "y2022": 0, "y2022_individual": 0, "y2022_student": 0, "y2022_company": 0, "y2023": 0, "y2023_individual": 0, "y2023_student": 0, "y2023_company": 0, "y2024": 0, "y2024_individual": 0, "y2024_student": 0, "y2024_company": 0, "y2025": 0, "y2025_individual": 0, "y2025_student": 0, "y2025_company": 0, "y2026": 0, "y2026_individual": 0, "y2026_student": 0, "y2026_company": 0, "total": 1, "student_share": 1.0, "recent_share": 0.0, "first_year": 2021, "last_year": 2021, "n_2026": 0, "reassigned_n": 0, "dominant_type": "Student", "mix": "Mostly students", "place": "Pleasanton", "in_main": true }, "geometry": { "type": "Point", "coordinates": [ -121.93003, 37.66689 ] } },
{ "type": "Feature", "properties": { "zcta": "94556", "individual": 2, "student": 0, "company": 0, "w2017_19": 1, "w2020_23": 1, "w2024_26": 0, "w2017_19_student": 0, "w2017_19_share": 0.0, "w2017_19_mix": "No students", "w2020_23_student": 0, "w2020_23_share": 0.0, "w2020_23_mix": "No students", "w2024_26_student": 0, "w2024_26_share": null, "w2024_26_mix": null, "y2017": 0, "y2017_individual": 0, "y2017_student": 0, "y2017_company": 0, "y2018": 1, "y2018_individual": 1, "y2018_student": 0, "y2018_company": 0, "y2019": 0, "y2019_individual": 0, "y2019_student": 0, "y2019_company": 0, "y2020": 0, "y2020_individual": 0, "y2020_student": 0, "y2020_company": 0, "y2021": 0, "y2021_individual": 0, "y2021_student": 0, "y2021_company": 0, "y2022": 1, "y2022_individual": 1, "y2022_student": 0, "y2022_company": 0, "y2023": 0, "y2023_individual": 0, "y2023_student": 0, "y2023_company": 0, "y2024": 0, "y2024_individual": 0, "y2024_student": 0, "y2024_company": 0, "y2025": 0, "y2025_individual": 0, "y2025_student": 0, "y2025_company": 0, "y2026": 0, "y2026_individual": 0, "y2026_student": 0, "y2026_company": 0, "total": 2, "student_share": 0.0, "recent_share": 0.0, "first_year": 2018, "last_year": 2022, "n_2026": 0, "reassigned_n": 0, "dominant_type": "Individual", "mix": "No students", "place": "Moraga", "in_main": true }, "geometry": { "type": "Point", "coordinates": [ -122.10871, 37.83655 ] } },
{ "type": "Feature", "properties": { "zcta": "94015", "individual": 1, "student": 1, "company": 0, "w2017_19": 0, "w2020_23": 1, "w2024_26": 1, "w2017_19_student": 0, "w2017_19_share": null, "w2017_19_mix": null, "w2020_23_student": 0, "w2020_23_share": 0.0, "w2020_23_mix": "No students", "w2024_26_student": 1, "w2024_26_share": 1.0, "w2024_26_mix": "Mostly students", "y2017": 0, "y2017_individual": 0, "y2017_student": 0, "y2017_company": 0, "y2018": 0, "y2018_individual": 0, "y2018_student": 0, "y2018_company": 0, "y2019": 0, "y2019_individual": 0, "y2019_student": 0, "y2019_company": 0, "y2020": 0, "y2020_individual": 0, "y2020_student": 0, "y2020_company": 0, "y2021": 1, "y2021_individual": 1, "y2021_student": 0, "y2021_company": 0, "y2022": 0, "y2022_individual": 0, "y2022_student": 0, "y2022_company": 0, "y2023": 0, "y2023_individual": 0, "y2023_student": 0, "y2023_company": 0, "y2024": 0, "y2024_individual": 0, "y2024_student": 0, "y2024_company": 0, "y2025": 0, "y2025_individual": 0, "y2025_student": 0, "y2025_company": 0, "y2026": 1, "y2026_individual": 0, "y2026_student": 1, "y2026_company": 0, "total": 2, "student_share": 0.5, "recent_share": 0.5, "first_year": 2021, "last_year": 2026, "n_2026": 1, "reassigned_n": 0, "dominant_type": "Individual", "mix": "Mixed", "place": "Daly City", "in_main": true }, "geometry": { "type": "Point", "coordinates": [ -122.48402, 37.68038 ] } },
{ "type": "Feature", "properties": { "zcta": "94618", "individual": 2, "student": 0, "company": 1, "w2017_19": 1, "w2020_23": 1, "w2024_26": 1, "w2017_19_student": 0, "w2017_19_share": 0.0, "w2017_19_mix": "No students", "w2020_23_student": 0, "w2020_23_share": 0.0, "w2020_23_mix": "No students", "w2024_26_student": 0, "w2024_26_share": 0.0, "w2024_26_mix": "No students", "y2017": 0, "y2017_individual": 0, "y2017_student": 0, "y2017_company": 0, "y2018": 0, "y2018_individual": 0, "y2018_student": 0, "y2018_company": 0, "y2019": 1, "y2019_individual": 0, "y2019_student": 0, "y2019_company": 1, "y2020": 0, "y2020_individual": 0, "y2020_student": 0, "y2020_company": 0, "y2021": 0, "y2021_individual": 0, "y2021_student": 0, "y2021_company": 0, "y2022": 0, "y2022_individual": 0, "y2022_student": 0, "y2022_company": 0, "y2023": 1, "y2023_individual": 1, "y2023_student": 0, "y2023_company": 0, "y2024": 0, "y2024_individual": 0, "y2024_student": 0, "y2024_company": 0, "y2025": 1, "y2025_individual": 1, "y2025_student": 0, "y2025_company": 0, "y2026": 0, "y2026_individual": 0, "y2026_student": 0, "y2026_company": 0, "total": 3, "student_share": 0.0, "recent_share": 0.333, "first_year": 2019, "last_year": 2025, "n_2026": 0, "reassigned_n": 0, "dominant_type": "Individual", "mix": "No students", "place": "Oakland", "in_main": true }, "geometry": { "type": "Point", "coordinates": [ -122.24213, 37.84523 ] } },
{ "type": "Feature", "properties": { "zcta": "94118", "individual": 5, "student": 1, "company": 0, "w2017_19": 1, "w2020_23": 0, "w2024_26": 5, "w2017_19_student": 0, "w2017_19_share": 0.0, "w2017_19_mix": "No students", "w2020_23_student": 0, "w2020_23_share": null, "w2020_23_mix": null, "w2024_26_student": 1, "w2024_26_share": 0.2, "w2024_26_mix": "Mostly professional", "y2017": 0, "y2017_individual": 0, "y2017_student": 0, "y2017_company": 0, "y2018": 0, "y2018_individual": 0, "y2018_student": 0, "y2018_company": 0, "y2019": 1, "y2019_individual": 1, "y2019_student": 0, "y2019_company": 0, "y2020": 0, "y2020_individual": 0, "y2020_student": 0, "y2020_company": 0, "y2021": 0, "y2021_individual": 0, "y2021_student": 0, "y2021_company": 0, "y2022": 0, "y2022_individual": 0, "y2022_student": 0, "y2022_company": 0, "y2023": 0, "y2023_individual": 0, "y2023_student": 0, "y2023_company": 0, "y2024": 2, "y2024_individual": 2, "y2024_student": 0, "y2024_company": 0, "y2025": 2, "y2025_individual": 2, "y2025_student": 0, "y2025_company": 0, "y2026": 1, "y2026_individual": 0, "y2026_student": 1, "y2026_company": 0, "total": 6, "student_share": 0.167, "recent_share": 0.833, "first_year": 2019, "last_year": 2026, "n_2026": 1, "reassigned_n": 0, "dominant_type": "Individual", "mix": "Mostly professional", "place": "San Francisco", "in_main": true }, "geometry": { "type": "Point", "coordinates": [ -122.46109, 37.78029 ] } },
{ "type": "Feature", "properties": { "zcta": "95616", "individual": 1, "student": 0, "company": 0, "w2017_19": 1, "w2020_23": 0, "w2024_26": 0, "w2017_19_student": 0, "w2017_19_share": 0.0, "w2017_19_mix": "No students", "w2020_23_student": 0, "w2020_23_share": null, "w2020_23_mix": null, "w2024_26_student": 0, "w2024_26_share": null, "w2024_26_mix": null, "y2017": 0, "y2017_individual": 0, "y2017_student": 0, "y2017_company": 0, "y2018": 1, "y2018_individual": 1, "y2018_student": 0, "y2018_company": 0, "y2019": 0, "y2019_individual": 0, "y2019_student": 0, "y2019_company": 0, "y2020": 0, "y2020_individual": 0, "y2020_student": 0, "y2020_company": 0, "y2021": 0, "y2021_individual": 0, "y2021_student": 0, "y2021_company": 0, "y2022": 0, "y2022_individual": 0, "y2022_student": 0, "y2022_company": 0, "y2023": 0, "y2023_individual": 0, "y2023_student": 0, "y2023_company": 0, "y2024": 0, "y2024_individual": 0, "y2024_student": 0, "y2024_company": 0, "y2025": 0, "y2025_individual": 0, "y2025_student": 0, "y2025_company": 0, "y2026": 0, "y2026_individual": 0, "y2026_student": 0, "y2026_company": 0, "total": 1, "student_share": 0.0, "recent_share": 0.0, "first_year": 2018, "last_year": 2018, "n_2026": 0, "reassigned_n": 0, "dominant_type": "Individual", "mix": "No students", "place": "Davis", "in_main": false }, "geometry": { "type": "Point", "coordinates": [ -121.8022, 38.5559 ] } },
{ "type": "Feature", "properties": { "zcta": "94131", "individual": 3, "student": 1, "company": 0, "w2017_19": 2, "w2020_23": 1, "w2024_26": 1, "w2017_19_student": 0, "w2017_19_share": 0.0, "w2017_19_mix": "No students", "w2020_23_student": 0, "w2020_23_share": 0.0, "w2020_23_mix": "No students", "w2024_26_student": 1, "w2024_26_share": 1.0, "w2024_26_mix": "Mostly students", "y2017": 0, "y2017_individual": 0, "y2017_student": 0, "y2017_company": 0, "y2018": 2, "y2018_individual": 2, "y2018_student": 0, "y2018_company": 0, "y2019": 0, "y2019_individual": 0, "y2019_student": 0, "y2019_company": 0, "y2020": 1, "y2020_individual": 1, "y2020_student": 0, "y2020_company": 0, "y2021": 0, "y2021_individual": 0, "y2021_student": 0, "y2021_company": 0, "y2022": 0, "y2022_individual": 0, "y2022_student": 0, "y2022_company": 0, "y2023": 0, "y2023_individual": 0, "y2023_student": 0, "y2023_company": 0, "y2024": 0, "y2024_individual": 0, "y2024_student": 0, "y2024_company": 0, "y2025": 0, "y2025_individual": 0, "y2025_student": 0, "y2025_company": 0, "y2026": 1, "y2026_individual": 0, "y2026_student": 1, "y2026_company": 0, "total": 4, "student_share": 0.25, "recent_share": 0.25, "first_year": 2018, "last_year": 2026, "n_2026": 1, "reassigned_n": 0, "dominant_type": "Individual", "mix": "Mostly professional", "place": "San Francisco", "in_main": true }, "geometry": { "type": "Point", "coordinates": [ -122.43755, 37.74607 ] } },
{ "type": "Feature", "properties": { "zcta": "94085", "individual": 2, "student": 0, "company": 0, "w2017_19": 2, "w2020_23": 0, "w2024_26": 0, "w2017_19_student": 0, "w2017_19_share": 0.0, "w2017_19_mix": "No students", "w2020_23_student": 0, "w2020_23_share": null, "w2020_23_mix": null, "w2024_26_student": 0, "w2024_26_share": null, "w2024_26_mix": null, "y2017": 0, "y2017_individual": 0, "y2017_student": 0, "y2017_company": 0, "y2018": 1, "y2018_individual": 1, "y2018_student": 0, "y2018_company": 0, "y2019": 1, "y2019_individual": 1, "y2019_student": 0, "y2019_company": 0, "y2020": 0, "y2020_individual": 0, "y2020_student": 0, "y2020_company": 0, "y2021": 0, "y2021_individual": 0, "y2021_student": 0, "y2021_company": 0, "y2022": 0, "y2022_individual": 0, "y2022_student": 0, "y2022_company": 0, "y2023": 0, "y2023_individual": 0, "y2023_student": 0, "y2023_company": 0, "y2024": 0, "y2024_individual": 0, "y2024_student": 0, "y2024_company": 0, "y2025": 0, "y2025_individual": 0, "y2025_student": 0, "y2025_company": 0, "y2026": 0, "y2026_individual": 0, "y2026_student": 0, "y2026_company": 0, "total": 2, "student_share": 0.0, "recent_share": 0.0, "first_year": 2018, "last_year": 2019, "n_2026": 0, "reassigned_n": 0, "dominant_type": "Individual", "mix": "No students", "place": "Sunnyvale", "in_main": true }, "geometry": { "type": "Point", "coordinates": [ -122.01833, 37.38948 ] } },
{ "type": "Feature", "properties": { "zcta": "94022", "individual": 3, "student": 1, "company": 0, "w2017_19": 3, "w2020_23": 0, "w2024_26": 1, "w2017_19_student": 1, "w2017_19_share": 0.333, "w2017_19_mix": "Mostly professional", "w2020_23_student": 0, "w2020_23_share": null, "w2020_23_mix": null, "w2024_26_student": 0, "w2024_26_share": 0.0, "w2024_26_mix": "No students", "y2017": 0, "y2017_individual": 0, "y2017_student": 0, "y2017_company": 0, "y2018": 1, "y2018_individual": 1, "y2018_student": 0, "y2018_company": 0, "y2019": 2, "y2019_individual": 1, "y2019_student": 1, "y2019_company": 0, "y2020": 0, "y2020_individual": 0, "y2020_student": 0, "y2020_company": 0, "y2021": 0, "y2021_individual": 0, "y2021_student": 0, "y2021_company": 0, "y2022": 0, "y2022_individual": 0, "y2022_student": 0, "y2022_company": 0, "y2023": 0, "y2023_individual": 0, "y2023_student": 0, "y2023_company": 0, "y2024": 1, "y2024_individual": 1, "y2024_student": 0, "y2024_company": 0, "y2025": 0, "y2025_individual": 0, "y2025_student": 0, "y2025_company": 0, "y2026": 0, "y2026_individual": 0, "y2026_student": 0, "y2026_company": 0, "total": 4, "student_share": 0.25, "recent_share": 0.25, "first_year": 2018, "last_year": 2024, "n_2026": 0, "reassigned_n": 0, "dominant_type": "Individual", "mix": "Mostly professional", "place": "Los Altos Hills", "in_main": true }, "geometry": { "type": "Point", "coordinates": [ -122.14686, 37.35261 ] } },
{ "type": "Feature", "properties": { "zcta": "94040", "individual": 1, "student": 0, "company": 0, "w2017_19": 0, "w2020_23": 0, "w2024_26": 1, "w2017_19_student": 0, "w2017_19_share": null, "w2017_19_mix": null, "w2020_23_student": 0, "w2020_23_share": null, "w2020_23_mix": null, "w2024_26_student": 0, "w2024_26_share": 0.0, "w2024_26_mix": "No students", "y2017": 0, "y2017_individual": 0, "y2017_student": 0, "y2017_company": 0, "y2018": 0, "y2018_individual": 0, "y2018_student": 0, "y2018_company": 0, "y2019": 0, "y2019_individual": 0, "y2019_student": 0, "y2019_company": 0, "y2020": 0, "y2020_individual": 0, "y2020_student": 0, "y2020_company": 0, "y2021": 0, "y2021_individual": 0, "y2021_student": 0, "y2021_company": 0, "y2022": 0, "y2022_individual": 0, "y2022_student": 0, "y2022_company": 0, "y2023": 0, "y2023_individual": 0, "y2023_student": 0, "y2023_company": 0, "y2024": 0, "y2024_individual": 0, "y2024_student": 0, "y2024_company": 0, "y2025": 0, "y2025_individual": 0, "y2025_student": 0, "y2025_company": 0, "y2026": 1, "y2026_individual": 1, "y2026_student": 0, "y2026_company": 0, "total": 1, "student_share": 0.0, "recent_share": 1.0, "first_year": 2026, "last_year": 2026, "n_2026": 1, "reassigned_n": 0, "dominant_type": "Individual", "mix": "No students", "place": "Mountain View", "in_main": true }, "geometry": { "type": "Point", "coordinates": [ -122.08466, 37.3835 ] } },
{ "type": "Feature", "properties": { "zcta": "94087", "individual": 2, "student": 1, "company": 0, "w2017_19": 0, "w2020_23": 1, "w2024_26": 2, "w2017_19_student": 0, "w2017_19_share": null, "w2017_19_mix": null, "w2020_23_student": 0, "w2020_23_share": 0.0, "w2020_23_mix": "No students", "w2024_26_student": 1, "w2024_26_share": 0.5, "w2024_26_mix": "Mixed", "y2017": 0, "y2017_individual": 0, "y2017_student": 0, "y2017_company": 0, "y2018": 0, "y2018_individual": 0, "y2018_student": 0, "y2018_company": 0, "y2019": 0, "y2019_individual": 0, "y2019_student": 0, "y2019_company": 0, "y2020": 1, "y2020_individual": 1, "y2020_student": 0, "y2020_company": 0, "y2021": 0, "y2021_individual": 0, "y2021_student": 0, "y2021_company": 0, "y2022": 0, "y2022_individual": 0, "y2022_student": 0, "y2022_company": 0, "y2023": 0, "y2023_individual": 0, "y2023_student": 0, "y2023_company": 0, "y2024": 0, "y2024_individual": 0, "y2024_student": 0, "y2024_company": 0, "y2025": 0, "y2025_individual": 0, "y2025_student": 0, "y2025_company": 0, "y2026": 2, "y2026_individual": 1, "y2026_student": 1, "y2026_company": 0, "total": 3, "student_share": 0.333, "recent_share": 0.667, "first_year": 2020, "last_year": 2026, "n_2026": 2, "reassigned_n": 0, "dominant_type": "Individual", "mix": "Mostly professional", "place": "Sunnyvale", "in_main": true }, "geometry": { "type": "Point", "coordinates": [ -122.03815, 37.35397 ] } },
{ "type": "Feature", "properties": { "zcta": "94114", "individual": 4, "student": 2, "company": 0, "w2017_19": 1, "w2020_23": 2, "w2024_26": 3, "w2017_19_student": 0, "w2017_19_share": 0.0, "w2017_19_mix": "No students", "w2020_23_student": 0, "w2020_23_share": 0.0, "w2020_23_mix": "No students", "w2024_26_student": 2, "w2024_26_share": 0.667, "w2024_26_mix": "Mostly students", "y2017": 1, "y2017_individual": 1, "y2017_student": 0, "y2017_company": 0, "y2018": 0, "y2018_individual": 0, "y2018_student": 0, "y2018_company": 0, "y2019": 0, "y2019_individual": 0, "y2019_student": 0, "y2019_company": 0, "y2020": 1, "y2020_individual": 1, "y2020_student": 0, "y2020_company": 0, "y2021": 1, "y2021_individual": 1, "y2021_student": 0, "y2021_company": 0, "y2022": 0, "y2022_individual": 0, "y2022_student": 0, "y2022_company": 0, "y2023": 0, "y2023_individual": 0, "y2023_student": 0, "y2023_company": 0, "y2024": 0, "y2024_individual": 0, "y2024_student": 0, "y2024_company": 0, "y2025": 1, "y2025_individual": 1, "y2025_student": 0, "y2025_company": 0, "y2026": 2, "y2026_individual": 0, "y2026_student": 2, "y2026_company": 0, "total": 6, "student_share": 0.333, "recent_share": 0.5, "first_year": 2017, "last_year": 2026, "n_2026": 2, "reassigned_n": 0, "dominant_type": "Individual", "mix": "Mostly professional", "place": "San Francisco", "in_main": true }, "geometry": { "type": "Point", "coordinates": [ -122.43784, 37.75875 ] } },
{ "type": "Feature", "properties": { "zcta": "94925", "individual": 7, "student": 0, "company": 1, "w2017_19": 0, "w2020_23": 7, "w2024_26": 1, "w2017_19_student": 0, "w2017_19_share": null, "w2017_19_mix": null, "w2020_23_student": 0, "w2020_23_share": 0.0, "w2020_23_mix": "No students", "w2024_26_student": 0, "w2024_26_share": 0.0, "w2024_26_mix": "No students", "y2017": 0, "y2017_individual": 0, "y2017_student": 0, "y2017_company": 0, "y2018": 0, "y2018_individual": 0, "y2018_student": 0, "y2018_company": 0, "y2019": 0, "y2019_individual": 0, "y2019_student": 0, "y2019_company": 0, "y2020": 1, "y2020_individual": 1, "y2020_student": 0, "y2020_company": 0, "y2021": 6, "y2021_individual": 5, "y2021_student": 0, "y2021_company": 1, "y2022": 0, "y2022_individual": 0, "y2022_student": 0, "y2022_company": 0, "y2023": 0, "y2023_individual": 0, "y2023_student": 0, "y2023_company": 0, "y2024": 0, "y2024_individual": 0, "y2024_student": 0, "y2024_company": 0, "y2025": 1, "y2025_individual": 1, "y2025_student": 0, "y2025_company": 0, "y2026": 0, "y2026_individual": 0, "y2026_student": 0, "y2026_company": 0, "total": 8, "student_share": 0.0, "recent_share": 0.125, "first_year": 2020, "last_year": 2025, "n_2026": 0, "reassigned_n": 0, "dominant_type": "Individual", "mix": "No students", "place": "Corte Madera", "in_main": true }, "geometry": { "type": "Point", "coordinates": [ -122.51658, 37.925 ] } },
{ "type": "Feature", "properties": { "zcta": "94901", "individual": 7, "student": 2, "company": 1, "w2017_19": 3, "w2020_23": 5, "w2024_26": 2, "w2017_19_student": 0, "w2017_19_share": 0.0, "w2017_19_mix": "No students", "w2020_23_student": 1, "w2020_23_share": 0.2, "w2020_23_mix": "Mostly professional", "w2024_26_student": 1, "w2024_26_share": 0.5, "w2024_26_mix": "Mixed", "y2017": 1, "y2017_individual": 1, "y2017_student": 0, "y2017_company": 0, "y2018": 2, "y2018_individual": 2, "y2018_student": 0, "y2018_company": 0, "y2019": 0, "y2019_individual": 0, "y2019_student": 0, "y2019_company": 0, "y2020": 2, "y2020_individual": 1, "y2020_student": 1, "y2020_company": 0, "y2021": 0, "y2021_individual": 0, "y2021_student": 0, "y2021_company": 0, "y2022": 2, "y2022_individual": 1, "y2022_student": 0, "y2022_company": 1, "y2023": 1, "y2023_individual": 1, "y2023_student": 0, "y2023_company": 0, "y2024": 0, "y2024_individual": 0, "y2024_student": 0, "y2024_company": 0, "y2025": 1, "y2025_individual": 1, "y2025_student": 0, "y2025_company": 0, "y2026": 1, "y2026_individual": 0, "y2026_student": 1, "y2026_company": 0, "total": 10, "student_share": 0.2, "recent_share": 0.2, "first_year": 2017, "last_year": 2026, "n_2026": 1, "reassigned_n": 0, "dominant_type": "Individual", "mix": "Mostly professional", "place": "San Rafael", "in_main": true }, "geometry": { "type": "Point", "coordinates": [ -122.51194, 37.97986 ] } },
{ "type": "Feature", "properties": { "zcta": "95822", "individual": 1, "student": 0, "company": 0, "w2017_19": 0, "w2020_23": 1, "w2024_26": 0, "w2017_19_student": 0, "w2017_19_share": null, "w2017_19_mix": null, "w2020_23_student": 0, "w2020_23_share": 0.0, "w2020_23_mix": "No students", "w2024_26_student": 0, "w2024_26_share": null, "w2024_26_mix": null, "y2017": 0, "y2017_individual": 0, "y2017_student": 0, "y2017_company": 0, "y2018": 0, "y2018_individual": 0, "y2018_student": 0, "y2018_company": 0, "y2019": 0, "y2019_individual": 0, "y2019_student": 0, "y2019_company": 0, "y2020": 0, "y2020_individual": 0, "y2020_student": 0, "y2020_company": 0, "y2021": 0, "y2021_individual": 0, "y2021_student": 0, "y2021_company": 0, "y2022": 0, "y2022_individual": 0, "y2022_student": 0, "y2022_company": 0, "y2023": 1, "y2023_individual": 1, "y2023_student": 0, "y2023_company": 0, "y2024": 0, "y2024_individual": 0, "y2024_student": 0, "y2024_company": 0, "y2025": 0, "y2025_individual": 0, "y2025_student": 0, "y2025_company": 0, "y2026": 0, "y2026_individual": 0, "y2026_student": 0, "y2026_company": 0, "total": 1, "student_share": 0.0, "recent_share": 0.0, "first_year": 2023, "last_year": 2023, "n_2026": 0, "reassigned_n": 0, "dominant_type": "Individual", "mix": "No students", "place": "Sacramento", "in_main": true }, "geometry": { "type": "Point", "coordinates": [ -121.49253, 38.51417 ] } },
{ "type": "Feature", "properties": { "zcta": "94924", "individual": 1, "student": 0, "company": 0, "w2017_19": 0, "w2020_23": 1, "w2024_26": 0, "w2017_19_student": 0, "w2017_19_share": null, "w2017_19_mix": null, "w2020_23_student": 0, "w2020_23_share": 0.0, "w2020_23_mix": "No students", "w2024_26_student": 0, "w2024_26_share": null, "w2024_26_mix": null, "y2017": 0, "y2017_individual": 0, "y2017_student": 0, "y2017_company": 0, "y2018": 0, "y2018_individual": 0, "y2018_student": 0, "y2018_company": 0, "y2019": 0, "y2019_individual": 0, "y2019_student": 0, "y2019_company": 0, "y2020": 1, "y2020_individual": 1, "y2020_student": 0, "y2020_company": 0, "y2021": 0, "y2021_individual": 0, "y2021_student": 0, "y2021_company": 0, "y2022": 0, "y2022_individual": 0, "y2022_student": 0, "y2022_company": 0, "y2023": 0, "y2023_individual": 0, "y2023_student": 0, "y2023_company": 0, "y2024": 0, "y2024_individual": 0, "y2024_student": 0, "y2024_company": 0, "y2025": 0, "y2025_individual": 0, "y2025_student": 0, "y2025_company": 0, "y2026": 0, "y2026_individual": 0, "y2026_student": 0, "y2026_company": 0, "total": 1, "student_share": 0.0, "recent_share": 0.0, "first_year": 2020, "last_year": 2020, "n_2026": 0, "reassigned_n": 0, "dominant_type": "Individual", "mix": "No students", "place": "Bolinas", "in_main": true }, "geometry": { "type": "Point", "coordinates": [ -122.72682, 37.94972 ] } },
{ "type": "Feature", "properties": { "zcta": "94956", "individual": 1, "student": 0, "company": 0, "w2017_19": 0, "w2020_23": 1, "w2024_26": 0, "w2017_19_student": 0, "w2017_19_share": null, "w2017_19_mix": null, "w2020_23_student": 0, "w2020_23_share": 0.0, "w2020_23_mix": "No students", "w2024_26_student": 0, "w2024_26_share": null, "w2024_26_mix": null, "y2017": 0, "y2017_individual": 0, "y2017_student": 0, "y2017_company": 0, "y2018": 0, "y2018_individual": 0, "y2018_student": 0, "y2018_company": 0, "y2019": 0, "y2019_individual": 0, "y2019_student": 0, "y2019_company": 0, "y2020": 1, "y2020_individual": 1, "y2020_student": 0, "y2020_company": 0, "y2021": 0, "y2021_individual": 0, "y2021_student": 0, "y2021_company": 0, "y2022": 0, "y2022_individual": 0, "y2022_student": 0, "y2022_company": 0, "y2023": 0, "y2023_individual": 0, "y2023_student": 0, "y2023_company": 0, "y2024": 0, "y2024_individual": 0, "y2024_student": 0, "y2024_company": 0, "y2025": 0, "y2025_individual": 0, "y2025_student": 0, "y2025_company": 0, "y2026": 0, "y2026_individual": 0, "y2026_student": 0, "y2026_company": 0, "total": 1, "student_share": 0.0, "recent_share": 0.0, "first_year": 2020, "last_year": 2020, "n_2026": 0, "reassigned_n": 0, "dominant_type": "Individual", "mix": "No students", "place": "Inverness", "in_main": true }, "geometry": { "type": "Point", "coordinates": [ -122.8076, 38.05084 ] } },
{ "type": "Feature", "properties": { "zcta": "95124", "individual": 2, "student": 1, "company": 0, "w2017_19": 1, "w2020_23": 0, "w2024_26": 2, "w2017_19_student": 1, "w2017_19_share": 1.0, "w2017_19_mix": "Mostly students", "w2020_23_student": 0, "w2020_23_share": null, "w2020_23_mix": null, "w2024_26_student": 0, "w2024_26_share": 0.0, "w2024_26_mix": "No students", "y2017": 0, "y2017_individual": 0, "y2017_student": 0, "y2017_company": 0, "y2018": 0, "y2018_individual": 0, "y2018_student": 0, "y2018_company": 0, "y2019": 1, "y2019_individual": 0, "y2019_student": 1, "y2019_company": 0, "y2020": 0, "y2020_individual": 0, "y2020_student": 0, "y2020_company": 0, "y2021": 0, "y2021_individual": 0, "y2021_student": 0, "y2021_company": 0, "y2022": 0, "y2022_individual": 0, "y2022_student": 0, "y2022_company": 0, "y2023": 0, "y2023_individual": 0, "y2023_student": 0, "y2023_company": 0, "y2024": 0, "y2024_individual": 0, "y2024_student": 0, "y2024_company": 0, "y2025": 1, "y2025_individual": 1, "y2025_student": 0, "y2025_company": 0, "y2026": 1, "y2026_individual": 1, "y2026_student": 0, "y2026_company": 0, "total": 3, "student_share": 0.333, "recent_share": 0.667, "first_year": 2019, "last_year": 2026, "n_2026": 1, "reassigned_n": 0, "dominant_type": "Individual", "mix": "Mostly professional", "place": "San Jose", "in_main": true }, "geometry": { "type": "Point", "coordinates": [ -121.9236, 37.25614 ] } }
]
}
