{
"type": "FeatureCollection",
"name": "zcta_members",
"crs": { "type": "name", "properties": { "name": "urn:ogc:def:crs:OGC:1.3:CRS84" } },
"xy_coordinate_resolution": 1e-05,
"features": [
{ "type": "Feature", "properties": { "zcta": "94019", "individual": 1, "student": 0, "company": 0, "w2017_19": 0, "w2020_23": 0, "w2024_26": 1, "w2017_19_student": 0, "w2017_19_share": null, "w2017_19_mix": null, "w2020_23_student": 0, "w2020_23_share": null, "w2020_23_mix": null, "w2024_26_student": 0, "w2024_26_share": 0.0, "w2024_26_mix": "No students", "y2017": 0, "y2017_individual": 0, "y2017_student": 0, "y2017_company": 0, "y2018": 0, "y2018_individual": 0, "y2018_student": 0, "y2018_company": 0, "y2019": 0, "y2019_individual": 0, "y2019_student": 0, "y2019_company": 0, "y2020": 0, "y2020_individual": 0, "y2020_student": 0, "y2020_company": 0, "y2021": 0, "y2021_individual": 0, "y2021_student": 0, "y2021_company": 0, "y2022": 0, "y2022_individual": 0, "y2022_student": 0, "y2022_company": 0, "y2023": 0, "y2023_individual": 0, "y2023_student": 0, "y2023_company": 0, "y2024": 0, "y2024_individual": 0, "y2024_student": 0, "y2024_company": 0, "y2025": 0, "y2025_individual": 0, "y2025_student": 0, "y2025_company": 0, "y2026": 1, "y2026_individual": 1, "y2026_student": 0, "y2026_company": 0, "total": 1, "student_share": 0.0, "recent_share": 1.0, "first_year": 2026, "last_year": 2026, "n_2026": 1, "reassigned_n": 0, "dominant_type": "Individual", "mix": "No students", "place": "Half Moon Bay" }, "geometry": { "type": "Polygon", "coordinates": [ [ [ -122.49558, 37.50006 ], [ -122.49354, 37.50156 ], [ -122.48697, 37.50361 ], [ -122.48741, 37.50414 ], [ -122.49334, 37.50252 ], [ -122.49171, 37.50406 ], [ -122.49289, 37.50513 ], [ -122.49015, 37.50578 ], [ -122.48704, 37.50474 ], [ -122.48964, 37.51848 ], [ -122.4885, 37.52152 ], [ -122.48627, 37.51997 ], [ -122.48229, 37.52554 ], [ -122.47231, 37.53062 ], [ -122.45854, 37.53333 ], [ -122.45291, 37.53175 ], [ -122.44863, 37.53934 ], [ -122.44495, 37.53818 ], [ -122.44103, 37.53861 ], [ -122.43468, 37.53403 ], [ -122.40207, 37.53401 ], [ -122.40001, 37.53626 ], [ -122.39039, 37.52853 ], [ -122.38375, 37.52564 ], [ -122.37984, 37.52134 ], [ -122.3763, 37.51296 ], [ -122.37195, 37.50792 ], [ -122.37383, 37.50563 ], [ -122.37163, 37.50204 ], [ -122.3694, 37.50068 ], [ -122.36844, 37.49841 ], [ -122.37016, 37.49744 ], [ -122.36917, 37.49541 ], [ -122.36496, 37.49236 ], [ -122.36476, 37.4912 ], [ -122.36626, 37.49081 ], [ -122.36574, 37.48989 ], [ -122.36304, 37.48954 ], [ -122.36389, 37.48809 ], [ -122.36289, 37.48441 ], [ -122.35986, 37.48505 ], [ -122.35862, 37.48369 ], [ -122.35948, 37.47882 ], [ -122.36259, 37.47755 ], [ -122.36888, 37.47871 ], [ -122.36911, 37.44781 ], [ -122.35151, 37.44775 ], [ -122.35147, 37.44498 ], [ -122.35388, 37.44541 ], [ -122.36563, 37.44145 ], [ -122.37042, 37.43763 ], [ -122.35461, 37.43646 ], [ -122.35066, 37.43425 ], [ -122.34423, 37.43401 ], [ -122.33598, 37.43002 ], [ -122.33094, 37.42867 ], [ -122.32063, 37.43113 ], [ -122.31993, 37.42981 ], [ -122.31751, 37.42879 ], [ -122.3166, 37.42969 ], [ -122.31378, 37.42856 ], [ -122.31309, 37.43005 ], [ -122.31072, 37.42721 ], [ -122.31522, 37.42439 ], [ -122.31833, 37.42513 ], [ -122.3204, 37.4243 ], [ -122.32001, 37.42125 ], [ -122.32161, 37.42009 ], [ -122.32155, 37.42105 ], [ -122.32525, 37.42367 ], [ -122.32582, 37.42154 ], [ -122.32904, 37.42287 ], [ -122.3282, 37.42169 ], [ -122.33006, 37.42106 ], [ -122.33024, 37.4201 ], [ -122.33873, 37.4229 ], [ -122.34282, 37.42285 ], [ -122.33554, 37.41951 ], [ -122.34001, 37.40362 ], [ -122.34898, 37.40369 ], [ -122.34898, 37.40021 ], [ -122.35816, 37.39999 ], [ -122.35817, 37.39208 ], [ -122.34926, 37.39206 ], [ -122.34926, 37.38915 ], [ -122.3417, 37.38918 ], [ -122.34168, 37.38584 ], [ -122.3346, 37.38586 ], [ -122.33561, 37.38372 ], [ -122.33429, 37.37933 ], [ -122.3368, 37.37733 ], [ -122.33605, 37.37533 ], [ -122.33804, 37.3753 ], [ -122.34127, 37.37246 ], [ -122.34324, 37.37239 ], [ -122.3461, 37.36601 ], [ -122.35174, 37.35949 ], [ -122.35926, 37.3576 ], [ -122.36532, 37.3524 ], [ -122.37057, 37.35045 ], [ -122.37208, 37.34855 ], [ -122.37417, 37.34884 ], [ -122.37629, 37.34622 ], [ -122.38012, 37.34512 ], [ -122.38344, 37.3471 ], [ -122.38366, 37.34898 ], [ -122.38493, 37.34948 ], [ -122.38909, 37.34706 ], [ -122.39122, 37.34758 ], [ -122.39497, 37.34672 ], [ -122.39597, 37.34537 ], [ -122.3946, 37.34318 ], [ -122.39489, 37.34008 ], [ -122.39129, 37.33005 ], [ -122.39271, 37.32895 ], [ -122.39527, 37.32906 ], [ -122.39753, 37.32794 ], [ -122.40401, 37.31856 ], [ -122.40132, 37.33701 ], [ -122.40085, 37.35922 ], [ -122.40775, 37.36393 ], [ -122.40926, 37.37481 ], [ -122.41568, 37.38292 ], [ -122.41627, 37.38398 ], [ -122.41541, 37.38537 ], [ -122.41872, 37.38709 ], [ -122.42288, 37.39252 ], [ -122.42213, 37.39622 ], [ -122.42372, 37.39681 ], [ -122.42416, 37.40121 ], [ -122.42844, 37.40593 ], [ -122.42741, 37.40962 ], [ -122.43187, 37.41214 ], [ -122.43551, 37.4217 ], [ -122.43861, 37.42513 ], [ -122.44369, 37.43594 ], [ -122.44599, 37.46154 ], [ -122.45209, 37.48054 ], [ -122.45958, 37.49273 ], [ -122.47239, 37.50054 ], [ -122.48589, 37.49464 ], [ -122.49315, 37.49253 ], [ -122.49623, 37.49819 ], [ -122.49558, 37.50006 ] ], [ [ -122.48523, 37.50851 ], [ -122.48186, 37.50553 ], [ -122.4674, 37.49976 ], [ -122.46693, 37.50049 ], [ -122.46257, 37.50011 ], [ -122.46311, 37.50321 ], [ -122.46594, 37.50521 ], [ -122.46386, 37.50497 ], [ -122.46363, 37.5068 ], [ -122.46496, 37.50681 ], [ -122.46715, 37.50965 ], [ -122.46942, 37.51031 ], [ -122.46999, 37.50828 ], [ -122.47345, 37.5072 ], [ -122.47237, 37.50859 ], [ -122.47409, 37.50882 ], [ -122.47397, 37.51086 ], [ -122.47533, 37.51154 ], [ -122.47535, 37.50959 ], [ -122.48187, 37.51242 ], [ -122.48523, 37.50851 ] ] ] } },
{ "type": "Feature", "properties": { "zcta": "95472", "individual": 1, "student": 0, "company": 0, "w2017_19": 1, "w2020_23": 0, "w2024_26": 0, "w2017_19_student": 0, "w2017_19_share": 0.0, "w2017_19_mix": "No students", "w2020_23_student": 0, "w2020_23_share": null, "w2020_23_mix": null, "w2024_26_student": 0, "w2024_26_share": null, "w2024_26_mix": null, "y2017": 0, "y2017_individual": 0, "y2017_student": 0, "y2017_company": 0, "y2018": 1, "y2018_individual": 1, "y2018_student": 0, "y2018_company": 0, "y2019": 0, "y2019_individual": 0, "y2019_student": 0, "y2019_company": 0, "y2020": 0, "y2020_individual": 0, "y2020_student": 0, "y2020_company": 0, "y2021": 0, "y2021_individual": 0, "y2021_student": 0, "y2021_company": 0, "y2022": 0, "y2022_individual": 0, "y2022_student": 0, "y2022_company": 0, "y2023": 0, "y2023_individual": 0, "y2023_student": 0, "y2023_company": 0, "y2024": 0, "y2024_individual": 0, "y2024_student": 0, "y2024_company": 0, "y2025": 0, "y2025_individual": 0, "y2025_student": 0, "y2025_company": 0, "y2026": 0, "y2026_individual": 0, "y2026_student": 0, "y2026_company": 0, "total": 1, "student_share": 0.0, "recent_share": 0.0, "first_year": 2018, "last_year": 2018, "n_2026": 0, "reassigned_n": 0, "dominant_type": "Individual", "mix": "No students", "place": "Occidental" }, "geometry": { "type": "Polygon", "coordinates": [ [ [ -123.00876, 38.45853 ], [ -123.00646, 38.46007 ], [ -123.00348, 38.45857 ], [ -123.00099, 38.459 ], [ -122.99635, 38.45628 ], [ -122.99222, 38.45596 ], [ -122.98824, 38.45356 ], [ -122.97978, 38.45575 ], [ -122.97522, 38.45963 ], [ -122.97511, 38.46147 ], [ -122.96996, 38.46158 ], [ -122.96928, 38.4628 ], [ -122.96511, 38.46479 ], [ -122.96347, 38.4645 ], [ -122.96082, 38.46135 ], [ -122.95729, 38.45989 ], [ -122.95636, 38.46025 ], [ -122.95657, 38.46162 ], [ -122.955, 38.46145 ], [ -122.95376, 38.46245 ], [ -122.95323, 38.46624 ], [ -122.94892, 38.46667 ], [ -122.94844, 38.4624 ], [ -122.94809, 38.46298 ], [ -122.94584, 38.46259 ], [ -122.94499, 38.46144 ], [ -122.9448, 38.46354 ], [ -122.94198, 38.46438 ], [ -122.94223, 38.47328 ], [ -122.9361, 38.4733 ], [ -122.93606, 38.4611 ], [ -122.93505, 38.45873 ], [ -122.90191, 38.45936 ], [ -122.90041, 38.45303 ], [ -122.89912, 38.45251 ], [ -122.89748, 38.45279 ], [ -122.8975, 38.45404 ], [ -122.89381, 38.45461 ], [ -122.8967, 38.46338 ], [ -122.89353, 38.46446 ], [ -122.88988, 38.46734 ], [ -122.88682, 38.46569 ], [ -122.88393, 38.46099 ], [ -122.88007, 38.46265 ], [ -122.87851, 38.46267 ], [ -122.87692, 38.46112 ], [ -122.87632, 38.46204 ], [ -122.86747, 38.46207 ], [ -122.87402, 38.46827 ], [ -122.86898, 38.47124 ], [ -122.86679, 38.47067 ], [ -122.8648, 38.47462 ], [ -122.86214, 38.47425 ], [ -122.8595, 38.47671 ], [ -122.8607, 38.47875 ], [ -122.85966, 38.4794 ], [ -122.85161, 38.48201 ], [ -122.85055, 38.47866 ], [ -122.85321, 38.47862 ], [ -122.85319, 38.47677 ], [ -122.85554, 38.47675 ], [ -122.85552, 38.47218 ], [ -122.85263, 38.47221 ], [ -122.85183, 38.4695 ], [ -122.84891, 38.46947 ], [ -122.84857, 38.46318 ], [ -122.84677, 38.45823 ], [ -122.85395, 38.45821 ], [ -122.8568, 38.45681 ], [ -122.85685, 38.45445 ], [ -122.85022, 38.45457 ], [ -122.84757, 38.45099 ], [ -122.83464, 38.45217 ], [ -122.83601, 38.44735 ], [ -122.83872, 38.44466 ], [ -122.83884, 38.4348 ], [ -122.83471, 38.4334 ], [ -122.83465, 38.4314 ], [ -122.83352, 38.43057 ], [ -122.8303, 38.43056 ], [ -122.82971, 38.4299 ], [ -122.82952, 38.42581 ], [ -122.82768, 38.42307 ], [ -122.82387, 38.42036 ], [ -122.82474, 38.41657 ], [ -122.82248, 38.41548 ], [ -122.82032, 38.41598 ], [ -122.81508, 38.41218 ], [ -122.81712, 38.40932 ], [ -122.8126, 38.40934 ], [ -122.81258, 38.41962 ], [ -122.81052, 38.42325 ], [ -122.80963, 38.42326 ], [ -122.80963, 38.4206 ], [ -122.80887, 38.42058 ], [ -122.80856, 38.42326 ], [ -122.79501, 38.42332 ], [ -122.795, 38.41975 ], [ -122.79728, 38.41965 ], [ -122.79683, 38.41458 ], [ -122.7983, 38.41433 ], [ -122.79914, 38.41138 ], [ -122.79802, 38.40992 ], [ -122.81638, 38.40347 ], [ -122.81638, 38.40109 ], [ -122.81229, 38.39723 ], [ -122.80828, 38.39617 ], [ -122.80039, 38.3958 ], [ -122.79715, 38.39065 ], [ -122.79708, 38.38671 ], [ -122.79806, 38.38517 ], [ -122.79411, 38.38234 ], [ -122.78757, 38.38312 ], [ -122.78767, 38.38685 ], [ -122.78111, 38.38697 ], [ -122.77998, 38.3877 ], [ -122.78498, 38.39288 ], [ -122.78075, 38.39555 ], [ -122.76885, 38.38567 ], [ -122.76879, 38.36608 ], [ -122.76648, 38.3655 ], [ -122.76173, 38.36207 ], [ -122.75615, 38.36008 ], [ -122.75343, 38.35635 ], [ -122.75056, 38.35436 ], [ -122.75084, 38.34012 ], [ -122.74857, 38.33805 ], [ -122.74956, 38.33458 ], [ -122.75174, 38.33501 ], [ -122.75853, 38.33362 ], [ -122.76022, 38.33137 ], [ -122.7607, 38.32858 ], [ -122.7635, 38.32858 ], [ -122.76475, 38.32603 ], [ -122.76847, 38.32608 ], [ -122.76851, 38.32962 ], [ -122.76959, 38.32969 ], [ -122.76956, 38.32595 ], [ -122.77765, 38.32595 ], [ -122.77771, 38.32909 ], [ -122.80537, 38.32843 ], [ -122.80542, 38.33126 ], [ -122.80946, 38.33248 ], [ -122.80988, 38.32643 ], [ -122.81434, 38.32645 ], [ -122.81503, 38.32796 ], [ -122.8237, 38.32802 ], [ -122.82367, 38.32874 ], [ -122.82491, 38.32874 ], [ -122.82495, 38.33553 ], [ -122.83307, 38.33619 ], [ -122.83611, 38.33759 ], [ -122.83423, 38.33806 ], [ -122.84073, 38.33865 ], [ -122.84466, 38.34418 ], [ -122.8471, 38.34425 ], [ -122.8455, 38.33976 ], [ -122.85705, 38.34231 ], [ -122.85583, 38.34114 ], [ -122.86993, 38.34442 ], [ -122.87067, 38.33969 ], [ -122.88078, 38.3386 ], [ -122.88131, 38.33203 ], [ -122.88289, 38.32797 ], [ -122.88761, 38.32803 ], [ -122.8882, 38.34584 ], [ -122.89101, 38.35003 ], [ -122.88849, 38.35061 ], [ -122.88821, 38.35613 ], [ -122.89418, 38.35483 ], [ -122.90963, 38.34932 ], [ -122.9124, 38.35015 ], [ -122.91632, 38.34952 ], [ -122.92129, 38.35464 ], [ -122.92082, 38.35681 ], [ -122.91654, 38.3609 ], [ -122.91626, 38.36368 ], [ -122.91473, 38.36449 ], [ -122.9214, 38.3645 ], [ -122.9234, 38.36344 ], [ -122.9256, 38.36451 ], [ -122.92922, 38.36452 ], [ -122.92904, 38.37978 ], [ -122.92639, 38.37803 ], [ -122.92307, 38.37909 ], [ -122.9251, 38.37862 ], [ -122.93224, 38.38123 ], [ -122.93302, 38.38491 ], [ -122.93203, 38.38581 ], [ -122.93133, 38.39134 ], [ -122.93242, 38.39218 ], [ -122.93374, 38.39139 ], [ -122.93767, 38.39333 ], [ -122.94021, 38.39698 ], [ -122.94071, 38.39955 ], [ -122.9438, 38.40265 ], [ -122.94732, 38.40403 ], [ -122.94774, 38.40794 ], [ -122.95129, 38.41283 ], [ -122.95182, 38.41926 ], [ -122.95472, 38.4232 ], [ -122.95929, 38.42529 ], [ -122.96242, 38.43031 ], [ -122.9721, 38.43413 ], [ -122.97611, 38.44005 ], [ -122.97589, 38.44285 ], [ -122.98001, 38.44458 ], [ -122.98092, 38.44584 ], [ -122.98095, 38.44878 ], [ -123.00033, 38.4487 ], [ -122.99961, 38.4509 ], [ -123.00054, 38.45363 ], [ -123.0052, 38.45642 ], [ -123.00795, 38.45703 ], [ -123.00876, 38.45853 ] ], [ [ -122.87258, 38.43619 ], [ -122.8734, 38.4295 ], [ -122.86958, 38.42599 ], [ -122.86511, 38.42764 ], [ -122.8652, 38.43624 ], [ -122.86725, 38.43646 ], [ -122.86782, 38.44123 ], [ -122.86986, 38.44139 ], [ -122.86893, 38.43906 ], [ -122.87005, 38.43893 ], [ -122.86978, 38.43627 ], [ -122.87258, 38.43619 ] ] ] } },
{ "type": "Feature", "properties": { "zcta": "94559", "individual": 2, "student": 1, "company": 0, "w2017_19": 1, "w2020_23": 0, "w2024_26": 2, "w2017_19_student": 0, "w2017_19_share": 0.0, "w2017_19_mix": "No students", "w2020_23_student": 0, "w2020_23_share": null, "w2020_23_mix": null, "w2024_26_student": 1, "w2024_26_share": 0.5, "w2024_26_mix": "Mixed", "y2017": 0, "y2017_individual": 0, "y2017_student": 0, "y2017_company": 0, "y2018": 1, "y2018_individual": 1, "y2018_student": 0, "y2018_company": 0, "y2019": 0, "y2019_individual": 0, "y2019_student": 0, "y2019_company": 0, "y2020": 0, "y2020_individual": 0, "y2020_student": 0, "y2020_company": 0, "y2021": 0, "y2021_individual": 0, "y2021_student": 0, "y2021_company": 0, "y2022": 0, "y2022_individual": 0, "y2022_student": 0, "y2022_company": 0, "y2023": 0, "y2023_individual": 0, "y2023_student": 0, "y2023_company": 0, "y2024": 1, "y2024_individual": 1, "y2024_student": 0, "y2024_company": 0, "y2025": 0, "y2025_individual": 0, "y2025_student": 0, "y2025_company": 0, "y2026": 1, "y2026_individual": 0, "y2026_student": 1, "y2026_company": 0, "total": 3, "student_share": 0.333, "recent_share": 0.667, "first_year": 2018, "last_year": 2026, "n_2026": 1, "reassigned_n": 0, "dominant_type": "Individual", "mix": "Mostly professional", "place": "Napa" }, "geometry": { "type": "Polygon", "coordinates": [ [ [ -122.3899, 38.26069 ], [ -122.38927, 38.26787 ], [ -122.37709, 38.27962 ], [ -122.37855, 38.28418 ], [ -122.38677, 38.29809 ], [ -122.37863, 38.30146 ], [ -122.37256, 38.2924 ], [ -122.37249, 38.29049 ], [ -122.36001, 38.2897 ], [ -122.34743, 38.27992 ], [ -122.33505, 38.27888 ], [ -122.33377, 38.2768 ], [ -122.33472, 38.27401 ], [ -122.33126, 38.27009 ], [ -122.33002, 38.2722 ], [ -122.32646, 38.2747 ], [ -122.32478, 38.27805 ], [ -122.32534, 38.28125 ], [ -122.32077, 38.27513 ], [ -122.32113, 38.27294 ], [ -122.31846, 38.26732 ], [ -122.31987, 38.26583 ], [ -122.31853, 38.26159 ], [ -122.31215, 38.25883 ], [ -122.30638, 38.25836 ], [ -122.30645, 38.25983 ], [ -122.30242, 38.2608 ], [ -122.30066, 38.26219 ], [ -122.29935, 38.26619 ], [ -122.29899, 38.27465 ], [ -122.30223, 38.2922 ], [ -122.30184, 38.29628 ], [ -122.30478, 38.30679 ], [ -122.30153, 38.30734 ], [ -122.30127, 38.30642 ], [ -122.29838, 38.30791 ], [ -122.29474, 38.30799 ], [ -122.28939, 38.30952 ], [ -122.28788, 38.3077 ], [ -122.28508, 38.30856 ], [ -122.28514, 38.31023 ], [ -122.27645, 38.31065 ], [ -122.27444, 38.31163 ], [ -122.27573, 38.31316 ], [ -122.27036, 38.31467 ], [ -122.26954, 38.31227 ], [ -122.27089, 38.31115 ], [ -122.26633, 38.31175 ], [ -122.26746, 38.3109 ], [ -122.26646, 38.30765 ], [ -122.2643, 38.30634 ], [ -122.26238, 38.30806 ], [ -122.25963, 38.30736 ], [ -122.2591, 38.30424 ], [ -122.25765, 38.30356 ], [ -122.25819, 38.30267 ], [ -122.26043, 38.3025 ], [ -122.26123, 38.29823 ], [ -122.2654, 38.29863 ], [ -122.26467, 38.3005 ], [ -122.26612, 38.30051 ], [ -122.26739, 38.29697 ], [ -122.27166, 38.29771 ], [ -122.27167, 38.29709 ], [ -122.26944, 38.29712 ], [ -122.26862, 38.29593 ], [ -122.26122, 38.29638 ], [ -122.25694, 38.29526 ], [ -122.2581, 38.29253 ], [ -122.26335, 38.29393 ], [ -122.26407, 38.28942 ], [ -122.2602, 38.28865 ], [ -122.26123, 38.28957 ], [ -122.25729, 38.29212 ], [ -122.25185, 38.29342 ], [ -122.25147, 38.29483 ], [ -122.25011, 38.29195 ], [ -122.2489, 38.29327 ], [ -122.24747, 38.29336 ], [ -122.24767, 38.29048 ], [ -122.24413, 38.2887 ], [ -122.24451, 38.29335 ], [ -122.24232, 38.29322 ], [ -122.24222, 38.29459 ], [ -122.24114, 38.29449 ], [ -122.24049, 38.29129 ], [ -122.23903, 38.29143 ], [ -122.23898, 38.29262 ], [ -122.2367, 38.29217 ], [ -122.23694, 38.28963 ], [ -122.23443, 38.28939 ], [ -122.23464, 38.28704 ], [ -122.22729, 38.28694 ], [ -122.22718, 38.27987 ], [ -122.21792, 38.27993 ], [ -122.21795, 38.28254 ], [ -122.21378, 38.27967 ], [ -122.2104, 38.28005 ], [ -122.20881, 38.27891 ], [ -122.20848, 38.27221 ], [ -122.21098, 38.27191 ], [ -122.21228, 38.27281 ], [ -122.21648, 38.26601 ], [ -122.21688, 38.26232 ], [ -122.21298, 38.25912 ], [ -122.19678, 38.25842 ], [ -122.19328, 38.25641 ], [ -122.19518, 38.25072 ], [ -122.19948, 38.25092 ], [ -122.2008, 38.24941 ], [ -122.20437, 38.2493 ], [ -122.20649, 38.25093 ], [ -122.21108, 38.25221 ], [ -122.21248, 38.24871 ], [ -122.21018, 38.24741 ], [ -122.20958, 38.24482 ], [ -122.20539, 38.24462 ], [ -122.20438, 38.24102 ], [ -122.20177, 38.24032 ], [ -122.19719, 38.23282 ], [ -122.19498, 38.22522 ], [ -122.19358, 38.22352 ], [ -122.19337, 38.22121 ], [ -122.19618, 38.21892 ], [ -122.19628, 38.21612 ], [ -122.19398, 38.21361 ], [ -122.19498, 38.21232 ], [ -122.19957, 38.21062 ], [ -122.20148, 38.21162 ], [ -122.20417, 38.2097 ], [ -122.21991, 38.21506 ], [ -122.22222, 38.21613 ], [ -122.22377, 38.22092 ], [ -122.22227, 38.22173 ], [ -122.22227, 38.2257 ], [ -122.22625, 38.22566 ], [ -122.22619, 38.22151 ], [ -122.23263, 38.22152 ], [ -122.23412, 38.22011 ], [ -122.23707, 38.22115 ], [ -122.24521, 38.22126 ], [ -122.25326, 38.2226 ], [ -122.25349, 38.22921 ], [ -122.26719, 38.24014 ], [ -122.26867, 38.24354 ], [ -122.27143, 38.25379 ], [ -122.27077, 38.26396 ], [ -122.27148, 38.26881 ], [ -122.25493, 38.26801 ], [ -122.25528, 38.27251 ], [ -122.25143, 38.2748 ], [ -122.25215, 38.27754 ], [ -122.2656, 38.27795 ], [ -122.26554, 38.27927 ], [ -122.26714, 38.27936 ], [ -122.26819, 38.27809 ], [ -122.2737, 38.27831 ], [ -122.27401, 38.28048 ], [ -122.28521, 38.28168 ], [ -122.28191, 38.2783 ], [ -122.28306, 38.27456 ], [ -122.28649, 38.27213 ], [ -122.28697, 38.2706 ], [ -122.2845, 38.26507 ], [ -122.28668, 38.26152 ], [ -122.28617, 38.25983 ], [ -122.28393, 38.25866 ], [ -122.28366, 38.25672 ], [ -122.2854, 38.24385 ], [ -122.30022, 38.24841 ], [ -122.30637, 38.25802 ], [ -122.30533, 38.24884 ], [ -122.29599, 38.24581 ], [ -122.30829, 38.2387 ], [ -122.30603, 38.23646 ], [ -122.3072, 38.23572 ], [ -122.30342, 38.23192 ], [ -122.30493, 38.22875 ], [ -122.30333, 38.22698 ], [ -122.30683, 38.22594 ], [ -122.31044, 38.22061 ], [ -122.30994, 38.2155 ], [ -122.30675, 38.20904 ], [ -122.30781, 38.20605 ], [ -122.31318, 38.20139 ], [ -122.31535, 38.19784 ], [ -122.31493, 38.19225 ], [ -122.31776, 38.19347 ], [ -122.32369, 38.19993 ], [ -122.3243, 38.20181 ], [ -122.32373, 38.20371 ], [ -122.32013, 38.20549 ], [ -122.31977, 38.20733 ], [ -122.32072, 38.20782 ], [ -122.3201, 38.20698 ], [ -122.32092, 38.20543 ], [ -122.32414, 38.20422 ], [ -122.32506, 38.20129 ], [ -122.32603, 38.20138 ], [ -122.32601, 38.20385 ], [ -122.32667, 38.19884 ], [ -122.32614, 38.1981 ], [ -122.32556, 38.20053 ], [ -122.31722, 38.19207 ], [ -122.3173, 38.18661 ], [ -122.32335, 38.18554 ], [ -122.32485, 38.18697 ], [ -122.32552, 38.19062 ], [ -122.32584, 38.18721 ], [ -122.32893, 38.19372 ], [ -122.33395, 38.19278 ], [ -122.33744, 38.1911 ], [ -122.34081, 38.19161 ], [ -122.34235, 38.19026 ], [ -122.3463, 38.19056 ], [ -122.35029, 38.19252 ], [ -122.34903, 38.19355 ], [ -122.35038, 38.19608 ], [ -122.35035, 38.20163 ], [ -122.35902, 38.20958 ], [ -122.35804, 38.21471 ], [ -122.35992, 38.2305 ], [ -122.36679, 38.24701 ], [ -122.37039, 38.24691 ], [ -122.37048, 38.24532 ], [ -122.37459, 38.24452 ], [ -122.37386, 38.24744 ], [ -122.37719, 38.24842 ], [ -122.37729, 38.24992 ], [ -122.38249, 38.25411 ], [ -122.38434, 38.2545 ], [ -122.3899, 38.26069 ] ] ] } },
{ "type": "Feature", "properties": { "zcta": "95448", "individual": 0, "student": 0, "company": 1, "w2017_19": 1, "w2020_23": 0, "w2024_26": 0, "w2017_19_student": 0, "w2017_19_share": 0.0, "w2017_19_mix": "No students", "w2020_23_student": 0, "w2020_23_share": null, "w2020_23_mix": null, "w2024_26_student": 0, "w2024_26_share": null, "w2024_26_mix": null, "y2017": 0, "y2017_individual": 0, "y2017_student": 0, "y2017_company": 0, "y2018": 0, "y2018_individual": 0, "y2018_student": 0, "y2018_company": 0, "y2019": 1, "y2019_individual": 0, "y2019_student": 0, "y2019_company": 1, "y2020": 0, "y2020_individual": 0, "y2020_student": 0, "y2020_company": 0, "y2021": 0, "y2021_individual": 0, "y2021_student": 0, "y2021_company": 0, "y2022": 0, "y2022_individual": 0, "y2022_student": 0, "y2022_company": 0, "y2023": 0, "y2023_individual": 0, "y2023_student": 0, "y2023_company": 0, "y2024": 0, "y2024_individual": 0, "y2024_student": 0, "y2024_company": 0, "y2025": 0, "y2025_individual": 0, "y2025_student": 0, "y2025_company": 0, "y2026": 0, "y2026_individual": 0, "y2026_student": 0, "y2026_company": 0, "total": 1, "student_share": 0.0, "recent_share": 0.0, "first_year": 2019, "last_year": 2019, "n_2026": 0, "reassigned_n": 0, "dominant_type": "Company", "mix": "No students", "place": "Healdsburg" }, "geometry": { "type": "Polygon", "coordinates": [ [ [ -123.11414, 38.64264 ], [ -123.1099, 38.64575 ], [ -123.1088, 38.64525 ], [ -123.1079, 38.65144 ], [ -123.10581, 38.6508 ], [ -123.10423, 38.65175 ], [ -123.08045, 38.65058 ], [ -123.07523, 38.66037 ], [ -123.07544, 38.66243 ], [ -123.07754, 38.6644 ], [ -123.08018, 38.66954 ], [ -123.07647, 38.67357 ], [ -123.07624, 38.67515 ], [ -123.07367, 38.67513 ], [ -123.0665, 38.67788 ], [ -123.06453, 38.67575 ], [ -123.06306, 38.67719 ], [ -123.06003, 38.67798 ], [ -123.05814, 38.67747 ], [ -123.05356, 38.67366 ], [ -123.04843, 38.6731 ], [ -123.04458, 38.67102 ], [ -123.04025, 38.67024 ], [ -123.03728, 38.66801 ], [ -123.03276, 38.66977 ], [ -123.02936, 38.66851 ], [ -123.027, 38.66614 ], [ -123.02612, 38.66769 ], [ -123.02689, 38.66844 ], [ -123.02505, 38.67068 ], [ -123.02164, 38.67261 ], [ -123.02245, 38.67353 ], [ -123.02519, 38.67258 ], [ -123.026, 38.67312 ], [ -123.02442, 38.67676 ], [ -123.02078, 38.67966 ], [ -123.01837, 38.67927 ], [ -123.01557, 38.68173 ], [ -123.01411, 38.68655 ], [ -123.01106, 38.68686 ], [ -123.0091, 38.68557 ], [ -123.00742, 38.68604 ], [ -123.00654, 38.68853 ], [ -123.00843, 38.69139 ], [ -123.00621, 38.69091 ], [ -122.99798, 38.6929 ], [ -122.99721, 38.69436 ], [ -122.99906, 38.69518 ], [ -122.99794, 38.69607 ], [ -122.99521, 38.69588 ], [ -122.99466, 38.69727 ], [ -122.99351, 38.69668 ], [ -122.99451, 38.69591 ], [ -122.99123, 38.694 ], [ -122.98864, 38.69522 ], [ -122.98772, 38.69704 ], [ -122.98404, 38.69851 ], [ -122.98236, 38.70087 ], [ -122.98391, 38.70344 ], [ -122.98378, 38.706 ], [ -122.9801, 38.70644 ], [ -122.97225, 38.70119 ], [ -122.96842, 38.69691 ], [ -122.96375, 38.69517 ], [ -122.9588, 38.69831 ], [ -122.95657, 38.70223 ], [ -122.95222, 38.70103 ], [ -122.95012, 38.69815 ], [ -122.95001, 38.69586 ], [ -122.93963, 38.69942 ], [ -122.90352, 38.67512 ], [ -122.90056, 38.67922 ], [ -122.8913, 38.67902 ], [ -122.89139, 38.67164 ], [ -122.88206, 38.67164 ], [ -122.88197, 38.66436 ], [ -122.87635, 38.66431 ], [ -122.87466, 38.65959 ], [ -122.86803, 38.65941 ], [ -122.86802, 38.66299 ], [ -122.85441, 38.66385 ], [ -122.85416, 38.66145 ], [ -122.85215, 38.66193 ], [ -122.84299, 38.66088 ], [ -122.83176, 38.65767 ], [ -122.82922, 38.65863 ], [ -122.8084, 38.67543 ], [ -122.81182, 38.67819 ], [ -122.80537, 38.68268 ], [ -122.80385, 38.68083 ], [ -122.80554, 38.67998 ], [ -122.80609, 38.67919 ], [ -122.80537, 38.67785 ], [ -122.80525, 38.67994 ], [ -122.79757, 38.68445 ], [ -122.79537, 38.69026 ], [ -122.79243, 38.69095 ], [ -122.79256, 38.69334 ], [ -122.79035, 38.69581 ], [ -122.79071, 38.69686 ], [ -122.78933, 38.69861 ], [ -122.78973, 38.70117 ], [ -122.79349, 38.70489 ], [ -122.79191, 38.70803 ], [ -122.79715, 38.70816 ], [ -122.79671, 38.7284 ], [ -122.80282, 38.72906 ], [ -122.80071, 38.73334 ], [ -122.80181, 38.7368 ], [ -122.80103, 38.73782 ], [ -122.79845, 38.73525 ], [ -122.79496, 38.73396 ], [ -122.79105, 38.73585 ], [ -122.78809, 38.73941 ], [ -122.78074, 38.74009 ], [ -122.7759, 38.73838 ], [ -122.76942, 38.73431 ], [ -122.76189, 38.73375 ], [ -122.76114, 38.73299 ], [ -122.75966, 38.73415 ], [ -122.75728, 38.73388 ], [ -122.76695, 38.73899 ], [ -122.76788, 38.74151 ], [ -122.76685, 38.74508 ], [ -122.76807, 38.74728 ], [ -122.76711, 38.74819 ], [ -122.77063, 38.75522 ], [ -122.76988, 38.75598 ], [ -122.77061, 38.75825 ], [ -122.76864, 38.76017 ], [ -122.76157, 38.75833 ], [ -122.7587, 38.75977 ], [ -122.75502, 38.75903 ], [ -122.75377, 38.76143 ], [ -122.7521, 38.76177 ], [ -122.75471, 38.76412 ], [ -122.75442, 38.76499 ], [ -122.75214, 38.7654 ], [ -122.75403, 38.76803 ], [ -122.74818, 38.76484 ], [ -122.74637, 38.7647 ], [ -122.74369, 38.76784 ], [ -122.74228, 38.76849 ], [ -122.74044, 38.76726 ], [ -122.73984, 38.76903 ], [ -122.73802, 38.76855 ], [ -122.73366, 38.77171 ], [ -122.73269, 38.7709 ], [ -122.72954, 38.7707 ], [ -122.7282, 38.76608 ], [ -122.72269, 38.76301 ], [ -122.72416, 38.75656 ], [ -122.72151, 38.75658 ], [ -122.72009, 38.75354 ], [ -122.7117, 38.75076 ], [ -122.70932, 38.74902 ], [ -122.70877, 38.7464 ], [ -122.71233, 38.74223 ], [ -122.71112, 38.74021 ], [ -122.712, 38.73763 ], [ -122.71038, 38.73208 ], [ -122.70716, 38.73175 ], [ -122.70092, 38.72887 ], [ -122.70072, 38.72631 ], [ -122.69862, 38.72474 ], [ -122.69724, 38.7215 ], [ -122.75796, 38.72114 ], [ -122.75922, 38.70742 ], [ -122.76257, 38.70745 ], [ -122.76368, 38.70672 ], [ -122.76231, 38.70335 ], [ -122.76596, 38.70002 ], [ -122.76761, 38.70099 ], [ -122.77023, 38.70101 ], [ -122.77173, 38.69996 ], [ -122.77154, 38.6986 ], [ -122.76938, 38.69762 ], [ -122.76582, 38.69161 ], [ -122.76382, 38.69123 ], [ -122.76553, 38.68918 ], [ -122.76478, 38.68792 ], [ -122.76155, 38.68711 ], [ -122.76216, 38.68666 ], [ -122.75991, 38.68378 ], [ -122.7528, 38.68242 ], [ -122.74997, 38.68033 ], [ -122.75073, 38.67973 ], [ -122.74939, 38.67891 ], [ -122.75093, 38.67764 ], [ -122.74816, 38.67628 ], [ -122.7449, 38.67283 ], [ -122.74609, 38.67208 ], [ -122.74437, 38.67088 ], [ -122.74529, 38.67024 ], [ -122.74101, 38.66901 ], [ -122.74114, 38.67093 ], [ -122.7433, 38.67377 ], [ -122.73592, 38.67662 ], [ -122.74227, 38.67351 ], [ -122.73954, 38.66785 ], [ -122.73748, 38.65745 ], [ -122.73561, 38.65598 ], [ -122.73522, 38.65377 ], [ -122.73652, 38.65038 ], [ -122.74053, 38.64858 ], [ -122.74447, 38.64504 ], [ -122.74525, 38.64159 ], [ -122.75213, 38.6427 ], [ -122.75203, 38.63728 ], [ -122.74242, 38.6373 ], [ -122.74241, 38.6343 ], [ -122.74392, 38.63355 ], [ -122.73381, 38.63372 ], [ -122.7328, 38.62715 ], [ -122.72865, 38.62662 ], [ -122.72139, 38.62137 ], [ -122.71673, 38.60789 ], [ -122.70709, 38.59903 ], [ -122.70439, 38.59345 ], [ -122.68739, 38.59236 ], [ -122.68716, 38.58342 ], [ -122.72434, 38.58327 ], [ -122.72436, 38.56895 ], [ -122.72993, 38.5581 ], [ -122.73369, 38.55809 ], [ -122.73735, 38.55684 ], [ -122.73733, 38.55527 ], [ -122.74081, 38.55701 ], [ -122.73996, 38.55831 ], [ -122.75737, 38.55361 ], [ -122.75841, 38.55194 ], [ -122.76201, 38.54984 ], [ -122.76243, 38.54784 ], [ -122.7669, 38.5453 ], [ -122.76979, 38.5453 ], [ -122.76993, 38.54624 ], [ -122.77288, 38.54662 ], [ -122.77291, 38.55186 ], [ -122.77479, 38.55466 ], [ -122.78261, 38.55488 ], [ -122.78256, 38.56205 ], [ -122.78449, 38.56208 ], [ -122.78381, 38.56598 ], [ -122.78858, 38.56597 ], [ -122.79584, 38.57482 ], [ -122.79214, 38.57438 ], [ -122.78271, 38.57091 ], [ -122.77966, 38.57107 ], [ -122.77992, 38.59098 ], [ -122.7892, 38.59104 ], [ -122.80777, 38.57676 ], [ -122.81575, 38.57675 ], [ -122.81698, 38.57223 ], [ -122.81846, 38.57189 ], [ -122.81983, 38.56931 ], [ -122.82594, 38.56532 ], [ -122.81782, 38.57027 ], [ -122.81793, 38.56177 ], [ -122.82318, 38.56182 ], [ -122.83694, 38.5779 ], [ -122.84279, 38.57796 ], [ -122.84149, 38.57488 ], [ -122.83311, 38.56547 ], [ -122.83671, 38.56482 ], [ -122.83498, 38.55829 ], [ -122.83948, 38.55833 ], [ -122.8384, 38.5521 ], [ -122.8397, 38.55213 ], [ -122.8397, 38.54798 ], [ -122.84461, 38.54769 ], [ -122.84462, 38.54693 ], [ -122.84144, 38.5455 ], [ -122.84181, 38.54369 ], [ -122.83529, 38.54376 ], [ -122.83522, 38.53288 ], [ -122.84447, 38.53266 ], [ -122.84442, 38.52525 ], [ -122.84638, 38.52394 ], [ -122.84792, 38.52421 ], [ -122.85562, 38.51593 ], [ -122.85372, 38.51594 ], [ -122.85353, 38.50383 ], [ -122.85864, 38.50239 ], [ -122.86102, 38.50323 ], [ -122.85818, 38.51305 ], [ -122.86226, 38.51278 ], [ -122.86543, 38.51379 ], [ -122.86583, 38.51477 ], [ -122.8688, 38.5134 ], [ -122.87039, 38.51361 ], [ -122.87737, 38.51675 ], [ -122.87973, 38.51627 ], [ -122.88266, 38.51421 ], [ -122.88385, 38.512 ], [ -122.88144, 38.50271 ], [ -122.86146, 38.5028 ], [ -122.86516, 38.50147 ], [ -122.86684, 38.49765 ], [ -122.86982, 38.49632 ], [ -122.87777, 38.49693 ], [ -122.8792, 38.49375 ], [ -122.88145, 38.49418 ], [ -122.88529, 38.49158 ], [ -122.88829, 38.49197 ], [ -122.88959, 38.49337 ], [ -122.89305, 38.49379 ], [ -122.89091, 38.49377 ], [ -122.88623, 38.49782 ], [ -122.88339, 38.50743 ], [ -122.88644, 38.50813 ], [ -122.88688, 38.50538 ], [ -122.88854, 38.50366 ], [ -122.89221, 38.50195 ], [ -122.89562, 38.50171 ], [ -122.89931, 38.50239 ], [ -122.90135, 38.50584 ], [ -122.90322, 38.50585 ], [ -122.90536, 38.50767 ], [ -122.91286, 38.51076 ], [ -122.91796, 38.51006 ], [ -122.91809, 38.52507 ], [ -122.92714, 38.52414 ], [ -122.92718, 38.53558 ], [ -122.92896, 38.53715 ], [ -122.93664, 38.53571 ], [ -122.93707, 38.53654 ], [ -122.93862, 38.53644 ], [ -122.9423, 38.53818 ], [ -122.94641, 38.53814 ], [ -122.94733, 38.54488 ], [ -122.95453, 38.54493 ], [ -122.95316, 38.54843 ], [ -122.95521, 38.54983 ], [ -122.95525, 38.55515 ], [ -122.95711, 38.55553 ], [ -122.96225, 38.57274 ], [ -122.96608, 38.57177 ], [ -122.971, 38.57303 ], [ -122.97768, 38.5708 ], [ -122.98193, 38.57213 ], [ -122.99025, 38.5769 ], [ -123.00884, 38.57676 ], [ -123.02075, 38.57767 ], [ -123.02812, 38.57661 ], [ -123.03252, 38.57328 ], [ -123.03495, 38.57377 ], [ -123.04977, 38.57081 ], [ -123.05097, 38.57313 ], [ -123.0589, 38.57805 ], [ -123.06277, 38.57791 ], [ -123.06579, 38.58055 ], [ -123.06633, 38.58271 ], [ -123.06514, 38.58624 ], [ -123.06223, 38.58845 ], [ -123.06198, 38.58986 ], [ -123.06416, 38.59285 ], [ -123.06795, 38.59384 ], [ -123.07123, 38.59178 ], [ -123.07392, 38.59196 ], [ -123.08376, 38.59684 ], [ -123.08606, 38.59509 ], [ -123.0894, 38.59747 ], [ -123.09098, 38.60647 ], [ -123.08872, 38.60952 ], [ -123.0931, 38.61502 ], [ -123.09317, 38.62081 ], [ -123.09485, 38.62295 ], [ -123.10144, 38.6251 ], [ -123.10786, 38.63148 ], [ -123.10777, 38.63432 ], [ -123.11039, 38.63728 ], [ -123.1093, 38.6382 ], [ -123.10983, 38.6418 ], [ -123.11259, 38.64118 ], [ -123.11414, 38.64264 ] ] ] } },
{ "type": "Feature", "properties": { "zcta": "93257", "individual": 0, "student": 1, "company": 0, "w2017_19": 0, "w2020_23": 0, "w2024_26": 1, "w2017_19_student": 0, "w2017_19_share": null, "w2017_19_mix": null, "w2020_23_student": 0, "w2020_23_share": null, "w2020_23_mix": null, "w2024_26_student": 1, "w2024_26_share": 1.0, "w2024_26_mix": "Mostly students", "y2017": 0, "y2017_individual": 0, "y2017_student": 0, "y2017_company": 0, "y2018": 0, "y2018_individual": 0, "y2018_student": 0, "y2018_company": 0, "y2019": 0, "y2019_individual": 0, "y2019_student": 0, "y2019_company": 0, "y2020": 0, "y2020_individual": 0, "y2020_student": 0, "y2020_company": 0, "y2021": 0, "y2021_individual": 0, "y2021_student": 0, "y2021_company": 0, "y2022": 0, "y2022_individual": 0, "y2022_student": 0, "y2022_company": 0, "y2023": 0, "y2023_individual": 0, "y2023_student": 0, "y2023_company": 0, "y2024": 0, "y2024_individual": 0, "y2024_student": 0, "y2024_company": 0, "y2025": 0, "y2025_individual": 0, "y2025_student": 0, "y2025_company": 0, "y2026": 1, "y2026_individual": 0, "y2026_student": 1, "y2026_company": 0, "total": 1, "student_share": 1.0, "recent_share": 1.0, "first_year": 2026, "last_year": 2026, "n_2026": 1, "reassigned_n": 0, "dominant_type": "Student", "mix": "Mostly students", "place": "Porterville" }, "geometry": { "type": "Polygon", "coordinates": [ [ [ -119.21466, 36.08028 ], [ -119.19672, 36.08017 ], [ -119.19664, 36.10641 ], [ -119.17208, 36.10749 ], [ -119.16555, 36.10507 ], [ -119.16251, 36.10487 ], [ -119.15768, 36.10193 ], [ -119.15168, 36.10192 ], [ -119.15155, 36.10931 ], [ -119.14299, 36.10925 ], [ -119.14286, 36.12378 ], [ -119.1251, 36.12378 ], [ -119.12516, 36.11629 ], [ -119.05392, 36.11629 ], [ -119.05406, 36.11996 ], [ -119.0575, 36.11995 ], [ -119.05656, 36.12355 ], [ -119.05545, 36.12357 ], [ -119.05651, 36.12496 ], [ -119.05578, 36.13083 ], [ -119.05317, 36.13085 ], [ -119.04963, 36.12358 ], [ -119.04493, 36.1236 ], [ -119.04491, 36.13088 ], [ -119.02703, 36.13093 ], [ -119.02695, 36.13834 ], [ -119.01234, 36.13783 ], [ -119.00904, 36.13826 ], [ -119.00799, 36.13932 ], [ -119.00462, 36.13837 ], [ -119.00003, 36.13929 ], [ -119.00058, 36.10965 ], [ -118.95451, 36.10919 ], [ -118.95453, 36.10127 ], [ -118.95603, 36.09997 ], [ -118.95471, 36.09977 ], [ -118.95156, 36.10213 ], [ -118.93584, 36.10493 ], [ -118.93498, 36.1056 ], [ -118.93506, 36.1094 ], [ -118.92082, 36.10947 ], [ -118.90517, 36.11424 ], [ -118.89748, 36.11532 ], [ -118.89383, 36.11441 ], [ -118.88476, 36.10886 ], [ -118.8908, 36.10905 ], [ -118.89375, 36.10694 ], [ -118.89366, 36.09497 ], [ -118.87514, 36.09471 ], [ -118.8753, 36.08145 ], [ -118.8766, 36.07997 ], [ -118.838, 36.07918 ], [ -118.83792, 36.07317 ], [ -118.80742, 36.07267 ], [ -118.80755, 36.05808 ], [ -118.78275, 36.05796 ], [ -118.78058, 36.06164 ], [ -118.76776, 36.06464 ], [ -118.7383, 36.09623 ], [ -118.73306, 36.09871 ], [ -118.72388, 36.0966 ], [ -118.7036, 36.10364 ], [ -118.70249, 36.10557 ], [ -118.69696, 36.10697 ], [ -118.69164, 36.10695 ], [ -118.68779, 36.11065 ], [ -118.68048, 36.10911 ], [ -118.67554, 36.10462 ], [ -118.67297, 36.10387 ], [ -118.66847, 36.10531 ], [ -118.65895, 36.09765 ], [ -118.65642, 36.09787 ], [ -118.65247, 36.09636 ], [ -118.64811, 36.09675 ], [ -118.64784, 36.09534 ], [ -118.64648, 36.09467 ], [ -118.64311, 36.09433 ], [ -118.64114, 36.09556 ], [ -118.63782, 36.09559 ], [ -118.63629, 36.09749 ], [ -118.63247, 36.09919 ], [ -118.63373, 36.09204 ], [ -118.63856, 36.0921 ], [ -118.63884, 36.08854 ], [ -118.64481, 36.0818 ], [ -118.64207, 36.07514 ], [ -118.6474, 36.07117 ], [ -118.64679, 36.06634 ], [ -118.64776, 36.06415 ], [ -118.65186, 36.06155 ], [ -118.65422, 36.06337 ], [ -118.65378, 36.05914 ], [ -118.65496, 36.05937 ], [ -118.65302, 36.05486 ], [ -118.65335, 36.05257 ], [ -118.65464, 36.0513 ], [ -118.65356, 36.04842 ], [ -118.65467, 36.04727 ], [ -118.65636, 36.04716 ], [ -118.66121, 36.04123 ], [ -118.66581, 36.04104 ], [ -118.6718, 36.0395 ], [ -118.67302, 36.03792 ], [ -118.67663, 36.03782 ], [ -118.6793, 36.03272 ], [ -118.68483, 36.0318 ], [ -118.68824, 36.02628 ], [ -118.69042, 36.02527 ], [ -118.69129, 36.0259 ], [ -118.69186, 36.02171 ], [ -118.69336, 36.01964 ], [ -118.69141, 36.01803 ], [ -118.68903, 36.01808 ], [ -118.68877, 36.02065 ], [ -118.68469, 36.02026 ], [ -118.6798, 36.01282 ], [ -118.67374, 36.00809 ], [ -118.66608, 35.99815 ], [ -118.65743, 35.99503 ], [ -118.65166, 35.99099 ], [ -118.64798, 35.98533 ], [ -118.64748, 35.98866 ], [ -118.64596, 35.98987 ], [ -118.64799, 35.99063 ], [ -118.64392, 35.9909 ], [ -118.64314, 35.98958 ], [ -118.63871, 35.99204 ], [ -118.63751, 35.99334 ], [ -118.63861, 35.99374 ], [ -118.63831, 35.99473 ], [ -118.63636, 35.99529 ], [ -118.63367, 35.99469 ], [ -118.63273, 35.99316 ], [ -118.63026, 35.99339 ], [ -118.62878, 35.99054 ], [ -118.63021, 35.98989 ], [ -118.62901, 35.9871 ], [ -118.62771, 35.98706 ], [ -118.62819, 35.98163 ], [ -118.63226, 35.97222 ], [ -118.63165, 35.97 ], [ -118.63051, 35.96989 ], [ -118.62872, 35.96758 ], [ -118.6287, 35.965 ], [ -118.6272, 35.96346 ], [ -118.62736, 35.96271 ], [ -118.63036, 35.96256 ], [ -118.632, 35.96483 ], [ -118.63359, 35.96425 ], [ -118.63448, 35.96507 ], [ -118.63646, 35.96289 ], [ -118.63648, 35.96195 ], [ -118.63353, 35.961 ], [ -118.6296, 35.95554 ], [ -118.63145, 35.94988 ], [ -118.63385, 35.95009 ], [ -118.63595, 35.94705 ], [ -118.63776, 35.94626 ], [ -118.64127, 35.93916 ], [ -118.64682, 35.93708 ], [ -118.64886, 35.93446 ], [ -118.65186, 35.93323 ], [ -118.6542, 35.92617 ], [ -118.65615, 35.92451 ], [ -118.65219, 35.9227 ], [ -118.65889, 35.92336 ], [ -118.65367, 35.92065 ], [ -118.65559, 35.91953 ], [ -118.65374, 35.91889 ], [ -118.65144, 35.9197 ], [ -118.65174, 35.91897 ], [ -118.6564, 35.91628 ], [ -118.65999, 35.91597 ], [ -118.66205, 35.91488 ], [ -118.65922, 35.91718 ], [ -118.66026, 35.91757 ], [ -118.66153, 35.91619 ], [ -118.66609, 35.91592 ], [ -118.66793, 35.91436 ], [ -118.6683, 35.91237 ], [ -118.6703, 35.91421 ], [ -118.66845, 35.91721 ], [ -118.66993, 35.91575 ], [ -118.67311, 35.91469 ], [ -118.67521, 35.91105 ], [ -118.67334, 35.90721 ], [ -118.66534, 35.90581 ], [ -118.66456, 35.90665 ], [ -118.65139, 35.90272 ], [ -118.66125, 35.90014 ], [ -118.66274, 35.89862 ], [ -118.6653, 35.90029 ], [ -118.66875, 35.90055 ], [ -118.68014, 35.89738 ], [ -118.68234, 35.89573 ], [ -118.68215, 35.89412 ], [ -118.68428, 35.89306 ], [ -118.68394, 35.89097 ], [ -118.68515, 35.88983 ], [ -118.68759, 35.88994 ], [ -118.6915, 35.88721 ], [ -118.69269, 35.88516 ], [ -118.69593, 35.88605 ], [ -118.70117, 35.87977 ], [ -118.70133, 35.87607 ], [ -118.7023, 35.87339 ], [ -118.70368, 35.87255 ], [ -118.70704, 35.87186 ], [ -118.70699, 35.8764 ], [ -118.70913, 35.87833 ], [ -118.70911, 35.8794 ], [ -118.71308, 35.88138 ], [ -118.71923, 35.88031 ], [ -118.71931, 35.88502 ], [ -118.7215, 35.88365 ], [ -118.7239, 35.88758 ], [ -118.7253, 35.88711 ], [ -118.72848, 35.88796 ], [ -118.73064, 35.88613 ], [ -118.73009, 35.88739 ], [ -118.73096, 35.88913 ], [ -118.73291, 35.88772 ], [ -118.73489, 35.88788 ], [ -118.73631, 35.89034 ], [ -118.7419, 35.88718 ], [ -118.74408, 35.8881 ], [ -118.74582, 35.88739 ], [ -118.74686, 35.88804 ], [ -118.75004, 35.88781 ], [ -118.74848, 35.89023 ], [ -118.74907, 35.89235 ], [ -118.75389, 35.89268 ], [ -118.75497, 35.89456 ], [ -118.75737, 35.89366 ], [ -118.75992, 35.89392 ], [ -118.76262, 35.89509 ], [ -118.76264, 35.89671 ], [ -118.76761, 35.8945 ], [ -118.76828, 35.89265 ], [ -118.77003, 35.89188 ], [ -118.77104, 35.89006 ], [ -118.77094, 35.88542 ], [ -118.77208, 35.88477 ], [ -118.77268, 35.88217 ], [ -118.77527, 35.88319 ], [ -118.77605, 35.88242 ], [ -118.77722, 35.8837 ], [ -118.77855, 35.88325 ], [ -118.78389, 35.88544 ], [ -118.78699, 35.88552 ], [ -118.7886, 35.87664 ], [ -118.75097, 35.87628 ], [ -118.75076, 35.86191 ], [ -118.73238, 35.86184 ], [ -118.73552, 35.85534 ], [ -118.73156, 35.84799 ], [ -118.73072, 35.84736 ], [ -118.72722, 35.84904 ], [ -118.7242, 35.84635 ], [ -118.72543, 35.83925 ], [ -118.72017, 35.8335 ], [ -118.72825, 35.83064 ], [ -118.72845, 35.82733 ], [ -118.73179, 35.82731 ], [ -118.73187, 35.82464 ], [ -118.73071, 35.82479 ], [ -118.72954, 35.82251 ], [ -118.73065, 35.81762 ], [ -118.74135, 35.81264 ], [ -118.74814, 35.81246 ], [ -118.75217, 35.809 ], [ -118.75049, 35.80582 ], [ -118.75125, 35.80436 ], [ -118.75747, 35.80344 ], [ -118.75714, 35.79012 ], [ -118.93541, 35.79055 ], [ -118.93594, 35.79216 ], [ -118.93253, 35.80463 ], [ -118.92888, 35.81211 ], [ -118.9307, 35.81455 ], [ -118.93239, 35.81429 ], [ -118.93538, 35.81592 ], [ -118.93806, 35.81654 ], [ -118.9445, 35.81583 ], [ -118.94553, 35.81952 ], [ -118.94366, 35.82305 ], [ -118.94191, 35.82305 ], [ -118.94348, 35.82638 ], [ -118.94789, 35.82875 ], [ -118.94877, 35.83137 ], [ -118.954, 35.83414 ], [ -118.95724, 35.83833 ], [ -118.96056, 35.83928 ], [ -118.94969, 35.84636 ], [ -118.94717, 35.85017 ], [ -118.94429, 35.85215 ], [ -118.92798, 35.85539 ], [ -118.92632, 35.85497 ], [ -118.91969, 35.8572 ], [ -118.92216, 35.85951 ], [ -118.92193, 35.86058 ], [ -118.9231, 35.86044 ], [ -118.92739, 35.86337 ], [ -118.94132, 35.86476 ], [ -118.94624, 35.86308 ], [ -118.95404, 35.86285 ], [ -118.95493, 35.86361 ], [ -118.96024, 35.86377 ], [ -118.96402, 35.86596 ], [ -118.96442, 35.89161 ], [ -118.92291, 35.89153 ], [ -118.91852, 35.89307 ], [ -118.9224, 35.89755 ], [ -118.92297, 35.90418 ], [ -118.92549, 35.91211 ], [ -118.93385, 35.92272 ], [ -118.93507, 35.92747 ], [ -118.94049, 35.93332 ], [ -118.94639, 35.94216 ], [ -118.94782, 35.94215 ], [ -118.94779, 35.94448 ], [ -118.96129, 35.96627 ], [ -118.98059, 35.98469 ], [ -118.98219, 35.98691 ], [ -118.98271, 35.9917 ], [ -118.99401, 35.9931 ], [ -119.00377, 35.99073 ], [ -119.01423, 35.99333 ], [ -119.02812, 35.99022 ], [ -119.04332, 35.98182 ], [ -119.0472, 35.98231 ], [ -119.05362, 35.98012 ], [ -119.06055, 35.98196 ], [ -119.06914, 35.97901 ], [ -119.07814, 35.98385 ], [ -119.08298, 35.98224 ], [ -119.08814, 35.9773 ], [ -119.09253, 35.97624 ], [ -119.09988, 35.97858 ], [ -119.10742, 35.97772 ], [ -119.10743, 35.97877 ], [ -119.12531, 35.97884 ], [ -119.12539, 35.99337 ], [ -119.13878, 35.99344 ], [ -119.13352, 35.97891 ], [ -119.14326, 35.97891 ], [ -119.14339, 35.99344 ], [ -119.17895, 35.99335 ], [ -119.17898, 35.98979 ], [ -119.19718, 35.9898 ], [ -119.19723, 36.00788 ], [ -119.21466, 36.00777 ], [ -119.21463, 36.02231 ], [ -119.1974, 36.02239 ], [ -119.19749, 36.03693 ], [ -119.2146, 36.03686 ], [ -119.21466, 36.08028 ] ], [ [ -119.16105, 36.05493 ], [ -119.15984, 36.05126 ], [ -119.14101, 36.05124 ], [ -119.141, 36.05479 ], [ -119.14311, 36.05494 ], [ -119.1431, 36.05304 ], [ -119.144, 36.05303 ], [ -119.14441, 36.05678 ], [ -119.14313, 36.05857 ], [ -119.14315, 36.06223 ], [ -119.14764, 36.06223 ], [ -119.14763, 36.0639 ], [ -119.14315, 36.06405 ], [ -119.14316, 36.06587 ], [ -119.16107, 36.06574 ], [ -119.16105, 36.05493 ] ], [ [ -118.91785, 35.97619 ], [ -118.91599, 35.89235 ], [ -118.91071, 35.89364 ], [ -118.90337, 35.89332 ], [ -118.89871, 35.89161 ], [ -118.89413, 35.89187 ], [ -118.89109, 35.88945 ], [ -118.8857, 35.8927 ], [ -118.87169, 35.89053 ], [ -118.86603, 35.89178 ], [ -118.85479, 35.89083 ], [ -118.84142, 35.89161 ], [ -118.84138, 35.90279 ], [ -118.83281, 35.90596 ], [ -118.82528, 35.9115 ], [ -118.82422, 35.91372 ], [ -118.82233, 35.91499 ], [ -118.81792, 35.9143 ], [ -118.81703, 35.91854 ], [ -118.81813, 35.92077 ], [ -118.81136, 35.91764 ], [ -118.80376, 35.91849 ], [ -118.80261, 35.91748 ], [ -118.79483, 35.91695 ], [ -118.7942, 35.91881 ], [ -118.78933, 35.92004 ], [ -118.78623, 35.91757 ], [ -118.78272, 35.91633 ], [ -118.78162, 35.91738 ], [ -118.77835, 35.91283 ], [ -118.7765, 35.91298 ], [ -118.77608, 35.90996 ], [ -118.7743, 35.90829 ], [ -118.77151, 35.91035 ], [ -118.76558, 35.90932 ], [ -118.76072, 35.91337 ], [ -118.76058, 35.9177 ], [ -118.76155, 35.91836 ], [ -118.76044, 35.92336 ], [ -118.75583, 35.92583 ], [ -118.75417, 35.92826 ], [ -118.75422, 35.93201 ], [ -118.74993, 35.94041 ], [ -118.75161, 35.94286 ], [ -118.75089, 35.94339 ], [ -118.75177, 35.94571 ], [ -118.75335, 35.94816 ], [ -118.7549, 35.94866 ], [ -118.75444, 35.95074 ], [ -118.75649, 35.95574 ], [ -118.75843, 35.95276 ], [ -118.75997, 35.95226 ], [ -118.76083, 35.94905 ], [ -118.76517, 35.94514 ], [ -118.76688, 35.94639 ], [ -118.76797, 35.94551 ], [ -118.77124, 35.94654 ], [ -118.7716, 35.94843 ], [ -118.77261, 35.94734 ], [ -118.77386, 35.94865 ], [ -118.77791, 35.94806 ], [ -118.7827, 35.95652 ], [ -118.78083, 35.9585 ], [ -118.77894, 35.95824 ], [ -118.77768, 35.96166 ], [ -118.77951, 35.96273 ], [ -118.78167, 35.96609 ], [ -118.78555, 35.96836 ], [ -118.7873, 35.96833 ], [ -118.78891, 35.97012 ], [ -118.79203, 35.97023 ], [ -118.79469, 35.97557 ], [ -118.80215, 35.97815 ], [ -118.80518, 35.97835 ], [ -118.80951, 35.98042 ], [ -118.81424, 35.978 ], [ -118.81624, 35.97854 ], [ -118.82, 35.98349 ], [ -118.81881, 35.99451 ], [ -118.82057, 35.99566 ], [ -118.82233, 35.99892 ], [ -118.82719, 36.00287 ], [ -118.83942, 36.00664 ], [ -118.84125, 36.00536 ], [ -118.85011, 36.00542 ], [ -118.85523, 36.00816 ], [ -118.85553, 36.00919 ], [ -118.85985, 36.01041 ], [ -118.86611, 36.01405 ], [ -118.87171, 36.01906 ], [ -118.87563, 36.02127 ], [ -118.87259, 36.01074 ], [ -118.86966, 36.01131 ], [ -118.87016, 36.00835 ], [ -118.86832, 36.00397 ], [ -118.87003, 36.00072 ], [ -118.87268, 35.99928 ], [ -118.87252, 35.99816 ], [ -118.8756, 35.995 ], [ -118.87668, 35.99536 ], [ -118.8853, 35.9901 ], [ -118.89081, 35.98921 ], [ -118.89333, 35.98662 ], [ -118.88438, 35.98299 ], [ -118.88007, 35.97699 ], [ -118.8873, 35.97082 ], [ -118.89905, 35.97072 ], [ -118.90469, 35.97416 ], [ -118.91231, 35.97716 ], [ -118.91785, 35.97619 ] ] ] } },
{ "type": "Feature", "properties": { "zcta": "90405", "individual": 0, "student": 1, "company": 0, "w2017_19": 0, "w2020_23": 1, "w2024_26": 0, "w2017_19_student": 0, "w2017_19_share": null, "w2017_19_mix": null, "w2020_23_student": 1, "w2020_23_share": 1.0, "w2020_23_mix": "Mostly students", "w2024_26_student": 0, "w2024_26_share": null, "w2024_26_mix": null, "y2017": 0, "y2017_individual": 0, "y2017_student": 0, "y2017_company": 0, "y2018": 0, "y2018_individual": 0, "y2018_student": 0, "y2018_company": 0, "y2019": 0, "y2019_individual": 0, "y2019_student": 0, "y2019_company": 0, "y2020": 1, "y2020_individual": 0, "y2020_student": 1, "y2020_company": 0, "y2021": 0, "y2021_individual": 0, "y2021_student": 0, "y2021_company": 0, "y2022": 0, "y2022_individual": 0, "y2022_student": 0, "y2022_company": 0, "y2023": 0, "y2023_individual": 0, "y2023_student": 0, "y2023_company": 0, "y2024": 0, "y2024_individual": 0, "y2024_student": 0, "y2024_company": 0, "y2025": 0, "y2025_individual": 0, "y2025_student": 0, "y2025_company": 0, "y2026": 0, "y2026_individual": 0, "y2026_student": 0, "y2026_company": 0, "total": 1, "student_share": 1.0, "recent_share": 0.0, "first_year": 2020, "last_year": 2020, "n_2026": 0, "reassigned_n": 0, "dominant_type": "Student", "mix": "Mostly students", "place": "Santa Monica" }, "geometry": { "type": "Polygon", "coordinates": [ [ [ -118.49237, 34.00597 ], [ -118.47695, 34.01604 ], [ -118.46941, 34.01946 ], [ -118.46811, 34.02224 ], [ -118.46551, 34.02153 ], [ -118.46111, 34.02462 ], [ -118.45364, 34.02763 ], [ -118.45213, 34.02712 ], [ -118.44352, 34.01658 ], [ -118.48224, 33.99561 ], [ -118.49237, 34.00597 ] ] ] } },
{ "type": "Feature", "properties": { "zcta": "94158", "individual": 0, "student": 1, "company": 0, "w2017_19": 1, "w2020_23": 0, "w2024_26": 0, "w2017_19_student": 1, "w2017_19_share": 1.0, "w2017_19_mix": "Mostly students", "w2020_23_student": 0, "w2020_23_share": null, "w2020_23_mix": null, "w2024_26_student": 0, "w2024_26_share": null, "w2024_26_mix": null, "y2017": 0, "y2017_individual": 0, "y2017_student": 0, "y2017_company": 0, "y2018": 0, "y2018_individual": 0, "y2018_student": 0, "y2018_company": 0, "y2019": 1, "y2019_individual": 0, "y2019_student": 1, "y2019_company": 0, "y2020": 0, "y2020_individual": 0, "y2020_student": 0, "y2020_company": 0, "y2021": 0, "y2021_individual": 0, "y2021_student": 0, "y2021_company": 0, "y2022": 0, "y2022_individual": 0, "y2022_student": 0, "y2022_company": 0, "y2023": 0, "y2023_individual": 0, "y2023_student": 0, "y2023_company": 0, "y2024": 0, "y2024_individual": 0, "y2024_student": 0, "y2024_company": 0, "y2025": 0, "y2025_individual": 0, "y2025_student": 0, "y2025_company": 0, "y2026": 0, "y2026_individual": 0, "y2026_student": 0, "y2026_company": 0, "total": 1, "student_share": 1.0, "recent_share": 0.0, "first_year": 2019, "last_year": 2019, "n_2026": 0, "reassigned_n": 0, "dominant_type": "Student", "mix": "Mostly students", "place": "San Francisco" }, "geometry": { "type": "Polygon", "coordinates": [ [ [ -122.39925, 37.77314 ], [ -122.39849, 37.77246 ], [ -122.39907, 37.77328 ], [ -122.39394, 37.77626 ], [ -122.39235, 37.77503 ], [ -122.39022, 37.77672 ], [ -122.39171, 37.77802 ], [ -122.3884, 37.78077 ], [ -122.38767, 37.78279 ], [ -122.38767, 37.7768 ], [ -122.38522, 37.76877 ], [ -122.38676, 37.764 ], [ -122.39271, 37.76408 ], [ -122.40037, 37.77168 ], [ -122.39925, 37.77314 ] ] ] } },
{ "type": "Feature", "properties": { "zcta": "94062", "individual": 1, "student": 0, "company": 0, "w2017_19": 0, "w2020_23": 0, "w2024_26": 1, "w2017_19_student": 0, "w2017_19_share": null, "w2017_19_mix": null, "w2020_23_student": 0, "w2020_23_share": null, "w2020_23_mix": null, "w2024_26_student": 0, "w2024_26_share": 0.0, "w2024_26_mix": "No students", "y2017": 0, "y2017_individual": 0, "y2017_student": 0, "y2017_company": 0, "y2018": 0, "y2018_individual": 0, "y2018_student": 0, "y2018_company": 0, "y2019": 0, "y2019_individual": 0, "y2019_student": 0, "y2019_company": 0, "y2020": 0, "y2020_individual": 0, "y2020_student": 0, "y2020_company": 0, "y2021": 0, "y2021_individual": 0, "y2021_student": 0, "y2021_company": 0, "y2022": 0, "y2022_individual": 0, "y2022_student": 0, "y2022_company": 0, "y2023": 0, "y2023_individual": 0, "y2023_student": 0, "y2023_company": 0, "y2024": 1, "y2024_individual": 1, "y2024_student": 0, "y2024_company": 0, "y2025": 0, "y2025_individual": 0, "y2025_student": 0, "y2025_company": 0, "y2026": 0, "y2026_individual": 0, "y2026_student": 0, "y2026_company": 0, "total": 1, "student_share": 0.0, "recent_share": 1.0, "first_year": 2024, "last_year": 2024, "n_2026": 0, "reassigned_n": 0, "dominant_type": "Individual", "mix": "No students", "place": "Woodside" }, "geometry": { "type": "MultiPolygon", "coordinates": [ [ [ [ -122.26233, 37.48446 ], [ -122.26191, 37.48604 ], [ -122.25959, 37.48608 ], [ -122.25714, 37.48411 ], [ -122.26112, 37.48377 ], [ -122.26233, 37.48446 ] ] ], [ [ [ -122.39911, 37.53572 ], [ -122.38743, 37.54935 ], [ -122.38523, 37.54699 ], [ -122.38553, 37.54562 ], [ -122.38126, 37.54352 ], [ -122.37911, 37.53998 ], [ -122.37977, 37.5381 ], [ -122.37864, 37.53847 ], [ -122.37711, 37.53729 ], [ -122.3742, 37.53312 ], [ -122.37248, 37.53229 ], [ -122.37381, 37.53089 ], [ -122.38514, 37.53413 ], [ -122.38691, 37.53603 ], [ -122.38571, 37.53377 ], [ -122.37512, 37.52974 ], [ -122.37295, 37.52749 ], [ -122.3714, 37.52872 ], [ -122.36917, 37.52841 ], [ -122.36661, 37.52531 ], [ -122.36591, 37.52161 ], [ -122.36802, 37.52157 ], [ -122.36266, 37.51828 ], [ -122.36466, 37.51851 ], [ -122.3618, 37.51704 ], [ -122.35989, 37.51293 ], [ -122.36011, 37.51101 ], [ -122.35721, 37.51304 ], [ -122.3538, 37.50994 ], [ -122.35372, 37.50818 ], [ -122.35162, 37.51002 ], [ -122.35344, 37.51206 ], [ -122.35109, 37.51216 ], [ -122.35198, 37.51335 ], [ -122.35745, 37.5158 ], [ -122.35653, 37.51619 ], [ -122.35782, 37.51988 ], [ -122.36089, 37.52329 ], [ -122.35972, 37.52408 ], [ -122.36186, 37.52513 ], [ -122.36177, 37.5283 ], [ -122.3677, 37.53249 ], [ -122.36756, 37.53389 ], [ -122.37195, 37.53419 ], [ -122.37351, 37.53627 ], [ -122.37189, 37.53792 ], [ -122.37258, 37.53857 ], [ -122.37418, 37.53741 ], [ -122.37692, 37.54181 ], [ -122.38327, 37.54728 ], [ -122.39172, 37.55712 ], [ -122.39098, 37.5579 ], [ -122.38798, 37.55541 ], [ -122.38378, 37.54843 ], [ -122.37902, 37.54492 ], [ -122.37514, 37.53978 ], [ -122.37411, 37.54004 ], [ -122.37369, 37.53797 ], [ -122.37251, 37.53905 ], [ -122.3711, 37.5379 ], [ -122.37173, 37.53724 ], [ -122.37049, 37.53518 ], [ -122.36727, 37.53412 ], [ -122.36581, 37.53117 ], [ -122.36265, 37.52992 ], [ -122.36164, 37.5283 ], [ -122.36035, 37.52533 ], [ -122.35729, 37.52424 ], [ -122.35648, 37.52058 ], [ -122.35384, 37.51622 ], [ -122.3497, 37.51183 ], [ -122.34741, 37.51203 ], [ -122.34303, 37.50752 ], [ -122.33857, 37.50714 ], [ -122.32952, 37.50182 ], [ -122.31931, 37.50021 ], [ -122.31163, 37.49649 ], [ -122.30304, 37.49401 ], [ -122.29843, 37.48915 ], [ -122.29875, 37.48218 ], [ -122.28712, 37.47965 ], [ -122.28133, 37.47523 ], [ -122.27671, 37.47516 ], [ -122.27894, 37.47886 ], [ -122.27423, 37.4823 ], [ -122.26741, 37.4822 ], [ -122.26526, 37.48018 ], [ -122.26297, 37.48165 ], [ -122.25873, 37.48162 ], [ -122.25869, 37.48324 ], [ -122.25569, 37.48409 ], [ -122.25332, 37.48621 ], [ -122.25051, 37.48682 ], [ -122.24424, 37.49407 ], [ -122.23944, 37.49084 ], [ -122.233, 37.48451 ], [ -122.23382, 37.48166 ], [ -122.23242, 37.4841 ], [ -122.22963, 37.48209 ], [ -122.23659, 37.47735 ], [ -122.24029, 37.47326 ], [ -122.23959, 37.47276 ], [ -122.24232, 37.47155 ], [ -122.24242, 37.47051 ], [ -122.24328, 37.4712 ], [ -122.24617, 37.47014 ], [ -122.24541, 37.46944 ], [ -122.24668, 37.46898 ], [ -122.24714, 37.46979 ], [ -122.24991, 37.46876 ], [ -122.24917, 37.46528 ], [ -122.25054, 37.46364 ], [ -122.25426, 37.46337 ], [ -122.25478, 37.46138 ], [ -122.25895, 37.45971 ], [ -122.25725, 37.45827 ], [ -122.2585, 37.45724 ], [ -122.25923, 37.45766 ], [ -122.25887, 37.45691 ], [ -122.26353, 37.45436 ], [ -122.2676, 37.45725 ], [ -122.26802, 37.45636 ], [ -122.26662, 37.45411 ], [ -122.26909, 37.45225 ], [ -122.26659, 37.45073 ], [ -122.27075, 37.44754 ], [ -122.26886, 37.44604 ], [ -122.26947, 37.44461 ], [ -122.26311, 37.44396 ], [ -122.26026, 37.44745 ], [ -122.25734, 37.4472 ], [ -122.24694, 37.45549 ], [ -122.24365, 37.45322 ], [ -122.24032, 37.45501 ], [ -122.22497, 37.44396 ], [ -122.22833, 37.43965 ], [ -122.23095, 37.44027 ], [ -122.23023, 37.43708 ], [ -122.23342, 37.4338 ], [ -122.23366, 37.43238 ], [ -122.23054, 37.43038 ], [ -122.22651, 37.43006 ], [ -122.22602, 37.42849 ], [ -122.22925, 37.42467 ], [ -122.23592, 37.42535 ], [ -122.23921, 37.42182 ], [ -122.24112, 37.42193 ], [ -122.2438, 37.4201 ], [ -122.24046, 37.41188 ], [ -122.24145, 37.40977 ], [ -122.23871, 37.40958 ], [ -122.2363, 37.41096 ], [ -122.23463, 37.41051 ], [ -122.23166, 37.40387 ], [ -122.23669, 37.4019 ], [ -122.23784, 37.39973 ], [ -122.2363, 37.39945 ], [ -122.23515, 37.39732 ], [ -122.23317, 37.39726 ], [ -122.2344, 37.39645 ], [ -122.23375, 37.39339 ], [ -122.232, 37.39107 ], [ -122.23078, 37.39107 ], [ -122.22903, 37.38891 ], [ -122.2295, 37.38836 ], [ -122.2275, 37.38739 ], [ -122.22716, 37.38524 ], [ -122.22574, 37.3845 ], [ -122.22673, 37.38359 ], [ -122.22327, 37.38197 ], [ -122.22557, 37.3802 ], [ -122.23201, 37.38462 ], [ -122.23401, 37.38708 ], [ -122.23468, 37.3843 ], [ -122.23947, 37.38991 ], [ -122.24511, 37.38539 ], [ -122.24762, 37.37958 ], [ -122.24849, 37.37971 ], [ -122.25388, 37.3735 ], [ -122.24765, 37.36729 ], [ -122.24692, 37.36283 ], [ -122.24772, 37.35993 ], [ -122.24684, 37.35791 ], [ -122.23963, 37.35146 ], [ -122.2304, 37.34766 ], [ -122.22871, 37.34521 ], [ -122.21736, 37.3398 ], [ -122.217, 37.3383 ], [ -122.21414, 37.33833 ], [ -122.21414, 37.34074 ], [ -122.2127, 37.34008 ], [ -122.2105, 37.34323 ], [ -122.20763, 37.344 ], [ -122.20378, 37.34203 ], [ -122.20024, 37.33606 ], [ -122.20104, 37.33244 ], [ -122.19921, 37.33194 ], [ -122.19512, 37.3267 ], [ -122.19241, 37.32578 ], [ -122.19063, 37.32237 ], [ -122.18872, 37.32267 ], [ -122.18876, 37.32092 ], [ -122.19251, 37.31879 ], [ -122.19733, 37.32039 ], [ -122.20489, 37.32475 ], [ -122.21077, 37.33044 ], [ -122.22831, 37.33057 ], [ -122.23018, 37.33424 ], [ -122.23171, 37.33301 ], [ -122.23164, 37.32993 ], [ -122.23346, 37.32876 ], [ -122.233, 37.32623 ], [ -122.23779, 37.32674 ], [ -122.24165, 37.32371 ], [ -122.24173, 37.33014 ], [ -122.25476, 37.32606 ], [ -122.25964, 37.32675 ], [ -122.2622, 37.32841 ], [ -122.2694, 37.33 ], [ -122.2712, 37.32835 ], [ -122.27091, 37.32717 ], [ -122.27392, 37.32594 ], [ -122.273, 37.32397 ], [ -122.27445, 37.3226 ], [ -122.2743, 37.31933 ], [ -122.27548, 37.31942 ], [ -122.27645, 37.32167 ], [ -122.27925, 37.32387 ], [ -122.27996, 37.33061 ], [ -122.28343, 37.33808 ], [ -122.28315, 37.33949 ], [ -122.28029, 37.34098 ], [ -122.28018, 37.34283 ], [ -122.27833, 37.34284 ], [ -122.27768, 37.34162 ], [ -122.27595, 37.34329 ], [ -122.27398, 37.34352 ], [ -122.2763, 37.35026 ], [ -122.27589, 37.35344 ], [ -122.27294, 37.35688 ], [ -122.27671, 37.35719 ], [ -122.27748, 37.35852 ], [ -122.28097, 37.35774 ], [ -122.28253, 37.35902 ], [ -122.28578, 37.35814 ], [ -122.28672, 37.35952 ], [ -122.28769, 37.35834 ], [ -122.2897, 37.35826 ], [ -122.29164, 37.36133 ], [ -122.29598, 37.36014 ], [ -122.30079, 37.36218 ], [ -122.30109, 37.36313 ], [ -122.30462, 37.36028 ], [ -122.30529, 37.36133 ], [ -122.3095, 37.36214 ], [ -122.30989, 37.36299 ], [ -122.31443, 37.36274 ], [ -122.31494, 37.36509 ], [ -122.31619, 37.36627 ], [ -122.31834, 37.36629 ], [ -122.31802, 37.36752 ], [ -122.32106, 37.37004 ], [ -122.32328, 37.37064 ], [ -122.3265, 37.36948 ], [ -122.32741, 37.3705 ], [ -122.3295, 37.3707 ], [ -122.3309, 37.37306 ], [ -122.33165, 37.36885 ], [ -122.33075, 37.36545 ], [ -122.33384, 37.35717 ], [ -122.33455, 37.3518 ], [ -122.33738, 37.35169 ], [ -122.33765, 37.35 ], [ -122.33973, 37.34941 ], [ -122.33916, 37.3524 ], [ -122.34049, 37.35416 ], [ -122.34024, 37.35919 ], [ -122.34242, 37.36558 ], [ -122.34482, 37.36808 ], [ -122.34324, 37.37239 ], [ -122.34127, 37.37246 ], [ -122.33804, 37.3753 ], [ -122.33605, 37.37533 ], [ -122.3368, 37.37733 ], [ -122.33429, 37.37933 ], [ -122.33561, 37.38372 ], [ -122.3346, 37.38586 ], [ -122.34168, 37.38584 ], [ -122.3417, 37.38918 ], [ -122.34926, 37.38915 ], [ -122.34926, 37.39206 ], [ -122.35817, 37.39208 ], [ -122.35816, 37.39999 ], [ -122.34898, 37.40021 ], [ -122.34898, 37.40369 ], [ -122.34001, 37.40362 ], [ -122.33554, 37.41951 ], [ -122.34282, 37.42285 ], [ -122.33873, 37.4229 ], [ -122.33024, 37.4201 ], [ -122.33006, 37.42106 ], [ -122.3282, 37.42169 ], [ -122.32904, 37.42287 ], [ -122.32582, 37.42154 ], [ -122.32525, 37.42367 ], [ -122.32155, 37.42105 ], [ -122.32161, 37.42009 ], [ -122.32001, 37.42125 ], [ -122.3204, 37.4243 ], [ -122.31833, 37.42513 ], [ -122.31522, 37.42439 ], [ -122.31072, 37.42721 ], [ -122.31309, 37.43005 ], [ -122.31378, 37.42856 ], [ -122.3166, 37.42969 ], [ -122.31751, 37.42879 ], [ -122.31993, 37.42981 ], [ -122.32063, 37.43113 ], [ -122.33094, 37.42867 ], [ -122.33598, 37.43002 ], [ -122.34423, 37.43401 ], [ -122.35066, 37.43425 ], [ -122.35461, 37.43646 ], [ -122.37042, 37.43763 ], [ -122.36563, 37.44145 ], [ -122.35388, 37.44541 ], [ -122.35147, 37.44498 ], [ -122.35151, 37.44775 ], [ -122.36911, 37.44781 ], [ -122.36888, 37.47871 ], [ -122.36259, 37.47755 ], [ -122.35948, 37.47882 ], [ -122.35862, 37.48369 ], [ -122.35986, 37.48505 ], [ -122.36289, 37.48441 ], [ -122.36389, 37.48809 ], [ -122.36304, 37.48954 ], [ -122.36574, 37.48989 ], [ -122.36626, 37.49081 ], [ -122.36476, 37.4912 ], [ -122.36496, 37.49236 ], [ -122.36917, 37.49541 ], [ -122.37016, 37.49744 ], [ -122.36844, 37.49841 ], [ -122.3694, 37.50068 ], [ -122.37163, 37.50204 ], [ -122.37383, 37.50563 ], [ -122.37195, 37.50792 ], [ -122.3763, 37.51296 ], [ -122.37984, 37.52134 ], [ -122.38375, 37.52564 ], [ -122.39039, 37.52853 ], [ -122.39911, 37.53572 ] ] ] ] } },
{ "type": "Feature", "properties": { "zcta": "93940", "individual": 2, "student": 0, "company": 0, "w2017_19": 1, "w2020_23": 1, "w2024_26": 0, "w2017_19_student": 0, "w2017_19_share": 0.0, "w2017_19_mix": "No students", "w2020_23_student": 0, "w2020_23_share": 0.0, "w2020_23_mix": "No students", "w2024_26_student": 0, "w2024_26_share": null, "w2024_26_mix": null, "y2017": 0, "y2017_individual": 0, "y2017_student": 0, "y2017_company": 0, "y2018": 1, "y2018_individual": 1, "y2018_student": 0, "y2018_company": 0, "y2019": 0, "y2019_individual": 0, "y2019_student": 0, "y2019_company": 0, "y2020": 1, "y2020_individual": 1, "y2020_student": 0, "y2020_company": 0, "y2021": 0, "y2021_individual": 0, "y2021_student": 0, "y2021_company": 0, "y2022": 0, "y2022_individual": 0, "y2022_student": 0, "y2022_company": 0, "y2023": 0, "y2023_individual": 0, "y2023_student": 0, "y2023_company": 0, "y2024": 0, "y2024_individual": 0, "y2024_student": 0, "y2024_company": 0, "y2025": 0, "y2025_individual": 0, "y2025_student": 0, "y2025_company": 0, "y2026": 0, "y2026_individual": 0, "y2026_student": 0, "y2026_company": 0, "total": 2, "student_share": 0.0, "recent_share": 0.0, "first_year": 2018, "last_year": 2020, "n_2026": 0, "reassigned_n": 0, "dominant_type": "Individual", "mix": "No students", "place": "Monterey" }, "geometry": { "type": "MultiPolygon", "coordinates": [ [ [ [ -121.91718, 36.41114 ], [ -121.91513, 36.41228 ], [ -121.9167, 36.41535 ], [ -121.91464, 36.42192 ], [ -121.91238, 36.42185 ], [ -121.91348, 36.41815 ], [ -121.91176, 36.41572 ], [ -121.91374, 36.41744 ], [ -121.91454, 36.41003 ], [ -121.90953, 36.40656 ], [ -121.90894, 36.40441 ], [ -121.90986, 36.40383 ], [ -121.90329, 36.39712 ], [ -121.9002, 36.38418 ], [ -121.9007, 36.38146 ], [ -121.90357, 36.37823 ], [ -121.90487, 36.37364 ], [ -121.90168, 36.37264 ], [ -121.89929, 36.37515 ], [ -121.89655, 36.37509 ], [ -121.89586, 36.37312 ], [ -121.89259, 36.3701 ], [ -121.89163, 36.3671 ], [ -121.89017, 36.36697 ], [ -121.8891, 36.36526 ], [ -121.88718, 36.36538 ], [ -121.88697, 36.36275 ], [ -121.87826, 36.35583 ], [ -121.87413, 36.34647 ], [ -121.86767, 36.3447 ], [ -121.86579, 36.34504 ], [ -121.86882, 36.3435 ], [ -121.86624, 36.34052 ], [ -121.8671, 36.33714 ], [ -121.86402, 36.33417 ], [ -121.86777, 36.33562 ], [ -121.86843, 36.33487 ], [ -121.86635, 36.3327 ], [ -121.86359, 36.33127 ], [ -121.86252, 36.33158 ], [ -121.85906, 36.32383 ], [ -121.8607, 36.32151 ], [ -121.85838, 36.31902 ], [ -121.85267, 36.31728 ], [ -121.85026, 36.31939 ], [ -121.84253, 36.31582 ], [ -121.81698, 36.31567 ], [ -121.81139, 36.30639 ], [ -121.80969, 36.30627 ], [ -121.80757, 36.30357 ], [ -121.81011, 36.30213 ], [ -121.79636, 36.29741 ], [ -121.81214, 36.27279 ], [ -121.81657, 36.27273 ], [ -121.82036, 36.27544 ], [ -121.82511, 36.27608 ], [ -121.83268, 36.28166 ], [ -121.83902, 36.28406 ], [ -121.84203, 36.28717 ], [ -121.84455, 36.2886 ], [ -121.84317, 36.2875 ], [ -121.8433, 36.28523 ], [ -121.8453, 36.28781 ], [ -121.8568, 36.28341 ], [ -121.85847, 36.28161 ], [ -121.86355, 36.28139 ], [ -121.86587, 36.28467 ], [ -121.8748, 36.28906 ], [ -121.88849, 36.30281 ], [ -121.89676, 36.30494 ], [ -121.89964, 36.30267 ], [ -121.90273, 36.30638 ], [ -121.9029, 36.30758 ], [ -121.89943, 36.3077 ], [ -121.89471, 36.31781 ], [ -121.8962, 36.32342 ], [ -121.8956, 36.3252 ], [ -121.897, 36.32716 ], [ -121.89356, 36.33235 ], [ -121.89304, 36.34243 ], [ -121.90548, 36.35606 ], [ -121.90425, 36.36037 ], [ -121.90483, 36.36158 ], [ -121.90267, 36.3639 ], [ -121.9034, 36.37139 ], [ -121.90671, 36.37314 ], [ -121.90181, 36.38188 ], [ -121.90247, 36.38466 ], [ -121.90163, 36.38705 ], [ -121.90404, 36.3882 ], [ -121.90319, 36.3936 ], [ -121.90566, 36.39821 ], [ -121.91158, 36.40061 ], [ -121.91506, 36.40321 ], [ -121.91285, 36.40667 ], [ -121.91531, 36.40748 ], [ -121.91718, 36.41114 ] ] ], [ [ [ -121.92101, 36.59444 ], [ -121.90887, 36.60331 ], [ -121.91244, 36.60352 ], [ -121.91444, 36.60636 ], [ -121.91755, 36.605 ], [ -121.92099, 36.609 ], [ -121.90221, 36.61845 ], [ -121.89717, 36.61352 ], [ -121.89752, 36.61227 ], [ -121.89523, 36.60947 ], [ -121.89283, 36.60942 ], [ -121.88932, 36.60362 ], [ -121.88966, 36.60135 ], [ -121.88717, 36.60094 ], [ -121.87582, 36.60226 ], [ -121.86618, 36.60656 ], [ -121.85836, 36.61197 ], [ -121.85784, 36.60992 ], [ -121.86035, 36.60709 ], [ -121.85587, 36.60271 ], [ -121.85607, 36.60137 ], [ -121.85131, 36.59845 ], [ -121.85005, 36.59974 ], [ -121.84684, 36.59714 ], [ -121.82894, 36.59684 ], [ -121.8312, 36.59353 ], [ -121.81481, 36.582 ], [ -121.80831, 36.57637 ], [ -121.77402, 36.58243 ], [ -121.77177, 36.58355 ], [ -121.77152, 36.58613 ], [ -121.76866, 36.58702 ], [ -121.7656, 36.58682 ], [ -121.76073, 36.58538 ], [ -121.7576, 36.58072 ], [ -121.76312, 36.57702 ], [ -121.76577, 36.5725 ], [ -121.76183, 36.57069 ], [ -121.77142, 36.57049 ], [ -121.77988, 36.56669 ], [ -121.77686, 36.56372 ], [ -121.76477, 36.56211 ], [ -121.7608, 36.56062 ], [ -121.76025, 36.55918 ], [ -121.75604, 36.55846 ], [ -121.75593, 36.55727 ], [ -121.76131, 36.55446 ], [ -121.76309, 36.55211 ], [ -121.76183, 36.54976 ], [ -121.75964, 36.54858 ], [ -121.75662, 36.54872 ], [ -121.76287, 36.54788 ], [ -121.76968, 36.54842 ], [ -121.76973, 36.55168 ], [ -121.77599, 36.55173 ], [ -121.7758, 36.55107 ], [ -121.84201, 36.55202 ], [ -121.84348, 36.5594 ], [ -121.84201, 36.56289 ], [ -121.83857, 36.5661 ], [ -121.8426, 36.56771 ], [ -121.84435, 36.56964 ], [ -121.84447, 36.57446 ], [ -121.84187, 36.57596 ], [ -121.84181, 36.57791 ], [ -121.8457, 36.5791 ], [ -121.84984, 36.57912 ], [ -121.85011, 36.57791 ], [ -121.85531, 36.57659 ], [ -121.85725, 36.57402 ], [ -121.86472, 36.57453 ], [ -121.86753, 36.57332 ], [ -121.87401, 36.57569 ], [ -121.89096, 36.57766 ], [ -121.89094, 36.58008 ], [ -121.8924, 36.58039 ], [ -121.89464, 36.57806 ], [ -121.90425, 36.5792 ], [ -121.90665, 36.57793 ], [ -121.9028, 36.58038 ], [ -121.8991, 36.58132 ], [ -121.89945, 36.5819 ], [ -121.90196, 36.58129 ], [ -121.91241, 36.57479 ], [ -121.9154, 36.57938 ], [ -121.91784, 36.58126 ], [ -121.91899, 36.58395 ], [ -121.91816, 36.58581 ], [ -121.92006, 36.58868 ], [ -121.9188, 36.5917 ], [ -121.92078, 36.59167 ], [ -121.92101, 36.59444 ] ], [ [ -121.87888, 36.59982 ], [ -121.87727, 36.59339 ], [ -121.86812, 36.59571 ], [ -121.8685, 36.59708 ], [ -121.86704, 36.59856 ], [ -121.86958, 36.60067 ], [ -121.87888, 36.59982 ] ] ] ] } },
{ "type": "Feature", "properties": { "zcta": "94105", "individual": 1, "student": 0, "company": 1, "w2017_19": 0, "w2020_23": 2, "w2024_26": 0, "w2017_19_student": 0, "w2017_19_share": null, "w2017_19_mix": null, "w2020_23_student": 0, "w2020_23_share": 0.0, "w2020_23_mix": "No students", "w2024_26_student": 0, "w2024_26_share": null, "w2024_26_mix": null, "y2017": 0, "y2017_individual": 0, "y2017_student": 0, "y2017_company": 0, "y2018": 0, "y2018_individual": 0, "y2018_student": 0, "y2018_company": 0, "y2019": 0, "y2019_individual": 0, "y2019_student": 0, "y2019_company": 0, "y2020": 0, "y2020_individual": 0, "y2020_student": 0, "y2020_company": 0, "y2021": 2, "y2021_individual": 1, "y2021_student": 0, "y2021_company": 1, "y2022": 0, "y2022_individual": 0, "y2022_student": 0, "y2022_company": 0, "y2023": 0, "y2023_individual": 0, "y2023_student": 0, "y2023_company": 0, "y2024": 0, "y2024_individual": 0, "y2024_student": 0, "y2024_company": 0, "y2025": 0, "y2025_individual": 0, "y2025_student": 0, "y2025_company": 0, "y2026": 0, "y2026_individual": 0, "y2026_student": 0, "y2026_company": 0, "total": 2, "student_share": 0.0, "recent_share": 0.0, "first_year": 2021, "last_year": 2021, "n_2026": 0, "reassigned_n": 0, "dominant_type": "Individual", "mix": "No students", "place": "San Francisco" }, "geometry": { "type": "Polygon", "coordinates": [ [ [ -122.40346, 37.78778 ], [ -122.39632, 37.79334 ], [ -122.39696, 37.79635 ], [ -122.39512, 37.79704 ], [ -122.38767, 37.78881 ], [ -122.38767, 37.78476 ], [ -122.39029, 37.78577 ], [ -122.39018, 37.78666 ], [ -122.39454, 37.78381 ], [ -122.39516, 37.78431 ], [ -122.39402, 37.78521 ], [ -122.39565, 37.78638 ], [ -122.39781, 37.78467 ], [ -122.39937, 37.7859 ], [ -122.40047, 37.78503 ], [ -122.40257, 37.78668 ], [ -122.40183, 37.78727 ], [ -122.40346, 37.78778 ] ] ] } },
{ "type": "Feature", "properties": { "zcta": "94121", "individual": 4, "student": 2, "company": 0, "w2017_19": 1, "w2020_23": 3, "w2024_26": 2, "w2017_19_student": 0, "w2017_19_share": 0.0, "w2017_19_mix": "No students", "w2020_23_student": 2, "w2020_23_share": 0.667, "w2020_23_mix": "Mostly students", "w2024_26_student": 0, "w2024_26_share": 0.0, "w2024_26_mix": "No students", "y2017": 0, "y2017_individual": 0, "y2017_student": 0, "y2017_company": 0, "y2018": 1, "y2018_individual": 1, "y2018_student": 0, "y2018_company": 0, "y2019": 0, "y2019_individual": 0, "y2019_student": 0, "y2019_company": 0, "y2020": 1, "y2020_individual": 0, "y2020_student": 1, "y2020_company": 0, "y2021": 0, "y2021_individual": 0, "y2021_student": 0, "y2021_company": 0, "y2022": 2, "y2022_individual": 1, "y2022_student": 1, "y2022_company": 0, "y2023": 0, "y2023_individual": 0, "y2023_student": 0, "y2023_company": 0, "y2024": 0, "y2024_individual": 0, "y2024_student": 0, "y2024_company": 0, "y2025": 2, "y2025_individual": 2, "y2025_student": 0, "y2025_company": 0, "y2026": 0, "y2026_individual": 0, "y2026_student": 0, "y2026_company": 0, "total": 6, "student_share": 0.333, "recent_share": 0.333, "first_year": 2018, "last_year": 2025, "n_2026": 0, "reassigned_n": 0, "dominant_type": "Individual", "mix": "Mostly professional", "place": "San Francisco" }, "geometry": { "type": "Polygon", "coordinates": [ [ [ -122.51448, 37.78083 ], [ -122.50531, 37.78831 ], [ -122.49288, 37.78793 ], [ -122.48576, 37.79068 ], [ -122.48407, 37.78952 ], [ -122.48415, 37.78767 ], [ -122.47662, 37.7868 ], [ -122.47601, 37.78578 ], [ -122.47561, 37.77296 ], [ -122.48419, 37.77257 ], [ -122.48651, 37.77072 ], [ -122.49113, 37.77095 ], [ -122.5063, 37.76668 ], [ -122.50412, 37.76553 ], [ -122.51044, 37.76406 ], [ -122.51112, 37.77132 ], [ -122.51307, 37.77078 ], [ -122.51448, 37.78083 ] ] ] } },
{ "type": "Feature", "properties": { "zcta": "94133", "individual": 1, "student": 1, "company": 0, "w2017_19": 1, "w2020_23": 0, "w2024_26": 1, "w2017_19_student": 0, "w2017_19_share": 0.0, "w2017_19_mix": "No students", "w2020_23_student": 0, "w2020_23_share": null, "w2020_23_mix": null, "w2024_26_student": 1, "w2024_26_share": 1.0, "w2024_26_mix": "Mostly students", "y2017": 0, "y2017_individual": 0, "y2017_student": 0, "y2017_company": 0, "y2018": 1, "y2018_individual": 1, "y2018_student": 0, "y2018_company": 0, "y2019": 0, "y2019_individual": 0, "y2019_student": 0, "y2019_company": 0, "y2020": 0, "y2020_individual": 0, "y2020_student": 0, "y2020_company": 0, "y2021": 0, "y2021_individual": 0, "y2021_student": 0, "y2021_company": 0, "y2022": 0, "y2022_individual": 0, "y2022_student": 0, "y2022_company": 0, "y2023": 0, "y2023_individual": 0, "y2023_student": 0, "y2023_company": 0, "y2024": 0, "y2024_individual": 0, "y2024_student": 0, "y2024_company": 0, "y2025": 0, "y2025_individual": 0, "y2025_student": 0, "y2025_company": 0, "y2026": 1, "y2026_individual": 0, "y2026_student": 1, "y2026_company": 0, "total": 2, "student_share": 0.5, "recent_share": 0.5, "first_year": 2018, "last_year": 2026, "n_2026": 1, "reassigned_n": 0, "dominant_type": "Individual", "mix": "Mixed", "place": "San Francisco" }, "geometry": { "type": "Polygon", "coordinates": [ [ [ -122.42074, 37.80759 ], [ -122.41909, 37.8078 ], [ -122.41911, 37.80859 ], [ -122.40953, 37.8089 ], [ -122.40556, 37.80706 ], [ -122.40517, 37.80476 ], [ -122.40595, 37.80466 ], [ -122.4048, 37.8029 ], [ -122.40316, 37.8031 ], [ -122.40191, 37.79688 ], [ -122.40555, 37.79571 ], [ -122.41483, 37.79499 ], [ -122.41557, 37.79868 ], [ -122.41757, 37.79843 ], [ -122.4186, 37.80537 ], [ -122.42074, 37.80759 ] ] ] } },
{ "type": "Feature", "properties": { "zcta": "94551", "individual": 2, "student": 0, "company": 0, "w2017_19": 1, "w2020_23": 1, "w2024_26": 0, "w2017_19_student": 0, "w2017_19_share": 0.0, "w2017_19_mix": "No students", "w2020_23_student": 0, "w2020_23_share": 0.0, "w2020_23_mix": "No students", "w2024_26_student": 0, "w2024_26_share": null, "w2024_26_mix": null, "y2017": 1, "y2017_individual": 1, "y2017_student": 0, "y2017_company": 0, "y2018": 0, "y2018_individual": 0, "y2018_student": 0, "y2018_company": 0, "y2019": 0, "y2019_individual": 0, "y2019_student": 0, "y2019_company": 0, "y2020": 1, "y2020_individual": 1, "y2020_student": 0, "y2020_company": 0, "y2021": 0, "y2021_individual": 0, "y2021_student": 0, "y2021_company": 0, "y2022": 0, "y2022_individual": 0, "y2022_student": 0, "y2022_company": 0, "y2023": 0, "y2023_individual": 0, "y2023_student": 0, "y2023_company": 0, "y2024": 0, "y2024_individual": 0, "y2024_student": 0, "y2024_company": 0, "y2025": 0, "y2025_individual": 0, "y2025_student": 0, "y2025_company": 0, "y2026": 0, "y2026_individual": 0, "y2026_student": 0, "y2026_company": 0, "total": 2, "student_share": 0.0, "recent_share": 0.0, "first_year": 2017, "last_year": 2020, "n_2026": 0, "reassigned_n": 0, "dominant_type": "Individual", "mix": "No students", "place": "Livermore" }, "geometry": { "type": "Polygon", "coordinates": [ [ [ -121.85061, 37.73406 ], [ -121.84506, 37.73226 ], [ -121.84271, 37.73332 ], [ -121.83732, 37.73367 ], [ -121.8381, 37.73884 ], [ -121.83513, 37.74639 ], [ -121.8367, 37.75027 ], [ -121.83242, 37.75606 ], [ -121.83193, 37.76704 ], [ -121.82454, 37.76544 ], [ -121.82587, 37.76693 ], [ -121.82306, 37.76689 ], [ -121.82218, 37.77668 ], [ -121.82327, 37.77783 ], [ -121.82214, 37.78282 ], [ -121.82304, 37.78283 ], [ -121.82302, 37.81016 ], [ -121.82435, 37.81016 ], [ -121.82435, 37.81751 ], [ -121.82306, 37.81755 ], [ -121.8231, 37.83906 ], [ -121.83217, 37.83897 ], [ -121.83213, 37.85309 ], [ -121.82314, 37.85292 ], [ -121.82297, 37.86019 ], [ -121.81398, 37.86031 ], [ -121.81494, 37.86702 ], [ -121.81175, 37.86934 ], [ -121.80932, 37.86865 ], [ -121.80534, 37.86991 ], [ -121.80407, 37.86982 ], [ -121.80018, 37.86521 ], [ -121.79669, 37.86395 ], [ -121.79475, 37.8621 ], [ -121.79267, 37.85719 ], [ -121.78979, 37.85665 ], [ -121.78423, 37.85342 ], [ -121.78228, 37.84677 ], [ -121.7771, 37.84289 ], [ -121.77482, 37.83868 ], [ -121.77323, 37.83867 ], [ -121.77327, 37.84572 ], [ -121.74985, 37.8458 ], [ -121.74918, 37.84389 ], [ -121.74246, 37.83977 ], [ -121.74139, 37.84172 ], [ -121.73592, 37.84338 ], [ -121.73252, 37.84381 ], [ -121.72865, 37.84186 ], [ -121.72789, 37.84271 ], [ -121.7258, 37.84242 ], [ -121.72503, 37.841 ], [ -121.72737, 37.83881 ], [ -121.73177, 37.83732 ], [ -121.7327, 37.83601 ], [ -121.73755, 37.83358 ], [ -121.73776, 37.83257 ], [ -121.74241, 37.83307 ], [ -121.74261, 37.83118 ], [ -121.74696, 37.83247 ], [ -121.7471, 37.83418 ], [ -121.74892, 37.83578 ], [ -121.74859, 37.8345 ], [ -121.75119, 37.83457 ], [ -121.75127, 37.83326 ], [ -121.74899, 37.83147 ], [ -121.74976, 37.83074 ], [ -121.74862, 37.82968 ], [ -121.74732, 37.83021 ], [ -121.74631, 37.82947 ], [ -121.74754, 37.82827 ], [ -121.74507, 37.82672 ], [ -121.74364, 37.82729 ], [ -121.73952, 37.82461 ], [ -121.74092, 37.81974 ], [ -121.74222, 37.81954 ], [ -121.74364, 37.82078 ], [ -121.74507, 37.82023 ], [ -121.75177, 37.82346 ], [ -121.75956, 37.82868 ], [ -121.76225, 37.82894 ], [ -121.76246, 37.82799 ], [ -121.75723, 37.82103 ], [ -121.75212, 37.81616 ], [ -121.75258, 37.81516 ], [ -121.75007, 37.81031 ], [ -121.74592, 37.80794 ], [ -121.74576, 37.80588 ], [ -121.74492, 37.80593 ], [ -121.74726, 37.80208 ], [ -121.75071, 37.79955 ], [ -121.74906, 37.7892 ], [ -121.7496, 37.78756 ], [ -121.74139, 37.774 ], [ -121.73964, 37.77375 ], [ -121.73928, 37.77212 ], [ -121.69929, 37.78196 ], [ -121.69783, 37.7904 ], [ -121.69903, 37.79223 ], [ -121.70036, 37.7923 ], [ -121.6965, 37.7958 ], [ -121.69323, 37.79566 ], [ -121.70092, 37.7984 ], [ -121.70413, 37.79629 ], [ -121.70782, 37.79995 ], [ -121.70845, 37.80424 ], [ -121.70753, 37.80485 ], [ -121.70498, 37.80311 ], [ -121.70239, 37.80848 ], [ -121.70351, 37.81461 ], [ -121.7081, 37.8167 ], [ -121.70915, 37.81844 ], [ -121.70464, 37.81869 ], [ -121.70286, 37.81729 ], [ -121.69846, 37.81708 ], [ -121.69794, 37.81507 ], [ -121.69407, 37.81334 ], [ -121.69295, 37.81173 ], [ -121.69035, 37.81169 ], [ -121.69057, 37.81333 ], [ -121.68683, 37.81433 ], [ -121.68467, 37.8105 ], [ -121.68244, 37.8099 ], [ -121.67894, 37.81 ], [ -121.67295, 37.81539 ], [ -121.66798, 37.81446 ], [ -121.66335, 37.81531 ], [ -121.6633, 37.81245 ], [ -121.67274, 37.80605 ], [ -121.67528, 37.80309 ], [ -121.67588, 37.79946 ], [ -121.67847, 37.79756 ], [ -121.68525, 37.79635 ], [ -121.68885, 37.79315 ], [ -121.69422, 37.79156 ], [ -121.69732, 37.78244 ], [ -121.67037, 37.78901 ], [ -121.67007, 37.78217 ], [ -121.66859, 37.77963 ], [ -121.67251, 37.77245 ], [ -121.67094, 37.77327 ], [ -121.6659, 37.77077 ], [ -121.66359, 37.76162 ], [ -121.65783, 37.76369 ], [ -121.65198, 37.76153 ], [ -121.64942, 37.75855 ], [ -121.64997, 37.75747 ], [ -121.6486, 37.75315 ], [ -121.65295, 37.75134 ], [ -121.6546, 37.7497 ], [ -121.65421, 37.74641 ], [ -121.6554, 37.74644 ], [ -121.64843, 37.74273 ], [ -121.64119, 37.74277 ], [ -121.63823, 37.74064 ], [ -121.63487, 37.74035 ], [ -121.63218, 37.7387 ], [ -121.63063, 37.7337 ], [ -121.63712, 37.7276 ], [ -121.64651, 37.72549 ], [ -121.66521, 37.71795 ], [ -121.67056, 37.71854 ], [ -121.67541, 37.72113 ], [ -121.68111, 37.72175 ], [ -121.69661, 37.71851 ], [ -121.69866, 37.70967 ], [ -121.697, 37.70678 ], [ -121.69702, 37.70549 ], [ -121.69893, 37.70968 ], [ -121.69885, 37.71094 ], [ -121.70232, 37.70838 ], [ -121.71929, 37.70141 ], [ -121.72053, 37.7028 ], [ -121.71954, 37.70131 ], [ -121.74442, 37.69107 ], [ -121.74235, 37.68942 ], [ -121.74454, 37.69102 ], [ -121.76173, 37.68511 ], [ -121.75884, 37.68665 ], [ -121.76487, 37.68589 ], [ -121.77744, 37.68219 ], [ -121.78812, 37.67895 ], [ -121.78748, 37.67811 ], [ -121.82674, 37.67384 ], [ -121.82683, 37.67632 ], [ -121.84287, 37.69128 ], [ -121.84672, 37.6917 ], [ -121.84817, 37.69269 ], [ -121.84836, 37.69973 ], [ -121.8495, 37.70135 ], [ -121.83338, 37.70121 ], [ -121.83255, 37.72374 ], [ -121.8416, 37.72377 ], [ -121.84161, 37.73096 ], [ -121.85065, 37.73096 ], [ -121.85061, 37.73406 ] ] ] } },
{ "type": "Feature", "properties": { "zcta": "94553", "individual": 5, "student": 1, "company": 0, "w2017_19": 1, "w2020_23": 4, "w2024_26": 1, "w2017_19_student": 0, "w2017_19_share": 0.0, "w2017_19_mix": "No students", "w2020_23_student": 0, "w2020_23_share": 0.0, "w2020_23_mix": "No students", "w2024_26_student": 1, "w2024_26_share": 1.0, "w2024_26_mix": "Mostly students", "y2017": 0, "y2017_individual": 0, "y2017_student": 0, "y2017_company": 0, "y2018": 0, "y2018_individual": 0, "y2018_student": 0, "y2018_company": 0, "y2019": 1, "y2019_individual": 1, "y2019_student": 0, "y2019_company": 0, "y2020": 0, "y2020_individual": 0, "y2020_student": 0, "y2020_company": 0, "y2021": 3, "y2021_individual": 3, "y2021_student": 0, "y2021_company": 0, "y2022": 0, "y2022_individual": 0, "y2022_student": 0, "y2022_company": 0, "y2023": 1, "y2023_individual": 1, "y2023_student": 0, "y2023_company": 0, "y2024": 0, "y2024_individual": 0, "y2024_student": 0, "y2024_company": 0, "y2025": 0, "y2025_individual": 0, "y2025_student": 0, "y2025_company": 0, "y2026": 1, "y2026_individual": 0, "y2026_student": 1, "y2026_company": 0, "total": 6, "student_share": 0.167, "recent_share": 0.167, "first_year": 2019, "last_year": 2026, "n_2026": 1, "reassigned_n": 0, "dominant_type": "Individual", "mix": "Mostly professional", "place": "Martinez" }, "geometry": { "type": "Polygon", "coordinates": [ [ [ -122.26408, 37.94362 ], [ -122.2632, 37.94283 ], [ -122.25884, 37.94641 ], [ -122.25609, 37.9446 ], [ -122.25529, 37.94605 ], [ -122.25368, 37.94574 ], [ -122.25594, 37.9489 ], [ -122.25233, 37.95146 ], [ -122.2491, 37.95227 ], [ -122.24652, 37.95529 ], [ -122.24349, 37.95448 ], [ -122.24119, 37.95525 ], [ -122.24131, 37.95692 ], [ -122.2376, 37.95822 ], [ -122.24348, 37.96264 ], [ -122.24677, 37.96402 ], [ -122.24307, 37.96811 ], [ -122.24315, 37.9711 ], [ -122.24164, 37.97182 ], [ -122.23735, 37.9721 ], [ -122.23087, 37.97504 ], [ -122.22871, 37.97347 ], [ -122.22375, 37.97276 ], [ -122.22153, 37.9706 ], [ -122.21889, 37.96979 ], [ -122.21512, 37.97047 ], [ -122.21002, 37.96868 ], [ -122.20497, 37.96474 ], [ -122.23021, 37.99638 ], [ -122.20962, 37.99617 ], [ -122.20966, 38.00761 ], [ -122.21071, 38.00768 ], [ -122.20505, 38.00889 ], [ -122.19038, 38.01566 ], [ -122.19495, 38.01997 ], [ -122.19597, 38.02297 ], [ -122.19977, 38.02602 ], [ -122.20733, 38.02888 ], [ -122.21637, 38.03654 ], [ -122.21519, 38.03694 ], [ -122.21007, 38.0349 ], [ -122.20872, 38.03608 ], [ -122.20937, 38.03804 ], [ -122.21421, 38.04003 ], [ -122.21578, 38.04185 ], [ -122.2124, 38.04594 ], [ -122.20613, 38.04618 ], [ -122.20614, 38.04744 ], [ -122.20583, 38.04546 ], [ -122.20181, 38.04137 ], [ -122.19729, 38.03896 ], [ -122.19734, 38.03474 ], [ -122.19523, 38.03242 ], [ -122.1959, 38.03049 ], [ -122.19408, 38.02868 ], [ -122.1922, 38.03002 ], [ -122.18776, 38.02919 ], [ -122.19121, 38.03119 ], [ -122.19499, 38.03635 ], [ -122.19244, 38.04112 ], [ -122.18867, 38.04203 ], [ -122.184, 38.04095 ], [ -122.18257, 38.03949 ], [ -122.18309, 38.03845 ], [ -122.18062, 38.03793 ], [ -122.17942, 38.03566 ], [ -122.17467, 38.03597 ], [ -122.17404, 38.03412 ], [ -122.16923, 38.02946 ], [ -122.16197, 38.026 ], [ -122.1561, 38.02382 ], [ -122.1585, 38.02487 ], [ -122.14667, 38.02358 ], [ -122.14687, 38.03173 ], [ -122.13937, 38.03218 ], [ -122.13017, 38.03472 ], [ -122.12892, 38.02725 ], [ -122.1288, 38.03046 ], [ -122.12116, 38.03299 ], [ -122.1194, 38.03493 ], [ -122.11226, 38.03913 ], [ -122.10158, 38.04218 ], [ -122.09695, 38.043 ], [ -122.09652, 38.04232 ], [ -122.09654, 38.04317 ], [ -122.09345, 38.04367 ], [ -122.09099, 38.0419 ], [ -122.08588, 38.03496 ], [ -122.08002, 38.03143 ], [ -122.03151, 38.0451 ], [ -122.0299, 38.04141 ], [ -122.03374, 38.03285 ], [ -122.02777, 38.02097 ], [ -122.02992, 38.02049 ], [ -122.03067, 38.02299 ], [ -122.03359, 38.02258 ], [ -122.03552, 38.0136 ], [ -122.04601, 38.01106 ], [ -122.04541, 38.00853 ], [ -122.04839, 38.00622 ], [ -122.04803, 38.00298 ], [ -122.05372, 38.00233 ], [ -122.06485, 38.02026 ], [ -122.06934, 38.01612 ], [ -122.07015, 38.02468 ], [ -122.07818, 38.0203 ], [ -122.0775, 38.01661 ], [ -122.07581, 38.0141 ], [ -122.07622, 38.01226 ], [ -122.07833, 38.01023 ], [ -122.07841, 38.00869 ], [ -122.07732, 38.00845 ], [ -122.07895, 38.00593 ], [ -122.07493, 38.00567 ], [ -122.07705, 38.00857 ], [ -122.07495, 38.00947 ], [ -122.06966, 38.0157 ], [ -122.06574, 38.00926 ], [ -122.0564, 37.99902 ], [ -122.06308, 37.99614 ], [ -122.06375, 37.98216 ], [ -122.06555, 37.97982 ], [ -122.06597, 37.98184 ], [ -122.07408, 37.98121 ], [ -122.0773, 37.98239 ], [ -122.07891, 37.9815 ], [ -122.07709, 37.98135 ], [ -122.07619, 37.97935 ], [ -122.07713, 37.97937 ], [ -122.07782, 37.97615 ], [ -122.0999, 37.97596 ], [ -122.10437, 37.97273 ], [ -122.10201, 37.97151 ], [ -122.10231, 37.96983 ], [ -122.09883, 37.96712 ], [ -122.09401, 37.96021 ], [ -122.09235, 37.95995 ], [ -122.09116, 37.95651 ], [ -122.09322, 37.95506 ], [ -122.10314, 37.95496 ], [ -122.10488, 37.95867 ], [ -122.1076, 37.95924 ], [ -122.10806, 37.95681 ], [ -122.10917, 37.95782 ], [ -122.11159, 37.95655 ], [ -122.11163, 37.95539 ], [ -122.11565, 37.95591 ], [ -122.1157, 37.95356 ], [ -122.11747, 37.95356 ], [ -122.11707, 37.94941 ], [ -122.12586, 37.94461 ], [ -122.12655, 37.92746 ], [ -122.12919, 37.92683 ], [ -122.13097, 37.92528 ], [ -122.13356, 37.92622 ], [ -122.1359, 37.92323 ], [ -122.13474, 37.9193 ], [ -122.13784, 37.91743 ], [ -122.13947, 37.91814 ], [ -122.14232, 37.91754 ], [ -122.14988, 37.9223 ], [ -122.16084, 37.92041 ], [ -122.16088, 37.91823 ], [ -122.16193, 37.92033 ], [ -122.16455, 37.92129 ], [ -122.16638, 37.91971 ], [ -122.17472, 37.91797 ], [ -122.18473, 37.91916 ], [ -122.19564, 37.92217 ], [ -122.20015, 37.91754 ], [ -122.20072, 37.91404 ], [ -122.20433, 37.90896 ], [ -122.20892, 37.90894 ], [ -122.21193, 37.90991 ], [ -122.21249, 37.90806 ], [ -122.21577, 37.90713 ], [ -122.21429, 37.90453 ], [ -122.21487, 37.90402 ], [ -122.21498, 37.90561 ], [ -122.21676, 37.90683 ], [ -122.22274, 37.90655 ], [ -122.22765, 37.9084 ], [ -122.2308, 37.91234 ], [ -122.23249, 37.91657 ], [ -122.23453, 37.91717 ], [ -122.23695, 37.91987 ], [ -122.24005, 37.91913 ], [ -122.23799, 37.92116 ], [ -122.24576, 37.92158 ], [ -122.24807, 37.92276 ], [ -122.24968, 37.92544 ], [ -122.25405, 37.9275 ], [ -122.26164, 37.9409 ], [ -122.26572, 37.94256 ], [ -122.26408, 37.94362 ] ] ] } },
{ "type": "Feature", "properties": { "zcta": "94574", "individual": 1, "student": 0, "company": 0, "w2017_19": 0, "w2020_23": 0, "w2024_26": 1, "w2017_19_student": 0, "w2017_19_share": null, "w2017_19_mix": null, "w2020_23_student": 0, "w2020_23_share": null, "w2020_23_mix": null, "w2024_26_student": 0, "w2024_26_share": 0.0, "w2024_26_mix": "No students", "y2017": 0, "y2017_individual": 0, "y2017_student": 0, "y2017_company": 0, "y2018": 0, "y2018_individual": 0, "y2018_student": 0, "y2018_company": 0, "y2019": 0, "y2019_individual": 0, "y2019_student": 0, "y2019_company": 0, "y2020": 0, "y2020_individual": 0, "y2020_student": 0, "y2020_company": 0, "y2021": 0, "y2021_individual": 0, "y2021_student": 0, "y2021_company": 0, "y2022": 0, "y2022_individual": 0, "y2022_student": 0, "y2022_company": 0, "y2023": 0, "y2023_individual": 0, "y2023_student": 0, "y2023_company": 0, "y2024": 0, "y2024_individual": 0, "y2024_student": 0, "y2024_company": 0, "y2025": 1, "y2025_individual": 1, "y2025_student": 0, "y2025_company": 0, "y2026": 0, "y2026_individual": 0, "y2026_student": 0, "y2026_company": 0, "total": 1, "student_share": 0.0, "recent_share": 1.0, "first_year": 2025, "last_year": 2025, "n_2026": 0, "reassigned_n": 0, "dominant_type": "Individual", "mix": "No students", "place": "St. Helena" }, "geometry": { "type": "Polygon", "coordinates": [ [ [ -122.56947, 38.52966 ], [ -122.56572, 38.53191 ], [ -122.56597, 38.53586 ], [ -122.56499, 38.5368 ], [ -122.55135, 38.54159 ], [ -122.54175, 38.54326 ], [ -122.54108, 38.54403 ], [ -122.54149, 38.53456 ], [ -122.5231, 38.53455 ], [ -122.52306, 38.54144 ], [ -122.51681, 38.54162 ], [ -122.51862, 38.54373 ], [ -122.50345, 38.55015 ], [ -122.50059, 38.54815 ], [ -122.50097, 38.54946 ], [ -122.49482, 38.5568 ], [ -122.49483, 38.5661 ], [ -122.46758, 38.56701 ], [ -122.46762, 38.54548 ], [ -122.44784, 38.54459 ], [ -122.42145, 38.54496 ], [ -122.4213, 38.54742 ], [ -122.41833, 38.54638 ], [ -122.40409, 38.57252 ], [ -122.4115, 38.5873 ], [ -122.41194, 38.59843 ], [ -122.41087, 38.59843 ], [ -122.411, 38.60626 ], [ -122.42403, 38.61153 ], [ -122.43032, 38.61153 ], [ -122.42779, 38.61295 ], [ -122.42819, 38.61522 ], [ -122.42572, 38.61704 ], [ -122.42149, 38.61777 ], [ -122.41763, 38.61747 ], [ -122.41538, 38.61493 ], [ -122.40459, 38.61465 ], [ -122.39712, 38.61283 ], [ -122.38758, 38.62858 ], [ -122.38657, 38.63498 ], [ -122.38475, 38.63779 ], [ -122.37486, 38.64371 ], [ -122.37224, 38.64444 ], [ -122.36749, 38.64362 ], [ -122.36237, 38.64762 ], [ -122.3552, 38.64631 ], [ -122.35088, 38.64378 ], [ -122.3487, 38.63931 ], [ -122.34578, 38.63781 ], [ -122.3459, 38.63686 ], [ -122.33975, 38.63492 ], [ -122.33061, 38.62776 ], [ -122.32733, 38.62747 ], [ -122.32806, 38.58029 ], [ -122.27952, 38.57738 ], [ -122.27966, 38.56494 ], [ -122.26, 38.56244 ], [ -122.26, 38.55009 ], [ -122.25086, 38.55009 ], [ -122.25178, 38.53585 ], [ -122.25361, 38.53591 ], [ -122.25204, 38.53529 ], [ -122.25217, 38.50728 ], [ -122.24413, 38.50707 ], [ -122.24435, 38.49995 ], [ -122.2567, 38.50025 ], [ -122.25603, 38.49869 ], [ -122.25304, 38.49679 ], [ -122.25117, 38.49663 ], [ -122.24674, 38.49403 ], [ -122.24712, 38.49173 ], [ -122.24368, 38.4851 ], [ -122.24356, 38.47578 ], [ -122.30143, 38.47865 ], [ -122.30043, 38.46497 ], [ -122.30788, 38.46432 ], [ -122.33777, 38.46566 ], [ -122.34535, 38.46523 ], [ -122.34818, 38.46743 ], [ -122.35414, 38.46538 ], [ -122.36118, 38.46895 ], [ -122.36132, 38.47041 ], [ -122.35846, 38.47065 ], [ -122.3569, 38.47503 ], [ -122.35487, 38.47545 ], [ -122.35629, 38.47612 ], [ -122.35595, 38.47814 ], [ -122.35777, 38.47854 ], [ -122.35718, 38.47966 ], [ -122.35818, 38.48059 ], [ -122.35522, 38.48055 ], [ -122.35604, 38.48287 ], [ -122.35752, 38.48327 ], [ -122.36044, 38.48164 ], [ -122.36423, 38.48174 ], [ -122.36619, 38.48066 ], [ -122.37019, 38.48108 ], [ -122.37225, 38.47907 ], [ -122.37259, 38.48026 ], [ -122.37672, 38.48065 ], [ -122.38611, 38.48573 ], [ -122.39178, 38.48751 ], [ -122.39843, 38.48677 ], [ -122.40269, 38.48788 ], [ -122.4057, 38.48474 ], [ -122.40452, 38.48352 ], [ -122.40419, 38.47981 ], [ -122.4006, 38.47587 ], [ -122.39891, 38.47015 ], [ -122.41479, 38.46341 ], [ -122.42728, 38.46992 ], [ -122.43024, 38.46865 ], [ -122.43273, 38.46283 ], [ -122.43183, 38.46138 ], [ -122.434, 38.4582 ], [ -122.43197, 38.456 ], [ -122.43325, 38.45318 ], [ -122.43746, 38.45175 ], [ -122.43846, 38.45038 ], [ -122.43997, 38.45084 ], [ -122.43568, 38.44685 ], [ -122.44258, 38.4418 ], [ -122.4376, 38.43185 ], [ -122.45589, 38.42583 ], [ -122.4568, 38.44291 ], [ -122.47999, 38.44382 ], [ -122.47996, 38.44873 ], [ -122.48299, 38.45271 ], [ -122.49209, 38.45451 ], [ -122.49369, 38.45651 ], [ -122.49685, 38.45563 ], [ -122.50155, 38.45592 ], [ -122.50973, 38.45825 ], [ -122.50857, 38.45918 ], [ -122.51005, 38.46216 ], [ -122.50819, 38.46431 ], [ -122.50582, 38.46449 ], [ -122.5088, 38.467 ], [ -122.51112, 38.46715 ], [ -122.51624, 38.47087 ], [ -122.51717, 38.47025 ], [ -122.52032, 38.47129 ], [ -122.52264, 38.47018 ], [ -122.52959, 38.46961 ], [ -122.53106, 38.47778 ], [ -122.53608, 38.48234 ], [ -122.53822, 38.48654 ], [ -122.54054, 38.48831 ], [ -122.54098, 38.49168 ], [ -122.54289, 38.49391 ], [ -122.54987, 38.49529 ], [ -122.55225, 38.49667 ], [ -122.56331, 38.49823 ], [ -122.56133, 38.50714 ], [ -122.56627, 38.51108 ], [ -122.55847, 38.514 ], [ -122.55753, 38.5155 ], [ -122.55313, 38.51785 ], [ -122.5482, 38.52205 ], [ -122.55062, 38.52213 ], [ -122.55278, 38.52569 ], [ -122.55713, 38.52549 ], [ -122.5619, 38.52679 ], [ -122.56361, 38.52537 ], [ -122.56664, 38.52554 ], [ -122.56663, 38.52862 ], [ -122.56947, 38.52966 ] ], [ [ -122.48094, 38.54862 ], [ -122.4778, 38.54423 ], [ -122.4745, 38.53735 ], [ -122.47613, 38.54616 ], [ -122.47205, 38.54637 ], [ -122.47195, 38.5547 ], [ -122.47324, 38.55916 ], [ -122.47312, 38.55782 ], [ -122.47636, 38.55378 ], [ -122.47636, 38.55148 ], [ -122.48095, 38.5515 ], [ -122.48094, 38.54862 ] ] ] } },
{ "type": "Feature", "properties": { "zcta": "94941", "individual": 2, "student": 0, "company": 0, "w2017_19": 0, "w2020_23": 0, "w2024_26": 2, "w2017_19_student": 0, "w2017_19_share": null, "w2017_19_mix": null, "w2020_23_student": 0, "w2020_23_share": null, "w2020_23_mix": null, "w2024_26_student": 0, "w2024_26_share": 0.0, "w2024_26_mix": "No students", "y2017": 0, "y2017_individual": 0, "y2017_student": 0, "y2017_company": 0, "y2018": 0, "y2018_individual": 0, "y2018_student": 0, "y2018_company": 0, "y2019": 0, "y2019_individual": 0, "y2019_student": 0, "y2019_company": 0, "y2020": 0, "y2020_individual": 0, "y2020_student": 0, "y2020_company": 0, "y2021": 0, "y2021_individual": 0, "y2021_student": 0, "y2021_company": 0, "y2022": 0, "y2022_individual": 0, "y2022_student": 0, "y2022_company": 0, "y2023": 0, "y2023_individual": 0, "y2023_student": 0, "y2023_company": 0, "y2024": 0, "y2024_individual": 0, "y2024_student": 0, "y2024_company": 0, "y2025": 1, "y2025_individual": 1, "y2025_student": 0, "y2025_company": 0, "y2026": 1, "y2026_individual": 1, "y2026_student": 0, "y2026_company": 0, "total": 2, "student_share": 0.0, "recent_share": 1.0, "first_year": 2025, "last_year": 2026, "n_2026": 1, "reassigned_n": 0, "dominant_type": "Individual", "mix": "No students", "place": "Mill Valley" }, "geometry": { "type": "Polygon", "coordinates": [ [ [ -122.7193, 37.99735 ], [ -122.71572, 37.99823 ], [ -122.71557, 37.9999 ], [ -122.71098, 37.99864 ], [ -122.71027, 37.99761 ], [ -122.70877, 37.99909 ], [ -122.70855, 38.00457 ], [ -122.70776, 38.00156 ], [ -122.70698, 38.00427 ], [ -122.70504, 38.00135 ], [ -122.70084, 37.99868 ], [ -122.69916, 37.99553 ], [ -122.69873, 37.99883 ], [ -122.69233, 38.00451 ], [ -122.68744, 38.00294 ], [ -122.68517, 38.00349 ], [ -122.68121, 38.00245 ], [ -122.67971, 38.00353 ], [ -122.67751, 38.00293 ], [ -122.67624, 38.00083 ], [ -122.6743, 38.00081 ], [ -122.67123, 37.99692 ], [ -122.66862, 37.99965 ], [ -122.66546, 38.00031 ], [ -122.66144, 37.99883 ], [ -122.65762, 37.99937 ], [ -122.65676, 37.99789 ], [ -122.65388, 37.99995 ], [ -122.65065, 37.99539 ], [ -122.64777, 37.99667 ], [ -122.64234, 37.99615 ], [ -122.64009, 37.99378 ], [ -122.6373, 37.99476 ], [ -122.63445, 37.99459 ], [ -122.63632, 37.99409 ], [ -122.64652, 37.98251 ], [ -122.63837, 37.97488 ], [ -122.63791, 37.97325 ], [ -122.62931, 37.96945 ], [ -122.62657, 37.96679 ], [ -122.62596, 37.96395 ], [ -122.62498, 37.9635 ], [ -122.62616, 37.96277 ], [ -122.62758, 37.96546 ], [ -122.63125, 37.96754 ], [ -122.62905, 37.96462 ], [ -122.62967, 37.96329 ], [ -122.63188, 37.96326 ], [ -122.62887, 37.95954 ], [ -122.63027, 37.95601 ], [ -122.63513, 37.95496 ], [ -122.6371, 37.95582 ], [ -122.63172, 37.94883 ], [ -122.63462, 37.94879 ], [ -122.63249, 37.94385 ], [ -122.63374, 37.94189 ], [ -122.63867, 37.94074 ], [ -122.63744, 37.93556 ], [ -122.63598, 37.93438 ], [ -122.63354, 37.92788 ], [ -122.63387, 37.92569 ], [ -122.62695, 37.92341 ], [ -122.62661, 37.92207 ], [ -122.62303, 37.92091 ], [ -122.6167, 37.92228 ], [ -122.61525, 37.92495 ], [ -122.60898, 37.9248 ], [ -122.60697, 37.92396 ], [ -122.60616, 37.92484 ], [ -122.60711, 37.92599 ], [ -122.60503, 37.92902 ], [ -122.60322, 37.92999 ], [ -122.60637, 37.93732 ], [ -122.60596, 37.93878 ], [ -122.60728, 37.93951 ], [ -122.60563, 37.94086 ], [ -122.60327, 37.94056 ], [ -122.60166, 37.94156 ], [ -122.59964, 37.94538 ], [ -122.59753, 37.94486 ], [ -122.59685, 37.94582 ], [ -122.59844, 37.94774 ], [ -122.59833, 37.94969 ], [ -122.59734, 37.94895 ], [ -122.59489, 37.94958 ], [ -122.59363, 37.94786 ], [ -122.58891, 37.94562 ], [ -122.58668, 37.94542 ], [ -122.58313, 37.94677 ], [ -122.57946, 37.94311 ], [ -122.58035, 37.94177 ], [ -122.57949, 37.93934 ], [ -122.57641, 37.93906 ], [ -122.57589, 37.9367 ], [ -122.57392, 37.9369 ], [ -122.57287, 37.93565 ], [ -122.57343, 37.93412 ], [ -122.57039, 37.93299 ], [ -122.56727, 37.93478 ], [ -122.55933, 37.92999 ], [ -122.55819, 37.93034 ], [ -122.55522, 37.92739 ], [ -122.54945, 37.9247 ], [ -122.54914, 37.92375 ], [ -122.54818, 37.92556 ], [ -122.54638, 37.92589 ], [ -122.54467, 37.9237 ], [ -122.53892, 37.92192 ], [ -122.53324, 37.91782 ], [ -122.5317, 37.91795 ], [ -122.5285, 37.91616 ], [ -122.51835, 37.91776 ], [ -122.51403, 37.90856 ], [ -122.51059, 37.90783 ], [ -122.51076, 37.90923 ], [ -122.50338, 37.90933 ], [ -122.50488, 37.91192 ], [ -122.49885, 37.91173 ], [ -122.49882, 37.9107 ], [ -122.50622, 37.90687 ], [ -122.50715, 37.90433 ], [ -122.50414, 37.90066 ], [ -122.5047, 37.89918 ], [ -122.503, 37.89888 ], [ -122.49988, 37.89366 ], [ -122.50102, 37.89366 ], [ -122.4965, 37.87734 ], [ -122.49847, 37.87579 ], [ -122.51658, 37.88415 ], [ -122.5162, 37.88031 ], [ -122.51152, 37.87672 ], [ -122.51662, 37.87687 ], [ -122.52068, 37.87938 ], [ -122.52003, 37.87707 ], [ -122.52095, 37.87576 ], [ -122.5196, 37.87555 ], [ -122.51934, 37.87451 ], [ -122.52025, 37.87011 ], [ -122.51172, 37.86322 ], [ -122.50842, 37.85894 ], [ -122.51017, 37.85685 ], [ -122.50742, 37.85572 ], [ -122.51143, 37.85489 ], [ -122.5159, 37.85672 ], [ -122.52182, 37.85655 ], [ -122.52491, 37.85467 ], [ -122.52397, 37.85234 ], [ -122.52634, 37.85004 ], [ -122.53315, 37.85384 ], [ -122.53264, 37.85552 ], [ -122.53512, 37.85697 ], [ -122.53355, 37.85748 ], [ -122.53305, 37.85884 ], [ -122.53405, 37.85937 ], [ -122.53756, 37.85854 ], [ -122.53901, 37.85579 ], [ -122.54554, 37.8611 ], [ -122.54777, 37.86121 ], [ -122.54644, 37.86229 ], [ -122.55142, 37.86423 ], [ -122.55122, 37.86803 ], [ -122.54905, 37.86923 ], [ -122.55116, 37.86912 ], [ -122.55075, 37.87052 ], [ -122.55197, 37.87046 ], [ -122.55275, 37.87168 ], [ -122.55106, 37.87315 ], [ -122.55229, 37.87453 ], [ -122.55176, 37.87638 ], [ -122.55383, 37.87771 ], [ -122.55372, 37.88419 ], [ -122.55428, 37.88341 ], [ -122.55504, 37.88934 ], [ -122.55718, 37.89348 ], [ -122.55872, 37.89353 ], [ -122.56176, 37.89623 ], [ -122.56202, 37.89549 ], [ -122.56414, 37.89516 ], [ -122.56559, 37.8925 ], [ -122.56369, 37.89275 ], [ -122.56379, 37.89374 ], [ -122.56206, 37.89457 ], [ -122.56128, 37.89217 ], [ -122.56329, 37.89063 ], [ -122.56237, 37.88942 ], [ -122.56578, 37.88865 ], [ -122.5643, 37.88798 ], [ -122.56628, 37.88707 ], [ -122.56753, 37.88848 ], [ -122.56792, 37.88644 ], [ -122.57708, 37.8821 ], [ -122.57906, 37.87891 ], [ -122.58238, 37.87635 ], [ -122.58372, 37.87312 ], [ -122.57627, 37.86305 ], [ -122.58259, 37.86517 ], [ -122.58506, 37.86407 ], [ -122.58667, 37.86463 ], [ -122.58761, 37.86769 ], [ -122.59398, 37.87503 ], [ -122.59875, 37.87488 ], [ -122.60188, 37.87717 ], [ -122.60017, 37.87846 ], [ -122.60345, 37.87727 ], [ -122.60444, 37.87595 ], [ -122.61394, 37.87843 ], [ -122.61744, 37.87723 ], [ -122.62409, 37.88105 ], [ -122.62693, 37.88074 ], [ -122.62871, 37.88169 ], [ -122.62821, 37.88451 ], [ -122.62896, 37.88522 ], [ -122.62414, 37.88749 ], [ -122.61912, 37.89321 ], [ -122.61294, 37.8965 ], [ -122.61058, 37.89916 ], [ -122.6232, 37.90516 ], [ -122.61593, 37.90909 ], [ -122.61922, 37.90922 ], [ -122.62076, 37.91059 ], [ -122.62521, 37.91123 ], [ -122.62464, 37.91249 ], [ -122.6275, 37.91633 ], [ -122.6286, 37.91643 ], [ -122.62874, 37.91888 ], [ -122.6302, 37.9205 ], [ -122.63903, 37.92474 ], [ -122.64032, 37.92459 ], [ -122.64653, 37.93384 ], [ -122.65052, 37.93574 ], [ -122.65351, 37.93548 ], [ -122.65675, 37.9369 ], [ -122.65845, 37.94057 ], [ -122.66315, 37.9453 ], [ -122.66878, 37.94703 ], [ -122.669, 37.94899 ], [ -122.67248, 37.95019 ], [ -122.67343, 37.95167 ], [ -122.67483, 37.95206 ], [ -122.67588, 37.9513 ], [ -122.6767, 37.95349 ], [ -122.68074, 37.95524 ], [ -122.68364, 37.95894 ], [ -122.68261, 37.95973 ], [ -122.68408, 37.96189 ], [ -122.68628, 37.96237 ], [ -122.6888, 37.96538 ], [ -122.69426, 37.96814 ], [ -122.697, 37.97205 ], [ -122.70379, 37.9774 ], [ -122.70511, 37.98051 ], [ -122.71072, 37.984 ], [ -122.71327, 37.98353 ], [ -122.71638, 37.99149 ], [ -122.72028, 37.99598 ], [ -122.7193, 37.99735 ] ] ] } },
{ "type": "Feature", "properties": { "zcta": "94952", "individual": 3, "student": 1, "company": 0, "w2017_19": 1, "w2020_23": 1, "w2024_26": 2, "w2017_19_student": 1, "w2017_19_share": 1.0, "w2017_19_mix": "Mostly students", "w2020_23_student": 0, "w2020_23_share": 0.0, "w2020_23_mix": "No students", "w2024_26_student": 0, "w2024_26_share": 0.0, "w2024_26_mix": "No students", "y2017": 0, "y2017_individual": 0, "y2017_student": 0, "y2017_company": 0, "y2018": 0, "y2018_individual": 0, "y2018_student": 0, "y2018_company": 0, "y2019": 1, "y2019_individual": 0, "y2019_student": 1, "y2019_company": 0, "y2020": 0, "y2020_individual": 0, "y2020_student": 0, "y2020_company": 0, "y2021": 0, "y2021_individual": 0, "y2021_student": 0, "y2021_company": 0, "y2022": 1, "y2022_individual": 1, "y2022_student": 0, "y2022_company": 0, "y2023": 0, "y2023_individual": 0, "y2023_student": 0, "y2023_company": 0, "y2024": 0, "y2024_individual": 0, "y2024_student": 0, "y2024_company": 0, "y2025": 0, "y2025_individual": 0, "y2025_student": 0, "y2025_company": 0, "y2026": 2, "y2026_individual": 2, "y2026_student": 0, "y2026_company": 0, "total": 4, "student_share": 0.25, "recent_share": 0.5, "first_year": 2019, "last_year": 2026, "n_2026": 2, "reassigned_n": 1, "dominant_type": "Individual", "mix": "Mostly professional", "place": "Bloomfield" }, "geometry": { "type": "Polygon", "coordinates": [ [ [ -123.00279, 38.29571 ], [ -122.99871, 38.29841 ], [ -122.99411, 38.29938 ], [ -122.99475, 38.30619 ], [ -122.99312, 38.30644 ], [ -122.99163, 38.30553 ], [ -122.98771, 38.30812 ], [ -122.98413, 38.30822 ], [ -122.98316, 38.31041 ], [ -122.98161, 38.31114 ], [ -122.97487, 38.31147 ], [ -122.97108, 38.30994 ], [ -122.96905, 38.3108 ], [ -122.96612, 38.31697 ], [ -122.95993, 38.31593 ], [ -122.95454, 38.31871 ], [ -122.95111, 38.32679 ], [ -122.92831, 38.32437 ], [ -122.93068, 38.3219 ], [ -122.93558, 38.31981 ], [ -122.93608, 38.31558 ], [ -122.9338, 38.31359 ], [ -122.93655, 38.31185 ], [ -122.9367, 38.31045 ], [ -122.93543, 38.30961 ], [ -122.93252, 38.31171 ], [ -122.92841, 38.3128 ], [ -122.92564, 38.31274 ], [ -122.92159, 38.30855 ], [ -122.91788, 38.31048 ], [ -122.9166, 38.31321 ], [ -122.91964, 38.31465 ], [ -122.92092, 38.31639 ], [ -122.91979, 38.31722 ], [ -122.92638, 38.3187 ], [ -122.92771, 38.32039 ], [ -122.92791, 38.32382 ], [ -122.92526, 38.33105 ], [ -122.91685, 38.34067 ], [ -122.91632, 38.34952 ], [ -122.9124, 38.35015 ], [ -122.90963, 38.34932 ], [ -122.89418, 38.35483 ], [ -122.88821, 38.35613 ], [ -122.88849, 38.35061 ], [ -122.89101, 38.35003 ], [ -122.8882, 38.34584 ], [ -122.88761, 38.32803 ], [ -122.88289, 38.32797 ], [ -122.88131, 38.33203 ], [ -122.88078, 38.3386 ], [ -122.87067, 38.33969 ], [ -122.86993, 38.34442 ], [ -122.85583, 38.34114 ], [ -122.85705, 38.34231 ], [ -122.8455, 38.33976 ], [ -122.8471, 38.34425 ], [ -122.84466, 38.34418 ], [ -122.84073, 38.33865 ], [ -122.83423, 38.33806 ], [ -122.83611, 38.33759 ], [ -122.83307, 38.33619 ], [ -122.82495, 38.33553 ], [ -122.82491, 38.32874 ], [ -122.82367, 38.32874 ], [ -122.8237, 38.32802 ], [ -122.81503, 38.32796 ], [ -122.81434, 38.32645 ], [ -122.80988, 38.32643 ], [ -122.80946, 38.33248 ], [ -122.80542, 38.33126 ], [ -122.80537, 38.32843 ], [ -122.77771, 38.32909 ], [ -122.77765, 38.32595 ], [ -122.76956, 38.32595 ], [ -122.76959, 38.32969 ], [ -122.76851, 38.32962 ], [ -122.76847, 38.32608 ], [ -122.76475, 38.32603 ], [ -122.7635, 38.32858 ], [ -122.7607, 38.32858 ], [ -122.76022, 38.33137 ], [ -122.75853, 38.33362 ], [ -122.75174, 38.33501 ], [ -122.74483, 38.33044 ], [ -122.74204, 38.32609 ], [ -122.73699, 38.3275 ], [ -122.7353, 38.32411 ], [ -122.71947, 38.3138 ], [ -122.72155, 38.31231 ], [ -122.72597, 38.31139 ], [ -122.72917, 38.30787 ], [ -122.68626, 38.2843 ], [ -122.66154, 38.26508 ], [ -122.62445, 38.24467 ], [ -122.61556, 38.22853 ], [ -122.60627, 38.22446 ], [ -122.60323, 38.2211 ], [ -122.59466, 38.2207 ], [ -122.58386, 38.20973 ], [ -122.57683, 38.20681 ], [ -122.56891, 38.20419 ], [ -122.56569, 38.20942 ], [ -122.56617, 38.2109 ], [ -122.56808, 38.21189 ], [ -122.57139, 38.2116 ], [ -122.56865, 38.21206 ], [ -122.5703, 38.21266 ], [ -122.56655, 38.21154 ], [ -122.56528, 38.21011 ], [ -122.56655, 38.20422 ], [ -122.56256, 38.19872 ], [ -122.55898, 38.19821 ], [ -122.55492, 38.19989 ], [ -122.54974, 38.19953 ], [ -122.54751, 38.19684 ], [ -122.54372, 38.18307 ], [ -122.54056, 38.17917 ], [ -122.53303, 38.173 ], [ -122.53175, 38.17132 ], [ -122.53212, 38.16907 ], [ -122.53413, 38.16715 ], [ -122.54189, 38.16472 ], [ -122.54469, 38.16236 ], [ -122.54538, 38.15873 ], [ -122.5476, 38.15747 ], [ -122.5548, 38.15865 ], [ -122.55714, 38.15958 ], [ -122.55844, 38.16197 ], [ -122.55799, 38.16353 ], [ -122.55349, 38.16662 ], [ -122.55198, 38.169 ], [ -122.55329, 38.16998 ], [ -122.55924, 38.16862 ], [ -122.56319, 38.16932 ], [ -122.56426, 38.17069 ], [ -122.56446, 38.17508 ], [ -122.56838, 38.17684 ], [ -122.56509, 38.18222 ], [ -122.56788, 38.1838 ], [ -122.57073, 38.18714 ], [ -122.5725, 38.18707 ], [ -122.57317, 38.18588 ], [ -122.57093, 38.18459 ], [ -122.57069, 38.18352 ], [ -122.57324, 38.1833 ], [ -122.5782, 38.18358 ], [ -122.5798, 38.18554 ], [ -122.58186, 38.18611 ], [ -122.58212, 38.18802 ], [ -122.58371, 38.18704 ], [ -122.58451, 38.18807 ], [ -122.58681, 38.18772 ], [ -122.59115, 38.18599 ], [ -122.5926, 38.18877 ], [ -122.59493, 38.18838 ], [ -122.60092, 38.18526 ], [ -122.59959, 38.18113 ], [ -122.56963, 38.15822 ], [ -122.5649, 38.14538 ], [ -122.56387, 38.13565 ], [ -122.56446, 38.13187 ], [ -122.56526, 38.1349 ], [ -122.5679, 38.13507 ], [ -122.56889, 38.13606 ], [ -122.57776, 38.1384 ], [ -122.58049, 38.13628 ], [ -122.5921, 38.14589 ], [ -122.59909, 38.14702 ], [ -122.60734, 38.14695 ], [ -122.60879, 38.14782 ], [ -122.6089, 38.13878 ], [ -122.61398, 38.13975 ], [ -122.62201, 38.13731 ], [ -122.62408, 38.13086 ], [ -122.62405, 38.1228 ], [ -122.62652, 38.12443 ], [ -122.63054, 38.13287 ], [ -122.6363, 38.13539 ], [ -122.63948, 38.13877 ], [ -122.64159, 38.14632 ], [ -122.65286, 38.14801 ], [ -122.66009, 38.14555 ], [ -122.66198, 38.1457 ], [ -122.6648, 38.14814 ], [ -122.66692, 38.14858 ], [ -122.68324, 38.14916 ], [ -122.69221, 38.14582 ], [ -122.69658, 38.14245 ], [ -122.6996, 38.13753 ], [ -122.7002, 38.13417 ], [ -122.698, 38.11967 ], [ -122.70061, 38.11939 ], [ -122.70305, 38.12335 ], [ -122.70684, 38.12278 ], [ -122.71412, 38.12685 ], [ -122.71615, 38.12292 ], [ -122.71402, 38.11995 ], [ -122.71529, 38.11376 ], [ -122.71847, 38.11312 ], [ -122.72172, 38.10927 ], [ -122.72685, 38.10608 ], [ -122.73706, 38.09265 ], [ -122.7426, 38.09225 ], [ -122.74405, 38.09486 ], [ -122.7453, 38.0946 ], [ -122.74774, 38.09641 ], [ -122.74982, 38.09672 ], [ -122.75289, 38.10854 ], [ -122.75503, 38.10976 ], [ -122.75477, 38.11105 ], [ -122.75918, 38.11297 ], [ -122.76137, 38.11273 ], [ -122.76636, 38.11638 ], [ -122.76821, 38.11602 ], [ -122.77375, 38.11748 ], [ -122.80172, 38.13738 ], [ -122.80503, 38.14037 ], [ -122.80441, 38.14492 ], [ -122.81676, 38.15257 ], [ -122.82246, 38.14934 ], [ -122.82655, 38.15025 ], [ -122.82889, 38.14958 ], [ -122.83219, 38.15017 ], [ -122.83562, 38.14831 ], [ -122.83975, 38.14868 ], [ -122.84541, 38.15174 ], [ -122.85457, 38.15019 ], [ -122.86134, 38.15356 ], [ -122.86235, 38.15581 ], [ -122.86424, 38.15593 ], [ -122.8668, 38.15912 ], [ -122.87413, 38.16407 ], [ -122.87416, 38.16477 ], [ -122.87013, 38.16618 ], [ -122.8651, 38.17488 ], [ -122.85897, 38.17854 ], [ -122.85692, 38.18256 ], [ -122.85289, 38.18625 ], [ -122.85249, 38.19027 ], [ -122.85017, 38.19344 ], [ -122.84848, 38.1933 ], [ -122.84707, 38.19168 ], [ -122.84156, 38.19115 ], [ -122.83917, 38.18794 ], [ -122.83911, 38.18988 ], [ -122.84164, 38.19284 ], [ -122.84292, 38.19235 ], [ -122.8459, 38.19381 ], [ -122.84628, 38.19538 ], [ -122.84839, 38.19678 ], [ -122.84967, 38.19615 ], [ -122.85345, 38.19778 ], [ -122.85487, 38.20226 ], [ -122.85646, 38.2022 ], [ -122.85683, 38.20002 ], [ -122.86047, 38.19924 ], [ -122.85867, 38.20195 ], [ -122.86008, 38.20517 ], [ -122.85917, 38.20636 ], [ -122.86039, 38.20824 ], [ -122.85988, 38.21221 ], [ -122.85839, 38.21227 ], [ -122.8575, 38.21488 ], [ -122.85553, 38.21426 ], [ -122.85536, 38.21261 ], [ -122.85208, 38.20991 ], [ -122.85169, 38.20849 ], [ -122.85037, 38.20861 ], [ -122.84885, 38.21209 ], [ -122.84288, 38.21035 ], [ -122.83706, 38.21032 ], [ -122.83486, 38.21144 ], [ -122.82985, 38.21189 ], [ -122.826, 38.21595 ], [ -122.82563, 38.21737 ], [ -122.82689, 38.21798 ], [ -122.81766, 38.23578 ], [ -122.81055, 38.23614 ], [ -122.81138, 38.24669 ], [ -122.81605, 38.25564 ], [ -122.84067, 38.25302 ], [ -122.84897, 38.25304 ], [ -122.85778, 38.25544 ], [ -122.85939, 38.2552 ], [ -122.85931, 38.2585 ], [ -122.86099, 38.26061 ], [ -122.86021, 38.26384 ], [ -122.8619, 38.2643 ], [ -122.86606, 38.26303 ], [ -122.86824, 38.26333 ], [ -122.8698, 38.26653 ], [ -122.87226, 38.26737 ], [ -122.87313, 38.26435 ], [ -122.875, 38.26416 ], [ -122.87744, 38.26651 ], [ -122.88517, 38.26677 ], [ -122.89114, 38.26284 ], [ -122.89566, 38.26244 ], [ -122.89806, 38.26316 ], [ -122.89828, 38.26524 ], [ -122.90082, 38.26723 ], [ -122.90212, 38.27219 ], [ -122.90424, 38.27226 ], [ -122.90642, 38.27014 ], [ -122.90914, 38.27037 ], [ -122.91558, 38.26886 ], [ -122.91716, 38.26942 ], [ -122.91793, 38.27223 ], [ -122.92029, 38.27293 ], [ -122.92212, 38.27175 ], [ -122.92157, 38.26573 ], [ -122.92254, 38.26313 ], [ -122.92472, 38.26241 ], [ -122.92735, 38.26426 ], [ -122.92745, 38.25745 ], [ -122.92399, 38.25153 ], [ -122.92381, 38.24799 ], [ -122.93099, 38.24578 ], [ -122.93785, 38.24174 ], [ -122.93948, 38.24167 ], [ -122.9414, 38.24279 ], [ -122.94271, 38.24509 ], [ -122.94272, 38.24878 ], [ -122.95218, 38.25586 ], [ -122.95726, 38.25594 ], [ -122.95855, 38.25761 ], [ -122.96019, 38.25747 ], [ -122.96432, 38.26082 ], [ -122.97663, 38.2672 ], [ -122.9764, 38.26975 ], [ -122.97766, 38.26997 ], [ -122.97725, 38.268 ], [ -122.98632, 38.27316 ], [ -122.98945, 38.28024 ], [ -122.9946, 38.2831 ], [ -122.99711, 38.28946 ], [ -123.00279, 38.29571 ] ] ] } },
{ "type": "Feature", "properties": { "zcta": "95060", "individual": 4, "student": 2, "company": 1, "w2017_19": 0, "w2020_23": 1, "w2024_26": 6, "w2017_19_student": 0, "w2017_19_share": null, "w2017_19_mix": null, "w2020_23_student": 1, "w2020_23_share": 1.0, "w2020_23_mix": "Mostly students", "w2024_26_student": 1, "w2024_26_share": 0.167, "w2024_26_mix": "Mostly professional", "y2017": 0, "y2017_individual": 0, "y2017_student": 0, "y2017_company": 0, "y2018": 0, "y2018_individual": 0, "y2018_student": 0, "y2018_company": 0, "y2019": 0, "y2019_individual": 0, "y2019_student": 0, "y2019_company": 0, "y2020": 0, "y2020_individual": 0, "y2020_student": 0, "y2020_company": 0, "y2021": 0, "y2021_individual": 0, "y2021_student": 0, "y2021_company": 0, "y2022": 0, "y2022_individual": 0, "y2022_student": 0, "y2022_company": 0, "y2023": 1, "y2023_individual": 0, "y2023_student": 1, "y2023_company": 0, "y2024": 1, "y2024_individual": 0, "y2024_student": 0, "y2024_company": 1, "y2025": 2, "y2025_individual": 2, "y2025_student": 0, "y2025_company": 0, "y2026": 3, "y2026_individual": 2, "y2026_student": 1, "y2026_company": 0, "total": 7, "student_share": 0.286, "recent_share": 0.857, "first_year": 2023, "last_year": 2026, "n_2026": 3, "reassigned_n": 0, "dominant_type": "Individual", "mix": "Mostly professional", "place": "Bonny Doon" }, "geometry": { "type": "Polygon", "coordinates": [ [ [ -122.18441, 36.99976 ], [ -122.18049, 36.99973 ], [ -122.18035, 37.00087 ], [ -122.17577, 37.00517 ], [ -122.17516, 37.00985 ], [ -122.17662, 37.01238 ], [ -122.16863, 37.02115 ], [ -122.16755, 37.02523 ], [ -122.16358, 37.02986 ], [ -122.1618, 37.03036 ], [ -122.17763, 37.03728 ], [ -122.17409, 37.0402 ], [ -122.17352, 37.0433 ], [ -122.17619, 37.04681 ], [ -122.17972, 37.04735 ], [ -122.18105, 37.04902 ], [ -122.1823, 37.0525 ], [ -122.18168, 37.05559 ], [ -122.17961, 37.0577 ], [ -122.18012, 37.05855 ], [ -122.17797, 37.06205 ], [ -122.17701, 37.06134 ], [ -122.17535, 37.06177 ], [ -122.17408, 37.06059 ], [ -122.16809, 37.06073 ], [ -122.1639, 37.06267 ], [ -122.16359, 37.06721 ], [ -122.15599, 37.07355 ], [ -122.15434, 37.07783 ], [ -122.15456, 37.0815 ], [ -122.15254, 37.08371 ], [ -122.15319, 37.08959 ], [ -122.14244, 37.10445 ], [ -122.14397, 37.10715 ], [ -122.14771, 37.11039 ], [ -122.15438, 37.1148 ], [ -122.15944, 37.12349 ], [ -122.1649, 37.12852 ], [ -122.16842, 37.1274 ], [ -122.17226, 37.13191 ], [ -122.1708, 37.13336 ], [ -122.17572, 37.13654 ], [ -122.17716, 37.13847 ], [ -122.17329, 37.13894 ], [ -122.17194, 37.13575 ], [ -122.16853, 37.13189 ], [ -122.16394, 37.12878 ], [ -122.15129, 37.12864 ], [ -122.15218, 37.12078 ], [ -122.14822, 37.12075 ], [ -122.14836, 37.11688 ], [ -122.14422, 37.11678 ], [ -122.14479, 37.11369 ], [ -122.14404, 37.11239 ], [ -122.13582, 37.11332 ], [ -122.13642, 37.10329 ], [ -122.1321, 37.10139 ], [ -122.13145, 37.0979 ], [ -122.13395, 37.09145 ], [ -122.1292, 37.09148 ], [ -122.12926, 37.0879 ], [ -122.12345, 37.08727 ], [ -122.12347, 37.08097 ], [ -122.11957, 37.08084 ], [ -122.11738, 37.0797 ], [ -122.10676, 37.07054 ], [ -122.10191, 37.06959 ], [ -122.09778, 37.06654 ], [ -122.09408, 37.06101 ], [ -122.09231, 37.05621 ], [ -122.0976, 37.05875 ], [ -122.10067, 37.05736 ], [ -122.10381, 37.05835 ], [ -122.10653, 37.05773 ], [ -122.10357, 37.05786 ], [ -122.1015, 37.056 ], [ -122.09854, 37.05627 ], [ -122.09719, 37.05563 ], [ -122.097, 37.05423 ], [ -122.09381, 37.05312 ], [ -122.0938, 37.05225 ], [ -122.10533, 37.05108 ], [ -122.10526, 37.04588 ], [ -122.1006, 37.04587 ], [ -122.10053, 37.04075 ], [ -122.10615, 37.03995 ], [ -122.10606, 37.03712 ], [ -122.10897, 37.03486 ], [ -122.11007, 37.03239 ], [ -122.10773, 37.02919 ], [ -122.10326, 37.03093 ], [ -122.09859, 37.02629 ], [ -122.09489, 37.0262 ], [ -122.08868, 37.02343 ], [ -122.06975, 37.02373 ], [ -122.0632, 37.03091 ], [ -122.05955, 37.03049 ], [ -122.0589, 37.02618 ], [ -122.06328, 37.01926 ], [ -122.06217, 37.01503 ], [ -122.06027, 37.01368 ], [ -122.04977, 37.01092 ], [ -122.04277, 37.01368 ], [ -122.03429, 37.01465 ], [ -122.03967, 37.02888 ], [ -122.03473, 37.03096 ], [ -122.03279, 37.02918 ], [ -122.02548, 37.03286 ], [ -122.02311, 37.03264 ], [ -122.02301, 37.03624 ], [ -122.02412, 37.03678 ], [ -122.02236, 37.03777 ], [ -122.02122, 37.03575 ], [ -122.0192, 37.03672 ], [ -122.01793, 37.03574 ], [ -122.0175, 37.03205 ], [ -122.01385, 37.03257 ], [ -122.01022, 37.042 ], [ -122.00895, 37.04276 ], [ -122.00633, 37.04185 ], [ -122.0084, 37.0354 ], [ -122.00706, 37.02809 ], [ -122.00621, 37.02793 ], [ -122.00596, 37.00415 ], [ -122.00168, 37.00415 ], [ -122.00295, 37.0009 ], [ -122.00553, 36.9984 ], [ -122.00941, 36.99802 ], [ -122.01173, 36.99473 ], [ -122.01169, 36.99149 ], [ -122.01424, 36.98558 ], [ -122.01891, 36.98229 ], [ -122.01601, 36.98105 ], [ -122.01877, 36.98046 ], [ -122.01741, 36.97939 ], [ -122.01819, 36.97514 ], [ -122.01975, 36.97626 ], [ -122.02158, 36.97467 ], [ -122.0215, 36.97327 ], [ -122.01759, 36.9747 ], [ -122.01595, 36.9738 ], [ -122.01577, 36.97133 ], [ -122.01216, 36.9662 ], [ -122.01277, 36.96321 ], [ -122.02337, 36.96215 ], [ -122.0261, 36.95881 ], [ -122.02456, 36.95556 ], [ -122.02648, 36.9518 ], [ -122.04108, 36.95304 ], [ -122.04328, 36.95073 ], [ -122.04986, 36.94928 ], [ -122.05477, 36.94903 ], [ -122.05879, 36.95002 ], [ -122.06564, 36.94847 ], [ -122.07538, 36.95103 ], [ -122.07589, 36.9528 ], [ -122.07994, 36.95378 ], [ -122.08194, 36.9523 ], [ -122.08754, 36.95388 ], [ -122.10072, 36.9555 ], [ -122.1088, 36.95825 ], [ -122.11492, 36.96267 ], [ -122.11894, 36.96272 ], [ -122.1229, 36.96607 ], [ -122.12671, 36.96435 ], [ -122.13516, 36.96777 ], [ -122.13648, 36.97091 ], [ -122.14058, 36.97495 ], [ -122.14407, 36.97696 ], [ -122.14788, 36.97742 ], [ -122.14977, 36.97626 ], [ -122.15359, 36.97681 ], [ -122.15508, 36.98085 ], [ -122.16285, 36.98806 ], [ -122.16907, 36.9888 ], [ -122.16975, 36.991 ], [ -122.1761, 36.99539 ], [ -122.18353, 36.99844 ], [ -122.18441, 36.99976 ] ], [ [ -122.07183, 37.00155 ], [ -122.06968, 37.001 ], [ -122.06873, 36.99898 ], [ -122.07007, 36.9933 ], [ -122.0683, 36.98693 ], [ -122.05594, 36.97751 ], [ -122.05048, 36.97728 ], [ -122.0505, 36.97901 ], [ -122.0476, 36.97971 ], [ -122.05006, 36.98262 ], [ -122.04826, 36.9845 ], [ -122.05101, 37.00157 ], [ -122.05694, 37.00341 ], [ -122.06079, 37.00359 ], [ -122.07309, 37.00325 ], [ -122.07183, 37.00155 ] ] ] } },
{ "type": "Feature", "properties": { "zcta": "95131", "individual": 1, "student": 0, "company": 0, "w2017_19": 1, "w2020_23": 0, "w2024_26": 0, "w2017_19_student": 0, "w2017_19_share": 0.0, "w2017_19_mix": "No students", "w2020_23_student": 0, "w2020_23_share": null, "w2020_23_mix": null, "w2024_26_student": 0, "w2024_26_share": null, "w2024_26_mix": null, "y2017": 0, "y2017_individual": 0, "y2017_student": 0, "y2017_company": 0, "y2018": 0, "y2018_individual": 0, "y2018_student": 0, "y2018_company": 0, "y2019": 1, "y2019_individual": 1, "y2019_student": 0, "y2019_company": 0, "y2020": 0, "y2020_individual": 0, "y2020_student": 0, "y2020_company": 0, "y2021": 0, "y2021_individual": 0, "y2021_student": 0, "y2021_company": 0, "y2022": 0, "y2022_individual": 0, "y2022_student": 0, "y2022_company": 0, "y2023": 0, "y2023_individual": 0, "y2023_student": 0, "y2023_company": 0, "y2024": 0, "y2024_individual": 0, "y2024_student": 0, "y2024_company": 0, "y2025": 0, "y2025_individual": 0, "y2025_student": 0, "y2025_company": 0, "y2026": 0, "y2026_individual": 0, "y2026_student": 0, "y2026_company": 0, "total": 1, "student_share": 0.0, "recent_share": 0.0, "first_year": 2019, "last_year": 2019, "n_2026": 0, "reassigned_n": 0, "dominant_type": "Individual", "mix": "No students", "place": "San Jose" }, "geometry": { "type": "Polygon", "coordinates": [ [ [ -121.94162, 37.37682 ], [ -121.9379, 37.38057 ], [ -121.92602, 37.38687 ], [ -121.92093, 37.39117 ], [ -121.92551, 37.39595 ], [ -121.92424, 37.39709 ], [ -121.92093, 37.39371 ], [ -121.91938, 37.39348 ], [ -121.90568, 37.40412 ], [ -121.89058, 37.40331 ], [ -121.88788, 37.40695 ], [ -121.88158, 37.40283 ], [ -121.8849, 37.40008 ], [ -121.88356, 37.39907 ], [ -121.88054, 37.40214 ], [ -121.87708, 37.40002 ], [ -121.87203, 37.39311 ], [ -121.86286, 37.38467 ], [ -121.87576, 37.37186 ], [ -121.87698, 37.37529 ], [ -121.88237, 37.3719 ], [ -121.88004, 37.373 ], [ -121.88146, 37.3711 ], [ -121.87935, 37.3694 ], [ -121.8807, 37.36801 ], [ -121.88712, 37.37149 ], [ -121.891, 37.37692 ], [ -121.8925, 37.37783 ], [ -121.89537, 37.37771 ], [ -121.89535, 37.37648 ], [ -121.9056, 37.38341 ], [ -121.90548, 37.38227 ], [ -121.90968, 37.37957 ], [ -121.91095, 37.38082 ], [ -121.91484, 37.37906 ], [ -121.91374, 37.37796 ], [ -121.91815, 37.37516 ], [ -121.91832, 37.37302 ], [ -121.91946, 37.37203 ], [ -121.94162, 37.37682 ] ] ] } },
{ "type": "Feature", "properties": { "zcta": "95482", "individual": 1, "student": 0, "company": 0, "w2017_19": 0, "w2020_23": 0, "w2024_26": 1, "w2017_19_student": 0, "w2017_19_share": null, "w2017_19_mix": null, "w2020_23_student": 0, "w2020_23_share": null, "w2020_23_mix": null, "w2024_26_student": 0, "w2024_26_share": 0.0, "w2024_26_mix": "No students", "y2017": 0, "y2017_individual": 0, "y2017_student": 0, "y2017_company": 0, "y2018": 0, "y2018_individual": 0, "y2018_student": 0, "y2018_company": 0, "y2019": 0, "y2019_individual": 0, "y2019_student": 0, "y2019_company": 0, "y2020": 0, "y2020_individual": 0, "y2020_student": 0, "y2020_company": 0, "y2021": 0, "y2021_individual": 0, "y2021_student": 0, "y2021_company": 0, "y2022": 0, "y2022_individual": 0, "y2022_student": 0, "y2022_company": 0, "y2023": 0, "y2023_individual": 0, "y2023_student": 0, "y2023_company": 0, "y2024": 0, "y2024_individual": 0, "y2024_student": 0, "y2024_company": 0, "y2025": 1, "y2025_individual": 1, "y2025_student": 0, "y2025_company": 0, "y2026": 0, "y2026_individual": 0, "y2026_student": 0, "y2026_company": 0, "total": 1, "student_share": 0.0, "recent_share": 1.0, "first_year": 2025, "last_year": 2025, "n_2026": 0, "reassigned_n": 0, "dominant_type": "Individual", "mix": "No students", "place": "Ukiah" }, "geometry": { "type": "Polygon", "coordinates": [ [ [ -123.53396, 39.29545 ], [ -123.52869, 39.29815 ], [ -123.52816, 39.29922 ], [ -123.5301, 39.30078 ], [ -123.52901, 39.30355 ], [ -123.52645, 39.30286 ], [ -123.52044, 39.30412 ], [ -123.51805, 39.3018 ], [ -123.51614, 39.30201 ], [ -123.51561, 39.3005 ], [ -123.5154, 39.30501 ], [ -123.50889, 39.30631 ], [ -123.50559, 39.30853 ], [ -123.50058, 39.30857 ], [ -123.50039, 39.30964 ], [ -123.49505, 39.30955 ], [ -123.49513, 39.30667 ], [ -123.49312, 39.30464 ], [ -123.4811, 39.29741 ], [ -123.47703, 39.29592 ], [ -123.47514, 39.29631 ], [ -123.46978, 39.29327 ], [ -123.45291, 39.2919 ], [ -123.45117, 39.28968 ], [ -123.44698, 39.28739 ], [ -123.44421, 39.28293 ], [ -123.44039, 39.28142 ], [ -123.43819, 39.27834 ], [ -123.4206, 39.27764 ], [ -123.42243, 39.27664 ], [ -123.41962, 39.27732 ], [ -123.418, 39.27552 ], [ -123.41792, 39.27146 ], [ -123.41673, 39.27142 ], [ -123.41644, 39.2703 ], [ -123.41422, 39.26914 ], [ -123.41468, 39.26838 ], [ -123.4126, 39.26782 ], [ -123.41469, 39.26665 ], [ -123.41161, 39.26698 ], [ -123.41, 39.26482 ], [ -123.40701, 39.26438 ], [ -123.40515, 39.26685 ], [ -123.40454, 39.26511 ], [ -123.40108, 39.26459 ], [ -123.39849, 39.26518 ], [ -123.39725, 39.26435 ], [ -123.39588, 39.26521 ], [ -123.39599, 39.26685 ], [ -123.39175, 39.26631 ], [ -123.38919, 39.26741 ], [ -123.38644, 39.2709 ], [ -123.37507, 39.27531 ], [ -123.3715, 39.27432 ], [ -123.36752, 39.27643 ], [ -123.31725, 39.27674 ], [ -123.31739, 39.27468 ], [ -123.31081, 39.2765 ], [ -123.30872, 39.27936 ], [ -123.31132, 39.2786 ], [ -123.31139, 39.27933 ], [ -123.30866, 39.28074 ], [ -123.30356, 39.28093 ], [ -123.30278, 39.2819 ], [ -123.29656, 39.28113 ], [ -123.29208, 39.28194 ], [ -123.28711, 39.27884 ], [ -123.28519, 39.27504 ], [ -123.28178, 39.27317 ], [ -123.28063, 39.2735 ], [ -123.28027, 39.27189 ], [ -123.28289, 39.26875 ], [ -123.28667, 39.26851 ], [ -123.28647, 39.26758 ], [ -123.27019, 39.26466 ], [ -123.26879, 39.26294 ], [ -123.26823, 39.25929 ], [ -123.26484, 39.25838 ], [ -123.26802, 39.25588 ], [ -123.27072, 39.25547 ], [ -123.27295, 39.25228 ], [ -123.28453, 39.25347 ], [ -123.28835, 39.25273 ], [ -123.29018, 39.25179 ], [ -123.2914, 39.24873 ], [ -123.29203, 39.24948 ], [ -123.29552, 39.24969 ], [ -123.30066, 39.24734 ], [ -123.29935, 39.24711 ], [ -123.29938, 39.24583 ], [ -123.29656, 39.24461 ], [ -123.29391, 39.24613 ], [ -123.28363, 39.24154 ], [ -123.28084, 39.24237 ], [ -123.2772, 39.24133 ], [ -123.27651, 39.2402 ], [ -123.27756, 39.23818 ], [ -123.27576, 39.23633 ], [ -123.27633, 39.2341 ], [ -123.27271, 39.23245 ], [ -123.2717, 39.23042 ], [ -123.26945, 39.22997 ], [ -123.26554, 39.22733 ], [ -123.26036, 39.22793 ], [ -123.25471, 39.22699 ], [ -123.25012, 39.22808 ], [ -123.2478, 39.22676 ], [ -123.24233, 39.22715 ], [ -123.23249, 39.21999 ], [ -123.23027, 39.21915 ], [ -123.23122, 39.21974 ], [ -123.22883, 39.22184 ], [ -123.21539, 39.22179 ], [ -123.21788, 39.22372 ], [ -123.21698, 39.22261 ], [ -123.22114, 39.22321 ], [ -123.22307, 39.22451 ], [ -123.22518, 39.23042 ], [ -123.22724, 39.23129 ], [ -123.22942, 39.23388 ], [ -123.22922, 39.23671 ], [ -123.2303, 39.23734 ], [ -123.22508, 39.23904 ], [ -123.22075, 39.23573 ], [ -123.21856, 39.23054 ], [ -123.21642, 39.22877 ], [ -123.21575, 39.24236 ], [ -123.20937, 39.24305 ], [ -123.20916, 39.24124 ], [ -123.20735, 39.24272 ], [ -123.20836, 39.23429 ], [ -123.20351, 39.23375 ], [ -123.20201, 39.23565 ], [ -123.20023, 39.24333 ], [ -123.19644, 39.24301 ], [ -123.19232, 39.23944 ], [ -123.18647, 39.24007 ], [ -123.1786, 39.23965 ], [ -123.1733, 39.23776 ], [ -123.16429, 39.23786 ], [ -123.15438, 39.23606 ], [ -123.15299, 39.23619 ], [ -123.15248, 39.23778 ], [ -123.15075, 39.23852 ], [ -123.14522, 39.24 ], [ -123.14451, 39.2416 ], [ -123.1409, 39.24392 ], [ -123.13819, 39.24305 ], [ -123.13545, 39.24392 ], [ -123.13437, 39.24813 ], [ -123.14038, 39.25305 ], [ -123.13668, 39.25428 ], [ -123.13523, 39.25281 ], [ -123.13371, 39.25295 ], [ -123.13502, 39.25439 ], [ -123.1324, 39.25423 ], [ -123.1328, 39.25645 ], [ -123.13067, 39.25694 ], [ -123.12793, 39.25559 ], [ -123.12532, 39.25546 ], [ -123.12776, 39.26046 ], [ -123.13084, 39.26045 ], [ -123.13433, 39.26378 ], [ -123.14138, 39.26362 ], [ -123.14151, 39.27311 ], [ -123.13875, 39.27724 ], [ -123.13237, 39.27512 ], [ -123.12694, 39.27696 ], [ -123.11956, 39.27802 ], [ -123.11794, 39.28045 ], [ -123.11169, 39.27849 ], [ -123.10545, 39.27422 ], [ -123.10575, 39.27317 ], [ -123.10368, 39.27267 ], [ -123.10258, 39.27026 ], [ -123.10096, 39.2703 ], [ -123.10013, 39.26902 ], [ -123.09479, 39.2669 ], [ -123.09209, 39.2681 ], [ -123.08433, 39.26754 ], [ -123.08325, 39.26615 ], [ -123.08163, 39.26683 ], [ -123.08094, 39.26606 ], [ -123.07837, 39.26636 ], [ -123.07091, 39.26226 ], [ -123.06943, 39.26304 ], [ -123.0662, 39.25959 ], [ -123.06294, 39.26061 ], [ -123.06113, 39.26333 ], [ -123.05814, 39.2639 ], [ -123.05585, 39.26361 ], [ -123.05363, 39.26187 ], [ -123.0507, 39.26366 ], [ -123.04809, 39.26404 ], [ -123.0429, 39.26345 ], [ -123.03993, 39.25892 ], [ -123.03765, 39.2581 ], [ -123.03763, 39.25666 ], [ -123.0347, 39.25387 ], [ -123.03086, 39.25235 ], [ -123.02783, 39.24953 ], [ -123.0249, 39.24896 ], [ -123.02442, 39.24534 ], [ -123.02045, 39.2408 ], [ -123.0127, 39.2356 ], [ -123.01251, 39.22099 ], [ -123.02081, 39.22069 ], [ -123.02111, 39.21369 ], [ -123.02411, 39.21369 ], [ -123.02431, 39.20709 ], [ -123.02881, 39.20679 ], [ -123.02971, 39.19959 ], [ -123.03411, 39.19969 ], [ -123.03481, 39.19239 ], [ -123.04011, 39.19249 ], [ -123.04091, 39.18069 ], [ -123.04541, 39.18059 ], [ -123.04581, 39.17349 ], [ -123.07781, 39.17379 ], [ -123.07811, 39.13874 ], [ -123.08751, 39.13839 ], [ -123.08759, 39.11008 ], [ -123.08521, 39.11009 ], [ -123.08501, 39.09529 ], [ -123.09421, 39.09529 ], [ -123.09421, 39.08052 ], [ -123.09291, 39.08053 ], [ -123.09301, 39.07199 ], [ -123.08371, 39.07179 ], [ -123.08381, 39.06449 ], [ -123.06511, 39.06439 ], [ -123.06521, 39.04999 ], [ -123.05611, 39.04989 ], [ -123.05615, 39.03833 ], [ -123.05793, 39.03828 ], [ -123.05816, 39.04154 ], [ -123.06041, 39.04019 ], [ -123.06134, 39.04081 ], [ -123.06193, 39.03822 ], [ -123.06329, 39.03815 ], [ -123.06404, 39.03644 ], [ -123.06361, 39.03427 ], [ -123.06856, 39.03291 ], [ -123.06976, 39.0317 ], [ -123.06953, 39.02858 ], [ -123.06836, 39.0298 ], [ -123.06616, 39.02959 ], [ -123.0598, 39.02329 ], [ -123.06265, 39.0218 ], [ -123.06063, 39.02063 ], [ -123.06216, 39.01898 ], [ -123.06156, 39.01738 ], [ -123.06382, 39.0174 ], [ -123.06327, 39.01496 ], [ -123.06502, 39.0144 ], [ -123.0655, 39.01591 ], [ -123.06698, 39.01637 ], [ -123.0685, 39.01558 ], [ -123.07222, 39.01622 ], [ -123.07327, 39.01743 ], [ -123.07612, 39.01757 ], [ -123.07719, 39.0146 ], [ -123.07976, 39.01508 ], [ -123.07927, 39.01389 ], [ -123.08088, 39.01242 ], [ -123.08235, 39.01328 ], [ -123.08202, 39.01404 ], [ -123.09038, 39.01666 ], [ -123.09464, 39.01524 ], [ -123.10084, 39.01514 ], [ -123.10326, 39.01632 ], [ -123.10399, 39.02165 ], [ -123.10899, 39.02425 ], [ -123.10987, 39.02606 ], [ -123.10959, 39.02738 ], [ -123.10788, 39.02845 ], [ -123.10872, 39.0301 ], [ -123.11208, 39.03161 ], [ -123.1194, 39.04053 ], [ -123.12383, 39.0404 ], [ -123.12483, 39.0394 ], [ -123.12162, 39.03482 ], [ -123.12525, 39.03182 ], [ -123.12935, 39.03142 ], [ -123.13082, 39.02923 ], [ -123.12383, 39.02101 ], [ -123.12209, 39.01738 ], [ -123.11846, 39.01367 ], [ -123.11211, 39.00995 ], [ -123.10831, 39.00447 ], [ -123.10824, 38.99956 ], [ -123.10583, 38.99504 ], [ -123.10223, 38.99181 ], [ -123.10154, 38.98767 ], [ -123.10351, 38.98406 ], [ -123.10697, 38.98716 ], [ -123.10704, 38.99281 ], [ -123.11033, 38.99443 ], [ -123.11205, 38.99716 ], [ -123.11076, 38.99929 ], [ -123.10899, 39.00014 ], [ -123.10872, 39.00256 ], [ -123.11045, 39.00491 ], [ -123.11346, 39.00506 ], [ -123.11815, 39.01054 ], [ -123.12057, 39.01249 ], [ -123.1236, 39.01329 ], [ -123.13061, 39.02341 ], [ -123.13133, 39.02731 ], [ -123.13463, 39.03169 ], [ -123.13794, 39.03265 ], [ -123.14368, 39.03784 ], [ -123.14583, 39.0378 ], [ -123.13972, 39.02875 ], [ -123.17185, 39.01433 ], [ -123.17439, 39.01128 ], [ -123.17718, 39.01046 ], [ -123.18011, 39.00684 ], [ -123.18448, 39.00479 ], [ -123.19357, 38.9968 ], [ -123.19188, 38.99332 ], [ -123.19342, 38.99237 ], [ -123.19599, 38.9918 ], [ -123.19742, 38.99251 ], [ -123.19863, 38.99162 ], [ -123.2019, 38.99144 ], [ -123.20475, 38.99234 ], [ -123.20752, 38.99035 ], [ -123.21413, 38.99252 ], [ -123.21641, 38.98822 ], [ -123.22034, 38.9855 ], [ -123.22659, 38.98625 ], [ -123.2325, 38.98176 ], [ -123.23804, 38.9801 ], [ -123.23807, 39.00719 ], [ -123.25059, 39.00732 ], [ -123.25054, 39.00545 ], [ -123.24762, 39.00608 ], [ -123.24614, 39.00455 ], [ -123.24733, 38.99783 ], [ -123.24666, 38.99613 ], [ -123.25065, 38.99503 ], [ -123.25078, 38.9819 ], [ -123.2557, 38.98248 ], [ -123.26576, 38.98702 ], [ -123.26727, 38.98666 ], [ -123.2656, 38.98864 ], [ -123.26594, 38.99054 ], [ -123.26801, 38.99199 ], [ -123.27034, 38.99844 ], [ -123.26619, 39.00253 ], [ -123.26806, 39.00714 ], [ -123.26825, 39.01525 ], [ -123.27189, 39.01976 ], [ -123.26895, 39.02148 ], [ -123.27031, 39.02221 ], [ -123.27042, 39.02434 ], [ -123.26904, 39.02667 ], [ -123.27054, 39.02748 ], [ -123.27021, 39.0301 ], [ -123.27149, 39.03204 ], [ -123.26978, 39.03527 ], [ -123.26579, 39.0355 ], [ -123.26402, 39.03759 ], [ -123.26376, 39.04104 ], [ -123.26622, 39.04781 ], [ -123.26482, 39.04987 ], [ -123.26296, 39.05041 ], [ -123.26942, 39.05414 ], [ -123.27159, 39.058 ], [ -123.29643, 39.05832 ], [ -123.30053, 39.06083 ], [ -123.30478, 39.06211 ], [ -123.30395, 39.0666 ], [ -123.30216, 39.06828 ], [ -123.30421, 39.0687 ], [ -123.30403, 39.06986 ], [ -123.30052, 39.07292 ], [ -123.30223, 39.07534 ], [ -123.30008, 39.07639 ], [ -123.29522, 39.07659 ], [ -123.29609, 39.08117 ], [ -123.29968, 39.08756 ], [ -123.29933, 39.0892 ], [ -123.30145, 39.09096 ], [ -123.30108, 39.09763 ], [ -123.29936, 39.09919 ], [ -123.2997, 39.10054 ], [ -123.29715, 39.09995 ], [ -123.29774, 39.11083 ], [ -123.29964, 39.1148 ], [ -123.30348, 39.11905 ], [ -123.30433, 39.12202 ], [ -123.30628, 39.12391 ], [ -123.30616, 39.12254 ], [ -123.30895, 39.12168 ], [ -123.31194, 39.11662 ], [ -123.31827, 39.118 ], [ -123.32124, 39.11736 ], [ -123.32764, 39.11886 ], [ -123.33365, 39.11807 ], [ -123.33758, 39.11636 ], [ -123.34544, 39.11667 ], [ -123.34536, 39.1155 ], [ -123.34802, 39.11615 ], [ -123.34814, 39.1186 ], [ -123.34553, 39.11789 ], [ -123.3456, 39.13716 ], [ -123.36915, 39.13754 ], [ -123.37648, 39.14054 ], [ -123.38551, 39.14082 ], [ -123.39612, 39.14339 ], [ -123.40739, 39.14962 ], [ -123.41109, 39.15005 ], [ -123.41651, 39.15324 ], [ -123.42239, 39.15473 ], [ -123.4241, 39.1585 ], [ -123.42598, 39.15898 ], [ -123.42615, 39.1599 ], [ -123.42886, 39.15817 ], [ -123.42645, 39.16416 ], [ -123.42412, 39.16676 ], [ -123.42503, 39.16864 ], [ -123.42413, 39.16916 ], [ -123.42287, 39.1682 ], [ -123.41924, 39.17109 ], [ -123.42143, 39.17518 ], [ -123.42041, 39.17559 ], [ -123.41765, 39.17379 ], [ -123.416, 39.17425 ], [ -123.41615, 39.17556 ], [ -123.41407, 39.1772 ], [ -123.4165, 39.17731 ], [ -123.41833, 39.17614 ], [ -123.42002, 39.17814 ], [ -123.42037, 39.18057 ], [ -123.42581, 39.18146 ], [ -123.42948, 39.18426 ], [ -123.43097, 39.18867 ], [ -123.42988, 39.18805 ], [ -123.4297, 39.1892 ], [ -123.43078, 39.18969 ], [ -123.43155, 39.19226 ], [ -123.43508, 39.194 ], [ -123.44182, 39.20037 ], [ -123.44536, 39.20082 ], [ -123.44906, 39.20352 ], [ -123.44759, 39.20498 ], [ -123.45002, 39.20569 ], [ -123.45054, 39.21019 ], [ -123.45163, 39.2112 ], [ -123.45375, 39.21126 ], [ -123.45343, 39.21198 ], [ -123.45984, 39.2164 ], [ -123.46568, 39.22205 ], [ -123.4709, 39.22412 ], [ -123.47816, 39.23077 ], [ -123.48443, 39.22933 ], [ -123.49125, 39.23358 ], [ -123.49555, 39.23278 ], [ -123.49552, 39.22933 ], [ -123.49596, 39.23114 ], [ -123.49837, 39.23219 ], [ -123.49877, 39.23421 ], [ -123.49652, 39.23419 ], [ -123.4931, 39.23629 ], [ -123.49087, 39.23649 ], [ -123.49088, 39.2376 ], [ -123.48923, 39.23653 ], [ -123.48832, 39.23704 ], [ -123.48588, 39.23585 ], [ -123.48402, 39.23599 ], [ -123.48244, 39.23377 ], [ -123.48311, 39.23595 ], [ -123.48222, 39.23695 ], [ -123.48064, 39.23609 ], [ -123.48067, 39.23726 ], [ -123.47849, 39.23687 ], [ -123.47929, 39.23833 ], [ -123.48232, 39.239 ], [ -123.48294, 39.23769 ], [ -123.48468, 39.23719 ], [ -123.4873, 39.2411 ], [ -123.48801, 39.24533 ], [ -123.49181, 39.246 ], [ -123.4913, 39.24258 ], [ -123.49286, 39.24123 ], [ -123.49386, 39.24197 ], [ -123.49437, 39.2437 ], [ -123.49749, 39.24496 ], [ -123.49787, 39.24816 ], [ -123.49964, 39.24876 ], [ -123.49755, 39.2508 ], [ -123.49817, 39.25181 ], [ -123.50204, 39.25074 ], [ -123.50322, 39.25216 ], [ -123.50207, 39.25501 ], [ -123.50336, 39.25534 ], [ -123.50581, 39.25387 ], [ -123.50999, 39.25408 ], [ -123.50966, 39.25662 ], [ -123.50689, 39.25753 ], [ -123.50671, 39.25852 ], [ -123.50954, 39.2603 ], [ -123.50868, 39.26152 ], [ -123.50509, 39.26209 ], [ -123.50854, 39.26383 ], [ -123.50904, 39.26465 ], [ -123.50759, 39.2663 ], [ -123.50965, 39.26809 ], [ -123.50906, 39.26905 ], [ -123.50476, 39.27056 ], [ -123.50385, 39.272 ], [ -123.50753, 39.27154 ], [ -123.5098, 39.27319 ], [ -123.51392, 39.26868 ], [ -123.51757, 39.26807 ], [ -123.5194, 39.27049 ], [ -123.51881, 39.27365 ], [ -123.52087, 39.27493 ], [ -123.52098, 39.27608 ], [ -123.51656, 39.27972 ], [ -123.51839, 39.28377 ], [ -123.51515, 39.28791 ], [ -123.51553, 39.28942 ], [ -123.51844, 39.2897 ], [ -123.52165, 39.28672 ], [ -123.52348, 39.28686 ], [ -123.52392, 39.28796 ], [ -123.52265, 39.28858 ], [ -123.52395, 39.28924 ], [ -123.52392, 39.29059 ], [ -123.52707, 39.29043 ], [ -123.52896, 39.29137 ], [ -123.52566, 39.29462 ], [ -123.52689, 39.29533 ], [ -123.52975, 39.29451 ], [ -123.5324, 39.29197 ], [ -123.53405, 39.29318 ], [ -123.53396, 39.29545 ] ] ] } },
{ "type": "Feature", "properties": { "zcta": "94552", "individual": 1, "student": 1, "company": 1, "w2017_19": 0, "w2020_23": 0, "w2024_26": 3, "w2017_19_student": 0, "w2017_19_share": null, "w2017_19_mix": null, "w2020_23_student": 0, "w2020_23_share": null, "w2020_23_mix": null, "w2024_26_student": 1, "w2024_26_share": 0.333, "w2024_26_mix": "Mostly professional", "y2017": 0, "y2017_individual": 0, "y2017_student": 0, "y2017_company": 0, "y2018": 0, "y2018_individual": 0, "y2018_student": 0, "y2018_company": 0, "y2019": 0, "y2019_individual": 0, "y2019_student": 0, "y2019_company": 0, "y2020": 0, "y2020_individual": 0, "y2020_student": 0, "y2020_company": 0, "y2021": 0, "y2021_individual": 0, "y2021_student": 0, "y2021_company": 0, "y2022": 0, "y2022_individual": 0, "y2022_student": 0, "y2022_company": 0, "y2023": 0, "y2023_individual": 0, "y2023_student": 0, "y2023_company": 0, "y2024": 0, "y2024_individual": 0, "y2024_student": 0, "y2024_company": 0, "y2025": 2, "y2025_individual": 1, "y2025_student": 0, "y2025_company": 1, "y2026": 1, "y2026_individual": 0, "y2026_student": 1, "y2026_company": 0, "total": 3, "student_share": 0.333, "recent_share": 1.0, "first_year": 2025, "last_year": 2026, "n_2026": 1, "reassigned_n": 0, "dominant_type": "Individual", "mix": "Mostly professional", "place": "Castro Valley" }, "geometry": { "type": "Polygon", "coordinates": [ [ [ -122.12099, 37.79298 ], [ -122.11913, 37.79411 ], [ -122.11381, 37.80273 ], [ -122.11279, 37.80284 ], [ -122.04547, 37.79813 ], [ -122.03047, 37.78773 ], [ -122.02197, 37.78423 ], [ -122.01777, 37.78123 ], [ -122.01407, 37.78023 ], [ -121.99741, 37.76336 ], [ -122.01077, 37.75513 ], [ -122.01177, 37.74743 ], [ -122.00107, 37.73903 ], [ -121.99543, 37.73835 ], [ -121.9881, 37.73315 ], [ -121.9801, 37.7311 ], [ -121.97194, 37.73032 ], [ -121.97126, 37.72956 ], [ -121.97529, 37.72628 ], [ -121.97425, 37.72582 ], [ -121.97323, 37.72715 ], [ -121.97142, 37.72612 ], [ -121.97192, 37.72225 ], [ -121.97114, 37.72122 ], [ -121.97372, 37.72053 ], [ -121.97574, 37.71874 ], [ -121.97532, 37.71428 ], [ -121.97268, 37.71266 ], [ -121.97383, 37.7094 ], [ -121.9878, 37.70932 ], [ -121.98759, 37.70051 ], [ -121.97332, 37.69703 ], [ -121.976, 37.69612 ], [ -121.97469, 37.69535 ], [ -121.97684, 37.68967 ], [ -121.98349, 37.68901 ], [ -121.97681, 37.67548 ], [ -121.9676, 37.67143 ], [ -121.96354, 37.67175 ], [ -121.96398, 37.66966 ], [ -121.96684, 37.66732 ], [ -121.96785, 37.6639 ], [ -121.9637, 37.66316 ], [ -121.95983, 37.65992 ], [ -121.96042, 37.65896 ], [ -121.95946, 37.65782 ], [ -121.95327, 37.65321 ], [ -121.95142, 37.65394 ], [ -121.94982, 37.65299 ], [ -121.94267, 37.64567 ], [ -121.94174, 37.6432 ], [ -121.93934, 37.64245 ], [ -121.93869, 37.64023 ], [ -121.93529, 37.63815 ], [ -121.93099, 37.63054 ], [ -121.92762, 37.62866 ], [ -121.92752, 37.60729 ], [ -121.93197, 37.60726 ], [ -121.93183, 37.59255 ], [ -121.93277, 37.59173 ], [ -121.93629, 37.59115 ], [ -121.93813, 37.59506 ], [ -121.93801, 37.59768 ], [ -121.93961, 37.59883 ], [ -121.94602, 37.59751 ], [ -121.9497, 37.59811 ], [ -121.95165, 37.59753 ], [ -121.95764, 37.58949 ], [ -121.96794, 37.5982 ], [ -121.9666, 37.59582 ], [ -121.97795, 37.59438 ], [ -121.98353, 37.59915 ], [ -121.98623, 37.59895 ], [ -121.9877, 37.59973 ], [ -121.98348, 37.60286 ], [ -121.98607, 37.60517 ], [ -121.99317, 37.60665 ], [ -121.99575, 37.60605 ], [ -121.99988, 37.60828 ], [ -122.00713, 37.60615 ], [ -122.01161, 37.6088 ], [ -122.00924, 37.60875 ], [ -122.00535, 37.61113 ], [ -122.00585, 37.61188 ], [ -122.00437, 37.61316 ], [ -122.00364, 37.61583 ], [ -122.00196, 37.61693 ], [ -122.00278, 37.6247 ], [ -122.00659, 37.62706 ], [ -122.00229, 37.6272 ], [ -121.99911, 37.62903 ], [ -121.99889, 37.63042 ], [ -121.99615, 37.63151 ], [ -121.99134, 37.63082 ], [ -121.99039, 37.63341 ], [ -121.98659, 37.63416 ], [ -121.98662, 37.6507 ], [ -121.99616, 37.65048 ], [ -121.99673, 37.65859 ], [ -122.00078, 37.65852 ], [ -122.00087, 37.66223 ], [ -122.00387, 37.66275 ], [ -122.00993, 37.66635 ], [ -122.0058, 37.67302 ], [ -122.01342, 37.67473 ], [ -122.02042, 37.67427 ], [ -122.02279, 37.67248 ], [ -122.02813, 37.67919 ], [ -122.03148, 37.67887 ], [ -122.02896, 37.6769 ], [ -122.02925, 37.67482 ], [ -122.03126, 37.67462 ], [ -122.03209, 37.67526 ], [ -122.02986, 37.6758 ], [ -122.02941, 37.67687 ], [ -122.0316, 37.67886 ], [ -122.04078, 37.67937 ], [ -122.04374, 37.68672 ], [ -122.04715, 37.68967 ], [ -122.04727, 37.69094 ], [ -122.04446, 37.69253 ], [ -122.04452, 37.69573 ], [ -122.04925, 37.69356 ], [ -122.05708, 37.6936 ], [ -122.0588, 37.69206 ], [ -122.06244, 37.69161 ], [ -122.06233, 37.6926 ], [ -122.06014, 37.6932 ], [ -122.05828, 37.69573 ], [ -122.05703, 37.69506 ], [ -122.05656, 37.6981 ], [ -122.05447, 37.70157 ], [ -122.0554, 37.70378 ], [ -122.05656, 37.70417 ], [ -122.05594, 37.71144 ], [ -122.05779, 37.7112 ], [ -122.05932, 37.7123 ], [ -122.05838, 37.7144 ], [ -122.05993, 37.7147 ], [ -122.05858, 37.71846 ], [ -122.06326, 37.71794 ], [ -122.06275, 37.71967 ], [ -122.06399, 37.72036 ], [ -122.06264, 37.72318 ], [ -122.06418, 37.72347 ], [ -122.06169, 37.72955 ], [ -122.05993, 37.73878 ], [ -122.06221, 37.74843 ], [ -122.0636, 37.74916 ], [ -122.06256, 37.74997 ], [ -122.0631, 37.75119 ], [ -122.06775, 37.75617 ], [ -122.07065, 37.75675 ], [ -122.06892, 37.75707 ], [ -122.06841, 37.76209 ], [ -122.07614, 37.76265 ], [ -122.08077, 37.75902 ], [ -122.08124, 37.75959 ], [ -122.08046, 37.75727 ], [ -122.08177, 37.75576 ], [ -122.08099, 37.7532 ], [ -122.07972, 37.74963 ], [ -122.07747, 37.74976 ], [ -122.07772, 37.74821 ], [ -122.08026, 37.74935 ], [ -122.08876, 37.75632 ], [ -122.09205, 37.76497 ], [ -122.09407, 37.76433 ], [ -122.08948, 37.77223 ], [ -122.09322, 37.77676 ], [ -122.09223, 37.78021 ], [ -122.093, 37.78175 ], [ -122.09657, 37.78236 ], [ -122.09401, 37.78371 ], [ -122.09312, 37.78849 ], [ -122.09426, 37.7884 ], [ -122.0964, 37.78494 ], [ -122.09892, 37.78427 ], [ -122.10204, 37.78484 ], [ -122.10344, 37.78714 ], [ -122.10789, 37.78867 ], [ -122.11264, 37.78707 ], [ -122.11547, 37.7829 ], [ -122.11852, 37.78947 ], [ -122.12108, 37.79147 ], [ -122.12099, 37.79298 ] ] ] } },
{ "type": "Feature", "properties": { "zcta": "94612", "individual": 6, "student": 2, "company": 2, "w2017_19": 2, "w2020_23": 4, "w2024_26": 4, "w2017_19_student": 0, "w2017_19_share": 0.0, "w2017_19_mix": "No students", "w2020_23_student": 1, "w2020_23_share": 0.25, "w2020_23_mix": "Mostly professional", "w2024_26_student": 1, "w2024_26_share": 0.25, "w2024_26_mix": "Mostly professional", "y2017": 1, "y2017_individual": 1, "y2017_student": 0, "y2017_company": 0, "y2018": 1, "y2018_individual": 1, "y2018_student": 0, "y2018_company": 0, "y2019": 0, "y2019_individual": 0, "y2019_student": 0, "y2019_company": 0, "y2020": 1, "y2020_individual": 1, "y2020_student": 0, "y2020_company": 0, "y2021": 1, "y2021_individual": 0, "y2021_student": 0, "y2021_company": 1, "y2022": 2, "y2022_individual": 0, "y2022_student": 1, "y2022_company": 1, "y2023": 0, "y2023_individual": 0, "y2023_student": 0, "y2023_company": 0, "y2024": 0, "y2024_individual": 0, "y2024_student": 0, "y2024_company": 0, "y2025": 1, "y2025_individual": 1, "y2025_student": 0, "y2025_company": 0, "y2026": 3, "y2026_individual": 2, "y2026_student": 1, "y2026_company": 0, "total": 10, "student_share": 0.2, "recent_share": 0.4, "first_year": 2017, "last_year": 2026, "n_2026": 3, "reassigned_n": 1, "dominant_type": "Individual", "mix": "Mostly professional", "place": "Oakland" }, "geometry": { "type": "Polygon", "coordinates": [ [ [ -122.27868, 37.80728 ], [ -122.27991, 37.80778 ], [ -122.27479, 37.81491 ], [ -122.27563, 37.81764 ], [ -122.27375, 37.81914 ], [ -122.27214, 37.81888 ], [ -122.27246, 37.81762 ], [ -122.27032, 37.81793 ], [ -122.27075, 37.81676 ], [ -122.26799, 37.81626 ], [ -122.26749, 37.81824 ], [ -122.2677, 37.81686 ], [ -122.26594, 37.81598 ], [ -122.26256, 37.81615 ], [ -122.26307, 37.81506 ], [ -122.2615, 37.81303 ], [ -122.26231, 37.81093 ], [ -122.2596, 37.80987 ], [ -122.25894, 37.80552 ], [ -122.25728, 37.80588 ], [ -122.256, 37.80746 ], [ -122.25305, 37.80786 ], [ -122.25277, 37.80875 ], [ -122.24915, 37.80839 ], [ -122.2506, 37.80524 ], [ -122.25345, 37.80361 ], [ -122.25451, 37.80056 ], [ -122.25781, 37.7997 ], [ -122.25955, 37.79813 ], [ -122.2685, 37.80154 ], [ -122.26924, 37.8027 ], [ -122.27087, 37.80247 ], [ -122.28048, 37.80629 ], [ -122.27868, 37.80728 ] ] ] } },
{ "type": "Feature", "properties": { "zcta": "95453", "individual": 0, "student": 0, "company": 1, "w2017_19": 0, "w2020_23": 1, "w2024_26": 0, "w2017_19_student": 0, "w2017_19_share": null, "w2017_19_mix": null, "w2020_23_student": 0, "w2020_23_share": 0.0, "w2020_23_mix": "No students", "w2024_26_student": 0, "w2024_26_share": null, "w2024_26_mix": null, "y2017": 0, "y2017_individual": 0, "y2017_student": 0, "y2017_company": 0, "y2018": 0, "y2018_individual": 0, "y2018_student": 0, "y2018_company": 0, "y2019": 0, "y2019_individual": 0, "y2019_student": 0, "y2019_company": 0, "y2020": 0, "y2020_individual": 0, "y2020_student": 0, "y2020_company": 0, "y2021": 1, "y2021_individual": 0, "y2021_student": 0, "y2021_company": 1, "y2022": 0, "y2022_individual": 0, "y2022_student": 0, "y2022_company": 0, "y2023": 0, "y2023_individual": 0, "y2023_student": 0, "y2023_company": 0, "y2024": 0, "y2024_individual": 0, "y2024_student": 0, "y2024_company": 0, "y2025": 0, "y2025_individual": 0, "y2025_student": 0, "y2025_company": 0, "y2026": 0, "y2026_individual": 0, "y2026_student": 0, "y2026_company": 0, "total": 1, "student_share": 0.0, "recent_share": 0.0, "first_year": 2021, "last_year": 2021, "n_2026": 0, "reassigned_n": 0, "dominant_type": "Company", "mix": "No students", "place": "North Lakeport" }, "geometry": { "type": "Polygon", "coordinates": [ [ [ -123.02379, 39.12946 ], [ -123.02171, 39.1293 ], [ -123.01954, 39.13074 ], [ -123.01621, 39.13705 ], [ -123.01653, 39.14095 ], [ -123.02251, 39.15023 ], [ -123.02213, 39.15173 ], [ -123.0154, 39.15172 ], [ -123.01538, 39.14875 ], [ -123.01423, 39.14876 ], [ -123.01408, 39.14259 ], [ -122.98441, 39.14243 ], [ -122.9862, 39.14379 ], [ -122.99139, 39.15398 ], [ -122.99251, 39.15401 ], [ -122.99112, 39.15561 ], [ -122.99247, 39.15617 ], [ -122.99001, 39.15669 ], [ -122.98513, 39.16027 ], [ -122.98219, 39.15978 ], [ -122.98144, 39.1608 ], [ -122.97992, 39.16086 ], [ -122.98054, 39.16261 ], [ -122.97961, 39.16437 ], [ -122.9755, 39.16592 ], [ -122.96983, 39.16523 ], [ -122.96564, 39.16314 ], [ -122.95988, 39.16193 ], [ -122.95403, 39.16237 ], [ -122.94898, 39.15706 ], [ -122.94398, 39.15614 ], [ -122.94266, 39.15492 ], [ -122.94092, 39.15487 ], [ -122.93684, 39.15815 ], [ -122.93531, 39.15792 ], [ -122.93324, 39.1551 ], [ -122.92654, 39.15514 ], [ -122.92566, 39.15684 ], [ -122.92416, 39.15722 ], [ -122.92331, 39.15945 ], [ -122.92194, 39.15975 ], [ -122.91782, 39.15167 ], [ -122.91438, 39.14816 ], [ -122.9116, 39.14737 ], [ -122.90643, 39.14395 ], [ -122.90183, 39.13518 ], [ -122.89881, 39.13328 ], [ -122.89561, 39.12647 ], [ -122.88621, 39.11828 ], [ -122.88604, 39.11542 ], [ -122.88706, 39.11545 ], [ -122.89205, 39.11054 ], [ -122.89507, 39.10581 ], [ -122.89413, 39.10481 ], [ -122.89968, 39.10464 ], [ -122.89681, 39.10464 ], [ -122.89566, 39.1035 ], [ -122.89962, 39.10241 ], [ -122.89869, 39.09803 ], [ -122.90039, 39.09288 ], [ -122.90209, 39.09272 ], [ -122.90269, 39.089 ], [ -122.90197, 39.08759 ], [ -122.8994, 39.08636 ], [ -122.90182, 39.08604 ], [ -122.90347, 39.0837 ], [ -122.90311, 39.08161 ], [ -122.90505, 39.08072 ], [ -122.90536, 39.07924 ], [ -122.90729, 39.0791 ], [ -122.91387, 39.07159 ], [ -122.91212, 39.06923 ], [ -122.913, 39.06244 ], [ -122.91162, 39.0612 ], [ -122.91147, 39.04026 ], [ -122.91244, 39.03805 ], [ -122.91244, 39.02958 ], [ -122.91091, 39.02736 ], [ -122.90794, 39.0274 ], [ -122.90678, 39.02879 ], [ -122.90281, 39.02944 ], [ -122.90195, 39.02721 ], [ -122.90394, 39.02524 ], [ -122.89972, 39.02528 ], [ -122.89864, 39.02359 ], [ -122.89719, 39.02343 ], [ -122.89539, 39.02503 ], [ -122.89591, 39.02604 ], [ -122.89325, 39.02616 ], [ -122.88954, 39.02367 ], [ -122.88639, 39.02741 ], [ -122.88238, 39.02676 ], [ -122.88241, 39.02895 ], [ -122.88151, 39.02928 ], [ -122.8796, 39.02725 ], [ -122.87543, 39.02605 ], [ -122.87929, 39.02772 ], [ -122.87633, 39.0297 ], [ -122.87283, 39.02952 ], [ -122.86673, 39.02678 ], [ -122.8639, 39.02788 ], [ -122.86543, 39.02658 ], [ -122.86336, 39.02299 ], [ -122.86203, 39.02319 ], [ -122.86124, 39.0215 ], [ -122.86173, 39.02365 ], [ -122.86374, 39.02559 ], [ -122.86344, 39.02777 ], [ -122.86098, 39.02873 ], [ -122.85946, 39.03057 ], [ -122.85875, 39.03278 ], [ -122.86008, 39.03464 ], [ -122.85747, 39.03217 ], [ -122.85735, 39.02806 ], [ -122.85651, 39.02849 ], [ -122.85624, 39.02658 ], [ -122.85165, 39.02735 ], [ -122.85096, 39.02544 ], [ -122.85087, 39.02771 ], [ -122.84832, 39.02742 ], [ -122.84952, 39.0286 ], [ -122.84432, 39.02874 ], [ -122.83825, 39.0272 ], [ -122.83495, 39.03085 ], [ -122.8352, 39.02694 ], [ -122.83252, 39.02467 ], [ -122.82838, 39.0235 ], [ -122.82676, 39.02412 ], [ -122.824, 39.02293 ], [ -122.82195, 39.02329 ], [ -122.81992, 39.0254 ], [ -122.81728, 39.02168 ], [ -122.81493, 39.02338 ], [ -122.81392, 39.02302 ], [ -122.81551, 39.02162 ], [ -122.81612, 39.01834 ], [ -122.8175, 39.01837 ], [ -122.81781, 39.01709 ], [ -122.82115, 39.01683 ], [ -122.82124, 39.01841 ], [ -122.82876, 39.01856 ], [ -122.8289, 39.0134 ], [ -122.83619, 39.01311 ], [ -122.83642, 39.01097 ], [ -122.83561, 39.01088 ], [ -122.83915, 39.00893 ], [ -122.8396, 39.00771 ], [ -122.84285, 39.00648 ], [ -122.84446, 39.00182 ], [ -122.84329, 38.99832 ], [ -122.84441, 38.9915 ], [ -122.84366, 38.98935 ], [ -122.85479, 38.98934 ], [ -122.857, 38.99061 ], [ -122.857, 38.98398 ], [ -122.86138, 38.98604 ], [ -122.8623, 38.98251 ], [ -122.86649, 38.98256 ], [ -122.86642, 38.98683 ], [ -122.86428, 38.98732 ], [ -122.87799, 38.99334 ], [ -122.87887, 38.9917 ], [ -122.87739, 38.99042 ], [ -122.87647, 38.98648 ], [ -122.87868, 38.98315 ], [ -122.87873, 38.97979 ], [ -122.88053, 38.97861 ], [ -122.87999, 38.9772 ], [ -122.88687, 38.97733 ], [ -122.8866, 38.96618 ], [ -122.89059, 38.95737 ], [ -122.89496, 38.95746 ], [ -122.89525, 38.95161 ], [ -122.89707, 38.94941 ], [ -122.90336, 38.94749 ], [ -122.9077, 38.94028 ], [ -122.90886, 38.93615 ], [ -122.91361, 38.93231 ], [ -122.91719, 38.93245 ], [ -122.91873, 38.9301 ], [ -122.9218, 38.92921 ], [ -122.92158, 38.92607 ], [ -122.92731, 38.91927 ], [ -122.93328, 38.92004 ], [ -122.93888, 38.9132 ], [ -122.94265, 38.91207 ], [ -122.94136, 38.91307 ], [ -122.94362, 38.91419 ], [ -122.94794, 38.9142 ], [ -122.94648, 38.91618 ], [ -122.94967, 38.91586 ], [ -122.94907, 38.92544 ], [ -122.96189, 38.92551 ], [ -122.96019, 38.93247 ], [ -122.96992, 38.93266 ], [ -122.96829, 38.94651 ], [ -122.97771, 38.94669 ], [ -122.97743, 38.9829 ], [ -122.98668, 38.98301 ], [ -122.98664, 38.99728 ], [ -123.00925, 38.9967 ], [ -123.00926, 38.99318 ], [ -123.01858, 38.99296 ], [ -123.01873, 39.00313 ], [ -123.02356, 39.00309 ], [ -123.0236, 39.0073 ], [ -123.02044, 39.00734 ], [ -123.02007, 39.01011 ], [ -123.01877, 39.00992 ], [ -123.01715, 39.01219 ], [ -123.02146, 39.01428 ], [ -123.02109, 39.0168 ], [ -123.01897, 39.018 ], [ -123.02024, 39.01906 ], [ -123.01984, 39.0217 ], [ -123.02119, 39.02186 ], [ -123.02167, 39.02344 ], [ -123.01256, 39.02528 ], [ -123.01112, 39.0244 ], [ -123.01218, 39.0238 ], [ -123.01186, 39.02183 ], [ -123.0173, 39.02165 ], [ -123.01801, 39.01975 ], [ -123.01589, 39.0178 ], [ -123.01372, 39.01711 ], [ -123.00761, 39.01826 ], [ -123.00589, 39.01535 ], [ -123.00327, 39.01595 ], [ -122.99529, 39.01472 ], [ -122.98679, 39.0147 ], [ -122.98496, 39.01179 ], [ -122.98378, 39.01177 ], [ -122.97856, 39.0075 ], [ -122.97869, 39.00628 ], [ -122.9726, 39.00748 ], [ -122.97437, 39.01082 ], [ -122.97324, 39.01138 ], [ -122.97303, 39.01308 ], [ -122.97811, 39.01627 ], [ -122.98041, 39.01996 ], [ -122.98175, 39.02052 ], [ -122.98262, 39.02592 ], [ -122.98442, 39.02715 ], [ -122.98253, 39.02946 ], [ -122.98403, 39.03047 ], [ -122.98531, 39.03867 ], [ -122.98307, 39.04163 ], [ -122.97654, 39.04122 ], [ -122.9786, 39.04354 ], [ -122.97848, 39.04644 ], [ -122.98077, 39.05262 ], [ -122.98296, 39.0539 ], [ -122.98917, 39.0652 ], [ -122.99307, 39.06532 ], [ -122.99543, 39.06941 ], [ -122.99434, 39.07099 ], [ -122.99677, 39.07281 ], [ -122.99316, 39.07562 ], [ -122.98436, 39.07496 ], [ -122.98161, 39.07596 ], [ -122.98435, 39.07709 ], [ -122.98645, 39.07972 ], [ -122.98518, 39.08193 ], [ -122.9873, 39.09024 ], [ -122.98927, 39.09066 ], [ -122.99112, 39.09319 ], [ -122.99282, 39.09379 ], [ -122.99264, 39.09498 ], [ -123.00185, 39.10218 ], [ -123.00181, 39.1046 ], [ -123.00066, 39.1053 ], [ -123.00159, 39.10625 ], [ -123.00167, 39.11033 ], [ -123.00357, 39.11321 ], [ -123.00653, 39.11292 ], [ -123.00797, 39.11411 ], [ -123.01161, 39.11397 ], [ -123.01856, 39.12002 ], [ -123.02077, 39.12032 ], [ -123.02397, 39.12468 ], [ -123.02379, 39.12946 ] ], [ [ -122.87548, 39.00433 ], [ -122.87542, 39.00164 ], [ -122.87541, 39.00125 ], [ -122.87338, 39.00431 ], [ -122.87548, 39.00433 ] ] ] } },
{ "type": "Feature", "properties": { "zcta": "94573", "individual": 1, "student": 0, "company": 0, "w2017_19": 0, "w2020_23": 1, "w2024_26": 0, "w2017_19_student": 0, "w2017_19_share": null, "w2017_19_mix": null, "w2020_23_student": 0, "w2020_23_share": 0.0, "w2020_23_mix": "No students", "w2024_26_student": 0, "w2024_26_share": null, "w2024_26_mix": null, "y2017": 0, "y2017_individual": 0, "y2017_student": 0, "y2017_company": 0, "y2018": 0, "y2018_individual": 0, "y2018_student": 0, "y2018_company": 0, "y2019": 0, "y2019_individual": 0, "y2019_student": 0, "y2019_company": 0, "y2020": 0, "y2020_individual": 0, "y2020_student": 0, "y2020_company": 0, "y2021": 0, "y2021_individual": 0, "y2021_student": 0, "y2021_company": 0, "y2022": 0, "y2022_individual": 0, "y2022_student": 0, "y2022_company": 0, "y2023": 1, "y2023_individual": 1, "y2023_student": 0, "y2023_company": 0, "y2024": 0, "y2024_individual": 0, "y2024_student": 0, "y2024_company": 0, "y2025": 0, "y2025_individual": 0, "y2025_student": 0, "y2025_company": 0, "y2026": 0, "y2026_individual": 0, "y2026_student": 0, "y2026_company": 0, "total": 1, "student_share": 0.0, "recent_share": 0.0, "first_year": 2023, "last_year": 2023, "n_2026": 0, "reassigned_n": 0, "dominant_type": "Individual", "mix": "No students", "place": "Rutherford" }, "geometry": { "type": "Polygon", "coordinates": [ [ [ -122.43846, 38.45038 ], [ -122.43746, 38.45175 ], [ -122.43325, 38.45318 ], [ -122.43197, 38.456 ], [ -122.434, 38.4582 ], [ -122.43183, 38.46138 ], [ -122.43273, 38.46283 ], [ -122.43024, 38.46865 ], [ -122.42793, 38.46983 ], [ -122.41479, 38.46341 ], [ -122.41067, 38.46444 ], [ -122.41184, 38.46046 ], [ -122.4096, 38.45905 ], [ -122.40786, 38.45558 ], [ -122.41482, 38.45008 ], [ -122.41697, 38.45248 ], [ -122.42538, 38.44606 ], [ -122.43175, 38.44772 ], [ -122.43568, 38.44685 ], [ -122.43997, 38.45084 ], [ -122.43846, 38.45038 ] ] ] } },
{ "type": "Feature", "properties": { "zcta": "94549", "individual": 1, "student": 0, "company": 0, "w2017_19": 0, "w2020_23": 1, "w2024_26": 0, "w2017_19_student": 0, "w2017_19_share": null, "w2017_19_mix": null, "w2020_23_student": 0, "w2020_23_share": 0.0, "w2020_23_mix": "No students", "w2024_26_student": 0, "w2024_26_share": null, "w2024_26_mix": null, "y2017": 0, "y2017_individual": 0, "y2017_student": 0, "y2017_company": 0, "y2018": 0, "y2018_individual": 0, "y2018_student": 0, "y2018_company": 0, "y2019": 0, "y2019_individual": 0, "y2019_student": 0, "y2019_company": 0, "y2020": 0, "y2020_individual": 0, "y2020_student": 0, "y2020_company": 0, "y2021": 0, "y2021_individual": 0, "y2021_student": 0, "y2021_company": 0, "y2022": 0, "y2022_individual": 0, "y2022_student": 0, "y2022_company": 0, "y2023": 1, "y2023_individual": 1, "y2023_student": 0, "y2023_company": 0, "y2024": 0, "y2024_individual": 0, "y2024_student": 0, "y2024_company": 0, "y2025": 0, "y2025_individual": 0, "y2025_student": 0, "y2025_company": 0, "y2026": 0, "y2026_individual": 0, "y2026_student": 0, "y2026_company": 0, "total": 1, "student_share": 0.0, "recent_share": 0.0, "first_year": 2023, "last_year": 2023, "n_2026": 0, "reassigned_n": 0, "dominant_type": "Individual", "mix": "No students", "place": "Lafayette" }, "geometry": { "type": "Polygon", "coordinates": [ [ [ -122.2111, 37.90789 ], [ -122.21037, 37.90861 ], [ -122.20892, 37.90894 ], [ -122.20433, 37.90896 ], [ -122.20072, 37.91404 ], [ -122.20015, 37.91754 ], [ -122.19564, 37.92217 ], [ -122.18473, 37.91916 ], [ -122.17472, 37.91797 ], [ -122.16638, 37.91971 ], [ -122.16455, 37.92129 ], [ -122.16193, 37.92033 ], [ -122.16088, 37.91823 ], [ -122.16084, 37.92041 ], [ -122.14988, 37.9223 ], [ -122.14232, 37.91754 ], [ -122.13947, 37.91814 ], [ -122.13784, 37.91743 ], [ -122.13474, 37.9193 ], [ -122.1359, 37.92323 ], [ -122.13356, 37.92622 ], [ -122.13097, 37.92528 ], [ -122.12919, 37.92683 ], [ -122.12655, 37.92746 ], [ -122.12586, 37.94461 ], [ -122.11707, 37.94941 ], [ -122.11747, 37.95356 ], [ -122.1157, 37.95356 ], [ -122.11565, 37.95591 ], [ -122.11163, 37.95539 ], [ -122.11159, 37.95655 ], [ -122.10917, 37.95782 ], [ -122.10806, 37.95681 ], [ -122.1076, 37.95924 ], [ -122.10488, 37.95867 ], [ -122.10314, 37.95496 ], [ -122.09893, 37.95188 ], [ -122.10092, 37.95061 ], [ -122.09849, 37.94744 ], [ -122.09674, 37.94704 ], [ -122.09806, 37.94563 ], [ -122.09802, 37.9436 ], [ -122.09468, 37.94319 ], [ -122.09321, 37.94082 ], [ -122.08988, 37.94086 ], [ -122.08958, 37.93676 ], [ -122.09069, 37.9354 ], [ -122.08843, 37.93187 ], [ -122.08675, 37.93186 ], [ -122.08645, 37.92786 ], [ -122.08875, 37.92726 ], [ -122.088, 37.92526 ], [ -122.08947, 37.92494 ], [ -122.08952, 37.92142 ], [ -122.09245, 37.92083 ], [ -122.09326, 37.92249 ], [ -122.09589, 37.92188 ], [ -122.0965, 37.92075 ], [ -122.09471, 37.91933 ], [ -122.09255, 37.92033 ], [ -122.09177, 37.9173 ], [ -122.10001, 37.9174 ], [ -122.09842, 37.91237 ], [ -122.09906, 37.91021 ], [ -122.08657, 37.91059 ], [ -122.08471, 37.90812 ], [ -122.08064, 37.90641 ], [ -122.08066, 37.90475 ], [ -122.08396, 37.90417 ], [ -122.08387, 37.90057 ], [ -122.08602, 37.89908 ], [ -122.08529, 37.89869 ], [ -122.0907, 37.89978 ], [ -122.09227, 37.90262 ], [ -122.0929, 37.90073 ], [ -122.09278, 37.89763 ], [ -122.08306, 37.8976 ], [ -122.08221, 37.89643 ], [ -122.0822, 37.89285 ], [ -122.08586, 37.89094 ], [ -122.08838, 37.88654 ], [ -122.08661, 37.88517 ], [ -122.09176, 37.88567 ], [ -122.08807, 37.88178 ], [ -122.0897, 37.88132 ], [ -122.08933, 37.87527 ], [ -122.08306, 37.86824 ], [ -122.07805, 37.85724 ], [ -122.07998, 37.85676 ], [ -122.07993, 37.8542 ], [ -122.07798, 37.8525 ], [ -122.07984, 37.8513 ], [ -122.07962, 37.84944 ], [ -122.08823, 37.84927 ], [ -122.08783, 37.85095 ], [ -122.10774, 37.85071 ], [ -122.10298, 37.85799 ], [ -122.10615, 37.85798 ], [ -122.10666, 37.86289 ], [ -122.10973, 37.86461 ], [ -122.10974, 37.86647 ], [ -122.1082, 37.86777 ], [ -122.10677, 37.86776 ], [ -122.10569, 37.87193 ], [ -122.11231, 37.8733 ], [ -122.11252, 37.87432 ], [ -122.11587, 37.87462 ], [ -122.11621, 37.87364 ], [ -122.12677, 37.87269 ], [ -122.12844, 37.87357 ], [ -122.12841, 37.875 ], [ -122.13379, 37.87479 ], [ -122.13379, 37.8757 ], [ -122.13607, 37.87572 ], [ -122.1361, 37.87209 ], [ -122.14179, 37.87213 ], [ -122.14183, 37.8685 ], [ -122.14526, 37.86852 ], [ -122.15668, 37.8716 ], [ -122.15555, 37.87263 ], [ -122.15586, 37.88139 ], [ -122.15544, 37.88257 ], [ -122.15368, 37.88303 ], [ -122.15573, 37.88357 ], [ -122.15581, 37.88186 ], [ -122.15817, 37.88116 ], [ -122.16324, 37.88113 ], [ -122.16169, 37.88309 ], [ -122.16499, 37.88535 ], [ -122.16503, 37.88955 ], [ -122.16688, 37.8895 ], [ -122.16692, 37.89205 ], [ -122.16506, 37.89236 ], [ -122.16522, 37.90949 ], [ -122.16094, 37.90954 ], [ -122.16091, 37.91304 ], [ -122.16679, 37.91703 ], [ -122.17406, 37.91539 ], [ -122.17566, 37.91582 ], [ -122.17696, 37.91814 ], [ -122.18485, 37.91873 ], [ -122.1957, 37.92155 ], [ -122.19986, 37.91751 ], [ -122.20002, 37.91489 ], [ -122.20329, 37.90952 ], [ -122.2049, 37.90841 ], [ -122.2105, 37.90837 ], [ -122.21054, 37.90582 ], [ -122.2111, 37.90789 ] ] ] } },
{ "type": "Feature", "properties": { "zcta": "95818", "individual": 1, "student": 0, "company": 0, "w2017_19": 0, "w2020_23": 0, "w2024_26": 1, "w2017_19_student": 0, "w2017_19_share": null, "w2017_19_mix": null, "w2020_23_student": 0, "w2020_23_share": null, "w2020_23_mix": null, "w2024_26_student": 0, "w2024_26_share": 0.0, "w2024_26_mix": "No students", "y2017": 0, "y2017_individual": 0, "y2017_student": 0, "y2017_company": 0, "y2018": 0, "y2018_individual": 0, "y2018_student": 0, "y2018_company": 0, "y2019": 0, "y2019_individual": 0, "y2019_student": 0, "y2019_company": 0, "y2020": 0, "y2020_individual": 0, "y2020_student": 0, "y2020_company": 0, "y2021": 0, "y2021_individual": 0, "y2021_student": 0, "y2021_company": 0, "y2022": 0, "y2022_individual": 0, "y2022_student": 0, "y2022_company": 0, "y2023": 0, "y2023_individual": 0, "y2023_student": 0, "y2023_company": 0, "y2024": 0, "y2024_individual": 0, "y2024_student": 0, "y2024_company": 0, "y2025": 1, "y2025_individual": 1, "y2025_student": 0, "y2025_company": 0, "y2026": 0, "y2026_individual": 0, "y2026_student": 0, "y2026_company": 0, "total": 1, "student_share": 0.0, "recent_share": 1.0, "first_year": 2025, "last_year": 2025, "n_2026": 0, "reassigned_n": 0, "dominant_type": "Individual", "mix": "No students", "place": "Sacramento" }, "geometry": { "type": "Polygon", "coordinates": [ [ [ -121.52097, 38.5662 ], [ -121.51157, 38.575 ], [ -121.50914, 38.57556 ], [ -121.50888, 38.57131 ], [ -121.51067, 38.56843 ], [ -121.50855, 38.56788 ], [ -121.50776, 38.57123 ], [ -121.50535, 38.56997 ], [ -121.50354, 38.57071 ], [ -121.48889, 38.56618 ], [ -121.47399, 38.56283 ], [ -121.47348, 38.56146 ], [ -121.47539, 38.56035 ], [ -121.47808, 38.56027 ], [ -121.47858, 38.55913 ], [ -121.4759, 38.55842 ], [ -121.47576, 38.54106 ], [ -121.49283, 38.53813 ], [ -121.4921, 38.54051 ], [ -121.49451, 38.54194 ], [ -121.49675, 38.54192 ], [ -121.49758, 38.54301 ], [ -121.50856, 38.5457 ], [ -121.50992, 38.5404 ], [ -121.51262, 38.54167 ], [ -121.51129, 38.54629 ], [ -121.52097, 38.5662 ] ] ] } },
{ "type": "Feature", "properties": { "zcta": "95119", "individual": 0, "student": 0, "company": 1, "w2017_19": 1, "w2020_23": 0, "w2024_26": 0, "w2017_19_student": 0, "w2017_19_share": 0.0, "w2017_19_mix": "No students", "w2020_23_student": 0, "w2020_23_share": null, "w2020_23_mix": null, "w2024_26_student": 0, "w2024_26_share": null, "w2024_26_mix": null, "y2017": 0, "y2017_individual": 0, "y2017_student": 0, "y2017_company": 0, "y2018": 0, "y2018_individual": 0, "y2018_student": 0, "y2018_company": 0, "y2019": 1, "y2019_individual": 0, "y2019_student": 0, "y2019_company": 1, "y2020": 0, "y2020_individual": 0, "y2020_student": 0, "y2020_company": 0, "y2021": 0, "y2021_individual": 0, "y2021_student": 0, "y2021_company": 0, "y2022": 0, "y2022_individual": 0, "y2022_student": 0, "y2022_company": 0, "y2023": 0, "y2023_individual": 0, "y2023_student": 0, "y2023_company": 0, "y2024": 0, "y2024_individual": 0, "y2024_student": 0, "y2024_company": 0, "y2025": 0, "y2025_individual": 0, "y2025_student": 0, "y2025_company": 0, "y2026": 0, "y2026_individual": 0, "y2026_student": 0, "y2026_company": 0, "total": 1, "student_share": 0.0, "recent_share": 0.0, "first_year": 2019, "last_year": 2019, "n_2026": 0, "reassigned_n": 0, "dominant_type": "Company", "mix": "No students", "place": "San Jose" }, "geometry": { "type": "Polygon", "coordinates": [ [ [ -121.82138, 37.22331 ], [ -121.82127, 37.22949 ], [ -121.81785, 37.22765 ], [ -121.81332, 37.22664 ], [ -121.80898, 37.22675 ], [ -121.8083, 37.22507 ], [ -121.80645, 37.22519 ], [ -121.80545, 37.2241 ], [ -121.80089, 37.22594 ], [ -121.80374, 37.22661 ], [ -121.80384, 37.2341 ], [ -121.80207, 37.23413 ], [ -121.8021, 37.2351 ], [ -121.80387, 37.23606 ], [ -121.80406, 37.24314 ], [ -121.79276, 37.24014 ], [ -121.79255, 37.24084 ], [ -121.79359, 37.24126 ], [ -121.79391, 37.24409 ], [ -121.7959, 37.24598 ], [ -121.79529, 37.25079 ], [ -121.80249, 37.25563 ], [ -121.76871, 37.23544 ], [ -121.77361, 37.22946 ], [ -121.77207, 37.22895 ], [ -121.77345, 37.22731 ], [ -121.77534, 37.22855 ], [ -121.77899, 37.22458 ], [ -121.77134, 37.22111 ], [ -121.77086, 37.21738 ], [ -121.77276, 37.21314 ], [ -121.77566, 37.21224 ], [ -121.77823, 37.20819 ], [ -121.77942, 37.20868 ], [ -121.77969, 37.20773 ], [ -121.78695, 37.20989 ], [ -121.7868, 37.21112 ], [ -121.79027, 37.21142 ], [ -121.79084, 37.21471 ], [ -121.7936, 37.21547 ], [ -121.79743, 37.21423 ], [ -121.79958, 37.21487 ], [ -121.80115, 37.21416 ], [ -121.80258, 37.21634 ], [ -121.81145, 37.21752 ], [ -121.81252, 37.21924 ], [ -121.82138, 37.22331 ] ] ] } },
{ "type": "Feature", "properties": { "zcta": "95123", "individual": 2, "student": 0, "company": 0, "w2017_19": 0, "w2020_23": 0, "w2024_26": 2, "w2017_19_student": 0, "w2017_19_share": null, "w2017_19_mix": null, "w2020_23_student": 0, "w2020_23_share": null, "w2020_23_mix": null, "w2024_26_student": 0, "w2024_26_share": 0.0, "w2024_26_mix": "No students", "y2017": 0, "y2017_individual": 0, "y2017_student": 0, "y2017_company": 0, "y2018": 0, "y2018_individual": 0, "y2018_student": 0, "y2018_company": 0, "y2019": 0, "y2019_individual": 0, "y2019_student": 0, "y2019_company": 0, "y2020": 0, "y2020_individual": 0, "y2020_student": 0, "y2020_company": 0, "y2021": 0, "y2021_individual": 0, "y2021_student": 0, "y2021_company": 0, "y2022": 0, "y2022_individual": 0, "y2022_student": 0, "y2022_company": 0, "y2023": 0, "y2023_individual": 0, "y2023_student": 0, "y2023_company": 0, "y2024": 0, "y2024_individual": 0, "y2024_student": 0, "y2024_company": 0, "y2025": 0, "y2025_individual": 0, "y2025_student": 0, "y2025_company": 0, "y2026": 2, "y2026_individual": 2, "y2026_student": 0, "y2026_company": 0, "total": 2, "student_share": 0.0, "recent_share": 1.0, "first_year": 2026, "last_year": 2026, "n_2026": 2, "reassigned_n": 0, "dominant_type": "Individual", "mix": "No students", "place": "San Jose" }, "geometry": { "type": "Polygon", "coordinates": [ [ [ -121.87599, 37.25575 ], [ -121.84843, 37.25539 ], [ -121.84479, 37.26597 ], [ -121.83109, 37.26598 ], [ -121.83095, 37.26245 ], [ -121.83478, 37.26247 ], [ -121.83424, 37.2582 ], [ -121.81211, 37.25905 ], [ -121.8103, 37.2602 ], [ -121.79529, 37.25079 ], [ -121.7959, 37.24598 ], [ -121.79391, 37.24409 ], [ -121.79359, 37.24126 ], [ -121.79255, 37.24084 ], [ -121.79276, 37.24014 ], [ -121.80406, 37.24314 ], [ -121.80387, 37.23606 ], [ -121.8021, 37.2351 ], [ -121.80207, 37.23413 ], [ -121.80384, 37.2341 ], [ -121.80374, 37.22661 ], [ -121.80089, 37.22594 ], [ -121.80366, 37.22464 ], [ -121.80545, 37.2241 ], [ -121.80645, 37.22519 ], [ -121.8083, 37.22507 ], [ -121.80898, 37.22675 ], [ -121.81332, 37.22664 ], [ -121.81785, 37.22765 ], [ -121.82127, 37.22949 ], [ -121.82159, 37.22816 ], [ -121.82607, 37.22867 ], [ -121.82794, 37.22773 ], [ -121.82734, 37.22587 ], [ -121.83535, 37.22673 ], [ -121.83517, 37.22819 ], [ -121.84015, 37.22956 ], [ -121.84074, 37.22537 ], [ -121.8418, 37.22498 ], [ -121.84363, 37.22654 ], [ -121.84824, 37.2282 ], [ -121.84828, 37.22908 ], [ -121.84692, 37.22887 ], [ -121.8485, 37.23039 ], [ -121.84695, 37.23262 ], [ -121.8502, 37.23265 ], [ -121.85247, 37.2339 ], [ -121.85242, 37.23566 ], [ -121.86234, 37.23931 ], [ -121.86313, 37.23733 ], [ -121.87028, 37.23714 ], [ -121.86897, 37.243 ], [ -121.87493, 37.24261 ], [ -121.87599, 37.25575 ] ], [ [ -121.83474, 37.25902 ], [ -121.83935, 37.25899 ], [ -121.83935, 37.25813 ], [ -121.83514, 37.25814 ], [ -121.83474, 37.25902 ] ] ] } },
{ "type": "Feature", "properties": { "zcta": "94534", "individual": 1, "student": 0, "company": 0, "w2017_19": 1, "w2020_23": 0, "w2024_26": 0, "w2017_19_student": 0, "w2017_19_share": 0.0, "w2017_19_mix": "No students", "w2020_23_student": 0, "w2020_23_share": null, "w2020_23_mix": null, "w2024_26_student": 0, "w2024_26_share": null, "w2024_26_mix": null, "y2017": 1, "y2017_individual": 1, "y2017_student": 0, "y2017_company": 0, "y2018": 0, "y2018_individual": 0, "y2018_student": 0, "y2018_company": 0, "y2019": 0, "y2019_individual": 0, "y2019_student": 0, "y2019_company": 0, "y2020": 0, "y2020_individual": 0, "y2020_student": 0, "y2020_company": 0, "y2021": 0, "y2021_individual": 0, "y2021_student": 0, "y2021_company": 0, "y2022": 0, "y2022_individual": 0, "y2022_student": 0, "y2022_company": 0, "y2023": 0, "y2023_individual": 0, "y2023_student": 0, "y2023_company": 0, "y2024": 0, "y2024_individual": 0, "y2024_student": 0, "y2024_company": 0, "y2025": 0, "y2025_individual": 0, "y2025_student": 0, "y2025_company": 0, "y2026": 0, "y2026_individual": 0, "y2026_student": 0, "y2026_company": 0, "total": 1, "student_share": 0.0, "recent_share": 0.0, "first_year": 2017, "last_year": 2017, "n_2026": 0, "reassigned_n": 0, "dominant_type": "Individual", "mix": "No students", "place": "Fairfield" }, "geometry": { "type": "Polygon", "coordinates": [ [ [ -122.21648, 38.26601 ], [ -122.21228, 38.27281 ], [ -122.21098, 38.27191 ], [ -122.20638, 38.27161 ], [ -122.19738, 38.27271 ], [ -122.19568, 38.27151 ], [ -122.18838, 38.27161 ], [ -122.19108, 38.27591 ], [ -122.19068, 38.27751 ], [ -122.19638, 38.28191 ], [ -122.19668, 38.28441 ], [ -122.19828, 38.28481 ], [ -122.20148, 38.28931 ], [ -122.20168, 38.29241 ], [ -122.20348, 38.29291 ], [ -122.20378, 38.29391 ], [ -122.19908, 38.30011 ], [ -122.19938, 38.30159 ], [ -122.20258, 38.30411 ], [ -122.2014, 38.30801 ], [ -122.20408, 38.31011 ], [ -122.20618, 38.31401 ], [ -122.20598, 38.31571 ], [ -122.06478, 38.31591 ], [ -122.06508, 38.31711 ], [ -122.06818, 38.31841 ], [ -122.06527, 38.3232 ], [ -122.03412, 38.3231 ], [ -122.03399, 38.31601 ], [ -122.03181, 38.31537 ], [ -122.03342, 38.30889 ], [ -122.03438, 38.29161 ], [ -122.06952, 38.24978 ], [ -122.08659, 38.24229 ], [ -122.08412, 38.23967 ], [ -122.0711, 38.24009 ], [ -122.07109, 38.23865 ], [ -122.07902, 38.23678 ], [ -122.07901, 38.23419 ], [ -122.07123, 38.23678 ], [ -122.07022, 38.235 ], [ -122.06665, 38.23501 ], [ -122.07107, 38.23274 ], [ -122.07116, 38.2291 ], [ -122.064, 38.23096 ], [ -122.05368, 38.23598 ], [ -122.04567, 38.23585 ], [ -122.08958, 38.15249 ], [ -122.10045, 38.15654 ], [ -122.10311, 38.15895 ], [ -122.10701, 38.15556 ], [ -122.10913, 38.15468 ], [ -122.11197, 38.15528 ], [ -122.11447, 38.15872 ], [ -122.11375, 38.16255 ], [ -122.1085, 38.16398 ], [ -122.11038, 38.16645 ], [ -122.11381, 38.16841 ], [ -122.11389, 38.17091 ], [ -122.12771, 38.17137 ], [ -122.11509, 38.15626 ], [ -122.11261, 38.14823 ], [ -122.11113, 38.14672 ], [ -122.11559, 38.14668 ], [ -122.11681, 38.14506 ], [ -122.1232, 38.1416 ], [ -122.12301, 38.13962 ], [ -122.12431, 38.1374 ], [ -122.123, 38.13559 ], [ -122.12189, 38.1294 ], [ -122.12782, 38.12497 ], [ -122.13107, 38.12513 ], [ -122.13244, 38.12616 ], [ -122.14127, 38.12195 ], [ -122.14153, 38.12014 ], [ -122.14017, 38.11768 ], [ -122.1476, 38.12152 ], [ -122.14832, 38.12429 ], [ -122.14861, 38.12089 ], [ -122.15402, 38.12109 ], [ -122.15479, 38.12016 ], [ -122.15808, 38.12197 ], [ -122.16142, 38.12128 ], [ -122.16351, 38.11988 ], [ -122.16357, 38.11857 ], [ -122.16466, 38.12082 ], [ -122.16573, 38.12099 ], [ -122.16552, 38.12606 ], [ -122.16714, 38.13169 ], [ -122.16905, 38.13448 ], [ -122.16948, 38.13758 ], [ -122.16615, 38.14705 ], [ -122.15479, 38.16739 ], [ -122.15278, 38.16816 ], [ -122.15191, 38.17361 ], [ -122.15344, 38.17486 ], [ -122.15429, 38.17747 ], [ -122.15359, 38.1784 ], [ -122.15592, 38.18021 ], [ -122.15737, 38.18794 ], [ -122.16011, 38.18924 ], [ -122.16178, 38.19142 ], [ -122.1765, 38.18488 ], [ -122.1801, 38.18483 ], [ -122.18621, 38.18817 ], [ -122.18996, 38.18776 ], [ -122.19706, 38.18895 ], [ -122.19946, 38.18844 ], [ -122.20023, 38.19008 ], [ -122.19611, 38.1902 ], [ -122.19486, 38.19179 ], [ -122.19217, 38.19166 ], [ -122.18846, 38.19338 ], [ -122.18679, 38.19289 ], [ -122.18455, 38.1958 ], [ -122.18041, 38.19474 ], [ -122.18108, 38.19704 ], [ -122.17832, 38.19688 ], [ -122.17194, 38.1985 ], [ -122.1709, 38.19736 ], [ -122.16727, 38.19894 ], [ -122.16596, 38.19883 ], [ -122.16752, 38.1975 ], [ -122.16487, 38.19745 ], [ -122.16533, 38.19579 ], [ -122.16295, 38.19756 ], [ -122.16289, 38.20639 ], [ -122.15094, 38.20848 ], [ -122.1513, 38.20962 ], [ -122.1495, 38.21062 ], [ -122.14946, 38.2132 ], [ -122.1544, 38.21674 ], [ -122.15735, 38.2169 ], [ -122.15746, 38.22169 ], [ -122.15936, 38.22082 ], [ -122.16704, 38.23508 ], [ -122.16297, 38.23605 ], [ -122.163, 38.23997 ], [ -122.16484, 38.24183 ], [ -122.17043, 38.24292 ], [ -122.17199, 38.24197 ], [ -122.17875, 38.24345 ], [ -122.18421, 38.24047 ], [ -122.19032, 38.24046 ], [ -122.19492, 38.24417 ], [ -122.19826, 38.2452 ], [ -122.199, 38.24811 ], [ -122.2008, 38.24941 ], [ -122.19948, 38.25092 ], [ -122.19518, 38.25072 ], [ -122.19328, 38.25641 ], [ -122.19678, 38.25842 ], [ -122.21298, 38.25912 ], [ -122.21688, 38.26232 ], [ -122.21648, 38.26601 ] ] ] } },
{ "type": "Feature", "properties": { "zcta": "94303", "individual": 0, "student": 1, "company": 0, "w2017_19": 0, "w2020_23": 0, "w2024_26": 1, "w2017_19_student": 0, "w2017_19_share": null, "w2017_19_mix": null, "w2020_23_student": 0, "w2020_23_share": null, "w2020_23_mix": null, "w2024_26_student": 1, "w2024_26_share": 1.0, "w2024_26_mix": "Mostly students", "y2017": 0, "y2017_individual": 0, "y2017_student": 0, "y2017_company": 0, "y2018": 0, "y2018_individual": 0, "y2018_student": 0, "y2018_company": 0, "y2019": 0, "y2019_individual": 0, "y2019_student": 0, "y2019_company": 0, "y2020": 0, "y2020_individual": 0, "y2020_student": 0, "y2020_company": 0, "y2021": 0, "y2021_individual": 0, "y2021_student": 0, "y2021_company": 0, "y2022": 0, "y2022_individual": 0, "y2022_student": 0, "y2022_company": 0, "y2023": 0, "y2023_individual": 0, "y2023_student": 0, "y2023_company": 0, "y2024": 0, "y2024_individual": 0, "y2024_student": 0, "y2024_company": 0, "y2025": 0, "y2025_individual": 0, "y2025_student": 0, "y2025_company": 0, "y2026": 1, "y2026_individual": 0, "y2026_student": 1, "y2026_company": 0, "total": 1, "student_share": 1.0, "recent_share": 1.0, "first_year": 2026, "last_year": 2026, "n_2026": 1, "reassigned_n": 0, "dominant_type": "Student", "mix": "Mostly students", "place": "Palo Alto" }, "geometry": { "type": "Polygon", "coordinates": [ [ [ -122.15632, 37.46941 ], [ -122.15369, 37.4745 ], [ -122.14718, 37.47357 ], [ -122.14586, 37.47559 ], [ -122.13952, 37.47593 ], [ -122.13976, 37.48085 ], [ -122.13867, 37.48188 ], [ -122.13126, 37.48419 ], [ -122.12497, 37.48738 ], [ -122.12398, 37.48555 ], [ -122.12501, 37.48211 ], [ -122.12434, 37.47627 ], [ -122.12168, 37.47738 ], [ -122.12103, 37.47657 ], [ -122.12314, 37.474 ], [ -122.1133, 37.46379 ], [ -122.11239, 37.46048 ], [ -122.11106, 37.45934 ], [ -122.11275, 37.46321 ], [ -122.10955, 37.46324 ], [ -122.10636, 37.46129 ], [ -122.1018, 37.46273 ], [ -122.10075, 37.4618 ], [ -122.10116, 37.45934 ], [ -122.09909, 37.45798 ], [ -122.09695, 37.45844 ], [ -122.08957, 37.45288 ], [ -122.09013, 37.44802 ], [ -122.09425, 37.44565 ], [ -122.09251, 37.44241 ], [ -122.09312, 37.44102 ], [ -122.09643, 37.44001 ], [ -122.09914, 37.43633 ], [ -122.0887, 37.43591 ], [ -122.0852, 37.43497 ], [ -122.08659, 37.43285 ], [ -122.08655, 37.42347 ], [ -122.08999, 37.42382 ], [ -122.09703, 37.42791 ], [ -122.09666, 37.43196 ], [ -122.09743, 37.43343 ], [ -122.09971, 37.43356 ], [ -122.10115, 37.42791 ], [ -122.09776, 37.4248 ], [ -122.09815, 37.42165 ], [ -122.10025, 37.42177 ], [ -122.10216, 37.41559 ], [ -122.1035, 37.4163 ], [ -122.10817, 37.41583 ], [ -122.1111, 37.41938 ], [ -122.11005, 37.41993 ], [ -122.11211, 37.42238 ], [ -122.11383, 37.42174 ], [ -122.11518, 37.42249 ], [ -122.11607, 37.42347 ], [ -122.11472, 37.42419 ], [ -122.12257, 37.42915 ], [ -122.12211, 37.43081 ], [ -122.12575, 37.43371 ], [ -122.12862, 37.43296 ], [ -122.14321, 37.44215 ], [ -122.13975, 37.44314 ], [ -122.13973, 37.44874 ], [ -122.14116, 37.4508 ], [ -122.13932, 37.45018 ], [ -122.13671, 37.45434 ], [ -122.13877, 37.4548 ], [ -122.14191, 37.45783 ], [ -122.14493, 37.4582 ], [ -122.14505, 37.46079 ], [ -122.15, 37.46175 ], [ -122.15126, 37.46274 ], [ -122.15056, 37.46599 ], [ -122.15632, 37.46941 ] ] ] } },
{ "type": "Feature", "properties": { "zcta": "94706", "individual": 1, "student": 2, "company": 0, "w2017_19": 2, "w2020_23": 0, "w2024_26": 1, "w2017_19_student": 1, "w2017_19_share": 0.5, "w2017_19_mix": "Mixed", "w2020_23_student": 0, "w2020_23_share": null, "w2020_23_mix": null, "w2024_26_student": 1, "w2024_26_share": 1.0, "w2024_26_mix": "Mostly students", "y2017": 0, "y2017_individual": 0, "y2017_student": 0, "y2017_company": 0, "y2018": 1, "y2018_individual": 1, "y2018_student": 0, "y2018_company": 0, "y2019": 1, "y2019_individual": 0, "y2019_student": 1, "y2019_company": 0, "y2020": 0, "y2020_individual": 0, "y2020_student": 0, "y2020_company": 0, "y2021": 0, "y2021_individual": 0, "y2021_student": 0, "y2021_company": 0, "y2022": 0, "y2022_individual": 0, "y2022_student": 0, "y2022_company": 0, "y2023": 0, "y2023_individual": 0, "y2023_student": 0, "y2023_company": 0, "y2024": 0, "y2024_individual": 0, "y2024_student": 0, "y2024_company": 0, "y2025": 0, "y2025_individual": 0, "y2025_student": 0, "y2025_company": 0, "y2026": 1, "y2026_individual": 0, "y2026_student": 1, "y2026_company": 0, "total": 3, "student_share": 0.667, "recent_share": 0.333, "first_year": 2018, "last_year": 2026, "n_2026": 1, "reassigned_n": 0, "dominant_type": "Student", "mix": "Mostly students", "place": "Albany" }, "geometry": { "type": "Polygon", "coordinates": [ [ [ -122.30926, 37.89773 ], [ -122.29621, 37.89893 ], [ -122.28988, 37.89755 ], [ -122.28817, 37.89784 ], [ -122.28805, 37.89931 ], [ -122.28709, 37.89956 ], [ -122.28705, 37.89092 ], [ -122.28447, 37.89106 ], [ -122.28311, 37.88868 ], [ -122.28436, 37.88701 ], [ -122.28045, 37.88576 ], [ -122.28197, 37.88457 ], [ -122.28268, 37.88125 ], [ -122.2847, 37.88014 ], [ -122.2909, 37.88144 ], [ -122.29642, 37.88031 ], [ -122.29743, 37.88333 ], [ -122.30579, 37.88202 ], [ -122.30722, 37.88707 ], [ -122.30869, 37.88747 ], [ -122.30783, 37.89042 ], [ -122.30926, 37.89773 ] ] ] } },
{ "type": "Feature", "properties": { "zcta": "91364", "individual": 1, "student": 0, "company": 0, "w2017_19": 0, "w2020_23": 0, "w2024_26": 1, "w2017_19_student": 0, "w2017_19_share": null, "w2017_19_mix": null, "w2020_23_student": 0, "w2020_23_share": null, "w2020_23_mix": null, "w2024_26_student": 0, "w2024_26_share": 0.0, "w2024_26_mix": "No students", "y2017": 0, "y2017_individual": 0, "y2017_student": 0, "y2017_company": 0, "y2018": 0, "y2018_individual": 0, "y2018_student": 0, "y2018_company": 0, "y2019": 0, "y2019_individual": 0, "y2019_student": 0, "y2019_company": 0, "y2020": 0, "y2020_individual": 0, "y2020_student": 0, "y2020_company": 0, "y2021": 0, "y2021_individual": 0, "y2021_student": 0, "y2021_company": 0, "y2022": 0, "y2022_individual": 0, "y2022_student": 0, "y2022_company": 0, "y2023": 0, "y2023_individual": 0, "y2023_student": 0, "y2023_company": 0, "y2024": 0, "y2024_individual": 0, "y2024_student": 0, "y2024_company": 0, "y2025": 0, "y2025_individual": 0, "y2025_student": 0, "y2025_company": 0, "y2026": 1, "y2026_individual": 1, "y2026_student": 0, "y2026_company": 0, "total": 1, "student_share": 0.0, "recent_share": 1.0, "first_year": 2026, "last_year": 2026, "n_2026": 1, "reassigned_n": 0, "dominant_type": "Individual", "mix": "No students", "place": "Los Angeles" }, "geometry": { "type": "Polygon", "coordinates": [ [ [ -118.63848, 34.1576 ], [ -118.63639, 34.15868 ], [ -118.63804, 34.16089 ], [ -118.63426, 34.16142 ], [ -118.62112, 34.1683 ], [ -118.61894, 34.16797 ], [ -118.61676, 34.16921 ], [ -118.6104, 34.16874 ], [ -118.61021, 34.16964 ], [ -118.60576, 34.16848 ], [ -118.60577, 34.17064 ], [ -118.58816, 34.16794 ], [ -118.58307, 34.16802 ], [ -118.56905, 34.1726 ], [ -118.5622, 34.17332 ], [ -118.56317, 34.16974 ], [ -118.56268, 34.1658 ], [ -118.56139, 34.16395 ], [ -118.56625, 34.15583 ], [ -118.56779, 34.14789 ], [ -118.56754, 34.14385 ], [ -118.56873, 34.14106 ], [ -118.56882, 34.13845 ], [ -118.566, 34.13661 ], [ -118.56402, 34.13115 ], [ -118.56532, 34.13038 ], [ -118.59547, 34.14185 ], [ -118.60213, 34.13945 ], [ -118.60132, 34.13916 ], [ -118.60226, 34.13838 ], [ -118.60392, 34.13943 ], [ -118.60622, 34.13642 ], [ -118.6062, 34.14009 ], [ -118.60946, 34.14061 ], [ -118.61166, 34.14365 ], [ -118.61057, 34.14725 ], [ -118.60965, 34.14724 ], [ -118.61498, 34.14927 ], [ -118.61497, 34.14728 ], [ -118.62899, 34.14727 ], [ -118.62994, 34.14986 ], [ -118.63125, 34.15109 ], [ -118.63211, 34.15056 ], [ -118.63848, 34.1576 ] ] ] } },
{ "type": "Feature", "properties": { "zcta": "93901", "individual": 0, "student": 1, "company": 0, "w2017_19": 0, "w2020_23": 0, "w2024_26": 1, "w2017_19_student": 0, "w2017_19_share": null, "w2017_19_mix": null, "w2020_23_student": 0, "w2020_23_share": null, "w2020_23_mix": null, "w2024_26_student": 1, "w2024_26_share": 1.0, "w2024_26_mix": "Mostly students", "y2017": 0, "y2017_individual": 0, "y2017_student": 0, "y2017_company": 0, "y2018": 0, "y2018_individual": 0, "y2018_student": 0, "y2018_company": 0, "y2019": 0, "y2019_individual": 0, "y2019_student": 0, "y2019_company": 0, "y2020": 0, "y2020_individual": 0, "y2020_student": 0, "y2020_company": 0, "y2021": 0, "y2021_individual": 0, "y2021_student": 0, "y2021_company": 0, "y2022": 0, "y2022_individual": 0, "y2022_student": 0, "y2022_company": 0, "y2023": 0, "y2023_individual": 0, "y2023_student": 0, "y2023_company": 0, "y2024": 0, "y2024_individual": 0, "y2024_student": 0, "y2024_company": 0, "y2025": 0, "y2025_individual": 0, "y2025_student": 0, "y2025_company": 0, "y2026": 1, "y2026_individual": 0, "y2026_student": 1, "y2026_company": 0, "total": 1, "student_share": 1.0, "recent_share": 1.0, "first_year": 2026, "last_year": 2026, "n_2026": 1, "reassigned_n": 0, "dominant_type": "Student", "mix": "Mostly students", "place": "Salinas" }, "geometry": { "type": "Polygon", "coordinates": [ [ [ -121.6851, 36.66681 ], [ -121.67772, 36.67538 ], [ -121.68412, 36.67892 ], [ -121.68055, 36.68264 ], [ -121.67828, 36.68239 ], [ -121.67761, 36.68528 ], [ -121.6817, 36.68629 ], [ -121.68111, 36.68826 ], [ -121.65488, 36.6788 ], [ -121.65446, 36.67989 ], [ -121.66188, 36.68258 ], [ -121.65748, 36.68168 ], [ -121.65545, 36.68483 ], [ -121.65647, 36.68606 ], [ -121.65283, 36.6843 ], [ -121.65252, 36.68687 ], [ -121.64443, 36.68259 ], [ -121.6419, 36.67972 ], [ -121.63928, 36.67089 ], [ -121.62809, 36.66653 ], [ -121.62538, 36.66448 ], [ -121.61436, 36.64747 ], [ -121.55249, 36.60226 ], [ -121.54599, 36.59586 ], [ -121.57931, 36.57939 ], [ -121.57907, 36.58315 ], [ -121.58067, 36.58913 ], [ -121.57908, 36.59065 ], [ -121.56642, 36.59353 ], [ -121.56651, 36.59433 ], [ -121.56029, 36.59856 ], [ -121.56247, 36.60163 ], [ -121.57203, 36.60486 ], [ -121.58114, 36.61095 ], [ -121.58433, 36.61121 ], [ -121.58228, 36.62337 ], [ -121.61178, 36.64489 ], [ -121.60874, 36.64234 ], [ -121.61065, 36.63903 ], [ -121.61454, 36.64186 ], [ -121.61646, 36.63973 ], [ -121.62842, 36.64397 ], [ -121.63416, 36.6447 ], [ -121.63797, 36.63843 ], [ -121.65242, 36.6447 ], [ -121.66309, 36.64753 ], [ -121.66086, 36.65391 ], [ -121.66197, 36.65338 ], [ -121.67542, 36.6586 ], [ -121.6733, 36.66231 ], [ -121.6851, 36.66681 ] ] ] } },
{ "type": "Feature", "properties": { "zcta": "94109", "individual": 6, "student": 1, "company": 0, "w2017_19": 2, "w2020_23": 2, "w2024_26": 3, "w2017_19_student": 0, "w2017_19_share": 0.0, "w2017_19_mix": "No students", "w2020_23_student": 0, "w2020_23_share": 0.0, "w2020_23_mix": "No students", "w2024_26_student": 1, "w2024_26_share": 0.333, "w2024_26_mix": "Mostly professional", "y2017": 0, "y2017_individual": 0, "y2017_student": 0, "y2017_company": 0, "y2018": 1, "y2018_individual": 1, "y2018_student": 0, "y2018_company": 0, "y2019": 1, "y2019_individual": 1, "y2019_student": 0, "y2019_company": 0, "y2020": 1, "y2020_individual": 1, "y2020_student": 0, "y2020_company": 0, "y2021": 1, "y2021_individual": 1, "y2021_student": 0, "y2021_company": 0, "y2022": 0, "y2022_individual": 0, "y2022_student": 0, "y2022_company": 0, "y2023": 0, "y2023_individual": 0, "y2023_student": 0, "y2023_company": 0, "y2024": 0, "y2024_individual": 0, "y2024_student": 0, "y2024_company": 0, "y2025": 0, "y2025_individual": 0, "y2025_student": 0, "y2025_company": 0, "y2026": 3, "y2026_individual": 2, "y2026_student": 1, "y2026_company": 0, "total": 7, "student_share": 0.143, "recent_share": 0.429, "first_year": 2018, "last_year": 2026, "n_2026": 3, "reassigned_n": 0, "dominant_type": "Individual", "mix": "Mostly professional", "place": "San Francisco" }, "geometry": { "type": "Polygon", "coordinates": [ [ [ -122.4301, 37.79546 ], [ -122.42638, 37.79586 ], [ -122.42424, 37.79661 ], [ -122.42389, 37.7976 ], [ -122.42657, 37.80799 ], [ -122.41911, 37.80859 ], [ -122.41909, 37.8078 ], [ -122.42074, 37.80759 ], [ -122.4186, 37.80537 ], [ -122.41757, 37.79843 ], [ -122.41557, 37.79868 ], [ -122.41392, 37.79046 ], [ -122.41227, 37.79067 ], [ -122.4117, 37.78787 ], [ -122.41488, 37.78686 ], [ -122.41424, 37.78372 ], [ -122.42411, 37.78248 ], [ -122.42392, 37.78154 ], [ -122.4272, 37.78112 ], [ -122.4301, 37.79546 ] ] ] } },
{ "type": "Feature", "properties": { "zcta": "92084", "individual": 0, "student": 1, "company": 0, "w2017_19": 0, "w2020_23": 0, "w2024_26": 1, "w2017_19_student": 0, "w2017_19_share": null, "w2017_19_mix": null, "w2020_23_student": 0, "w2020_23_share": null, "w2020_23_mix": null, "w2024_26_student": 1, "w2024_26_share": 1.0, "w2024_26_mix": "Mostly students", "y2017": 0, "y2017_individual": 0, "y2017_student": 0, "y2017_company": 0, "y2018": 0, "y2018_individual": 0, "y2018_student": 0, "y2018_company": 0, "y2019": 0, "y2019_individual": 0, "y2019_student": 0, "y2019_company": 0, "y2020": 0, "y2020_individual": 0, "y2020_student": 0, "y2020_company": 0, "y2021": 0, "y2021_individual": 0, "y2021_student": 0, "y2021_company": 0, "y2022": 0, "y2022_individual": 0, "y2022_student": 0, "y2022_company": 0, "y2023": 0, "y2023_individual": 0, "y2023_student": 0, "y2023_company": 0, "y2024": 0, "y2024_individual": 0, "y2024_student": 0, "y2024_company": 0, "y2025": 0, "y2025_individual": 0, "y2025_student": 0, "y2025_company": 0, "y2026": 1, "y2026_individual": 0, "y2026_student": 1, "y2026_company": 0, "total": 1, "student_share": 1.0, "recent_share": 1.0, "first_year": 2026, "last_year": 2026, "n_2026": 1, "reassigned_n": 0, "dominant_type": "Student", "mix": "Mostly students", "place": "Vista" }, "geometry": { "type": "Polygon", "coordinates": [ [ [ -117.26279, 33.23743 ], [ -117.26042, 33.24046 ], [ -117.26218, 33.24153 ], [ -117.25992, 33.24452 ], [ -117.25807, 33.24352 ], [ -117.25572, 33.24656 ], [ -117.24493, 33.24061 ], [ -117.245, 33.25347 ], [ -117.24259, 33.25388 ], [ -117.23561, 33.2599 ], [ -117.23306, 33.26627 ], [ -117.23305, 33.26866 ], [ -117.23062, 33.26875 ], [ -117.23059, 33.26727 ], [ -117.20987, 33.26754 ], [ -117.20485, 33.26501 ], [ -117.20476, 33.26743 ], [ -117.19702, 33.26716 ], [ -117.19615, 33.2637 ], [ -117.18755, 33.26375 ], [ -117.18748, 33.26738 ], [ -117.1832, 33.26754 ], [ -117.18471, 33.26802 ], [ -117.18505, 33.27042 ], [ -117.18355, 33.27388 ], [ -117.18178, 33.27286 ], [ -117.17546, 33.27191 ], [ -117.16838, 33.2669 ], [ -117.15849, 33.26667 ], [ -117.15792, 33.25722 ], [ -117.14731, 33.23233 ], [ -117.1506, 33.23385 ], [ -117.1533, 33.23346 ], [ -117.15361, 33.23236 ], [ -117.1506, 33.23038 ], [ -117.15046, 33.22763 ], [ -117.15918, 33.22759 ], [ -117.15961, 33.22901 ], [ -117.16093, 33.22843 ], [ -117.1633, 33.22954 ], [ -117.1637, 33.22795 ], [ -117.16542, 33.22893 ], [ -117.16584, 33.23092 ], [ -117.16901, 33.22975 ], [ -117.17179, 33.23055 ], [ -117.17352, 33.22951 ], [ -117.17668, 33.2308 ], [ -117.17643, 33.22908 ], [ -117.17837, 33.22842 ], [ -117.17539, 33.22223 ], [ -117.17629, 33.2198 ], [ -117.17467, 33.18296 ], [ -117.17792, 33.18288 ], [ -117.17541, 33.17989 ], [ -117.17668, 33.17776 ], [ -117.17245, 33.17339 ], [ -117.17029, 33.17285 ], [ -117.17897, 33.17287 ], [ -117.17893, 33.17009 ], [ -117.18497, 33.17017 ], [ -117.18536, 33.1683 ], [ -117.19118, 33.16576 ], [ -117.19538, 33.16258 ], [ -117.19962, 33.16354 ], [ -117.20187, 33.16208 ], [ -117.20509, 33.16178 ], [ -117.20529, 33.16549 ], [ -117.20812, 33.17329 ], [ -117.21328, 33.17615 ], [ -117.21748, 33.18194 ], [ -117.22342, 33.18493 ], [ -117.22836, 33.19116 ], [ -117.23714, 33.19519 ], [ -117.24461, 33.2033 ], [ -117.24487, 33.22064 ], [ -117.25012, 33.23343 ], [ -117.25109, 33.23426 ], [ -117.26148, 33.23585 ], [ -117.26279, 33.23743 ] ] ] } },
{ "type": "Feature", "properties": { "zcta": "94041", "individual": 2, "student": 1, "company": 0, "w2017_19": 0, "w2020_23": 1, "w2024_26": 2, "w2017_19_student": 0, "w2017_19_share": null, "w2017_19_mix": null, "w2020_23_student": 0, "w2020_23_share": 0.0, "w2020_23_mix": "No students", "w2024_26_student": 1, "w2024_26_share": 0.5, "w2024_26_mix": "Mixed", "y2017": 0, "y2017_individual": 0, "y2017_student": 0, "y2017_company": 0, "y2018": 0, "y2018_individual": 0, "y2018_student": 0, "y2018_company": 0, "y2019": 0, "y2019_individual": 0, "y2019_student": 0, "y2019_company": 0, "y2020": 0, "y2020_individual": 0, "y2020_student": 0, "y2020_company": 0, "y2021": 0, "y2021_individual": 0, "y2021_student": 0, "y2021_company": 0, "y2022": 0, "y2022_individual": 0, "y2022_student": 0, "y2022_company": 0, "y2023": 1, "y2023_individual": 1, "y2023_student": 0, "y2023_company": 0, "y2024": 1, "y2024_individual": 1, "y2024_student": 0, "y2024_company": 0, "y2025": 0, "y2025_individual": 0, "y2025_student": 0, "y2025_company": 0, "y2026": 1, "y2026_individual": 0, "y2026_student": 1, "y2026_company": 0, "total": 3, "student_share": 0.333, "recent_share": 0.667, "first_year": 2023, "last_year": 2026, "n_2026": 1, "reassigned_n": 2, "dominant_type": "Individual", "mix": "Mostly professional", "place": "Mountain View" }, "geometry": { "type": "Polygon", "coordinates": [ [ [ -122.09526, 37.39407 ], [ -122.09236, 37.39503 ], [ -122.09457, 37.39595 ], [ -122.09375, 37.39728 ], [ -122.09215, 37.39656 ], [ -122.09131, 37.40053 ], [ -122.06304, 37.38902 ], [ -122.0524, 37.38556 ], [ -122.05273, 37.38456 ], [ -122.05693, 37.38545 ], [ -122.05908, 37.37911 ], [ -122.06356, 37.37657 ], [ -122.06968, 37.37903 ], [ -122.06898, 37.38208 ], [ -122.07156, 37.37985 ], [ -122.09133, 37.38934 ], [ -122.09526, 37.39407 ] ] ] } },
{ "type": "Feature", "properties": { "zcta": "94117", "individual": 9, "student": 0, "company": 2, "w2017_19": 5, "w2020_23": 4, "w2024_26": 2, "w2017_19_student": 0, "w2017_19_share": 0.0, "w2017_19_mix": "No students", "w2020_23_student": 0, "w2020_23_share": 0.0, "w2020_23_mix": "No students", "w2024_26_student": 0, "w2024_26_share": 0.0, "w2024_26_mix": "No students", "y2017": 1, "y2017_individual": 1, "y2017_student": 0, "y2017_company": 0, "y2018": 4, "y2018_individual": 3, "y2018_student": 0, "y2018_company": 1, "y2019": 0, "y2019_individual": 0, "y2019_student": 0, "y2019_company": 0, "y2020": 2, "y2020_individual": 2, "y2020_student": 0, "y2020_company": 0, "y2021": 1, "y2021_individual": 0, "y2021_student": 0, "y2021_company": 1, "y2022": 0, "y2022_individual": 0, "y2022_student": 0, "y2022_company": 0, "y2023": 1, "y2023_individual": 1, "y2023_student": 0, "y2023_company": 0, "y2024": 1, "y2024_individual": 1, "y2024_student": 0, "y2024_company": 0, "y2025": 1, "y2025_individual": 1, "y2025_student": 0, "y2025_company": 0, "y2026": 0, "y2026_individual": 0, "y2026_student": 0, "y2026_company": 0, "total": 11, "student_share": 0.0, "recent_share": 0.182, "first_year": 2017, "last_year": 2025, "n_2026": 0, "reassigned_n": 0, "dominant_type": "Individual", "mix": "No students", "place": "San Francisco" }, "geometry": { "type": "Polygon", "coordinates": [ [ [ -122.45837, 37.77431 ], [ -122.4492, 37.77545 ], [ -122.44938, 37.77634 ], [ -122.44478, 37.77602 ], [ -122.44497, 37.77696 ], [ -122.43012, 37.77884 ], [ -122.42805, 37.7707 ], [ -122.42913, 37.76946 ], [ -122.43579, 37.76906 ], [ -122.43562, 37.76733 ], [ -122.44335, 37.76533 ], [ -122.44339, 37.76348 ], [ -122.44678, 37.76178 ], [ -122.44716, 37.75966 ], [ -122.45245, 37.75823 ], [ -122.45201, 37.76036 ], [ -122.4538, 37.76172 ], [ -122.45564, 37.76029 ], [ -122.45555, 37.76414 ], [ -122.45754, 37.76357 ], [ -122.45828, 37.76728 ], [ -122.45495, 37.76845 ], [ -122.4552, 37.7708 ], [ -122.45684, 37.77099 ], [ -122.45567, 37.77284 ], [ -122.45837, 37.77431 ] ] ] } },
{ "type": "Feature", "properties": { "zcta": "94591", "individual": 1, "student": 0, "company": 0, "w2017_19": 0, "w2020_23": 0, "w2024_26": 1, "w2017_19_student": 0, "w2017_19_share": null, "w2017_19_mix": null, "w2020_23_student": 0, "w2020_23_share": null, "w2020_23_mix": null, "w2024_26_student": 0, "w2024_26_share": 0.0, "w2024_26_mix": "No students", "y2017": 0, "y2017_individual": 0, "y2017_student": 0, "y2017_company": 0, "y2018": 0, "y2018_individual": 0, "y2018_student": 0, "y2018_company": 0, "y2019": 0, "y2019_individual": 0, "y2019_student": 0, "y2019_company": 0, "y2020": 0, "y2020_individual": 0, "y2020_student": 0, "y2020_company": 0, "y2021": 0, "y2021_individual": 0, "y2021_student": 0, "y2021_company": 0, "y2022": 0, "y2022_individual": 0, "y2022_student": 0, "y2022_company": 0, "y2023": 0, "y2023_individual": 0, "y2023_student": 0, "y2023_company": 0, "y2024": 0, "y2024_individual": 0, "y2024_student": 0, "y2024_company": 0, "y2025": 1, "y2025_individual": 1, "y2025_student": 0, "y2025_company": 0, "y2026": 0, "y2026_individual": 0, "y2026_student": 0, "y2026_company": 0, "total": 1, "student_share": 0.0, "recent_share": 1.0, "first_year": 2025, "last_year": 2025, "n_2026": 0, "reassigned_n": 0, "dominant_type": "Individual", "mix": "No students", "place": "Vallejo" }, "geometry": { "type": "Polygon", "coordinates": [ [ [ -122.23283, 38.08523 ], [ -122.22979, 38.09478 ], [ -122.22983, 38.12315 ], [ -122.21729, 38.14339 ], [ -122.21662, 38.15035 ], [ -122.21491, 38.15499 ], [ -122.20795, 38.16408 ], [ -122.19489, 38.17317 ], [ -122.18971, 38.17881 ], [ -122.18069, 38.18543 ], [ -122.1765, 38.18488 ], [ -122.16178, 38.19142 ], [ -122.16011, 38.18924 ], [ -122.15737, 38.18794 ], [ -122.15592, 38.18021 ], [ -122.15359, 38.1784 ], [ -122.15429, 38.17747 ], [ -122.15344, 38.17486 ], [ -122.15191, 38.17361 ], [ -122.15278, 38.16816 ], [ -122.15479, 38.16739 ], [ -122.16615, 38.14705 ], [ -122.16948, 38.13758 ], [ -122.16905, 38.13448 ], [ -122.16714, 38.13169 ], [ -122.17923, 38.12631 ], [ -122.17411, 38.10955 ], [ -122.19307, 38.08194 ], [ -122.19395, 38.08389 ], [ -122.19529, 38.08211 ], [ -122.1987, 38.08369 ], [ -122.19957, 38.08299 ], [ -122.19955, 38.08099 ], [ -122.1963, 38.07924 ], [ -122.19803, 38.07911 ], [ -122.19785, 38.07549 ], [ -122.19292, 38.06147 ], [ -122.19446, 38.0599 ], [ -122.19988, 38.06107 ], [ -122.20137, 38.06274 ], [ -122.20128, 38.06455 ], [ -122.20342, 38.06424 ], [ -122.20713, 38.06795 ], [ -122.20978, 38.06567 ], [ -122.21456, 38.06603 ], [ -122.22554, 38.06492 ], [ -122.22735, 38.0704 ], [ -122.23186, 38.0764 ], [ -122.2332, 38.08076 ], [ -122.23283, 38.08523 ] ] ] } },
{ "type": "Feature", "properties": { "zcta": "94401", "individual": 1, "student": 0, "company": 0, "w2017_19": 0, "w2020_23": 0, "w2024_26": 1, "w2017_19_student": 0, "w2017_19_share": null, "w2017_19_mix": null, "w2020_23_student": 0, "w2020_23_share": null, "w2020_23_mix": null, "w2024_26_student": 0, "w2024_26_share": 0.0, "w2024_26_mix": "No students", "y2017": 0, "y2017_individual": 0, "y2017_student": 0, "y2017_company": 0, "y2018": 0, "y2018_individual": 0, "y2018_student": 0, "y2018_company": 0, "y2019": 0, "y2019_individual": 0, "y2019_student": 0, "y2019_company": 0, "y2020": 0, "y2020_individual": 0, "y2020_student": 0, "y2020_company": 0, "y2021": 0, "y2021_individual": 0, "y2021_student": 0, "y2021_company": 0, "y2022": 0, "y2022_individual": 0, "y2022_student": 0, "y2022_company": 0, "y2023": 0, "y2023_individual": 0, "y2023_student": 0, "y2023_company": 0, "y2024": 1, "y2024_individual": 1, "y2024_student": 0, "y2024_company": 0, "y2025": 0, "y2025_individual": 0, "y2025_student": 0, "y2025_company": 0, "y2026": 0, "y2026_individual": 0, "y2026_student": 0, "y2026_company": 0, "total": 1, "student_share": 0.0, "recent_share": 1.0, "first_year": 2024, "last_year": 2024, "n_2026": 0, "reassigned_n": 0, "dominant_type": "Individual", "mix": "No students", "place": "San Mateo" }, "geometry": { "type": "Polygon", "coordinates": [ [ [ -122.34706, 37.57204 ], [ -122.34201, 37.57421 ], [ -122.34289, 37.57451 ], [ -122.33083, 37.58298 ], [ -122.33473, 37.58664 ], [ -122.33305, 37.58823 ], [ -122.32894, 37.58879 ], [ -122.32512, 37.59153 ], [ -122.31492, 37.59124 ], [ -122.31571, 37.58367 ], [ -122.3059, 37.57548 ], [ -122.29686, 37.57546 ], [ -122.29699, 37.57176 ], [ -122.29432, 37.57058 ], [ -122.29363, 37.56856 ], [ -122.29182, 37.56904 ], [ -122.29314, 37.568 ], [ -122.2971, 37.56772 ], [ -122.29705, 37.56293 ], [ -122.30278, 37.56033 ], [ -122.31179, 37.56868 ], [ -122.31295, 37.56956 ], [ -122.31425, 37.56926 ], [ -122.31922, 37.56636 ], [ -122.32011, 37.56468 ], [ -122.31434, 37.55904 ], [ -122.31714, 37.55682 ], [ -122.31896, 37.55665 ], [ -122.32966, 37.56676 ], [ -122.33065, 37.56738 ], [ -122.33162, 37.56636 ], [ -122.33375, 37.56918 ], [ -122.33528, 37.56986 ], [ -122.33821, 37.56893 ], [ -122.33953, 37.56968 ], [ -122.33804, 37.57072 ], [ -122.33666, 37.57052 ], [ -122.33755, 37.57113 ], [ -122.34103, 37.57067 ], [ -122.34185, 37.57276 ], [ -122.34507, 37.57141 ], [ -122.34706, 37.57204 ] ] ] } },
{ "type": "Feature", "properties": { "zcta": "92373", "individual": 0, "student": 0, "company": 1, "w2017_19": 0, "w2020_23": 0, "w2024_26": 1, "w2017_19_student": 0, "w2017_19_share": null, "w2017_19_mix": null, "w2020_23_student": 0, "w2020_23_share": null, "w2020_23_mix": null, "w2024_26_student": 0, "w2024_26_share": 0.0, "w2024_26_mix": "No students", "y2017": 0, "y2017_individual": 0, "y2017_student": 0, "y2017_company": 0, "y2018": 0, "y2018_individual": 0, "y2018_student": 0, "y2018_company": 0, "y2019": 0, "y2019_individual": 0, "y2019_student": 0, "y2019_company": 0, "y2020": 0, "y2020_individual": 0, "y2020_student": 0, "y2020_company": 0, "y2021": 0, "y2021_individual": 0, "y2021_student": 0, "y2021_company": 0, "y2022": 0, "y2022_individual": 0, "y2022_student": 0, "y2022_company": 0, "y2023": 0, "y2023_individual": 0, "y2023_student": 0, "y2023_company": 0, "y2024": 0, "y2024_individual": 0, "y2024_student": 0, "y2024_company": 0, "y2025": 1, "y2025_individual": 0, "y2025_student": 0, "y2025_company": 1, "y2026": 0, "y2026_individual": 0, "y2026_student": 0, "y2026_company": 0, "total": 1, "student_share": 0.0, "recent_share": 1.0, "first_year": 2025, "last_year": 2025, "n_2026": 0, "reassigned_n": 0, "dominant_type": "Company", "mix": "No students", "place": "Redlands" }, "geometry": { "type": "Polygon", "coordinates": [ [ [ -117.24987, 34.06307 ], [ -117.23494, 34.06306 ], [ -117.23494, 34.06547 ], [ -117.23055, 34.06542 ], [ -117.23122, 34.06307 ], [ -117.22781, 34.06307 ], [ -117.2289, 34.06423 ], [ -117.22838, 34.06499 ], [ -117.22638, 34.06307 ], [ -117.22618, 34.06651 ], [ -117.21745, 34.06647 ], [ -117.2088, 34.06359 ], [ -117.20883, 34.06288 ], [ -117.19137, 34.05909 ], [ -117.19137, 34.0585 ], [ -117.18431, 34.05857 ], [ -117.18143, 34.05731 ], [ -117.1814, 34.05902 ], [ -117.18037, 34.05901 ], [ -117.18036, 34.05731 ], [ -117.17606, 34.05733 ], [ -117.1757, 34.05552 ], [ -117.16721, 34.04551 ], [ -117.14934, 34.03679 ], [ -117.12764, 34.02851 ], [ -117.10681, 34.02342 ], [ -117.09406, 34.01595 ], [ -117.08595, 34.01515 ], [ -117.0705, 34.01137 ], [ -117.06799, 34.00937 ], [ -117.06486, 34.00394 ], [ -117.11276, 34.00393 ], [ -117.11249, 33.98994 ], [ -117.08638, 33.98991 ], [ -117.08645, 33.98274 ], [ -117.09509, 33.97564 ], [ -117.09507, 33.97457 ], [ -117.09028, 33.97505 ], [ -117.0867, 33.97426 ], [ -117.07629, 33.96809 ], [ -117.04936, 33.94533 ], [ -117.04078, 33.94268 ], [ -117.03417, 33.94301 ], [ -117.03414, 33.93438 ], [ -117.04159, 33.93908 ], [ -117.06097, 33.94719 ], [ -117.06962, 33.94572 ], [ -117.07215, 33.94406 ], [ -117.07535, 33.94339 ], [ -117.08565, 33.94305 ], [ -117.0999, 33.93712 ], [ -117.09947, 33.94116 ], [ -117.10114, 33.94403 ], [ -117.10692, 33.94887 ], [ -117.1171, 33.96078 ], [ -117.13903, 33.9718 ], [ -117.1502, 33.98065 ], [ -117.17424, 33.9863 ], [ -117.17436, 33.98258 ], [ -117.20005, 33.98259 ], [ -117.19578, 33.98353 ], [ -117.1921, 33.98602 ], [ -117.19524, 33.98864 ], [ -117.19491, 33.98993 ], [ -117.20177, 33.99321 ], [ -117.21237, 34.00422 ], [ -117.22537, 34.00431 ], [ -117.22537, 34.01872 ], [ -117.2399, 34.01872 ], [ -117.2418, 34.02117 ], [ -117.23994, 34.02408 ], [ -117.23999, 34.02803 ], [ -117.23381, 34.02914 ], [ -117.23474, 34.031 ], [ -117.23941, 34.03393 ], [ -117.23478, 34.03388 ], [ -117.23486, 34.03757 ], [ -117.2193, 34.0375 ], [ -117.22425, 34.04311 ], [ -117.223, 34.04312 ], [ -117.22608, 34.0465 ], [ -117.22617, 34.04915 ], [ -117.24133, 34.05796 ], [ -117.24074, 34.05865 ], [ -117.23994, 34.05818 ], [ -117.23981, 34.05939 ], [ -117.24366, 34.05916 ], [ -117.24795, 34.06065 ], [ -117.24995, 34.06019 ], [ -117.24987, 34.06307 ] ] ] } },
{ "type": "Feature", "properties": { "zcta": "95691", "individual": 1, "student": 0, "company": 0, "w2017_19": 0, "w2020_23": 1, "w2024_26": 0, "w2017_19_student": 0, "w2017_19_share": null, "w2017_19_mix": null, "w2020_23_student": 0, "w2020_23_share": 0.0, "w2020_23_mix": "No students", "w2024_26_student": 0, "w2024_26_share": null, "w2024_26_mix": null, "y2017": 0, "y2017_individual": 0, "y2017_student": 0, "y2017_company": 0, "y2018": 0, "y2018_individual": 0, "y2018_student": 0, "y2018_company": 0, "y2019": 0, "y2019_individual": 0, "y2019_student": 0, "y2019_company": 0, "y2020": 1, "y2020_individual": 1, "y2020_student": 0, "y2020_company": 0, "y2021": 0, "y2021_individual": 0, "y2021_student": 0, "y2021_company": 0, "y2022": 0, "y2022_individual": 0, "y2022_student": 0, "y2022_company": 0, "y2023": 0, "y2023_individual": 0, "y2023_student": 0, "y2023_company": 0, "y2024": 0, "y2024_individual": 0, "y2024_student": 0, "y2024_company": 0, "y2025": 0, "y2025_individual": 0, "y2025_student": 0, "y2025_company": 0, "y2026": 0, "y2026_individual": 0, "y2026_student": 0, "y2026_company": 0, "total": 1, "student_share": 0.0, "recent_share": 0.0, "first_year": 2020, "last_year": 2020, "n_2026": 0, "reassigned_n": 0, "dominant_type": "Individual", "mix": "No students", "place": "West Sacramento" }, "geometry": { "type": "Polygon", "coordinates": [ [ [ -121.66429, 38.76526 ], [ -121.66316, 38.76921 ], [ -121.66035, 38.7701 ], [ -121.65763, 38.76822 ], [ -121.656, 38.76507 ], [ -121.653, 38.76451 ], [ -121.63342, 38.76848 ], [ -121.63148, 38.77612 ], [ -121.62795, 38.77919 ], [ -121.63082, 38.78317 ], [ -121.62528, 38.78534 ], [ -121.61382, 38.78172 ], [ -121.60811, 38.78086 ], [ -121.60302, 38.77811 ], [ -121.59984, 38.77488 ], [ -121.59262, 38.76286 ], [ -121.59341, 38.75398 ], [ -121.5955, 38.74885 ], [ -121.6011, 38.74064 ], [ -121.60363, 38.73347 ], [ -121.60577, 38.71832 ], [ -121.61422, 38.70904 ], [ -121.6319, 38.69584 ], [ -121.63416, 38.68984 ], [ -121.63192, 38.68064 ], [ -121.62801, 38.67476 ], [ -121.60957, 38.66111 ], [ -121.59407, 38.64411 ], [ -121.58977, 38.6424 ], [ -121.58717, 38.6427 ], [ -121.57607, 38.6486 ], [ -121.57047, 38.6476 ], [ -121.56687, 38.6451 ], [ -121.5651, 38.6423 ], [ -121.56157, 38.6186 ], [ -121.55827, 38.6082 ], [ -121.54987, 38.5994 ], [ -121.54789, 38.59877 ], [ -121.54891, 38.59724 ], [ -121.55554, 38.60278 ], [ -121.57617, 38.59767 ], [ -121.57087, 38.59063 ], [ -121.57262, 38.58941 ], [ -121.57049, 38.58264 ], [ -121.58272, 38.57944 ], [ -121.58277, 38.57875 ], [ -121.53722, 38.58853 ], [ -121.51569, 38.58197 ], [ -121.50827, 38.5805 ], [ -121.51157, 38.575 ], [ -121.52097, 38.5662 ], [ -121.51129, 38.54629 ], [ -121.5132, 38.54074 ], [ -121.52037, 38.53537 ], [ -121.52847, 38.53211 ], [ -121.53098, 38.52897 ], [ -121.52992, 38.52678 ], [ -121.5242, 38.52151 ], [ -121.5255, 38.51878 ], [ -121.5314, 38.51727 ], [ -121.54082, 38.5165 ], [ -121.55178, 38.51386 ], [ -121.55499, 38.51016 ], [ -121.5587, 38.50194 ], [ -121.58242, 38.50447 ], [ -121.58222, 38.50269 ], [ -121.58536, 38.50271 ], [ -121.58543, 38.53743 ], [ -121.58278, 38.54803 ], [ -121.58323, 38.57323 ], [ -121.5825, 38.57435 ], [ -121.58718, 38.59488 ], [ -121.61268, 38.62773 ], [ -121.62996, 38.65522 ], [ -121.64169, 38.66839 ], [ -121.64432, 38.67747 ], [ -121.64561, 38.69078 ], [ -121.63451, 38.72028 ], [ -121.63435, 38.74734 ], [ -121.63558, 38.76413 ], [ -121.6383, 38.76461 ], [ -121.65091, 38.76355 ], [ -121.65781, 38.76422 ], [ -121.66191, 38.76292 ], [ -121.66429, 38.76526 ] ] ] } },
{ "type": "Feature", "properties": { "zcta": "94621", "individual": 2, "student": 0, "company": 0, "w2017_19": 0, "w2020_23": 0, "w2024_26": 2, "w2017_19_student": 0, "w2017_19_share": null, "w2017_19_mix": null, "w2020_23_student": 0, "w2020_23_share": null, "w2020_23_mix": null, "w2024_26_student": 0, "w2024_26_share": 0.0, "w2024_26_mix": "No students", "y2017": 0, "y2017_individual": 0, "y2017_student": 0, "y2017_company": 0, "y2018": 0, "y2018_individual": 0, "y2018_student": 0, "y2018_company": 0, "y2019": 0, "y2019_individual": 0, "y2019_student": 0, "y2019_company": 0, "y2020": 0, "y2020_individual": 0, "y2020_student": 0, "y2020_company": 0, "y2021": 0, "y2021_individual": 0, "y2021_student": 0, "y2021_company": 0, "y2022": 0, "y2022_individual": 0, "y2022_student": 0, "y2022_company": 0, "y2023": 0, "y2023_individual": 0, "y2023_student": 0, "y2023_company": 0, "y2024": 2, "y2024_individual": 2, "y2024_student": 0, "y2024_company": 0, "y2025": 0, "y2025_individual": 0, "y2025_student": 0, "y2025_company": 0, "y2026": 0, "y2026_individual": 0, "y2026_student": 0, "y2026_company": 0, "total": 2, "student_share": 0.0, "recent_share": 1.0, "first_year": 2024, "last_year": 2024, "n_2026": 0, "reassigned_n": 0, "dominant_type": "Individual", "mix": "No students", "place": "Oakland" }, "geometry": { "type": "Polygon", "coordinates": [ [ [ -122.25217, 37.72495 ], [ -122.24846, 37.72787 ], [ -122.23618, 37.71985 ], [ -122.22834, 37.72773 ], [ -122.22677, 37.72766 ], [ -122.22651, 37.74788 ], [ -122.23578, 37.74804 ], [ -122.23592, 37.74747 ], [ -122.23628, 37.74855 ], [ -122.22608, 37.74967 ], [ -122.22378, 37.75443 ], [ -122.21485, 37.76147 ], [ -122.21993, 37.76846 ], [ -122.21578, 37.76447 ], [ -122.21332, 37.76532 ], [ -122.21084, 37.76336 ], [ -122.19735, 37.77162 ], [ -122.19585, 37.77021 ], [ -122.19478, 37.77038 ], [ -122.19367, 37.76925 ], [ -122.19434, 37.76878 ], [ -122.18905, 37.7647 ], [ -122.18713, 37.76545 ], [ -122.1857, 37.76423 ], [ -122.18272, 37.76603 ], [ -122.17664, 37.75988 ], [ -122.17367, 37.76098 ], [ -122.17521, 37.76314 ], [ -122.17228, 37.7617 ], [ -122.1661, 37.75396 ], [ -122.17103, 37.75118 ], [ -122.17497, 37.75055 ], [ -122.17462, 37.74982 ], [ -122.18305, 37.74613 ], [ -122.18188, 37.74468 ], [ -122.18471, 37.74331 ], [ -122.18581, 37.7415 ], [ -122.18179, 37.73765 ], [ -122.19088, 37.7455 ], [ -122.19293, 37.73894 ], [ -122.19385, 37.73934 ], [ -122.19619, 37.7447 ], [ -122.19652, 37.74055 ], [ -122.19238, 37.73582 ], [ -122.19369, 37.73602 ], [ -122.19551, 37.73326 ], [ -122.19815, 37.73345 ], [ -122.19865, 37.73236 ], [ -122.19617, 37.73055 ], [ -122.19265, 37.73002 ], [ -122.19978, 37.72706 ], [ -122.18914, 37.71781 ], [ -122.1929, 37.71673 ], [ -122.1934, 37.71783 ], [ -122.19471, 37.71754 ], [ -122.19427, 37.71591 ], [ -122.19703, 37.71583 ], [ -122.2021, 37.71302 ], [ -122.20973, 37.71109 ], [ -122.20919, 37.71001 ], [ -122.21248, 37.70897 ], [ -122.21177, 37.70201 ], [ -122.21474, 37.69925 ], [ -122.2265, 37.70653 ], [ -122.25217, 37.72495 ] ] ] } },
{ "type": "Feature", "properties": { "zcta": "95377", "individual": 1, "student": 0, "company": 0, "w2017_19": 0, "w2020_23": 0, "w2024_26": 1, "w2017_19_student": 0, "w2017_19_share": null, "w2017_19_mix": null, "w2020_23_student": 0, "w2020_23_share": null, "w2020_23_mix": null, "w2024_26_student": 0, "w2024_26_share": 0.0, "w2024_26_mix": "No students", "y2017": 0, "y2017_individual": 0, "y2017_student": 0, "y2017_company": 0, "y2018": 0, "y2018_individual": 0, "y2018_student": 0, "y2018_company": 0, "y2019": 0, "y2019_individual": 0, "y2019_student": 0, "y2019_company": 0, "y2020": 0, "y2020_individual": 0, "y2020_student": 0, "y2020_company": 0, "y2021": 0, "y2021_individual": 0, "y2021_student": 0, "y2021_company": 0, "y2022": 0, "y2022_individual": 0, "y2022_student": 0, "y2022_company": 0, "y2023": 0, "y2023_individual": 0, "y2023_student": 0, "y2023_company": 0, "y2024": 1, "y2024_individual": 1, "y2024_student": 0, "y2024_company": 0, "y2025": 0, "y2025_individual": 0, "y2025_student": 0, "y2025_company": 0, "y2026": 0, "y2026_individual": 0, "y2026_student": 0, "y2026_company": 0, "total": 1, "student_share": 0.0, "recent_share": 1.0, "first_year": 2024, "last_year": 2024, "n_2026": 0, "reassigned_n": 0, "dominant_type": "Individual", "mix": "No students", "place": "Tracy" }, "geometry": { "type": "Polygon", "coordinates": [ [ [ -121.62862, 37.68509 ], [ -121.62952, 37.68683 ], [ -121.60793, 37.68744 ], [ -121.60007, 37.68636 ], [ -121.59716, 37.68706 ], [ -121.59249, 37.69121 ], [ -121.5891, 37.69737 ], [ -121.58505, 37.69858 ], [ -121.5818, 37.70295 ], [ -121.57634, 37.70603 ], [ -121.57351, 37.70941 ], [ -121.56819, 37.71295 ], [ -121.56773, 37.7149 ], [ -121.56166, 37.71489 ], [ -121.56158, 37.71579 ], [ -121.56511, 37.72315 ], [ -121.56812, 37.72626 ], [ -121.57009, 37.72664 ], [ -121.57271, 37.72575 ], [ -121.57528, 37.72355 ], [ -121.5815, 37.72147 ], [ -121.58544, 37.72287 ], [ -121.58776, 37.72534 ], [ -121.59076, 37.72581 ], [ -121.59373, 37.72435 ], [ -121.59613, 37.72439 ], [ -121.60292, 37.7332 ], [ -121.60502, 37.73414 ], [ -121.6087, 37.73227 ], [ -121.62139, 37.73124 ], [ -121.62704, 37.73181 ], [ -121.6295, 37.7342 ], [ -121.60907, 37.73784 ], [ -121.58018, 37.74143 ], [ -121.54967, 37.74369 ], [ -121.49711, 37.74096 ], [ -121.4533, 37.75829 ], [ -121.45313, 37.72338 ], [ -121.46984, 37.71696 ], [ -121.46909, 37.71657 ], [ -121.45485, 37.7209 ], [ -121.45481, 37.71843 ], [ -121.45369, 37.7184 ], [ -121.45399, 37.71137 ], [ -121.45286, 37.71058 ], [ -121.41638, 37.7106 ], [ -121.41598, 37.6504 ], [ -121.42959, 37.6575 ], [ -121.43434, 37.66112 ], [ -121.4343, 37.65854 ], [ -121.37414, 37.62168 ], [ -121.36516, 37.61492 ], [ -121.36869, 37.61498 ], [ -121.37298, 37.61264 ], [ -121.3745, 37.61293 ], [ -121.37598, 37.61139 ], [ -121.37954, 37.61064 ], [ -121.38941, 37.60271 ], [ -121.39043, 37.60015 ], [ -121.39949, 37.59733 ], [ -121.40221, 37.59378 ], [ -121.4203, 37.58464 ], [ -121.42213, 37.57973 ], [ -121.42486, 37.57906 ], [ -121.4267, 37.5771 ], [ -121.42976, 37.57647 ], [ -121.43069, 37.57545 ], [ -121.4321, 37.57606 ], [ -121.43561, 37.5729 ], [ -121.43783, 37.57229 ], [ -121.43963, 37.57046 ], [ -121.43929, 37.56778 ], [ -121.4369, 37.56454 ], [ -121.43683, 37.56238 ], [ -121.43754, 37.56506 ], [ -121.43914, 37.56475 ], [ -121.43973, 37.56247 ], [ -121.44212, 37.56214 ], [ -121.44361, 37.56326 ], [ -121.44736, 37.56356 ], [ -121.44907, 37.56272 ], [ -121.45863, 37.56311 ], [ -121.461, 37.56502 ], [ -121.46268, 37.56517 ], [ -121.46453, 37.56415 ], [ -121.46592, 37.56524 ], [ -121.47065, 37.56475 ], [ -121.48094, 37.5671 ], [ -121.48463, 37.56451 ], [ -121.49842, 37.56137 ], [ -121.50013, 37.5599 ], [ -121.50503, 37.56111 ], [ -121.50671, 37.55994 ], [ -121.50893, 37.56035 ], [ -121.51723, 37.55542 ], [ -121.52708, 37.55363 ], [ -121.52937, 37.55203 ], [ -121.53718, 37.54994 ], [ -121.53955, 37.54822 ], [ -121.54426, 37.54723 ], [ -121.55107, 37.54948 ], [ -121.55568, 37.54906 ], [ -121.55666, 37.55004 ], [ -121.55696, 37.66423 ], [ -121.60549, 37.66475 ], [ -121.60548, 37.66633 ], [ -121.60904, 37.66706 ], [ -121.60986, 37.66813 ], [ -121.61824, 37.66658 ], [ -121.62533, 37.66973 ], [ -121.62228, 37.67271 ], [ -121.62493, 37.68258 ], [ -121.62656, 37.68374 ], [ -121.62828, 37.68356 ], [ -121.62973, 37.68469 ], [ -121.62862, 37.68509 ] ] ] } },
{ "type": "Feature", "properties": { "zcta": "95765", "individual": 1, "student": 0, "company": 0, "w2017_19": 1, "w2020_23": 0, "w2024_26": 0, "w2017_19_student": 0, "w2017_19_share": 0.0, "w2017_19_mix": "No students", "w2020_23_student": 0, "w2020_23_share": null, "w2020_23_mix": null, "w2024_26_student": 0, "w2024_26_share": null, "w2024_26_mix": null, "y2017": 0, "y2017_individual": 0, "y2017_student": 0, "y2017_company": 0, "y2018": 0, "y2018_individual": 0, "y2018_student": 0, "y2018_company": 0, "y2019": 1, "y2019_individual": 1, "y2019_student": 0, "y2019_company": 0, "y2020": 0, "y2020_individual": 0, "y2020_student": 0, "y2020_company": 0, "y2021": 0, "y2021_individual": 0, "y2021_student": 0, "y2021_company": 0, "y2022": 0, "y2022_individual": 0, "y2022_student": 0, "y2022_company": 0, "y2023": 0, "y2023_individual": 0, "y2023_student": 0, "y2023_company": 0, "y2024": 0, "y2024_individual": 0, "y2024_student": 0, "y2024_company": 0, "y2025": 0, "y2025_individual": 0, "y2025_student": 0, "y2025_company": 0, "y2026": 0, "y2026_individual": 0, "y2026_student": 0, "y2026_company": 0, "total": 1, "student_share": 0.0, "recent_share": 0.0, "first_year": 2019, "last_year": 2019, "n_2026": 0, "reassigned_n": 0, "dominant_type": "Individual", "mix": "No students", "place": "Rocklin" }, "geometry": { "type": "Polygon", "coordinates": [ [ [ -121.34445, 38.82453 ], [ -121.30747, 38.82464 ], [ -121.30697, 38.84132 ], [ -121.29967, 38.84316 ], [ -121.29971, 38.83962 ], [ -121.22628, 38.83922 ], [ -121.22465, 38.837 ], [ -121.22645, 38.82992 ], [ -121.23002, 38.82575 ], [ -121.23049, 38.82292 ], [ -121.23342, 38.82292 ], [ -121.23958, 38.81212 ], [ -121.24261, 38.81209 ], [ -121.24263, 38.80851 ], [ -121.24943, 38.80499 ], [ -121.25415, 38.80465 ], [ -121.25467, 38.80243 ], [ -121.26274, 38.79579 ], [ -121.26386, 38.795 ], [ -121.26501, 38.79602 ], [ -121.26862, 38.79324 ], [ -121.27492, 38.7957 ], [ -121.29749, 38.79559 ], [ -121.30022, 38.8018 ], [ -121.30069, 38.81002 ], [ -121.30786, 38.81013 ], [ -121.30814, 38.80538 ], [ -121.31187, 38.80467 ], [ -121.31263, 38.80721 ], [ -121.31881, 38.80606 ], [ -121.34445, 38.82453 ] ] ] } },
{ "type": "Feature", "properties": { "zcta": "95148", "individual": 1, "student": 0, "company": 0, "w2017_19": 0, "w2020_23": 1, "w2024_26": 0, "w2017_19_student": 0, "w2017_19_share": null, "w2017_19_mix": null, "w2020_23_student": 0, "w2020_23_share": 0.0, "w2020_23_mix": "No students", "w2024_26_student": 0, "w2024_26_share": null, "w2024_26_mix": null, "y2017": 0, "y2017_individual": 0, "y2017_student": 0, "y2017_company": 0, "y2018": 0, "y2018_individual": 0, "y2018_student": 0, "y2018_company": 0, "y2019": 0, "y2019_individual": 0, "y2019_student": 0, "y2019_company": 0, "y2020": 0, "y2020_individual": 0, "y2020_student": 0, "y2020_company": 0, "y2021": 1, "y2021_individual": 1, "y2021_student": 0, "y2021_company": 0, "y2022": 0, "y2022_individual": 0, "y2022_student": 0, "y2022_company": 0, "y2023": 0, "y2023_individual": 0, "y2023_student": 0, "y2023_company": 0, "y2024": 0, "y2024_individual": 0, "y2024_student": 0, "y2024_company": 0, "y2025": 0, "y2025_individual": 0, "y2025_student": 0, "y2025_company": 0, "y2026": 0, "y2026_individual": 0, "y2026_student": 0, "y2026_company": 0, "total": 1, "student_share": 0.0, "recent_share": 0.0, "first_year": 2021, "last_year": 2021, "n_2026": 0, "reassigned_n": 0, "dominant_type": "Individual", "mix": "No students", "place": "San Jose" }, "geometry": { "type": "Polygon", "coordinates": [ [ [ -121.82187, 37.33973 ], [ -121.81845, 37.34235 ], [ -121.81689, 37.3419 ], [ -121.81767, 37.34316 ], [ -121.81623, 37.34382 ], [ -121.81515, 37.34246 ], [ -121.8024, 37.34769 ], [ -121.79786, 37.35053 ], [ -121.80029, 37.35295 ], [ -121.79085, 37.35316 ], [ -121.79469, 37.34895 ], [ -121.78998, 37.35328 ], [ -121.79006, 37.35227 ], [ -121.78682, 37.34945 ], [ -121.78486, 37.35123 ], [ -121.78303, 37.35036 ], [ -121.78466, 37.34885 ], [ -121.78283, 37.34807 ], [ -121.77933, 37.35148 ], [ -121.77817, 37.35121 ], [ -121.77061, 37.3445 ], [ -121.76663, 37.3439 ], [ -121.75397, 37.34543 ], [ -121.74755, 37.34354 ], [ -121.74236, 37.34378 ], [ -121.73913, 37.34037 ], [ -121.74644, 37.33889 ], [ -121.74458, 37.3329 ], [ -121.7423, 37.33331 ], [ -121.74192, 37.33205 ], [ -121.74327, 37.33165 ], [ -121.74285, 37.3289 ], [ -121.74455, 37.33041 ], [ -121.74551, 37.32941 ], [ -121.74557, 37.32673 ], [ -121.74241, 37.32338 ], [ -121.74313, 37.32291 ], [ -121.74448, 37.32379 ], [ -121.74464, 37.32224 ], [ -121.74579, 37.32365 ], [ -121.74863, 37.32249 ], [ -121.75332, 37.32295 ], [ -121.75555, 37.32086 ], [ -121.75877, 37.32205 ], [ -121.75841, 37.31899 ], [ -121.80807, 37.31143 ], [ -121.80818, 37.32238 ], [ -121.80959, 37.32662 ], [ -121.81708, 37.33678 ], [ -121.82102, 37.33993 ], [ -121.82187, 37.33973 ] ], [ [ -121.80614, 37.31417 ], [ -121.80626, 37.31214 ], [ -121.80527, 37.31223 ], [ -121.80614, 37.31417 ] ] ] } },
{ "type": "Feature", "properties": { "zcta": "95112", "individual": 11, "student": 0, "company": 2, "w2017_19": 3, "w2020_23": 3, "w2024_26": 7, "w2017_19_student": 0, "w2017_19_share": 0.0, "w2017_19_mix": "No students", "w2020_23_student": 0, "w2020_23_share": 0.0, "w2020_23_mix": "No students", "w2024_26_student": 0, "w2024_26_share": 0.0, "w2024_26_mix": "No students", "y2017": 0, "y2017_individual": 0, "y2017_student": 0, "y2017_company": 0, "y2018": 3, "y2018_individual": 2, "y2018_student": 0, "y2018_company": 1, "y2019": 0, "y2019_individual": 0, "y2019_student": 0, "y2019_company": 0, "y2020": 0, "y2020_individual": 0, "y2020_student": 0, "y2020_company": 0, "y2021": 2, "y2021_individual": 2, "y2021_student": 0, "y2021_company": 0, "y2022": 1, "y2022_individual": 1, "y2022_student": 0, "y2022_company": 0, "y2023": 0, "y2023_individual": 0, "y2023_student": 0, "y2023_company": 0, "y2024": 0, "y2024_individual": 0, "y2024_student": 0, "y2024_company": 0, "y2025": 0, "y2025_individual": 0, "y2025_student": 0, "y2025_company": 0, "y2026": 7, "y2026_individual": 6, "y2026_student": 0, "y2026_company": 1, "total": 13, "student_share": 0.0, "recent_share": 0.538, "first_year": 2018, "last_year": 2026, "n_2026": 7, "reassigned_n": 3, "dominant_type": "Individual", "mix": "No students", "place": "San Jose" }, "geometry": { "type": "Polygon", "coordinates": [ [ [ -121.91892, 37.36784 ], [ -121.91546, 37.36947 ], [ -121.91832, 37.37302 ], [ -121.91815, 37.37516 ], [ -121.91374, 37.37796 ], [ -121.91484, 37.37906 ], [ -121.91095, 37.38082 ], [ -121.90968, 37.37957 ], [ -121.90548, 37.38227 ], [ -121.9056, 37.38341 ], [ -121.89535, 37.37648 ], [ -121.89537, 37.37771 ], [ -121.8925, 37.37783 ], [ -121.891, 37.37692 ], [ -121.88712, 37.37149 ], [ -121.8807, 37.36801 ], [ -121.88591, 37.36447 ], [ -121.88751, 37.36585 ], [ -121.89162, 37.36402 ], [ -121.89147, 37.3629 ], [ -121.87999, 37.36162 ], [ -121.8738, 37.3597 ], [ -121.87426, 37.34529 ], [ -121.87113, 37.34213 ], [ -121.86995, 37.33792 ], [ -121.86832, 37.33704 ], [ -121.8669, 37.3321 ], [ -121.86789, 37.32857 ], [ -121.86579, 37.32569 ], [ -121.85952, 37.32877 ], [ -121.85144, 37.32081 ], [ -121.85443, 37.31733 ], [ -121.85337, 37.31599 ], [ -121.85086, 37.3159 ], [ -121.8476, 37.31736 ], [ -121.84628, 37.31382 ], [ -121.84366, 37.3126 ], [ -121.84398, 37.31036 ], [ -121.84825, 37.30755 ], [ -121.84911, 37.30836 ], [ -121.85162, 37.30664 ], [ -121.85143, 37.30539 ], [ -121.85441, 37.30365 ], [ -121.85965, 37.30413 ], [ -121.86129, 37.30352 ], [ -121.86604, 37.30832 ], [ -121.87134, 37.30486 ], [ -121.87406, 37.30755 ], [ -121.87171, 37.30893 ], [ -121.87328, 37.31056 ], [ -121.87143, 37.31084 ], [ -121.87067, 37.31296 ], [ -121.86725, 37.31531 ], [ -121.86868, 37.31516 ], [ -121.87139, 37.31762 ], [ -121.87402, 37.31638 ], [ -121.88489, 37.32859 ], [ -121.88333, 37.32933 ], [ -121.88799, 37.33654 ], [ -121.88337, 37.33809 ], [ -121.88314, 37.33969 ], [ -121.88846, 37.33717 ], [ -121.89063, 37.33816 ], [ -121.89226, 37.34037 ], [ -121.89329, 37.33983 ], [ -121.89535, 37.34257 ], [ -121.89758, 37.34157 ], [ -121.89826, 37.34232 ], [ -121.89613, 37.34279 ], [ -121.89686, 37.3446 ], [ -121.89926, 37.34783 ], [ -121.90147, 37.34849 ], [ -121.90022, 37.34908 ], [ -121.90224, 37.34958 ], [ -121.90182, 37.3512 ], [ -121.90475, 37.35511 ], [ -121.90698, 37.35431 ], [ -121.90568, 37.35224 ], [ -121.9092, 37.35048 ], [ -121.91125, 37.35418 ], [ -121.90702, 37.35839 ], [ -121.90964, 37.36174 ], [ -121.91046, 37.36134 ], [ -121.91356, 37.367 ], [ -121.91706, 37.36532 ], [ -121.91892, 37.36784 ] ], [ [ -121.88238, 37.34059 ], [ -121.88134, 37.34055 ], [ -121.88166, 37.34098 ], [ -121.88238, 37.34059 ] ] ] } },
{ "type": "Feature", "properties": { "zcta": "95687", "individual": 1, "student": 1, "company": 0, "w2017_19": 0, "w2020_23": 2, "w2024_26": 0, "w2017_19_student": 0, "w2017_19_share": null, "w2017_19_mix": null, "w2020_23_student": 1, "w2020_23_share": 0.5, "w2020_23_mix": "Mixed", "w2024_26_student": 0, "w2024_26_share": null, "w2024_26_mix": null, "y2017": 0, "y2017_individual": 0, "y2017_student": 0, "y2017_company": 0, "y2018": 0, "y2018_individual": 0, "y2018_student": 0, "y2018_company": 0, "y2019": 0, "y2019_individual": 0, "y2019_student": 0, "y2019_company": 0, "y2020": 1, "y2020_individual": 0, "y2020_student": 1, "y2020_company": 0, "y2021": 0, "y2021_individual": 0, "y2021_student": 0, "y2021_company": 0, "y2022": 1, "y2022_individual": 1, "y2022_student": 0, "y2022_company": 0, "y2023": 0, "y2023_individual": 0, "y2023_student": 0, "y2023_company": 0, "y2024": 0, "y2024_individual": 0, "y2024_student": 0, "y2024_company": 0, "y2025": 0, "y2025_individual": 0, "y2025_student": 0, "y2025_company": 0, "y2026": 0, "y2026_individual": 0, "y2026_student": 0, "y2026_company": 0, "total": 2, "student_share": 0.5, "recent_share": 0.0, "first_year": 2020, "last_year": 2022, "n_2026": 0, "reassigned_n": 0, "dominant_type": "Individual", "mix": "Mixed", "place": "Vacaville" }, "geometry": { "type": "Polygon", "coordinates": [ [ [ -122.02388, 38.32508 ], [ -122.01706, 38.33577 ], [ -122.01268, 38.34045 ], [ -121.97969, 38.35327 ], [ -121.97355, 38.35875 ], [ -121.96402, 38.36469 ], [ -121.89723, 38.41624 ], [ -121.89492, 38.41567 ], [ -121.88881, 38.41693 ], [ -121.88706, 38.40985 ], [ -121.86949, 38.40942 ], [ -121.86202, 38.40274 ], [ -121.86204, 38.38903 ], [ -121.86956, 38.38955 ], [ -121.87588, 38.39445 ], [ -121.88656, 38.39513 ], [ -121.88854, 38.39866 ], [ -121.89505, 38.39876 ], [ -121.89672, 38.39759 ], [ -121.89678, 38.38064 ], [ -121.88281, 38.38054 ], [ -121.89685, 38.36477 ], [ -121.8969, 38.3589 ], [ -121.90608, 38.35894 ], [ -121.90605, 38.36619 ], [ -121.91778, 38.36609 ], [ -121.91795, 38.35898 ], [ -121.91555, 38.35903 ], [ -121.91548, 38.35093 ], [ -121.90833, 38.34669 ], [ -121.90692, 38.3474 ], [ -121.90865, 38.34841 ], [ -121.90611, 38.35164 ], [ -121.88757, 38.35163 ], [ -121.88757, 38.34711 ], [ -121.88627, 38.34655 ], [ -121.87822, 38.34656 ], [ -121.87811, 38.34444 ], [ -121.86198, 38.34424 ], [ -121.85587, 38.3152 ], [ -121.84178, 38.31512 ], [ -121.84225, 38.28599 ], [ -121.86031, 38.28614 ], [ -121.86046, 38.27211 ], [ -121.85604, 38.26929 ], [ -121.87233, 38.26652 ], [ -121.87915, 38.2644 ], [ -121.88523, 38.26384 ], [ -121.89809, 38.26483 ], [ -121.89817, 38.27223 ], [ -121.9016, 38.2754 ], [ -121.89218, 38.2822 ], [ -121.8963, 38.28575 ], [ -121.89742, 38.28575 ], [ -121.91501, 38.2734 ], [ -121.91551, 38.30825 ], [ -121.93385, 38.30846 ], [ -121.93375, 38.3013 ], [ -121.94722, 38.30148 ], [ -121.94745, 38.30463 ], [ -121.9505, 38.3049 ], [ -121.95151, 38.30583 ], [ -121.9514, 38.30884 ], [ -121.95397, 38.30911 ], [ -121.9617, 38.31456 ], [ -121.96505, 38.31574 ], [ -121.97671, 38.31569 ], [ -121.97921, 38.31367 ], [ -121.98542, 38.31287 ], [ -121.9888, 38.31436 ], [ -121.99317, 38.31188 ], [ -121.99506, 38.31169 ], [ -121.9973, 38.31272 ], [ -121.99757, 38.31481 ], [ -121.99903, 38.31575 ], [ -122.01093, 38.31577 ], [ -122.01009, 38.32422 ], [ -122.02265, 38.32432 ], [ -122.02388, 38.32508 ] ] ] } },
{ "type": "Feature", "properties": { "zcta": "91001", "individual": 0, "student": 1, "company": 0, "w2017_19": 0, "w2020_23": 0, "w2024_26": 1, "w2017_19_student": 0, "w2017_19_share": null, "w2017_19_mix": null, "w2020_23_student": 0, "w2020_23_share": null, "w2020_23_mix": null, "w2024_26_student": 1, "w2024_26_share": 1.0, "w2024_26_mix": "Mostly students", "y2017": 0, "y2017_individual": 0, "y2017_student": 0, "y2017_company": 0, "y2018": 0, "y2018_individual": 0, "y2018_student": 0, "y2018_company": 0, "y2019": 0, "y2019_individual": 0, "y2019_student": 0, "y2019_company": 0, "y2020": 0, "y2020_individual": 0, "y2020_student": 0, "y2020_company": 0, "y2021": 0, "y2021_individual": 0, "y2021_student": 0, "y2021_company": 0, "y2022": 0, "y2022_individual": 0, "y2022_student": 0, "y2022_company": 0, "y2023": 0, "y2023_individual": 0, "y2023_student": 0, "y2023_company": 0, "y2024": 0, "y2024_individual": 0, "y2024_student": 0, "y2024_company": 0, "y2025": 0, "y2025_individual": 0, "y2025_student": 0, "y2025_company": 0, "y2026": 1, "y2026_individual": 0, "y2026_student": 1, "y2026_company": 0, "total": 1, "student_share": 1.0, "recent_share": 1.0, "first_year": 2026, "last_year": 2026, "n_2026": 1, "reassigned_n": 0, "dominant_type": "Student", "mix": "Mostly students", "place": "Altadena" }, "geometry": { "type": "Polygon", "coordinates": [ [ [ -118.17495, 34.18499 ], [ -118.17045, 34.18408 ], [ -118.17013, 34.18581 ], [ -118.16861, 34.18551 ], [ -118.1665, 34.19123 ], [ -118.16853, 34.19209 ], [ -118.16858, 34.18919 ], [ -118.17416, 34.18983 ], [ -118.17116, 34.19402 ], [ -118.17088, 34.19698 ], [ -118.1663, 34.20298 ], [ -118.16523, 34.20187 ], [ -118.1681, 34.2081 ], [ -118.16986, 34.20903 ], [ -118.16791, 34.21177 ], [ -118.16625, 34.21227 ], [ -118.16677, 34.21346 ], [ -118.16224, 34.21733 ], [ -118.16048, 34.21692 ], [ -118.15831, 34.21802 ], [ -118.15753, 34.21963 ], [ -118.15522, 34.21891 ], [ -118.15098, 34.21991 ], [ -118.14821, 34.21747 ], [ -118.14514, 34.21737 ], [ -118.14575, 34.21605 ], [ -118.15039, 34.21583 ], [ -118.13623, 34.21453 ], [ -118.11666, 34.20318 ], [ -118.10481, 34.19486 ], [ -118.10586, 34.1926 ], [ -118.10486, 34.18921 ], [ -118.10032, 34.18303 ], [ -118.10029, 34.18037 ], [ -118.09824, 34.17563 ], [ -118.09501, 34.17514 ], [ -118.09555, 34.17422 ], [ -118.10658, 34.17457 ], [ -118.11025, 34.17643 ], [ -118.11046, 34.17761 ], [ -118.11207, 34.17854 ], [ -118.12956, 34.17779 ], [ -118.13189, 34.17693 ], [ -118.1422, 34.18156 ], [ -118.16411, 34.18144 ], [ -118.16411, 34.18082 ], [ -118.16702, 34.1808 ], [ -118.1728, 34.18308 ], [ -118.17495, 34.18499 ] ] ] } },
{ "type": "Feature", "properties": { "zcta": "94608", "individual": 5, "student": 3, "company": 0, "w2017_19": 1, "w2020_23": 4, "w2024_26": 3, "w2017_19_student": 1, "w2017_19_share": 1.0, "w2017_19_mix": "Mostly students", "w2020_23_student": 2, "w2020_23_share": 0.5, "w2020_23_mix": "Mixed", "w2024_26_student": 0, "w2024_26_share": 0.0, "w2024_26_mix": "No students", "y2017": 0, "y2017_individual": 0, "y2017_student": 0, "y2017_company": 0, "y2018": 0, "y2018_individual": 0, "y2018_student": 0, "y2018_company": 0, "y2019": 1, "y2019_individual": 0, "y2019_student": 1, "y2019_company": 0, "y2020": 1, "y2020_individual": 0, "y2020_student": 1, "y2020_company": 0, "y2021": 2, "y2021_individual": 2, "y2021_student": 0, "y2021_company": 0, "y2022": 1, "y2022_individual": 0, "y2022_student": 1, "y2022_company": 0, "y2023": 0, "y2023_individual": 0, "y2023_student": 0, "y2023_company": 0, "y2024": 0, "y2024_individual": 0, "y2024_student": 0, "y2024_company": 0, "y2025": 1, "y2025_individual": 1, "y2025_student": 0, "y2025_company": 0, "y2026": 2, "y2026_individual": 2, "y2026_student": 0, "y2026_company": 0, "total": 8, "student_share": 0.375, "recent_share": 0.375, "first_year": 2019, "last_year": 2026, "n_2026": 2, "reassigned_n": 0, "dominant_type": "Individual", "mix": "Mixed", "place": "Emeryville" }, "geometry": { "type": "Polygon", "coordinates": [ [ [ -122.31591, 37.83681 ], [ -122.31419, 37.84231 ], [ -122.29923, 37.84048 ], [ -122.30116, 37.84736 ], [ -122.28625, 37.8505 ], [ -122.28346, 37.85031 ], [ -122.2819, 37.84698 ], [ -122.27619, 37.84773 ], [ -122.2758, 37.84587 ], [ -122.27124, 37.84647 ], [ -122.26931, 37.8371 ], [ -122.26806, 37.83553 ], [ -122.26986, 37.83469 ], [ -122.2718, 37.82523 ], [ -122.27506, 37.82606 ], [ -122.27238, 37.8248 ], [ -122.274, 37.81823 ], [ -122.28925, 37.82178 ], [ -122.2933, 37.83065 ], [ -122.29712, 37.83122 ], [ -122.29804, 37.83635 ], [ -122.31591, 37.83681 ] ] ] } },
{ "type": "Feature", "properties": { "zcta": "92507", "individual": 0, "student": 0, "company": 1, "w2017_19": 1, "w2020_23": 0, "w2024_26": 0, "w2017_19_student": 0, "w2017_19_share": 0.0, "w2017_19_mix": "No students", "w2020_23_student": 0, "w2020_23_share": null, "w2020_23_mix": null, "w2024_26_student": 0, "w2024_26_share": null, "w2024_26_mix": null, "y2017": 0, "y2017_individual": 0, "y2017_student": 0, "y2017_company": 0, "y2018": 0, "y2018_individual": 0, "y2018_student": 0, "y2018_company": 0, "y2019": 1, "y2019_individual": 0, "y2019_student": 0, "y2019_company": 1, "y2020": 0, "y2020_individual": 0, "y2020_student": 0, "y2020_company": 0, "y2021": 0, "y2021_individual": 0, "y2021_student": 0, "y2021_company": 0, "y2022": 0, "y2022_individual": 0, "y2022_student": 0, "y2022_company": 0, "y2023": 0, "y2023_individual": 0, "y2023_student": 0, "y2023_company": 0, "y2024": 0, "y2024_individual": 0, "y2024_student": 0, "y2024_company": 0, "y2025": 0, "y2025_individual": 0, "y2025_student": 0, "y2025_company": 0, "y2026": 0, "y2026_individual": 0, "y2026_student": 0, "y2026_company": 0, "total": 1, "student_share": 0.0, "recent_share": 0.0, "first_year": 2019, "last_year": 2019, "n_2026": 0, "reassigned_n": 0, "dominant_type": "Company", "mix": "No students", "place": "Riverside" }, "geometry": { "type": "Polygon", "coordinates": [ [ [ -117.37749, 33.96561 ], [ -117.37132, 33.97845 ], [ -117.36359, 33.9876 ], [ -117.35917, 33.99087 ], [ -117.34006, 34.01945 ], [ -117.28753, 34.01912 ], [ -117.28763, 34.00546 ], [ -117.29019, 34.00574 ], [ -117.28795, 34.0016 ], [ -117.28764, 33.99786 ], [ -117.29644, 33.99789 ], [ -117.2965, 33.96818 ], [ -117.29844, 33.96816 ], [ -117.29841, 33.96579 ], [ -117.29546, 33.96563 ], [ -117.29553, 33.9613 ], [ -117.29046, 33.9608 ], [ -117.29649, 33.96102 ], [ -117.29645, 33.94619 ], [ -117.27893, 33.94277 ], [ -117.27897, 33.93144 ], [ -117.28104, 33.93142 ], [ -117.28106, 33.93324 ], [ -117.28323, 33.93323 ], [ -117.28321, 33.9318 ], [ -117.28882, 33.93148 ], [ -117.28736, 33.91679 ], [ -117.28989, 33.91675 ], [ -117.28938, 33.92227 ], [ -117.29214, 33.92017 ], [ -117.29562, 33.92025 ], [ -117.29626, 33.92176 ], [ -117.29966, 33.92273 ], [ -117.30063, 33.91828 ], [ -117.3024, 33.91845 ], [ -117.30242, 33.91936 ], [ -117.30601, 33.91933 ], [ -117.30814, 33.92135 ], [ -117.30988, 33.92098 ], [ -117.31072, 33.91979 ], [ -117.3137, 33.91996 ], [ -117.31399, 33.92761 ], [ -117.31945, 33.92714 ], [ -117.31763, 33.92921 ], [ -117.31949, 33.93062 ], [ -117.32664, 33.93223 ], [ -117.32661, 33.92969 ], [ -117.3313, 33.92965 ], [ -117.33119, 33.94092 ], [ -117.32952, 33.94447 ], [ -117.3301, 33.94653 ], [ -117.32469, 33.9465 ], [ -117.32658, 33.94987 ], [ -117.33734, 33.95134 ], [ -117.34435, 33.95467 ], [ -117.34343, 33.95367 ], [ -117.34602, 33.95388 ], [ -117.34756, 33.9591 ], [ -117.34906, 33.96058 ], [ -117.35375, 33.96203 ], [ -117.3611, 33.96093 ], [ -117.3654, 33.96101 ], [ -117.36674, 33.96202 ], [ -117.37492, 33.96221 ], [ -117.37663, 33.9652 ], [ -117.37762, 33.9635 ], [ -117.37749, 33.96561 ] ], [ [ -117.33867, 33.96115 ], [ -117.33113, 33.96117 ], [ -117.33112, 33.96672 ], [ -117.32774, 33.96681 ], [ -117.32627, 33.96437 ], [ -117.32304, 33.96196 ], [ -117.32197, 33.96252 ], [ -117.32318, 33.96299 ], [ -117.32033, 33.96335 ], [ -117.31823, 33.96151 ], [ -117.31813, 33.97131 ], [ -117.31668, 33.97164 ], [ -117.31793, 33.97173 ], [ -117.31809, 33.97567 ], [ -117.32389, 33.97464 ], [ -117.32368, 33.97196 ], [ -117.3266, 33.97197 ], [ -117.32654, 33.96889 ], [ -117.32735, 33.96866 ], [ -117.33531, 33.9757 ], [ -117.33628, 33.97211 ], [ -117.33394, 33.96867 ], [ -117.33425, 33.96757 ], [ -117.33869, 33.96516 ], [ -117.33867, 33.96115 ] ] ] } },
{ "type": "Feature", "properties": { "zcta": "95310", "individual": 1, "student": 0, "company": 0, "w2017_19": 0, "w2020_23": 1, "w2024_26": 0, "w2017_19_student": 0, "w2017_19_share": null, "w2017_19_mix": null, "w2020_23_student": 0, "w2020_23_share": 0.0, "w2020_23_mix": "No students", "w2024_26_student": 0, "w2024_26_share": null, "w2024_26_mix": null, "y2017": 0, "y2017_individual": 0, "y2017_student": 0, "y2017_company": 0, "y2018": 0, "y2018_individual": 0, "y2018_student": 0, "y2018_company": 0, "y2019": 0, "y2019_individual": 0, "y2019_student": 0, "y2019_company": 0, "y2020": 0, "y2020_individual": 0, "y2020_student": 0, "y2020_company": 0, "y2021": 0, "y2021_individual": 0, "y2021_student": 0, "y2021_company": 0, "y2022": 1, "y2022_individual": 1, "y2022_student": 0, "y2022_company": 0, "y2023": 0, "y2023_individual": 0, "y2023_student": 0, "y2023_company": 0, "y2024": 0, "y2024_individual": 0, "y2024_student": 0, "y2024_company": 0, "y2025": 0, "y2025_individual": 0, "y2025_student": 0, "y2025_company": 0, "y2026": 0, "y2026_individual": 0, "y2026_student": 0, "y2026_company": 0, "total": 1, "student_share": 0.0, "recent_share": 0.0, "first_year": 2022, "last_year": 2022, "n_2026": 0, "reassigned_n": 0, "dominant_type": "Individual", "mix": "No students", "place": "Columbia" }, "geometry": { "type": "Polygon", "coordinates": [ [ [ -120.45394, 38.04135 ], [ -120.44628, 38.04778 ], [ -120.44344, 38.05166 ], [ -120.44253, 38.05874 ], [ -120.44048, 38.06048 ], [ -120.43808, 38.06089 ], [ -120.43299, 38.05953 ], [ -120.43125, 38.06051 ], [ -120.43056, 38.06971 ], [ -120.43125, 38.07284 ], [ -120.42437, 38.0732 ], [ -120.42412, 38.07589 ], [ -120.42153, 38.07875 ], [ -120.41864, 38.0806 ], [ -120.41532, 38.08111 ], [ -120.41459, 38.08396 ], [ -120.4106, 38.08788 ], [ -120.40944, 38.0952 ], [ -120.41051, 38.09993 ], [ -120.41001, 38.1024 ], [ -120.40192, 38.10783 ], [ -120.39587, 38.10989 ], [ -120.38796, 38.11524 ], [ -120.38403, 38.12565 ], [ -120.37878, 38.12977 ], [ -120.37803, 38.13556 ], [ -120.37267, 38.13675 ], [ -120.3714, 38.13787 ], [ -120.37108, 38.14018 ], [ -120.37603, 38.14192 ], [ -120.3762, 38.14265 ], [ -120.37264, 38.14663 ], [ -120.37151, 38.14992 ], [ -120.36757, 38.15281 ], [ -120.35754, 38.15388 ], [ -120.35792, 38.15809 ], [ -120.36032, 38.16035 ], [ -120.35679, 38.16298 ], [ -120.35357, 38.16378 ], [ -120.3505, 38.16982 ], [ -120.34835, 38.17071 ], [ -120.34482, 38.17012 ], [ -120.34093, 38.17163 ], [ -120.33995, 38.17819 ], [ -120.33725, 38.17805 ], [ -120.33745, 38.1805 ], [ -120.33951, 38.18391 ], [ -120.33553, 38.18496 ], [ -120.33565, 38.18794 ], [ -120.33185, 38.1889 ], [ -120.33042, 38.19498 ], [ -120.32683, 38.1958 ], [ -120.32567, 38.19873 ], [ -120.3219, 38.20133 ], [ -120.32053, 38.20424 ], [ -120.3185, 38.20589 ], [ -120.31836, 38.1614 ], [ -120.31936, 38.15732 ], [ -120.31562, 38.15566 ], [ -120.3121, 38.15628 ], [ -120.30975, 38.15402 ], [ -120.30786, 38.15368 ], [ -120.30507, 38.15492 ], [ -120.29462, 38.15102 ], [ -120.29351, 38.15214 ], [ -120.2898, 38.1529 ], [ -120.28847, 38.15236 ], [ -120.28439, 38.14926 ], [ -120.28341, 38.14263 ], [ -120.28156, 38.14167 ], [ -120.28105, 38.14028 ], [ -120.27615, 38.13845 ], [ -120.27409, 38.13556 ], [ -120.27147, 38.13413 ], [ -120.27284, 38.13125 ], [ -120.2783, 38.13104 ], [ -120.28062, 38.13267 ], [ -120.28163, 38.13187 ], [ -120.28337, 38.13218 ], [ -120.28473, 38.13116 ], [ -120.28451, 38.1297 ], [ -120.28885, 38.12945 ], [ -120.29271, 38.12575 ], [ -120.29554, 38.12572 ], [ -120.29603, 38.12397 ], [ -120.29809, 38.12239 ], [ -120.30332, 38.12141 ], [ -120.30635, 38.12236 ], [ -120.31024, 38.12183 ], [ -120.31391, 38.12319 ], [ -120.31372, 38.12213 ], [ -120.32087, 38.11981 ], [ -120.32033, 38.1062 ], [ -120.32159, 38.0611 ], [ -120.32542, 38.06095 ], [ -120.3246, 38.059 ], [ -120.32721, 38.05811 ], [ -120.32958, 38.05956 ], [ -120.33472, 38.05793 ], [ -120.33648, 38.05616 ], [ -120.34139, 38.05614 ], [ -120.3413, 38.04892 ], [ -120.34393, 38.04899 ], [ -120.34307, 38.05018 ], [ -120.34525, 38.04988 ], [ -120.346, 38.05204 ], [ -120.34998, 38.05156 ], [ -120.35084, 38.05229 ], [ -120.35548, 38.05272 ], [ -120.35444, 38.05155 ], [ -120.35148, 38.05196 ], [ -120.35076, 38.05029 ], [ -120.34865, 38.04908 ], [ -120.35069, 38.04912 ], [ -120.35061, 38.04183 ], [ -120.36465, 38.04203 ], [ -120.36925, 38.04024 ], [ -120.37379, 38.04028 ], [ -120.37412, 38.03738 ], [ -120.37517, 38.0385 ], [ -120.37789, 38.03836 ], [ -120.37894, 38.03606 ], [ -120.38164, 38.03806 ], [ -120.38445, 38.03761 ], [ -120.38616, 38.03635 ], [ -120.38629, 38.03806 ], [ -120.38774, 38.03847 ], [ -120.39228, 38.03697 ], [ -120.39357, 38.03572 ], [ -120.39846, 38.03549 ], [ -120.40059, 38.03263 ], [ -120.40394, 38.03266 ], [ -120.40127, 38.0324 ], [ -120.40011, 38.03044 ], [ -120.40105, 38.02878 ], [ -120.40662, 38.02795 ], [ -120.4081, 38.02526 ], [ -120.41261, 38.02167 ], [ -120.41597, 38.02289 ], [ -120.41617, 38.02839 ], [ -120.41908, 38.03052 ], [ -120.42078, 38.03049 ], [ -120.42083, 38.0322 ], [ -120.42335, 38.03408 ], [ -120.42587, 38.03313 ], [ -120.42886, 38.03569 ], [ -120.4329, 38.03384 ], [ -120.4348, 38.03617 ], [ -120.43929, 38.03814 ], [ -120.44706, 38.03781 ], [ -120.44745, 38.03679 ], [ -120.45156, 38.03648 ], [ -120.45396, 38.03821 ], [ -120.45394, 38.04135 ] ] ] } },
{ "type": "Feature", "properties": { "zcta": "94043", "individual": 3, "student": 0, "company": 0, "w2017_19": 1, "w2020_23": 0, "w2024_26": 2, "w2017_19_student": 0, "w2017_19_share": 0.0, "w2017_19_mix": "No students", "w2020_23_student": 0, "w2020_23_share": null, "w2020_23_mix": null, "w2024_26_student": 0, "w2024_26_share": 0.0, "w2024_26_mix": "No students", "y2017": 0, "y2017_individual": 0, "y2017_student": 0, "y2017_company": 0, "y2018": 1, "y2018_individual": 1, "y2018_student": 0, "y2018_company": 0, "y2019": 0, "y2019_individual": 0, "y2019_student": 0, "y2019_company": 0, "y2020": 0, "y2020_individual": 0, "y2020_student": 0, "y2020_company": 0, "y2021": 0, "y2021_individual": 0, "y2021_student": 0, "y2021_company": 0, "y2022": 0, "y2022_individual": 0, "y2022_student": 0, "y2022_company": 0, "y2023": 0, "y2023_individual": 0, "y2023_student": 0, "y2023_company": 0, "y2024": 0, "y2024_individual": 0, "y2024_student": 0, "y2024_company": 0, "y2025": 2, "y2025_individual": 2, "y2025_student": 0, "y2025_company": 0, "y2026": 0, "y2026_individual": 0, "y2026_student": 0, "y2026_company": 0, "total": 3, "student_share": 0.0, "recent_share": 0.667, "first_year": 2018, "last_year": 2025, "n_2026": 0, "reassigned_n": 1, "dominant_type": "Individual", "mix": "No students", "place": "Mountain View" }, "geometry": { "type": "Polygon", "coordinates": [ [ [ -122.1081, 37.40829 ], [ -122.10339, 37.41334 ], [ -122.10129, 37.41205 ], [ -122.10216, 37.41559 ], [ -122.10138, 37.4194 ], [ -122.10025, 37.42177 ], [ -122.09815, 37.42165 ], [ -122.09776, 37.4248 ], [ -122.10115, 37.42791 ], [ -122.09971, 37.43356 ], [ -122.09743, 37.43343 ], [ -122.09666, 37.43196 ], [ -122.09703, 37.42791 ], [ -122.08999, 37.42382 ], [ -122.08655, 37.42347 ], [ -122.08659, 37.43285 ], [ -122.0852, 37.43497 ], [ -122.07555, 37.43596 ], [ -122.06793, 37.43448 ], [ -122.06832, 37.42993 ], [ -122.06546, 37.42902 ], [ -122.06606, 37.42788 ], [ -122.05967, 37.4268 ], [ -122.05977, 37.42484 ], [ -122.05855, 37.42471 ], [ -122.058, 37.42661 ], [ -122.04917, 37.42614 ], [ -122.04357, 37.42724 ], [ -122.03531, 37.42645 ], [ -122.03703, 37.419 ], [ -122.03736, 37.40091 ], [ -122.04687, 37.40301 ], [ -122.0474, 37.40155 ], [ -122.04498, 37.39982 ], [ -122.04654, 37.39493 ], [ -122.05012, 37.3925 ], [ -122.04806, 37.39035 ], [ -122.0466, 37.39051 ], [ -122.04743, 37.38803 ], [ -122.04657, 37.38644 ], [ -122.04937, 37.38572 ], [ -122.0524, 37.38556 ], [ -122.06304, 37.38902 ], [ -122.1045, 37.40582 ], [ -122.1081, 37.40829 ] ] ] } },
{ "type": "Feature", "properties": { "zcta": "94568", "individual": 1, "student": 0, "company": 0, "w2017_19": 1, "w2020_23": 0, "w2024_26": 0, "w2017_19_student": 0, "w2017_19_share": 0.0, "w2017_19_mix": "No students", "w2020_23_student": 0, "w2020_23_share": null, "w2020_23_mix": null, "w2024_26_student": 0, "w2024_26_share": null, "w2024_26_mix": null, "y2017": 0, "y2017_individual": 0, "y2017_student": 0, "y2017_company": 0, "y2018": 0, "y2018_individual": 0, "y2018_student": 0, "y2018_company": 0, "y2019": 1, "y2019_individual": 1, "y2019_student": 0, "y2019_company": 0, "y2020": 0, "y2020_individual": 0, "y2020_student": 0, "y2020_company": 0, "y2021": 0, "y2021_individual": 0, "y2021_student": 0, "y2021_company": 0, "y2022": 0, "y2022_individual": 0, "y2022_student": 0, "y2022_company": 0, "y2023": 0, "y2023_individual": 0, "y2023_student": 0, "y2023_company": 0, "y2024": 0, "y2024_individual": 0, "y2024_student": 0, "y2024_company": 0, "y2025": 0, "y2025_individual": 0, "y2025_student": 0, "y2025_company": 0, "y2026": 0, "y2026_individual": 0, "y2026_student": 0, "y2026_company": 0, "total": 1, "student_share": 0.0, "recent_share": 0.0, "first_year": 2019, "last_year": 2019, "n_2026": 0, "reassigned_n": 0, "dominant_type": "Individual", "mix": "No students", "place": "Dublin" }, "geometry": { "type": "Polygon", "coordinates": [ [ [ -121.9878, 37.70932 ], [ -121.97383, 37.7094 ], [ -121.97268, 37.71266 ], [ -121.97532, 37.71428 ], [ -121.97574, 37.71874 ], [ -121.97372, 37.72053 ], [ -121.97114, 37.72122 ], [ -121.97192, 37.72225 ], [ -121.97142, 37.72612 ], [ -121.97323, 37.72715 ], [ -121.97425, 37.72582 ], [ -121.97529, 37.72628 ], [ -121.97126, 37.72956 ], [ -121.96004, 37.71853 ], [ -121.85073, 37.74494 ], [ -121.85065, 37.73096 ], [ -121.84161, 37.73096 ], [ -121.8416, 37.72377 ], [ -121.83255, 37.72374 ], [ -121.83338, 37.70121 ], [ -121.91644, 37.70202 ], [ -121.93496, 37.69852 ], [ -121.95622, 37.69861 ], [ -121.96797, 37.69737 ], [ -121.98759, 37.70051 ], [ -121.9878, 37.70932 ] ] ] } },
{ "type": "Feature", "properties": { "zcta": "94086", "individual": 2, "student": 1, "company": 0, "w2017_19": 1, "w2020_23": 2, "w2024_26": 0, "w2017_19_student": 0, "w2017_19_share": 0.0, "w2017_19_mix": "No students", "w2020_23_student": 1, "w2020_23_share": 0.5, "w2020_23_mix": "Mixed", "w2024_26_student": 0, "w2024_26_share": null, "w2024_26_mix": null, "y2017": 0, "y2017_individual": 0, "y2017_student": 0, "y2017_company": 0, "y2018": 0, "y2018_individual": 0, "y2018_student": 0, "y2018_company": 0, "y2019": 1, "y2019_individual": 1, "y2019_student": 0, "y2019_company": 0, "y2020": 1, "y2020_individual": 1, "y2020_student": 0, "y2020_company": 0, "y2021": 0, "y2021_individual": 0, "y2021_student": 0, "y2021_company": 0, "y2022": 1, "y2022_individual": 0, "y2022_student": 1, "y2022_company": 0, "y2023": 0, "y2023_individual": 0, "y2023_student": 0, "y2023_company": 0, "y2024": 0, "y2024_individual": 0, "y2024_student": 0, "y2024_company": 0, "y2025": 0, "y2025_individual": 0, "y2025_student": 0, "y2025_company": 0, "y2026": 0, "y2026_individual": 0, "y2026_student": 0, "y2026_company": 0, "total": 3, "student_share": 0.333, "recent_share": 0.0, "first_year": 2019, "last_year": 2022, "n_2026": 0, "reassigned_n": 0, "dominant_type": "Individual", "mix": "Mostly professional", "place": "Sunnyvale" }, "geometry": { "type": "MultiPolygon", "coordinates": [ [ [ [ -122.00097, 37.35232 ], [ -122.00042, 37.35337 ], [ -122.0004, 37.35234 ], [ -122.00097, 37.35232 ] ] ], [ [ [ -122.06028, 37.37552 ], [ -122.05693, 37.38545 ], [ -122.05273, 37.38456 ], [ -122.05227, 37.38597 ], [ -122.04359, 37.38671 ], [ -122.0211, 37.38179 ], [ -122.01758, 37.37972 ], [ -122.00735, 37.37649 ], [ -122.00404, 37.37682 ], [ -122.00471, 37.37391 ], [ -121.99558, 37.37398 ], [ -121.99596, 37.37283 ], [ -121.99391, 37.3728 ], [ -121.99393, 37.37399 ], [ -121.9869, 37.37407 ], [ -121.98727, 37.37093 ], [ -121.98468, 37.37234 ], [ -121.98243, 37.37242 ], [ -121.9824, 37.37058 ], [ -121.9963, 37.37054 ], [ -121.99584, 37.36067 ], [ -121.99962, 37.36065 ], [ -122.00156, 37.35215 ], [ -122.00174, 37.3532 ], [ -122.00802, 37.35324 ], [ -122.008, 37.35225 ], [ -122.01054, 37.35399 ], [ -122.01403, 37.35485 ], [ -122.01403, 37.35317 ], [ -122.01774, 37.35591 ], [ -122.01707, 37.35778 ], [ -122.01883, 37.35928 ], [ -122.02236, 37.35973 ], [ -122.02203, 37.36076 ], [ -122.02475, 37.36213 ], [ -122.02395, 37.36465 ], [ -122.02808, 37.36445 ], [ -122.03308, 37.36826 ], [ -122.04088, 37.37016 ], [ -122.04056, 37.37117 ], [ -122.04825, 37.37256 ], [ -122.05161, 37.3743 ], [ -122.05222, 37.37279 ], [ -122.06028, 37.37552 ] ] ] ] } },
{ "type": "Feature", "properties": { "zcta": "94111", "individual": 4, "student": 0, "company": 1, "w2017_19": 4, "w2020_23": 1, "w2024_26": 0, "w2017_19_student": 0, "w2017_19_share": 0.0, "w2017_19_mix": "No students", "w2020_23_student": 0, "w2020_23_share": 0.0, "w2020_23_mix": "No students", "w2024_26_student": 0, "w2024_26_share": null, "w2024_26_mix": null, "y2017": 0, "y2017_individual": 0, "y2017_student": 0, "y2017_company": 0, "y2018": 4, "y2018_individual": 3, "y2018_student": 0, "y2018_company": 1, "y2019": 0, "y2019_individual": 0, "y2019_student": 0, "y2019_company": 0, "y2020": 0, "y2020_individual": 0, "y2020_student": 0, "y2020_company": 0, "y2021": 0, "y2021_individual": 0, "y2021_student": 0, "y2021_company": 0, "y2022": 0, "y2022_individual": 0, "y2022_student": 0, "y2022_company": 0, "y2023": 1, "y2023_individual": 1, "y2023_student": 0, "y2023_company": 0, "y2024": 0, "y2024_individual": 0, "y2024_student": 0, "y2024_company": 0, "y2025": 0, "y2025_individual": 0, "y2025_student": 0, "y2025_company": 0, "y2026": 0, "y2026_individual": 0, "y2026_student": 0, "y2026_company": 0, "total": 5, "student_share": 0.0, "recent_share": 0.0, "first_year": 2018, "last_year": 2023, "n_2026": 0, "reassigned_n": 0, "dominant_type": "Individual", "mix": "No students", "place": "San Francisco" }, "geometry": { "type": "Polygon", "coordinates": [ [ [ -122.40517, 37.80476 ], [ -122.40556, 37.80706 ], [ -122.40085, 37.80488 ], [ -122.40108, 37.80362 ], [ -122.39512, 37.79704 ], [ -122.39696, 37.79635 ], [ -122.39632, 37.79334 ], [ -122.3992, 37.79106 ], [ -122.40006, 37.79369 ], [ -122.40461, 37.79356 ], [ -122.40441, 37.7963 ], [ -122.40191, 37.79688 ], [ -122.40316, 37.8031 ], [ -122.4048, 37.8029 ], [ -122.40595, 37.80466 ], [ -122.40517, 37.80476 ] ] ] } },
{ "type": "Feature", "properties": { "zcta": "94521", "individual": 1, "student": 0, "company": 0, "w2017_19": 1, "w2020_23": 0, "w2024_26": 0, "w2017_19_student": 0, "w2017_19_share": 0.0, "w2017_19_mix": "No students", "w2020_23_student": 0, "w2020_23_share": null, "w2020_23_mix": null, "w2024_26_student": 0, "w2024_26_share": null, "w2024_26_mix": null, "y2017": 0, "y2017_individual": 0, "y2017_student": 0, "y2017_company": 0, "y2018": 0, "y2018_individual": 0, "y2018_student": 0, "y2018_company": 0, "y2019": 1, "y2019_individual": 1, "y2019_student": 0, "y2019_company": 0, "y2020": 0, "y2020_individual": 0, "y2020_student": 0, "y2020_company": 0, "y2021": 0, "y2021_individual": 0, "y2021_student": 0, "y2021_company": 0, "y2022": 0, "y2022_individual": 0, "y2022_student": 0, "y2022_company": 0, "y2023": 0, "y2023_individual": 0, "y2023_student": 0, "y2023_company": 0, "y2024": 0, "y2024_individual": 0, "y2024_student": 0, "y2024_company": 0, "y2025": 0, "y2025_individual": 0, "y2025_student": 0, "y2025_company": 0, "y2026": 0, "y2026_individual": 0, "y2026_student": 0, "y2026_company": 0, "total": 1, "student_share": 0.0, "recent_share": 0.0, "first_year": 2019, "last_year": 2019, "n_2026": 0, "reassigned_n": 0, "dominant_type": "Individual", "mix": "No students", "place": "Concord" }, "geometry": { "type": "Polygon", "coordinates": [ [ [ -122.00936, 37.97001 ], [ -122.00731, 37.97101 ], [ -122.00561, 37.969 ], [ -122.0054, 37.96977 ], [ -122.00035, 37.97037 ], [ -122.00037, 37.97146 ], [ -121.99813, 37.97148 ], [ -121.99606, 37.97325 ], [ -121.99897, 37.97579 ], [ -121.99628, 37.97792 ], [ -121.98752, 37.97614 ], [ -121.98447, 37.97882 ], [ -121.97764, 37.97371 ], [ -121.97548, 37.97553 ], [ -121.97002, 37.97174 ], [ -121.96832, 37.97317 ], [ -121.96388, 37.97283 ], [ -121.9585, 37.96838 ], [ -121.95923, 37.96768 ], [ -121.94866, 37.96308 ], [ -121.94531, 37.96355 ], [ -121.94046, 37.96774 ], [ -121.94044, 37.96648 ], [ -121.93533, 37.96651 ], [ -121.93538, 37.9683 ], [ -121.93302, 37.96835 ], [ -121.93292, 37.96168 ], [ -121.93113, 37.96163 ], [ -121.9284, 37.96316 ], [ -121.92761, 37.96607 ], [ -121.92146, 37.97058 ], [ -121.92264, 37.96929 ], [ -121.91936, 37.96932 ], [ -121.91932, 37.96232 ], [ -121.9147, 37.96216 ], [ -121.91462, 37.95514 ], [ -121.93933, 37.95586 ], [ -121.94466, 37.95413 ], [ -121.94681, 37.95119 ], [ -121.94807, 37.95108 ], [ -121.951, 37.95193 ], [ -121.95247, 37.95362 ], [ -121.95169, 37.95425 ], [ -121.9524, 37.95565 ], [ -121.95734, 37.95211 ], [ -121.95092, 37.9485 ], [ -121.95094, 37.94124 ], [ -121.94427, 37.94123 ], [ -121.94426, 37.93734 ], [ -121.94601, 37.93736 ], [ -121.94486, 37.93398 ], [ -121.95703, 37.93407 ], [ -121.95809, 37.93121 ], [ -121.96971, 37.92429 ], [ -121.97716, 37.91611 ], [ -121.97893, 37.91765 ], [ -121.97829, 37.9198 ], [ -121.98061, 37.92386 ], [ -121.98427, 37.92584 ], [ -121.98512, 37.92776 ], [ -121.98367, 37.92978 ], [ -121.98611, 37.93321 ], [ -121.98531, 37.93434 ], [ -121.9969, 37.94269 ], [ -121.9951, 37.94553 ], [ -121.99223, 37.94716 ], [ -121.9969, 37.95043 ], [ -122.00117, 37.95575 ], [ -122.00803, 37.96165 ], [ -122.00812, 37.96313 ], [ -122.00634, 37.96374 ], [ -122.00674, 37.96541 ], [ -122.00864, 37.96593 ], [ -122.00936, 37.97001 ] ] ] } },
{ "type": "Feature", "properties": { "zcta": "94947", "individual": 1, "student": 0, "company": 0, "w2017_19": 1, "w2020_23": 0, "w2024_26": 0, "w2017_19_student": 0, "w2017_19_share": 0.0, "w2017_19_mix": "No students", "w2020_23_student": 0, "w2020_23_share": null, "w2020_23_mix": null, "w2024_26_student": 0, "w2024_26_share": null, "w2024_26_mix": null, "y2017": 1, "y2017_individual": 1, "y2017_student": 0, "y2017_company": 0, "y2018": 0, "y2018_individual": 0, "y2018_student": 0, "y2018_company": 0, "y2019": 0, "y2019_individual": 0, "y2019_student": 0, "y2019_company": 0, "y2020": 0, "y2020_individual": 0, "y2020_student": 0, "y2020_company": 0, "y2021": 0, "y2021_individual": 0, "y2021_student": 0, "y2021_company": 0, "y2022": 0, "y2022_individual": 0, "y2022_student": 0, "y2022_company": 0, "y2023": 0, "y2023_individual": 0, "y2023_student": 0, "y2023_company": 0, "y2024": 0, "y2024_individual": 0, "y2024_student": 0, "y2024_company": 0, "y2025": 0, "y2025_individual": 0, "y2025_student": 0, "y2025_company": 0, "y2026": 0, "y2026_individual": 0, "y2026_student": 0, "y2026_company": 0, "total": 1, "student_share": 0.0, "recent_share": 0.0, "first_year": 2017, "last_year": 2017, "n_2026": 0, "reassigned_n": 0, "dominant_type": "Individual", "mix": "No students", "place": "Novato" }, "geometry": { "type": "Polygon", "coordinates": [ [ [ -122.7002, 38.13417 ], [ -122.6996, 38.13753 ], [ -122.69658, 38.14245 ], [ -122.69221, 38.14582 ], [ -122.68324, 38.14916 ], [ -122.66692, 38.14858 ], [ -122.6648, 38.14814 ], [ -122.66198, 38.1457 ], [ -122.66009, 38.14555 ], [ -122.65286, 38.14801 ], [ -122.64159, 38.14632 ], [ -122.63948, 38.13877 ], [ -122.6363, 38.13539 ], [ -122.63054, 38.13287 ], [ -122.62555, 38.12314 ], [ -122.61887, 38.12085 ], [ -122.61679, 38.12509 ], [ -122.61275, 38.12389 ], [ -122.61349, 38.11929 ], [ -122.60599, 38.11635 ], [ -122.60406, 38.11465 ], [ -122.59954, 38.11668 ], [ -122.59396, 38.11619 ], [ -122.58802, 38.11383 ], [ -122.58991, 38.11115 ], [ -122.58916, 38.11163 ], [ -122.57861, 38.10674 ], [ -122.57671, 38.10686 ], [ -122.56631, 38.09762 ], [ -122.56655, 38.09513 ], [ -122.56361, 38.09373 ], [ -122.56187, 38.09394 ], [ -122.56182, 38.09045 ], [ -122.55906, 38.09232 ], [ -122.54611, 38.08008 ], [ -122.54251, 38.07653 ], [ -122.53956, 38.0714 ], [ -122.5447, 38.0744 ], [ -122.54593, 38.07406 ], [ -122.55125, 38.07585 ], [ -122.55356, 38.0753 ], [ -122.55598, 38.07661 ], [ -122.56391, 38.07525 ], [ -122.56628, 38.07702 ], [ -122.56904, 38.07699 ], [ -122.56901, 38.07874 ], [ -122.57144, 38.08041 ], [ -122.57496, 38.07901 ], [ -122.57521, 38.07623 ], [ -122.58245, 38.07696 ], [ -122.58576, 38.07857 ], [ -122.5844, 38.06886 ], [ -122.58805, 38.06907 ], [ -122.5942, 38.06633 ], [ -122.57461, 38.04796 ], [ -122.57112, 38.04632 ], [ -122.57304, 38.0454 ], [ -122.58311, 38.0489 ], [ -122.58833, 38.04917 ], [ -122.59058, 38.05297 ], [ -122.59678, 38.05352 ], [ -122.60619, 38.05802 ], [ -122.59746, 38.06712 ], [ -122.60121, 38.07051 ], [ -122.60372, 38.07606 ], [ -122.61536, 38.08294 ], [ -122.63049, 38.08983 ], [ -122.63371, 38.08974 ], [ -122.63956, 38.09172 ], [ -122.64605, 38.08818 ], [ -122.65298, 38.0896 ], [ -122.65629, 38.09153 ], [ -122.66316, 38.09331 ], [ -122.66501, 38.09484 ], [ -122.66548, 38.09674 ], [ -122.66575, 38.10524 ], [ -122.66752, 38.11293 ], [ -122.67607, 38.11603 ], [ -122.69147, 38.11427 ], [ -122.69631, 38.11645 ], [ -122.69868, 38.12095 ], [ -122.7002, 38.13417 ] ] ] } },
{ "type": "Feature", "properties": { "zcta": "94536", "individual": 3, "student": 0, "company": 1, "w2017_19": 1, "w2020_23": 3, "w2024_26": 0, "w2017_19_student": 0, "w2017_19_share": 0.0, "w2017_19_mix": "No students", "w2020_23_student": 0, "w2020_23_share": 0.0, "w2020_23_mix": "No students", "w2024_26_student": 0, "w2024_26_share": null, "w2024_26_mix": null, "y2017": 0, "y2017_individual": 0, "y2017_student": 0, "y2017_company": 0, "y2018": 1, "y2018_individual": 1, "y2018_student": 0, "y2018_company": 0, "y2019": 0, "y2019_individual": 0, "y2019_student": 0, "y2019_company": 0, "y2020": 0, "y2020_individual": 0, "y2020_student": 0, "y2020_company": 0, "y2021": 0, "y2021_individual": 0, "y2021_student": 0, "y2021_company": 0, "y2022": 2, "y2022_individual": 1, "y2022_student": 0, "y2022_company": 1, "y2023": 1, "y2023_individual": 1, "y2023_student": 0, "y2023_company": 0, "y2024": 0, "y2024_individual": 0, "y2024_student": 0, "y2024_company": 0, "y2025": 0, "y2025_individual": 0, "y2025_student": 0, "y2025_company": 0, "y2026": 0, "y2026_individual": 0, "y2026_student": 0, "y2026_company": 0, "total": 4, "student_share": 0.0, "recent_share": 0.0, "first_year": 2018, "last_year": 2023, "n_2026": 0, "reassigned_n": 0, "dominant_type": "Individual", "mix": "No students", "place": "Fremont" }, "geometry": { "type": "MultiPolygon", "coordinates": [ [ [ [ -121.9701, 37.55952 ], [ -121.969, 37.56012 ], [ -121.96844, 37.55942 ], [ -121.9696, 37.55878 ], [ -121.9701, 37.55952 ] ] ], [ [ [ -122.0386, 37.56348 ], [ -122.03233, 37.5709 ], [ -122.03107, 37.57027 ], [ -122.02944, 37.57203 ], [ -122.03065, 37.57262 ], [ -122.02536, 37.57849 ], [ -122.01831, 37.57443 ], [ -122.01685, 37.57473 ], [ -122.0132, 37.5807 ], [ -122.01104, 37.58063 ], [ -122.00836, 37.57903 ], [ -122.00587, 37.58648 ], [ -121.9877, 37.59973 ], [ -121.98623, 37.59895 ], [ -121.98353, 37.59915 ], [ -121.97795, 37.59438 ], [ -121.9666, 37.59582 ], [ -121.96794, 37.5982 ], [ -121.95764, 37.58949 ], [ -121.95165, 37.59753 ], [ -121.94798, 37.59811 ], [ -121.94602, 37.59751 ], [ -121.93961, 37.59883 ], [ -121.93801, 37.59768 ], [ -121.93724, 37.59224 ], [ -121.93629, 37.59115 ], [ -121.93277, 37.59173 ], [ -121.93027, 37.58623 ], [ -121.92812, 37.58595 ], [ -121.92837, 37.58438 ], [ -121.92561, 37.58235 ], [ -121.92713, 37.58125 ], [ -121.92604, 37.57979 ], [ -121.92994, 37.57851 ], [ -121.93161, 37.57595 ], [ -121.93253, 37.574 ], [ -121.93181, 37.57255 ], [ -121.93567, 37.57005 ], [ -121.94278, 37.57063 ], [ -121.94759, 37.56987 ], [ -121.9527, 37.57065 ], [ -121.95797, 37.56868 ], [ -121.9621, 37.56509 ], [ -121.95878, 37.55952 ], [ -121.96184, 37.55745 ], [ -121.96426, 37.55815 ], [ -121.96114, 37.55848 ], [ -121.96087, 37.56144 ], [ -121.96226, 37.56197 ], [ -121.96634, 37.55961 ], [ -121.96796, 37.56123 ], [ -121.97286, 37.55807 ], [ -121.97604, 37.55411 ], [ -121.98152, 37.55686 ], [ -121.97849, 37.56064 ], [ -121.97854, 37.56409 ], [ -121.98041, 37.56413 ], [ -121.98034, 37.56135 ], [ -121.97872, 37.5606 ], [ -121.98111, 37.55905 ], [ -121.98213, 37.55956 ], [ -121.9833, 37.55695 ], [ -121.98219, 37.55636 ], [ -121.98735, 37.55 ], [ -121.98847, 37.55057 ], [ -121.9878, 37.54943 ], [ -121.99862, 37.53749 ], [ -121.99789, 37.53711 ], [ -121.99852, 37.53637 ], [ -122.0005, 37.53738 ], [ -122.0021, 37.53546 ], [ -122.00236, 37.52977 ], [ -122.01486, 37.5367 ], [ -122.02868, 37.55412 ], [ -122.0386, 37.56348 ] ] ] ] } },
{ "type": "Feature", "properties": { "zcta": "94931", "individual": 1, "student": 0, "company": 0, "w2017_19": 0, "w2020_23": 0, "w2024_26": 1, "w2017_19_student": 0, "w2017_19_share": null, "w2017_19_mix": null, "w2020_23_student": 0, "w2020_23_share": null, "w2020_23_mix": null, "w2024_26_student": 0, "w2024_26_share": 0.0, "w2024_26_mix": "No students", "y2017": 0, "y2017_individual": 0, "y2017_student": 0, "y2017_company": 0, "y2018": 0, "y2018_individual": 0, "y2018_student": 0, "y2018_company": 0, "y2019": 0, "y2019_individual": 0, "y2019_student": 0, "y2019_company": 0, "y2020": 0, "y2020_individual": 0, "y2020_student": 0, "y2020_company": 0, "y2021": 0, "y2021_individual": 0, "y2021_student": 0, "y2021_company": 0, "y2022": 0, "y2022_individual": 0, "y2022_student": 0, "y2022_company": 0, "y2023": 0, "y2023_individual": 0, "y2023_student": 0, "y2023_company": 0, "y2024": 0, "y2024_individual": 0, "y2024_student": 0, "y2024_company": 0, "y2025": 0, "y2025_individual": 0, "y2025_student": 0, "y2025_company": 0, "y2026": 1, "y2026_individual": 1, "y2026_student": 0, "y2026_company": 0, "total": 1, "student_share": 0.0, "recent_share": 1.0, "first_year": 2026, "last_year": 2026, "n_2026": 1, "reassigned_n": 0, "dominant_type": "Individual", "mix": "No students", "place": "Cotati" }, "geometry": { "type": "Polygon", "coordinates": [ [ [ -122.75006, 38.33481 ], [ -122.74857, 38.33805 ], [ -122.75084, 38.34012 ], [ -122.75056, 38.35436 ], [ -122.7461, 38.35236 ], [ -122.73819, 38.35201 ], [ -122.72617, 38.34808 ], [ -122.72336, 38.34352 ], [ -122.71323, 38.34312 ], [ -122.71298, 38.33705 ], [ -122.70798, 38.33329 ], [ -122.70653, 38.33383 ], [ -122.70522, 38.3317 ], [ -122.70626, 38.33066 ], [ -122.704, 38.32819 ], [ -122.69797, 38.33067 ], [ -122.69676, 38.32973 ], [ -122.69359, 38.33106 ], [ -122.69435, 38.3322 ], [ -122.69226, 38.33308 ], [ -122.6929, 38.33411 ], [ -122.69076, 38.3349 ], [ -122.68803, 38.32871 ], [ -122.68954, 38.32871 ], [ -122.68843, 38.32693 ], [ -122.69005, 38.32636 ], [ -122.69243, 38.33005 ], [ -122.69668, 38.3282 ], [ -122.69281, 38.3216 ], [ -122.688, 38.3188 ], [ -122.68338, 38.31879 ], [ -122.68118, 38.31431 ], [ -122.66669, 38.31431 ], [ -122.66663, 38.31203 ], [ -122.67062, 38.31137 ], [ -122.67275, 38.30946 ], [ -122.67864, 38.30874 ], [ -122.67969, 38.30773 ], [ -122.6783, 38.30702 ], [ -122.68302, 38.30696 ], [ -122.68439, 38.30885 ], [ -122.68297, 38.30944 ], [ -122.68421, 38.3122 ], [ -122.69255, 38.31217 ], [ -122.69437, 38.3143 ], [ -122.69682, 38.3123 ], [ -122.69436, 38.30938 ], [ -122.70476, 38.30403 ], [ -122.67677, 38.28558 ], [ -122.67805, 38.28441 ], [ -122.68233, 38.28498 ], [ -122.68238, 38.28151 ], [ -122.70515, 38.29514 ], [ -122.72917, 38.30787 ], [ -122.72597, 38.31139 ], [ -122.72155, 38.31231 ], [ -122.71947, 38.3138 ], [ -122.7353, 38.32411 ], [ -122.73699, 38.3275 ], [ -122.74204, 38.32609 ], [ -122.74483, 38.33044 ], [ -122.75174, 38.33501 ], [ -122.75006, 38.33481 ] ] ] } },
{ "type": "Feature", "properties": { "zcta": "94066", "individual": 1, "student": 0, "company": 0, "w2017_19": 0, "w2020_23": 1, "w2024_26": 0, "w2017_19_student": 0, "w2017_19_share": null, "w2017_19_mix": null, "w2020_23_student": 0, "w2020_23_share": 0.0, "w2020_23_mix": "No students", "w2024_26_student": 0, "w2024_26_share": null, "w2024_26_mix": null, "y2017": 0, "y2017_individual": 0, "y2017_student": 0, "y2017_company": 0, "y2018": 0, "y2018_individual": 0, "y2018_student": 0, "y2018_company": 0, "y2019": 0, "y2019_individual": 0, "y2019_student": 0, "y2019_company": 0, "y2020": 0, "y2020_individual": 0, "y2020_student": 0, "y2020_company": 0, "y2021": 0, "y2021_individual": 0, "y2021_student": 0, "y2021_company": 0, "y2022": 1, "y2022_individual": 1, "y2022_student": 0, "y2022_company": 0, "y2023": 0, "y2023_individual": 0, "y2023_student": 0, "y2023_company": 0, "y2024": 0, "y2024_individual": 0, "y2024_student": 0, "y2024_company": 0, "y2025": 0, "y2025_individual": 0, "y2025_student": 0, "y2025_company": 0, "y2026": 0, "y2026_individual": 0, "y2026_student": 0, "y2026_company": 0, "total": 1, "student_share": 0.0, "recent_share": 0.0, "first_year": 2022, "last_year": 2022, "n_2026": 0, "reassigned_n": 0, "dominant_type": "Individual", "mix": "No students", "place": "San Bruno" }, "geometry": { "type": "Polygon", "coordinates": [ [ [ -122.47272, 37.6338 ], [ -122.46857, 37.63824 ], [ -122.46808, 37.6376 ], [ -122.45868, 37.64046 ], [ -122.4484, 37.6352 ], [ -122.4469, 37.63693 ], [ -122.44392, 37.63449 ], [ -122.43713, 37.63813 ], [ -122.43303, 37.63438 ], [ -122.42343, 37.64047 ], [ -122.41848, 37.64232 ], [ -122.41676, 37.63935 ], [ -122.41158, 37.64123 ], [ -122.41143, 37.63397 ], [ -122.40758, 37.6339 ], [ -122.40599, 37.63457 ], [ -122.40606, 37.63554 ], [ -122.40366, 37.63554 ], [ -122.40239, 37.62794 ], [ -122.39647, 37.61286 ], [ -122.39908, 37.61202 ], [ -122.40016, 37.61265 ], [ -122.40174, 37.61085 ], [ -122.40607, 37.61498 ], [ -122.40581, 37.61224 ], [ -122.40927, 37.61405 ], [ -122.42072, 37.60922 ], [ -122.42672, 37.60495 ], [ -122.42837, 37.60573 ], [ -122.42812, 37.60468 ], [ -122.44564, 37.62214 ], [ -122.45095, 37.61754 ], [ -122.46279, 37.61933 ], [ -122.4724, 37.63149 ], [ -122.47272, 37.6338 ] ] ] } },
{ "type": "Feature", "properties": { "zcta": "94503", "individual": 1, "student": 0, "company": 0, "w2017_19": 0, "w2020_23": 1, "w2024_26": 0, "w2017_19_student": 0, "w2017_19_share": null, "w2017_19_mix": null, "w2020_23_student": 0, "w2020_23_share": 0.0, "w2020_23_mix": "No students", "w2024_26_student": 0, "w2024_26_share": null, "w2024_26_mix": null, "y2017": 0, "y2017_individual": 0, "y2017_student": 0, "y2017_company": 0, "y2018": 0, "y2018_individual": 0, "y2018_student": 0, "y2018_company": 0, "y2019": 0, "y2019_individual": 0, "y2019_student": 0, "y2019_company": 0, "y2020": 0, "y2020_individual": 0, "y2020_student": 0, "y2020_company": 0, "y2021": 0, "y2021_individual": 0, "y2021_student": 0, "y2021_company": 0, "y2022": 0, "y2022_individual": 0, "y2022_student": 0, "y2022_company": 0, "y2023": 1, "y2023_individual": 1, "y2023_student": 0, "y2023_company": 0, "y2024": 0, "y2024_individual": 0, "y2024_student": 0, "y2024_company": 0, "y2025": 0, "y2025_individual": 0, "y2025_student": 0, "y2025_company": 0, "y2026": 0, "y2026_individual": 0, "y2026_student": 0, "y2026_company": 0, "total": 1, "student_share": 0.0, "recent_share": 0.0, "first_year": 2023, "last_year": 2023, "n_2026": 0, "reassigned_n": 0, "dominant_type": "Individual", "mix": "No students", "place": "American Canyon" }, "geometry": { "type": "Polygon", "coordinates": [ [ [ -122.31366, 38.19845 ], [ -122.31084, 38.20135 ], [ -122.30616, 38.20087 ], [ -122.30521, 38.20235 ], [ -122.30763, 38.20148 ], [ -122.31082, 38.202 ], [ -122.30678, 38.20533 ], [ -122.30567, 38.20869 ], [ -122.28375, 38.20191 ], [ -122.28084, 38.202 ], [ -122.2805, 38.20556 ], [ -122.26527, 38.2085 ], [ -122.26724, 38.21162 ], [ -122.25649, 38.21146 ], [ -122.258, 38.22313 ], [ -122.24521, 38.22126 ], [ -122.23707, 38.22115 ], [ -122.23412, 38.22011 ], [ -122.23263, 38.22152 ], [ -122.22619, 38.22151 ], [ -122.22625, 38.22566 ], [ -122.22227, 38.2257 ], [ -122.22227, 38.22173 ], [ -122.22377, 38.22092 ], [ -122.22222, 38.21613 ], [ -122.20417, 38.2097 ], [ -122.20148, 38.21162 ], [ -122.19957, 38.21062 ], [ -122.19498, 38.21232 ], [ -122.19398, 38.21361 ], [ -122.19628, 38.21612 ], [ -122.19618, 38.21892 ], [ -122.19337, 38.22121 ], [ -122.19598, 38.23041 ], [ -122.20177, 38.24032 ], [ -122.20438, 38.24102 ], [ -122.20539, 38.24462 ], [ -122.20958, 38.24482 ], [ -122.21018, 38.24741 ], [ -122.21248, 38.24871 ], [ -122.21108, 38.25221 ], [ -122.20649, 38.25093 ], [ -122.20437, 38.2493 ], [ -122.2008, 38.24941 ], [ -122.199, 38.24811 ], [ -122.19826, 38.2452 ], [ -122.19492, 38.24417 ], [ -122.19032, 38.24046 ], [ -122.18421, 38.24047 ], [ -122.17875, 38.24345 ], [ -122.17199, 38.24197 ], [ -122.17043, 38.24292 ], [ -122.16484, 38.24183 ], [ -122.163, 38.23997 ], [ -122.16297, 38.23605 ], [ -122.16704, 38.23508 ], [ -122.15936, 38.22082 ], [ -122.15746, 38.22169 ], [ -122.15735, 38.2169 ], [ -122.1544, 38.21674 ], [ -122.14946, 38.2132 ], [ -122.1495, 38.21062 ], [ -122.1513, 38.20962 ], [ -122.15094, 38.20848 ], [ -122.16289, 38.20639 ], [ -122.16295, 38.19756 ], [ -122.16533, 38.19579 ], [ -122.16487, 38.19745 ], [ -122.16752, 38.1975 ], [ -122.16596, 38.19883 ], [ -122.16727, 38.19894 ], [ -122.1709, 38.19736 ], [ -122.17194, 38.1985 ], [ -122.17832, 38.19688 ], [ -122.18108, 38.19704 ], [ -122.18041, 38.19474 ], [ -122.18455, 38.1958 ], [ -122.18679, 38.19289 ], [ -122.18846, 38.19338 ], [ -122.19217, 38.19166 ], [ -122.19486, 38.19179 ], [ -122.19611, 38.1902 ], [ -122.20023, 38.19008 ], [ -122.19946, 38.18844 ], [ -122.19706, 38.18895 ], [ -122.18996, 38.18776 ], [ -122.18621, 38.18817 ], [ -122.18069, 38.18543 ], [ -122.18971, 38.17881 ], [ -122.19489, 38.17317 ], [ -122.20795, 38.16408 ], [ -122.21491, 38.15499 ], [ -122.29068, 38.1552 ], [ -122.28674, 38.1645 ], [ -122.28741, 38.16759 ], [ -122.28405, 38.16826 ], [ -122.28384, 38.16985 ], [ -122.28518, 38.17044 ], [ -122.28588, 38.17337 ], [ -122.28486, 38.17453 ], [ -122.28554, 38.17583 ], [ -122.29009, 38.18262 ], [ -122.29431, 38.18502 ], [ -122.30355, 38.18527 ], [ -122.30347, 38.18373 ], [ -122.30825, 38.18363 ], [ -122.31216, 38.1913 ], [ -122.31366, 38.19845 ] ] ] } },
{ "type": "Feature", "properties": { "zcta": "95618", "individual": 2, "student": 1, "company": 0, "w2017_19": 0, "w2020_23": 1, "w2024_26": 2, "w2017_19_student": 0, "w2017_19_share": null, "w2017_19_mix": null, "w2020_23_student": 0, "w2020_23_share": 0.0, "w2020_23_mix": "No students", "w2024_26_student": 1, "w2024_26_share": 0.5, "w2024_26_mix": "Mixed", "y2017": 0, "y2017_individual": 0, "y2017_student": 0, "y2017_company": 0, "y2018": 0, "y2018_individual": 0, "y2018_student": 0, "y2018_company": 0, "y2019": 0, "y2019_individual": 0, "y2019_student": 0, "y2019_company": 0, "y2020": 0, "y2020_individual": 0, "y2020_student": 0, "y2020_company": 0, "y2021": 0, "y2021_individual": 0, "y2021_student": 0, "y2021_company": 0, "y2022": 1, "y2022_individual": 1, "y2022_student": 0, "y2022_company": 0, "y2023": 0, "y2023_individual": 0, "y2023_student": 0, "y2023_company": 0, "y2024": 0, "y2024_individual": 0, "y2024_student": 0, "y2024_company": 0, "y2025": 1, "y2025_individual": 1, "y2025_student": 0, "y2025_company": 0, "y2026": 1, "y2026_individual": 0, "y2026_student": 1, "y2026_company": 0, "total": 3, "student_share": 0.333, "recent_share": 0.667, "first_year": 2022, "last_year": 2026, "n_2026": 1, "reassigned_n": 0, "dominant_type": "Individual", "mix": "Mostly professional", "place": "Davis" }, "geometry": { "type": "Polygon", "coordinates": [ [ [ -121.77103, 38.50615 ], [ -121.75692, 38.52197 ], [ -121.75695, 38.5289 ], [ -121.74463, 38.53294 ], [ -121.73077, 38.54391 ], [ -121.72611, 38.54586 ], [ -121.72657, 38.54879 ], [ -121.72838, 38.54966 ], [ -121.72835, 38.55155 ], [ -121.72696, 38.55154 ], [ -121.7277, 38.55749 ], [ -121.73017, 38.55786 ], [ -121.72983, 38.55927 ], [ -121.73116, 38.56137 ], [ -121.73025, 38.58991 ], [ -121.64761, 38.5894 ], [ -121.64692, 38.57684 ], [ -121.64503, 38.57533 ], [ -121.63863, 38.57509 ], [ -121.63784, 38.55968 ], [ -121.63167, 38.55204 ], [ -121.63111, 38.53834 ], [ -121.6392, 38.53846 ], [ -121.63934, 38.53078 ], [ -121.64865, 38.53081 ], [ -121.64914, 38.50157 ], [ -121.69548, 38.50219 ], [ -121.69562, 38.49493 ], [ -121.71414, 38.49513 ], [ -121.71387, 38.51643 ], [ -121.73066, 38.51703 ], [ -121.73202, 38.51576 ], [ -121.72765, 38.51547 ], [ -121.72694, 38.5097 ], [ -121.72837, 38.50906 ], [ -121.72855, 38.50689 ], [ -121.73243, 38.50253 ], [ -121.75721, 38.50289 ], [ -121.75725, 38.50589 ], [ -121.77103, 38.50615 ] ] ] } },
{ "type": "Feature", "properties": { "zcta": "94306", "individual": 3, "student": 1, "company": 0, "w2017_19": 1, "w2020_23": 1, "w2024_26": 2, "w2017_19_student": 0, "w2017_19_share": 0.0, "w2017_19_mix": "No students", "w2020_23_student": 0, "w2020_23_share": 0.0, "w2020_23_mix": "No students", "w2024_26_student": 1, "w2024_26_share": 0.5, "w2024_26_mix": "Mixed", "y2017": 0, "y2017_individual": 0, "y2017_student": 0, "y2017_company": 0, "y2018": 0, "y2018_individual": 0, "y2018_student": 0, "y2018_company": 0, "y2019": 1, "y2019_individual": 1, "y2019_student": 0, "y2019_company": 0, "y2020": 1, "y2020_individual": 1, "y2020_student": 0, "y2020_company": 0, "y2021": 0, "y2021_individual": 0, "y2021_student": 0, "y2021_company": 0, "y2022": 0, "y2022_individual": 0, "y2022_student": 0, "y2022_company": 0, "y2023": 0, "y2023_individual": 0, "y2023_student": 0, "y2023_company": 0, "y2024": 0, "y2024_individual": 0, "y2024_student": 0, "y2024_company": 0, "y2025": 1, "y2025_individual": 1, "y2025_student": 0, "y2025_company": 0, "y2026": 1, "y2026_individual": 0, "y2026_student": 1, "y2026_company": 0, "total": 4, "student_share": 0.25, "recent_share": 0.5, "first_year": 2019, "last_year": 2026, "n_2026": 1, "reassigned_n": 0, "dominant_type": "Individual", "mix": "Mostly professional", "place": "Palo Alto" }, "geometry": { "type": "Polygon", "coordinates": [ [ [ -122.15614, 37.43826 ], [ -122.13758, 37.42692 ], [ -122.13043, 37.4341 ], [ -122.12862, 37.43296 ], [ -122.12575, 37.43371 ], [ -122.12211, 37.43081 ], [ -122.12257, 37.42915 ], [ -122.11472, 37.42419 ], [ -122.11607, 37.42347 ], [ -122.11518, 37.42249 ], [ -122.11383, 37.42174 ], [ -122.11211, 37.42238 ], [ -122.11005, 37.41993 ], [ -122.1111, 37.41938 ], [ -122.10817, 37.41583 ], [ -122.1035, 37.4163 ], [ -122.10203, 37.41552 ], [ -122.10129, 37.41205 ], [ -122.10339, 37.41334 ], [ -122.10831, 37.40808 ], [ -122.11564, 37.4127 ], [ -122.11729, 37.41065 ], [ -122.11308, 37.40781 ], [ -122.11762, 37.40428 ], [ -122.12005, 37.40626 ], [ -122.12447, 37.40127 ], [ -122.12483, 37.39921 ], [ -122.12965, 37.39511 ], [ -122.12842, 37.39486 ], [ -122.12711, 37.38876 ], [ -122.13034, 37.39369 ], [ -122.13307, 37.39372 ], [ -122.13215, 37.39094 ], [ -122.13532, 37.39213 ], [ -122.13635, 37.38959 ], [ -122.13882, 37.38966 ], [ -122.14153, 37.39539 ], [ -122.13169, 37.39997 ], [ -122.13293, 37.40469 ], [ -122.13802, 37.40736 ], [ -122.13842, 37.40836 ], [ -122.14526, 37.40736 ], [ -122.14716, 37.40904 ], [ -122.14119, 37.41537 ], [ -122.14095, 37.41733 ], [ -122.13805, 37.42087 ], [ -122.14211, 37.42302 ], [ -122.14698, 37.41721 ], [ -122.15071, 37.41919 ], [ -122.15334, 37.41599 ], [ -122.15727, 37.41803 ], [ -122.14924, 37.42769 ], [ -122.16021, 37.4373 ], [ -122.15614, 37.43826 ] ] ] } },
{ "type": "Feature", "properties": { "zcta": "94519", "individual": 1, "student": 0, "company": 0, "w2017_19": 0, "w2020_23": 1, "w2024_26": 0, "w2017_19_student": 0, "w2017_19_share": null, "w2017_19_mix": null, "w2020_23_student": 0, "w2020_23_share": 0.0, "w2020_23_mix": "No students", "w2024_26_student": 0, "w2024_26_share": null, "w2024_26_mix": null, "y2017": 0, "y2017_individual": 0, "y2017_student": 0, "y2017_company": 0, "y2018": 0, "y2018_individual": 0, "y2018_student": 0, "y2018_company": 0, "y2019": 0, "y2019_individual": 0, "y2019_student": 0, "y2019_company": 0, "y2020": 1, "y2020_individual": 1, "y2020_student": 0, "y2020_company": 0, "y2021": 0, "y2021_individual": 0, "y2021_student": 0, "y2021_company": 0, "y2022": 0, "y2022_individual": 0, "y2022_student": 0, "y2022_company": 0, "y2023": 0, "y2023_individual": 0, "y2023_student": 0, "y2023_company": 0, "y2024": 0, "y2024_individual": 0, "y2024_student": 0, "y2024_company": 0, "y2025": 0, "y2025_individual": 0, "y2025_student": 0, "y2025_company": 0, "y2026": 0, "y2026_individual": 0, "y2026_student": 0, "y2026_company": 0, "total": 1, "student_share": 0.0, "recent_share": 0.0, "first_year": 2020, "last_year": 2020, "n_2026": 0, "reassigned_n": 0, "dominant_type": "Individual", "mix": "No students", "place": "Concord" }, "geometry": { "type": "Polygon", "coordinates": [ [ [ -122.03372, 37.98947 ], [ -122.03326, 37.99155 ], [ -122.02398, 38.00442 ], [ -122.02252, 38.00948 ], [ -122.01126, 38.01124 ], [ -122.00156, 38.00609 ], [ -122.00002, 38.00229 ], [ -122.00317, 37.99245 ], [ -121.98447, 37.97882 ], [ -121.98752, 37.97614 ], [ -121.99628, 37.97792 ], [ -121.99897, 37.97579 ], [ -121.99606, 37.97325 ], [ -121.99813, 37.97148 ], [ -122.00037, 37.97146 ], [ -122.00035, 37.97037 ], [ -122.0054, 37.96977 ], [ -122.00561, 37.969 ], [ -122.00731, 37.97101 ], [ -122.00866, 37.96983 ], [ -122.01336, 37.97116 ], [ -122.01376, 37.9703 ], [ -122.01572, 37.97086 ], [ -122.01534, 37.97171 ], [ -122.02866, 37.97546 ], [ -122.0291, 37.97736 ], [ -122.03063, 37.97818 ], [ -122.02959, 37.97854 ], [ -122.03372, 37.98947 ] ] ] } },
{ "type": "Feature", "properties": { "zcta": "95608", "individual": 1, "student": 0, "company": 0, "w2017_19": 0, "w2020_23": 1, "w2024_26": 0, "w2017_19_student": 0, "w2017_19_share": null, "w2017_19_mix": null, "w2020_23_student": 0, "w2020_23_share": 0.0, "w2020_23_mix": "No students", "w2024_26_student": 0, "w2024_26_share": null, "w2024_26_mix": null, "y2017": 0, "y2017_individual": 0, "y2017_student": 0, "y2017_company": 0, "y2018": 0, "y2018_individual": 0, "y2018_student": 0, "y2018_company": 0, "y2019": 0, "y2019_individual": 0, "y2019_student": 0, "y2019_company": 0, "y2020": 0, "y2020_individual": 0, "y2020_student": 0, "y2020_company": 0, "y2021": 0, "y2021_individual": 0, "y2021_student": 0, "y2021_company": 0, "y2022": 1, "y2022_individual": 1, "y2022_student": 0, "y2022_company": 0, "y2023": 0, "y2023_individual": 0, "y2023_student": 0, "y2023_company": 0, "y2024": 0, "y2024_individual": 0, "y2024_student": 0, "y2024_company": 0, "y2025": 0, "y2025_individual": 0, "y2025_student": 0, "y2025_company": 0, "y2026": 0, "y2026_individual": 0, "y2026_student": 0, "y2026_company": 0, "total": 1, "student_share": 0.0, "recent_share": 0.0, "first_year": 2022, "last_year": 2022, "n_2026": 0, "reassigned_n": 0, "dominant_type": "Individual", "mix": "No students", "place": "Carmichael" }, "geometry": { "type": "Polygon", "coordinates": [ [ [ -121.35675, 38.63549 ], [ -121.35524, 38.63561 ], [ -121.3552, 38.63941 ], [ -121.3517, 38.6401 ], [ -121.35088, 38.63918 ], [ -121.34891, 38.64005 ], [ -121.34709, 38.63914 ], [ -121.34937, 38.64334 ], [ -121.3506, 38.6438 ], [ -121.35055, 38.65366 ], [ -121.3438, 38.65358 ], [ -121.34402, 38.65174 ], [ -121.3426, 38.65121 ], [ -121.34199, 38.65326 ], [ -121.33723, 38.6562 ], [ -121.33156, 38.65293 ], [ -121.32757, 38.65395 ], [ -121.3274, 38.66125 ], [ -121.32837, 38.66161 ], [ -121.32726, 38.66882 ], [ -121.33013, 38.66886 ], [ -121.33192, 38.67051 ], [ -121.32736, 38.67366 ], [ -121.3275, 38.67274 ], [ -121.31982, 38.67388 ], [ -121.31984, 38.67291 ], [ -121.31522, 38.6726 ], [ -121.31533, 38.67118 ], [ -121.30868, 38.66879 ], [ -121.30865, 38.66693 ], [ -121.31053, 38.66712 ], [ -121.31086, 38.66563 ], [ -121.30862, 38.6652 ], [ -121.30831, 38.64898 ], [ -121.29784, 38.64912 ], [ -121.29748, 38.64264 ], [ -121.29182, 38.64143 ], [ -121.2933, 38.63624 ], [ -121.29177, 38.63629 ], [ -121.29145, 38.63067 ], [ -121.29466, 38.63025 ], [ -121.30419, 38.62418 ], [ -121.3064, 38.61942 ], [ -121.30321, 38.61416 ], [ -121.30875, 38.60773 ], [ -121.31809, 38.6027 ], [ -121.3228, 38.60432 ], [ -121.32865, 38.60069 ], [ -121.33149, 38.59687 ], [ -121.33164, 38.59447 ], [ -121.3308, 38.59092 ], [ -121.32694, 38.58673 ], [ -121.32702, 38.58541 ], [ -121.32952, 38.57928 ], [ -121.33097, 38.57864 ], [ -121.3412, 38.57975 ], [ -121.34831, 38.57736 ], [ -121.3545, 38.58493 ], [ -121.35253, 38.58659 ], [ -121.3553, 38.58997 ], [ -121.35525, 38.6075 ], [ -121.35629, 38.60795 ], [ -121.35628, 38.60964 ], [ -121.35524, 38.60982 ], [ -121.35524, 38.63345 ], [ -121.35607, 38.63343 ], [ -121.35675, 38.63549 ] ] ] } },
{ "type": "Feature", "properties": { "zcta": "95661", "individual": 0, "student": 1, "company": 0, "w2017_19": 0, "w2020_23": 0, "w2024_26": 1, "w2017_19_student": 0, "w2017_19_share": null, "w2017_19_mix": null, "w2020_23_student": 0, "w2020_23_share": null, "w2020_23_mix": null, "w2024_26_student": 1, "w2024_26_share": 1.0, "w2024_26_mix": "Mostly students", "y2017": 0, "y2017_individual": 0, "y2017_student": 0, "y2017_company": 0, "y2018": 0, "y2018_individual": 0, "y2018_student": 0, "y2018_company": 0, "y2019": 0, "y2019_individual": 0, "y2019_student": 0, "y2019_company": 0, "y2020": 0, "y2020_individual": 0, "y2020_student": 0, "y2020_company": 0, "y2021": 0, "y2021_individual": 0, "y2021_student": 0, "y2021_company": 0, "y2022": 0, "y2022_individual": 0, "y2022_student": 0, "y2022_company": 0, "y2023": 0, "y2023_individual": 0, "y2023_student": 0, "y2023_company": 0, "y2024": 0, "y2024_individual": 0, "y2024_student": 0, "y2024_company": 0, "y2025": 0, "y2025_individual": 0, "y2025_student": 0, "y2025_company": 0, "y2026": 1, "y2026_individual": 0, "y2026_student": 1, "y2026_company": 0, "total": 1, "student_share": 1.0, "recent_share": 1.0, "first_year": 2026, "last_year": 2026, "n_2026": 1, "reassigned_n": 0, "dominant_type": "Student", "mix": "Mostly students", "place": "Roseville" }, "geometry": { "type": "Polygon", "coordinates": [ [ [ -121.29384, 38.72179 ], [ -121.27314, 38.74078 ], [ -121.25683, 38.76491 ], [ -121.24739, 38.77083 ], [ -121.21784, 38.77038 ], [ -121.22136, 38.76827 ], [ -121.22433, 38.75956 ], [ -121.2242, 38.75686 ], [ -121.22656, 38.75175 ], [ -121.22631, 38.74587 ], [ -121.22398, 38.74586 ], [ -121.22329, 38.74375 ], [ -121.22621, 38.74386 ], [ -121.22584, 38.73669 ], [ -121.22314, 38.73667 ], [ -121.22362, 38.73389 ], [ -121.22588, 38.73391 ], [ -121.22586, 38.7168 ], [ -121.29384, 38.72179 ] ] ] } },
{ "type": "Feature", "properties": { "zcta": "94703", "individual": 1, "student": 1, "company": 0, "w2017_19": 0, "w2020_23": 1, "w2024_26": 1, "w2017_19_student": 0, "w2017_19_share": null, "w2017_19_mix": null, "w2020_23_student": 0, "w2020_23_share": 0.0, "w2020_23_mix": "No students", "w2024_26_student": 1, "w2024_26_share": 1.0, "w2024_26_mix": "Mostly students", "y2017": 0, "y2017_individual": 0, "y2017_student": 0, "y2017_company": 0, "y2018": 0, "y2018_individual": 0, "y2018_student": 0, "y2018_company": 0, "y2019": 0, "y2019_individual": 0, "y2019_student": 0, "y2019_company": 0, "y2020": 0, "y2020_individual": 0, "y2020_student": 0, "y2020_company": 0, "y2021": 0, "y2021_individual": 0, "y2021_student": 0, "y2021_company": 0, "y2022": 1, "y2022_individual": 1, "y2022_student": 0, "y2022_company": 0, "y2023": 0, "y2023_individual": 0, "y2023_student": 0, "y2023_company": 0, "y2024": 0, "y2024_individual": 0, "y2024_student": 0, "y2024_company": 0, "y2025": 0, "y2025_individual": 0, "y2025_student": 0, "y2025_company": 0, "y2026": 1, "y2026_individual": 0, "y2026_student": 1, "y2026_company": 0, "total": 2, "student_share": 0.5, "recent_share": 0.5, "first_year": 2022, "last_year": 2026, "n_2026": 1, "reassigned_n": 0, "dominant_type": "Individual", "mix": "Mixed", "place": "Berkeley" }, "geometry": { "type": "Polygon", "coordinates": [ [ [ -122.28305, 37.88105 ], [ -122.28176, 37.88056 ], [ -122.28198, 37.88161 ], [ -122.27496, 37.88534 ], [ -122.27454, 37.8849 ], [ -122.27333, 37.87399 ], [ -122.27547, 37.87302 ], [ -122.27326, 37.87333 ], [ -122.27176, 37.85977 ], [ -122.26746, 37.85942 ], [ -122.26831, 37.85654 ], [ -122.26701, 37.85523 ], [ -122.26652, 37.85234 ], [ -122.26897, 37.85162 ], [ -122.26837, 37.84877 ], [ -122.26941, 37.84811 ], [ -122.26914, 37.84674 ], [ -122.2758, 37.84587 ], [ -122.27619, 37.84773 ], [ -122.27777, 37.84752 ], [ -122.28123, 37.86221 ], [ -122.28305, 37.88105 ] ] ] } },
{ "type": "Feature", "properties": { "zcta": "94112", "individual": 2, "student": 2, "company": 1, "w2017_19": 1, "w2020_23": 0, "w2024_26": 4, "w2017_19_student": 1, "w2017_19_share": 1.0, "w2017_19_mix": "Mostly students", "w2020_23_student": 0, "w2020_23_share": null, "w2020_23_mix": null, "w2024_26_student": 1, "w2024_26_share": 0.25, "w2024_26_mix": "Mostly professional", "y2017": 0, "y2017_individual": 0, "y2017_student": 0, "y2017_company": 0, "y2018": 0, "y2018_individual": 0, "y2018_student": 0, "y2018_company": 0, "y2019": 1, "y2019_individual": 0, "y2019_student": 1, "y2019_company": 0, "y2020": 0, "y2020_individual": 0, "y2020_student": 0, "y2020_company": 0, "y2021": 0, "y2021_individual": 0, "y2021_student": 0, "y2021_company": 0, "y2022": 0, "y2022_individual": 0, "y2022_student": 0, "y2022_company": 0, "y2023": 0, "y2023_individual": 0, "y2023_student": 0, "y2023_company": 0, "y2024": 0, "y2024_individual": 0, "y2024_student": 0, "y2024_company": 0, "y2025": 1, "y2025_individual": 0, "y2025_student": 0, "y2025_company": 1, "y2026": 3, "y2026_individual": 2, "y2026_student": 1, "y2026_company": 0, "total": 5, "student_share": 0.4, "recent_share": 0.8, "first_year": 2019, "last_year": 2026, "n_2026": 3, "reassigned_n": 0, "dominant_type": "Individual", "mix": "Mixed", "place": "San Francisco" }, "geometry": { "type": "Polygon", "coordinates": [ [ [ -122.46599, 37.71015 ], [ -122.46086, 37.71059 ], [ -122.46256, 37.71125 ], [ -122.46268, 37.72169 ], [ -122.46219, 37.72772 ], [ -122.46038, 37.72839 ], [ -122.46038, 37.72997 ], [ -122.45577, 37.7314 ], [ -122.4443, 37.73161 ], [ -122.44366, 37.7283 ], [ -122.42672, 37.73637 ], [ -122.42719, 37.73581 ], [ -122.42523, 37.73529 ], [ -122.42168, 37.73513 ], [ -122.4207, 37.73195 ], [ -122.41924, 37.73206 ], [ -122.41927, 37.73133 ], [ -122.41993, 37.72936 ], [ -122.42384, 37.72875 ], [ -122.42243, 37.72405 ], [ -122.42381, 37.72369 ], [ -122.42548, 37.72023 ], [ -122.42251, 37.71792 ], [ -122.42466, 37.71713 ], [ -122.42614, 37.71843 ], [ -122.42722, 37.71555 ], [ -122.43115, 37.71659 ], [ -122.43372, 37.7131 ], [ -122.4297, 37.71226 ], [ -122.42741, 37.71038 ], [ -122.42716, 37.70839 ], [ -122.46894, 37.70823 ], [ -122.46599, 37.71015 ] ] ] } },
{ "type": "Feature", "properties": { "zcta": "94607", "individual": 0, "student": 1, "company": 1, "w2017_19": 1, "w2020_23": 1, "w2024_26": 0, "w2017_19_student": 1, "w2017_19_share": 1.0, "w2017_19_mix": "Mostly students", "w2020_23_student": 0, "w2020_23_share": 0.0, "w2020_23_mix": "No students", "w2024_26_student": 0, "w2024_26_share": null, "w2024_26_mix": null, "y2017": 0, "y2017_individual": 0, "y2017_student": 0, "y2017_company": 0, "y2018": 0, "y2018_individual": 0, "y2018_student": 0, "y2018_company": 0, "y2019": 1, "y2019_individual": 0, "y2019_student": 1, "y2019_company": 0, "y2020": 0, "y2020_individual": 0, "y2020_student": 0, "y2020_company": 0, "y2021": 0, "y2021_individual": 0, "y2021_student": 0, "y2021_company": 0, "y2022": 1, "y2022_individual": 0, "y2022_student": 0, "y2022_company": 1, "y2023": 0, "y2023_individual": 0, "y2023_student": 0, "y2023_company": 0, "y2024": 0, "y2024_individual": 0, "y2024_student": 0, "y2024_company": 0, "y2025": 0, "y2025_individual": 0, "y2025_student": 0, "y2025_company": 0, "y2026": 0, "y2026_individual": 0, "y2026_student": 0, "y2026_company": 0, "total": 2, "student_share": 0.5, "recent_share": 0.0, "first_year": 2019, "last_year": 2022, "n_2026": 0, "reassigned_n": 0, "dominant_type": "Student", "mix": "Mixed", "place": "Oakland" }, "geometry": { "type": "Polygon", "coordinates": [ [ [ -122.34225, 37.80556 ], [ -122.33302, 37.8108 ], [ -122.32278, 37.81013 ], [ -122.3173, 37.81626 ], [ -122.3192, 37.81908 ], [ -122.33037, 37.82058 ], [ -122.32683, 37.82226 ], [ -122.32149, 37.82291 ], [ -122.31386, 37.82524 ], [ -122.30094, 37.82636 ], [ -122.29583, 37.82788 ], [ -122.29339, 37.83067 ], [ -122.28925, 37.82178 ], [ -122.274, 37.81823 ], [ -122.27563, 37.81764 ], [ -122.27479, 37.81491 ], [ -122.27991, 37.80778 ], [ -122.27868, 37.80728 ], [ -122.28048, 37.80629 ], [ -122.27087, 37.80247 ], [ -122.26924, 37.8027 ], [ -122.2685, 37.80154 ], [ -122.25955, 37.79813 ], [ -122.25958, 37.79632 ], [ -122.26296, 37.79118 ], [ -122.26854, 37.78793 ], [ -122.27824, 37.79313 ], [ -122.28597, 37.79362 ], [ -122.30104, 37.79195 ], [ -122.32851, 37.79749 ], [ -122.333, 37.79905 ], [ -122.33417, 37.80127 ], [ -122.34151, 37.80416 ], [ -122.34225, 37.80556 ] ] ] } },
{ "type": "Feature", "properties": { "zcta": "93955", "individual": 1, "student": 0, "company": 0, "w2017_19": 0, "w2020_23": 1, "w2024_26": 0, "w2017_19_student": 0, "w2017_19_share": null, "w2017_19_mix": null, "w2020_23_student": 0, "w2020_23_share": 0.0, "w2020_23_mix": "No students", "w2024_26_student": 0, "w2024_26_share": null, "w2024_26_mix": null, "y2017": 0, "y2017_individual": 0, "y2017_student": 0, "y2017_company": 0, "y2018": 0, "y2018_individual": 0, "y2018_student": 0, "y2018_company": 0, "y2019": 0, "y2019_individual": 0, "y2019_student": 0, "y2019_company": 0, "y2020": 0, "y2020_individual": 0, "y2020_student": 0, "y2020_company": 0, "y2021": 0, "y2021_individual": 0, "y2021_student": 0, "y2021_company": 0, "y2022": 0, "y2022_individual": 0, "y2022_student": 0, "y2022_company": 0, "y2023": 1, "y2023_individual": 1, "y2023_student": 0, "y2023_company": 0, "y2024": 0, "y2024_individual": 0, "y2024_student": 0, "y2024_company": 0, "y2025": 0, "y2025_individual": 0, "y2025_student": 0, "y2025_company": 0, "y2026": 0, "y2026_individual": 0, "y2026_student": 0, "y2026_company": 0, "total": 1, "student_share": 0.0, "recent_share": 0.0, "first_year": 2023, "last_year": 2023, "n_2026": 0, "reassigned_n": 0, "dominant_type": "Individual", "mix": "No students", "place": "Seaside" }, "geometry": { "type": "Polygon", "coordinates": [ [ [ -121.86035, 36.60709 ], [ -121.85784, 36.60992 ], [ -121.85836, 36.61197 ], [ -121.85072, 36.61892 ], [ -121.83726, 36.6349 ], [ -121.82477, 36.65582 ], [ -121.81843, 36.66886 ], [ -121.81367, 36.68246 ], [ -121.80831, 36.67978 ], [ -121.80798, 36.67844 ], [ -121.81433, 36.66906 ], [ -121.81645, 36.66345 ], [ -121.81735, 36.65616 ], [ -121.81598, 36.65227 ], [ -121.80929, 36.65292 ], [ -121.8093, 36.65778 ], [ -121.80273, 36.65786 ], [ -121.80272, 36.65479 ], [ -121.74178, 36.65525 ], [ -121.7413, 36.65093 ], [ -121.73362, 36.65079 ], [ -121.73182, 36.65 ], [ -121.73202, 36.64778 ], [ -121.73026, 36.64458 ], [ -121.73544, 36.64094 ], [ -121.7363, 36.63244 ], [ -121.73917, 36.62988 ], [ -121.74188, 36.62473 ], [ -121.74665, 36.62397 ], [ -121.7478, 36.62236 ], [ -121.75344, 36.6197 ], [ -121.76066, 36.6124 ], [ -121.7615, 36.60924 ], [ -121.76368, 36.60635 ], [ -121.76363, 36.60222 ], [ -121.75997, 36.59713 ], [ -121.75984, 36.59326 ], [ -121.76281, 36.58995 ], [ -121.76273, 36.58834 ], [ -121.76053, 36.58594 ], [ -121.76118, 36.58554 ], [ -121.76866, 36.58702 ], [ -121.77152, 36.58613 ], [ -121.77177, 36.58355 ], [ -121.77402, 36.58243 ], [ -121.80831, 36.57637 ], [ -121.81481, 36.582 ], [ -121.8312, 36.59353 ], [ -121.82894, 36.59684 ], [ -121.84684, 36.59714 ], [ -121.85005, 36.59974 ], [ -121.85131, 36.59845 ], [ -121.85607, 36.60137 ], [ -121.85587, 36.60271 ], [ -121.86035, 36.60709 ] ] ] } },
{ "type": "Feature", "properties": { "zcta": "94806", "individual": 0, "student": 1, "company": 0, "w2017_19": 0, "w2020_23": 0, "w2024_26": 1, "w2017_19_student": 0, "w2017_19_share": null, "w2017_19_mix": null, "w2020_23_student": 0, "w2020_23_share": null, "w2020_23_mix": null, "w2024_26_student": 1, "w2024_26_share": 1.0, "w2024_26_mix": "Mostly students", "y2017": 0, "y2017_individual": 0, "y2017_student": 0, "y2017_company": 0, "y2018": 0, "y2018_individual": 0, "y2018_student": 0, "y2018_company": 0, "y2019": 0, "y2019_individual": 0, "y2019_student": 0, "y2019_company": 0, "y2020": 0, "y2020_individual": 0, "y2020_student": 0, "y2020_company": 0, "y2021": 0, "y2021_individual": 0, "y2021_student": 0, "y2021_company": 0, "y2022": 0, "y2022_individual": 0, "y2022_student": 0, "y2022_company": 0, "y2023": 0, "y2023_individual": 0, "y2023_student": 0, "y2023_company": 0, "y2024": 0, "y2024_individual": 0, "y2024_student": 0, "y2024_company": 0, "y2025": 0, "y2025_individual": 0, "y2025_student": 0, "y2025_company": 0, "y2026": 1, "y2026_individual": 0, "y2026_student": 1, "y2026_company": 0, "total": 1, "student_share": 1.0, "recent_share": 1.0, "first_year": 2026, "last_year": 2026, "n_2026": 1, "reassigned_n": 0, "dominant_type": "Student", "mix": "Mostly students", "place": "Richmond" }, "geometry": { "type": "Polygon", "coordinates": [ [ [ -122.35889, 37.96764 ], [ -122.35629, 37.99576 ], [ -122.35335, 38.00023 ], [ -122.34805, 38.00232 ], [ -122.33263, 38.00073 ], [ -122.32819, 38.00255 ], [ -122.32867, 38.00348 ], [ -122.31544, 38.01162 ], [ -122.31333, 38.01151 ], [ -122.31439, 38.00477 ], [ -122.31767, 38.00323 ], [ -122.31694, 38.00231 ], [ -122.31854, 38.0016 ], [ -122.31569, 37.99701 ], [ -122.31531, 37.99779 ], [ -122.31417, 37.99742 ], [ -122.31203, 37.9985 ], [ -122.30729, 37.99283 ], [ -122.31386, 37.9903 ], [ -122.32141, 37.96781 ], [ -122.32924, 37.96223 ], [ -122.33073, 37.95949 ], [ -122.32994, 37.95591 ], [ -122.32808, 37.95701 ], [ -122.32767, 37.95878 ], [ -122.32913, 37.96011 ], [ -122.3277, 37.9613 ], [ -122.32712, 37.9606 ], [ -122.31913, 37.96269 ], [ -122.31842, 37.9603 ], [ -122.31739, 37.9612 ], [ -122.31647, 37.957 ], [ -122.31233, 37.95679 ], [ -122.31047, 37.95547 ], [ -122.30998, 37.956 ], [ -122.30825, 37.9548 ], [ -122.30837, 37.95267 ], [ -122.31141, 37.95267 ], [ -122.31139, 37.95141 ], [ -122.31493, 37.95238 ], [ -122.3167, 37.95183 ], [ -122.31613, 37.95322 ], [ -122.31828, 37.95492 ], [ -122.31875, 37.95404 ], [ -122.32382, 37.9541 ], [ -122.32208, 37.952 ], [ -122.32349, 37.94965 ], [ -122.32639, 37.94915 ], [ -122.32742, 37.95129 ], [ -122.33025, 37.95134 ], [ -122.33176, 37.95396 ], [ -122.33362, 37.95325 ], [ -122.33391, 37.95175 ], [ -122.33845, 37.95316 ], [ -122.34032, 37.95248 ], [ -122.34159, 37.95413 ], [ -122.34356, 37.95309 ], [ -122.34737, 37.95295 ], [ -122.34742, 37.94978 ], [ -122.35716, 37.94983 ], [ -122.35713, 37.95043 ], [ -122.35861, 37.95044 ], [ -122.35639, 37.96718 ], [ -122.35889, 37.96764 ] ] ] } },
{ "type": "Feature", "properties": { "zcta": "94708", "individual": 3, "student": 2, "company": 0, "w2017_19": 2, "w2020_23": 0, "w2024_26": 3, "w2017_19_student": 0, "w2017_19_share": 0.0, "w2017_19_mix": "No students", "w2020_23_student": 0, "w2020_23_share": null, "w2020_23_mix": null, "w2024_26_student": 2, "w2024_26_share": 0.667, "w2024_26_mix": "Mostly students", "y2017": 0, "y2017_individual": 0, "y2017_student": 0, "y2017_company": 0, "y2018": 2, "y2018_individual": 2, "y2018_student": 0, "y2018_company": 0, "y2019": 0, "y2019_individual": 0, "y2019_student": 0, "y2019_company": 0, "y2020": 0, "y2020_individual": 0, "y2020_student": 0, "y2020_company": 0, "y2021": 0, "y2021_individual": 0, "y2021_student": 0, "y2021_company": 0, "y2022": 0, "y2022_individual": 0, "y2022_student": 0, "y2022_company": 0, "y2023": 0, "y2023_individual": 0, "y2023_student": 0, "y2023_company": 0, "y2024": 0, "y2024_individual": 0, "y2024_student": 0, "y2024_company": 0, "y2025": 0, "y2025_individual": 0, "y2025_student": 0, "y2025_company": 0, "y2026": 3, "y2026_individual": 1, "y2026_student": 2, "y2026_company": 0, "total": 5, "student_share": 0.4, "recent_share": 0.6, "first_year": 2018, "last_year": 2026, "n_2026": 3, "reassigned_n": 0, "dominant_type": "Individual", "mix": "Mixed", "place": "Berkeley" }, "geometry": { "type": "Polygon", "coordinates": [ [ [ -122.28139, 37.91323 ], [ -122.2785, 37.91532 ], [ -122.27337, 37.91105 ], [ -122.2713, 37.91406 ], [ -122.27937, 37.91961 ], [ -122.27067, 37.92392 ], [ -122.27061, 37.92138 ], [ -122.25461, 37.92058 ], [ -122.25222, 37.91865 ], [ -122.25101, 37.91511 ], [ -122.25308, 37.91176 ], [ -122.24954, 37.91108 ], [ -122.24773, 37.90904 ], [ -122.24705, 37.90544 ], [ -122.25568, 37.89785 ], [ -122.25516, 37.89626 ], [ -122.25363, 37.89614 ], [ -122.25268, 37.89499 ], [ -122.25287, 37.89373 ], [ -122.25105, 37.89382 ], [ -122.24915, 37.89113 ], [ -122.25029, 37.88983 ], [ -122.24926, 37.88697 ], [ -122.24691, 37.88535 ], [ -122.24644, 37.8812 ], [ -122.26456, 37.87896 ], [ -122.26574, 37.88415 ], [ -122.26464, 37.88587 ], [ -122.2659, 37.88643 ], [ -122.26717, 37.89043 ], [ -122.26681, 37.8931 ], [ -122.26774, 37.89313 ], [ -122.26853, 37.89479 ], [ -122.26987, 37.89996 ], [ -122.26916, 37.90153 ], [ -122.26973, 37.9021 ], [ -122.27087, 37.90138 ], [ -122.27279, 37.9042 ], [ -122.27787, 37.90315 ], [ -122.27792, 37.90602 ], [ -122.28047, 37.90824 ], [ -122.27994, 37.91128 ], [ -122.28139, 37.91323 ] ] ] } },
{ "type": "Feature", "properties": { "zcta": "94566", "individual": 4, "student": 0, "company": 1, "w2017_19": 2, "w2020_23": 1, "w2024_26": 2, "w2017_19_student": 0, "w2017_19_share": 0.0, "w2017_19_mix": "No students", "w2020_23_student": 0, "w2020_23_share": 0.0, "w2020_23_mix": "No students", "w2024_26_student": 0, "w2024_26_share": 0.0, "w2024_26_mix": "No students", "y2017": 0, "y2017_individual": 0, "y2017_student": 0, "y2017_company": 0, "y2018": 0, "y2018_individual": 0, "y2018_student": 0, "y2018_company": 0, "y2019": 2, "y2019_individual": 1, "y2019_student": 0, "y2019_company": 1, "y2020": 0, "y2020_individual": 0, "y2020_student": 0, "y2020_company": 0, "y2021": 0, "y2021_individual": 0, "y2021_student": 0, "y2021_company": 0, "y2022": 0, "y2022_individual": 0, "y2022_student": 0, "y2022_company": 0, "y2023": 1, "y2023_individual": 1, "y2023_student": 0, "y2023_company": 0, "y2024": 1, "y2024_individual": 1, "y2024_student": 0, "y2024_company": 0, "y2025": 0, "y2025_individual": 0, "y2025_student": 0, "y2025_company": 0, "y2026": 1, "y2026_individual": 1, "y2026_student": 0, "y2026_company": 0, "total": 5, "student_share": 0.0, "recent_share": 0.4, "first_year": 2019, "last_year": 2026, "n_2026": 1, "reassigned_n": 0, "dominant_type": "Individual", "mix": "No students", "place": "Pleasanton" }, "geometry": { "type": "Polygon", "coordinates": [ [ [ -121.91279, 37.63249 ], [ -121.90568, 37.63243 ], [ -121.89714, 37.63744 ], [ -121.89714, 37.6418 ], [ -121.89328, 37.63973 ], [ -121.89781, 37.64391 ], [ -121.89685, 37.64453 ], [ -121.89774, 37.64759 ], [ -121.90205, 37.65356 ], [ -121.90123, 37.65457 ], [ -121.90416, 37.65579 ], [ -121.90511, 37.65537 ], [ -121.90647, 37.6616 ], [ -121.91101, 37.67153 ], [ -121.89838, 37.67685 ], [ -121.8953, 37.67493 ], [ -121.89342, 37.67676 ], [ -121.89583, 37.67672 ], [ -121.89628, 37.6777 ], [ -121.88418, 37.68351 ], [ -121.88684, 37.68625 ], [ -121.87815, 37.68889 ], [ -121.87731, 37.68615 ], [ -121.87121, 37.68192 ], [ -121.86892, 37.68192 ], [ -121.86641, 37.67979 ], [ -121.86672, 37.67866 ], [ -121.86389, 37.67659 ], [ -121.8613, 37.67897 ], [ -121.86, 37.6783 ], [ -121.85998, 37.68202 ], [ -121.86265, 37.682 ], [ -121.86258, 37.69131 ], [ -121.85424, 37.69124 ], [ -121.85424, 37.69376 ], [ -121.84913, 37.69369 ], [ -121.84877, 37.68076 ], [ -121.85, 37.67955 ], [ -121.85043, 37.67586 ], [ -121.8468, 37.67577 ], [ -121.83754, 37.67886 ], [ -121.83758, 37.67317 ], [ -121.82373, 37.67415 ], [ -121.82373, 37.67345 ], [ -121.82629, 37.67279 ], [ -121.82538, 37.67049 ], [ -121.82376, 37.67108 ], [ -121.8238, 37.66249 ], [ -121.80608, 37.65555 ], [ -121.80454, 37.64759 ], [ -121.79905, 37.64032 ], [ -121.79957, 37.63672 ], [ -121.80207, 37.63398 ], [ -121.80228, 37.62947 ], [ -121.80889, 37.62413 ], [ -121.81021, 37.62499 ], [ -121.8114, 37.62364 ], [ -121.87992, 37.62353 ], [ -121.87702, 37.61625 ], [ -121.88442, 37.61523 ], [ -121.88401, 37.61624 ], [ -121.88639, 37.61676 ], [ -121.88669, 37.61985 ], [ -121.88923, 37.61902 ], [ -121.88956, 37.61237 ], [ -121.89226, 37.61572 ], [ -121.89599, 37.61712 ], [ -121.89755, 37.61503 ], [ -121.90232, 37.62188 ], [ -121.90955, 37.62652 ], [ -121.91225, 37.62986 ], [ -121.91279, 37.63249 ] ] ] } },
{ "type": "Feature", "properties": { "zcta": "94523", "individual": 1, "student": 0, "company": 0, "w2017_19": 0, "w2020_23": 0, "w2024_26": 1, "w2017_19_student": 0, "w2017_19_share": null, "w2017_19_mix": null, "w2020_23_student": 0, "w2020_23_share": null, "w2020_23_mix": null, "w2024_26_student": 0, "w2024_26_share": 0.0, "w2024_26_mix": "No students", "y2017": 0, "y2017_individual": 0, "y2017_student": 0, "y2017_company": 0, "y2018": 0, "y2018_individual": 0, "y2018_student": 0, "y2018_company": 0, "y2019": 0, "y2019_individual": 0, "y2019_student": 0, "y2019_company": 0, "y2020": 0, "y2020_individual": 0, "y2020_student": 0, "y2020_company": 0, "y2021": 0, "y2021_individual": 0, "y2021_student": 0, "y2021_company": 0, "y2022": 0, "y2022_individual": 0, "y2022_student": 0, "y2022_company": 0, "y2023": 0, "y2023_individual": 0, "y2023_student": 0, "y2023_company": 0, "y2024": 0, "y2024_individual": 0, "y2024_student": 0, "y2024_company": 0, "y2025": 1, "y2025_individual": 1, "y2025_student": 0, "y2025_company": 0, "y2026": 0, "y2026_individual": 0, "y2026_student": 0, "y2026_company": 0, "total": 1, "student_share": 0.0, "recent_share": 1.0, "first_year": 2025, "last_year": 2025, "n_2026": 0, "reassigned_n": 0, "dominant_type": "Individual", "mix": "No students", "place": "Pleasant Hill" }, "geometry": { "type": "Polygon", "coordinates": [ [ [ -122.10437, 37.97273 ], [ -122.0999, 37.97596 ], [ -122.07782, 37.97615 ], [ -122.07713, 37.97937 ], [ -122.07619, 37.97935 ], [ -122.07709, 37.98135 ], [ -122.07891, 37.9815 ], [ -122.0773, 37.98239 ], [ -122.07408, 37.98121 ], [ -122.06597, 37.98184 ], [ -122.06404, 37.97405 ], [ -122.06285, 37.97372 ], [ -122.06071, 37.97066 ], [ -122.06318, 37.97034 ], [ -122.06171, 37.96242 ], [ -122.05618, 37.96607 ], [ -122.05255, 37.95872 ], [ -122.05443, 37.95396 ], [ -122.04978, 37.94547 ], [ -122.04979, 37.94268 ], [ -122.05139, 37.94277 ], [ -122.0518, 37.94042 ], [ -122.05297, 37.94047 ], [ -122.05302, 37.93669 ], [ -122.05502, 37.93669 ], [ -122.05453, 37.93946 ], [ -122.05616, 37.93852 ], [ -122.05965, 37.93854 ], [ -122.05897, 37.93666 ], [ -122.05688, 37.93667 ], [ -122.05684, 37.93472 ], [ -122.05344, 37.93477 ], [ -122.05405, 37.93198 ], [ -122.06005, 37.93332 ], [ -122.06008, 37.9317 ], [ -122.0735, 37.93334 ], [ -122.07351, 37.92634 ], [ -122.08586, 37.92615 ], [ -122.088, 37.92526 ], [ -122.08875, 37.92726 ], [ -122.08645, 37.92786 ], [ -122.08675, 37.93186 ], [ -122.08843, 37.93187 ], [ -122.09069, 37.9354 ], [ -122.08958, 37.93676 ], [ -122.08988, 37.94086 ], [ -122.09321, 37.94082 ], [ -122.09468, 37.94319 ], [ -122.09802, 37.9436 ], [ -122.09806, 37.94563 ], [ -122.09674, 37.94704 ], [ -122.09849, 37.94744 ], [ -122.10092, 37.95061 ], [ -122.09893, 37.95188 ], [ -122.10239, 37.95498 ], [ -122.09322, 37.95506 ], [ -122.09116, 37.95651 ], [ -122.09235, 37.95995 ], [ -122.09401, 37.96021 ], [ -122.09883, 37.96712 ], [ -122.10231, 37.96983 ], [ -122.10201, 37.97151 ], [ -122.10437, 37.97273 ] ] ] } },
{ "type": "Feature", "properties": { "zcta": "94577", "individual": 2, "student": 1, "company": 0, "w2017_19": 1, "w2020_23": 0, "w2024_26": 2, "w2017_19_student": 1, "w2017_19_share": 1.0, "w2017_19_mix": "Mostly students", "w2020_23_student": 0, "w2020_23_share": null, "w2020_23_mix": null, "w2024_26_student": 0, "w2024_26_share": 0.0, "w2024_26_mix": "No students", "y2017": 0, "y2017_individual": 0, "y2017_student": 0, "y2017_company": 0, "y2018": 1, "y2018_individual": 0, "y2018_student": 1, "y2018_company": 0, "y2019": 0, "y2019_individual": 0, "y2019_student": 0, "y2019_company": 0, "y2020": 0, "y2020_individual": 0, "y2020_student": 0, "y2020_company": 0, "y2021": 0, "y2021_individual": 0, "y2021_student": 0, "y2021_company": 0, "y2022": 0, "y2022_individual": 0, "y2022_student": 0, "y2022_company": 0, "y2023": 0, "y2023_individual": 0, "y2023_student": 0, "y2023_company": 0, "y2024": 0, "y2024_individual": 0, "y2024_student": 0, "y2024_company": 0, "y2025": 1, "y2025_individual": 1, "y2025_student": 0, "y2025_company": 0, "y2026": 1, "y2026_individual": 1, "y2026_student": 0, "y2026_company": 0, "total": 3, "student_share": 0.333, "recent_share": 0.667, "first_year": 2018, "last_year": 2026, "n_2026": 1, "reassigned_n": 0, "dominant_type": "Individual", "mix": "Mostly professional", "place": "San Leandro" }, "geometry": { "type": "Polygon", "coordinates": [ [ [ -122.20973, 37.71109 ], [ -122.2021, 37.71302 ], [ -122.19703, 37.71583 ], [ -122.19427, 37.71591 ], [ -122.19471, 37.71754 ], [ -122.1934, 37.71783 ], [ -122.1929, 37.71673 ], [ -122.18914, 37.71781 ], [ -122.19675, 37.72413 ], [ -122.19805, 37.72623 ], [ -122.19193, 37.72729 ], [ -122.1903, 37.72886 ], [ -122.18331, 37.72557 ], [ -122.1758, 37.72523 ], [ -122.17434, 37.72665 ], [ -122.1704, 37.72776 ], [ -122.17404, 37.73119 ], [ -122.1701, 37.73206 ], [ -122.17156, 37.735 ], [ -122.16547, 37.73769 ], [ -122.16416, 37.73594 ], [ -122.14767, 37.74114 ], [ -122.14605, 37.7428 ], [ -122.14077, 37.73728 ], [ -122.13898, 37.73093 ], [ -122.13669, 37.73187 ], [ -122.13444, 37.7343 ], [ -122.13049, 37.73277 ], [ -122.13235, 37.73173 ], [ -122.13123, 37.73043 ], [ -122.12446, 37.72859 ], [ -122.12217, 37.72939 ], [ -122.12089, 37.72826 ], [ -122.12323, 37.72704 ], [ -122.12649, 37.72758 ], [ -122.12369, 37.7193 ], [ -122.12398, 37.71642 ], [ -122.13097, 37.71449 ], [ -122.1351, 37.72166 ], [ -122.14106, 37.71602 ], [ -122.14326, 37.7176 ], [ -122.14889, 37.71352 ], [ -122.14722, 37.71103 ], [ -122.15398, 37.71574 ], [ -122.15559, 37.71508 ], [ -122.14123, 37.7019 ], [ -122.14421, 37.70106 ], [ -122.14657, 37.70467 ], [ -122.1503, 37.70342 ], [ -122.15232, 37.70573 ], [ -122.15548, 37.70441 ], [ -122.15923, 37.70716 ], [ -122.16097, 37.70647 ], [ -122.15915, 37.70518 ], [ -122.15884, 37.70272 ], [ -122.1657, 37.70044 ], [ -122.16264, 37.6952 ], [ -122.16237, 37.68917 ], [ -122.167, 37.69123 ], [ -122.18409, 37.69101 ], [ -122.18726, 37.6903 ], [ -122.19194, 37.69387 ], [ -122.18957, 37.69474 ], [ -122.18836, 37.69164 ], [ -122.18665, 37.69083 ], [ -122.18553, 37.69146 ], [ -122.18787, 37.69452 ], [ -122.18705, 37.69588 ], [ -122.1889, 37.69528 ], [ -122.18959, 37.69601 ], [ -122.19299, 37.69468 ], [ -122.20155, 37.70502 ], [ -122.20416, 37.7116 ], [ -122.20919, 37.71001 ], [ -122.20973, 37.71109 ] ] ] } },
{ "type": "Feature", "properties": { "zcta": "94578", "individual": 1, "student": 0, "company": 0, "w2017_19": 0, "w2020_23": 0, "w2024_26": 1, "w2017_19_student": 0, "w2017_19_share": null, "w2017_19_mix": null, "w2020_23_student": 0, "w2020_23_share": null, "w2020_23_mix": null, "w2024_26_student": 0, "w2024_26_share": 0.0, "w2024_26_mix": "No students", "y2017": 0, "y2017_individual": 0, "y2017_student": 0, "y2017_company": 0, "y2018": 0, "y2018_individual": 0, "y2018_student": 0, "y2018_company": 0, "y2019": 0, "y2019_individual": 0, "y2019_student": 0, "y2019_company": 0, "y2020": 0, "y2020_individual": 0, "y2020_student": 0, "y2020_company": 0, "y2021": 0, "y2021_individual": 0, "y2021_student": 0, "y2021_company": 0, "y2022": 0, "y2022_individual": 0, "y2022_student": 0, "y2022_company": 0, "y2023": 0, "y2023_individual": 0, "y2023_student": 0, "y2023_company": 0, "y2024": 0, "y2024_individual": 0, "y2024_student": 0, "y2024_company": 0, "y2025": 1, "y2025_individual": 1, "y2025_student": 0, "y2025_company": 0, "y2026": 0, "y2026_individual": 0, "y2026_student": 0, "y2026_company": 0, "total": 1, "student_share": 0.0, "recent_share": 1.0, "first_year": 2025, "last_year": 2025, "n_2026": 0, "reassigned_n": 0, "dominant_type": "Individual", "mix": "No students", "place": "San Leandro" }, "geometry": { "type": "Polygon", "coordinates": [ [ [ -122.15923, 37.70716 ], [ -122.15548, 37.70441 ], [ -122.15232, 37.70573 ], [ -122.1503, 37.70342 ], [ -122.14657, 37.70467 ], [ -122.14421, 37.70106 ], [ -122.14123, 37.7019 ], [ -122.15559, 37.71508 ], [ -122.15398, 37.71574 ], [ -122.14722, 37.71103 ], [ -122.14889, 37.71352 ], [ -122.14326, 37.7176 ], [ -122.14106, 37.71602 ], [ -122.1351, 37.72166 ], [ -122.13097, 37.71449 ], [ -122.12398, 37.71642 ], [ -122.12369, 37.7193 ], [ -122.12649, 37.72758 ], [ -122.12323, 37.72704 ], [ -122.11931, 37.72905 ], [ -122.11292, 37.72257 ], [ -122.11004, 37.72168 ], [ -122.10974, 37.71983 ], [ -122.10525, 37.71575 ], [ -122.1047, 37.71476 ], [ -122.11034, 37.71288 ], [ -122.10836, 37.70983 ], [ -122.10849, 37.70815 ], [ -122.10616, 37.70796 ], [ -122.10384, 37.70568 ], [ -122.10508, 37.7047 ], [ -122.10343, 37.70139 ], [ -122.10185, 37.70266 ], [ -122.09883, 37.70241 ], [ -122.09588, 37.69954 ], [ -122.09897, 37.69766 ], [ -122.09853, 37.69686 ], [ -122.10222, 37.69391 ], [ -122.10442, 37.69545 ], [ -122.10326, 37.69337 ], [ -122.10737, 37.69047 ], [ -122.10594, 37.68931 ], [ -122.11184, 37.68872 ], [ -122.11157, 37.69127 ], [ -122.10988, 37.69207 ], [ -122.11196, 37.69354 ], [ -122.11338, 37.69236 ], [ -122.11433, 37.69521 ], [ -122.11885, 37.69665 ], [ -122.11882, 37.69837 ], [ -122.12106, 37.69965 ], [ -122.12121, 37.69868 ], [ -122.12836, 37.6982 ], [ -122.12953, 37.69728 ], [ -122.12965, 37.6924 ], [ -122.12815, 37.69106 ], [ -122.13722, 37.69006 ], [ -122.16097, 37.70647 ], [ -122.15923, 37.70716 ] ] ] } },
{ "type": "Feature", "properties": { "zcta": "94580", "individual": 1, "student": 1, "company": 0, "w2017_19": 0, "w2020_23": 1, "w2024_26": 1, "w2017_19_student": 0, "w2017_19_share": null, "w2017_19_mix": null, "w2020_23_student": 1, "w2020_23_share": 1.0, "w2020_23_mix": "Mostly students", "w2024_26_student": 0, "w2024_26_share": 0.0, "w2024_26_mix": "No students", "y2017": 0, "y2017_individual": 0, "y2017_student": 0, "y2017_company": 0, "y2018": 0, "y2018_individual": 0, "y2018_student": 0, "y2018_company": 0, "y2019": 0, "y2019_individual": 0, "y2019_student": 0, "y2019_company": 0, "y2020": 0, "y2020_individual": 0, "y2020_student": 0, "y2020_company": 0, "y2021": 0, "y2021_individual": 0, "y2021_student": 0, "y2021_company": 0, "y2022": 1, "y2022_individual": 0, "y2022_student": 1, "y2022_company": 0, "y2023": 0, "y2023_individual": 0, "y2023_student": 0, "y2023_company": 0, "y2024": 0, "y2024_individual": 0, "y2024_student": 0, "y2024_company": 0, "y2025": 1, "y2025_individual": 1, "y2025_student": 0, "y2025_company": 0, "y2026": 0, "y2026_individual": 0, "y2026_student": 0, "y2026_company": 0, "total": 2, "student_share": 0.5, "recent_share": 0.5, "first_year": 2022, "last_year": 2025, "n_2026": 0, "reassigned_n": 0, "dominant_type": "Individual", "mix": "Mixed", "place": "San Lorenzo" }, "geometry": { "type": "Polygon", "coordinates": [ [ [ -122.16205, 37.66756 ], [ -122.15506, 37.67114 ], [ -122.15556, 37.674 ], [ -122.15472, 37.67516 ], [ -122.14498, 37.67972 ], [ -122.14072, 37.68409 ], [ -122.13103, 37.68507 ], [ -122.129, 37.68439 ], [ -122.13193, 37.68664 ], [ -122.1301, 37.68662 ], [ -122.13013, 37.69112 ], [ -122.12815, 37.69106 ], [ -122.12965, 37.6924 ], [ -122.12953, 37.69728 ], [ -122.12836, 37.6982 ], [ -122.12121, 37.69868 ], [ -122.12106, 37.69965 ], [ -122.11882, 37.69837 ], [ -122.11885, 37.69665 ], [ -122.11433, 37.69521 ], [ -122.11338, 37.69236 ], [ -122.11196, 37.69354 ], [ -122.10988, 37.69207 ], [ -122.11157, 37.69127 ], [ -122.11184, 37.68872 ], [ -122.10554, 37.68903 ], [ -122.11136, 37.68844 ], [ -122.1147, 37.6887 ], [ -122.10845, 37.68444 ], [ -122.11074, 37.68468 ], [ -122.11321, 37.68633 ], [ -122.11942, 37.68526 ], [ -122.11979, 37.68373 ], [ -122.11405, 37.67867 ], [ -122.11867, 37.67571 ], [ -122.12355, 37.67421 ], [ -122.12075, 37.66978 ], [ -122.12307, 37.66813 ], [ -122.1279, 37.66786 ], [ -122.12768, 37.66518 ], [ -122.13447, 37.66457 ], [ -122.13436, 37.6628 ], [ -122.13927, 37.66253 ], [ -122.14375, 37.66335 ], [ -122.14592, 37.66568 ], [ -122.15086, 37.66278 ], [ -122.15243, 37.66395 ], [ -122.16011, 37.66384 ], [ -122.16205, 37.66756 ] ] ] } },
{ "type": "Feature", "properties": { "zcta": "94583", "individual": 1, "student": 0, "company": 0, "w2017_19": 0, "w2020_23": 1, "w2024_26": 0, "w2017_19_student": 0, "w2017_19_share": null, "w2017_19_mix": null, "w2020_23_student": 0, "w2020_23_share": 0.0, "w2020_23_mix": "No students", "w2024_26_student": 0, "w2024_26_share": null, "w2024_26_mix": null, "y2017": 0, "y2017_individual": 0, "y2017_student": 0, "y2017_company": 0, "y2018": 0, "y2018_individual": 0, "y2018_student": 0, "y2018_company": 0, "y2019": 0, "y2019_individual": 0, "y2019_student": 0, "y2019_company": 0, "y2020": 0, "y2020_individual": 0, "y2020_student": 0, "y2020_company": 0, "y2021": 0, "y2021_individual": 0, "y2021_student": 0, "y2021_company": 0, "y2022": 0, "y2022_individual": 0, "y2022_student": 0, "y2022_company": 0, "y2023": 1, "y2023_individual": 1, "y2023_student": 0, "y2023_company": 0, "y2024": 0, "y2024_individual": 0, "y2024_student": 0, "y2024_company": 0, "y2025": 0, "y2025_individual": 0, "y2025_student": 0, "y2025_company": 0, "y2026": 0, "y2026_individual": 0, "y2026_student": 0, "y2026_company": 0, "total": 1, "student_share": 0.0, "recent_share": 0.0, "first_year": 2023, "last_year": 2023, "n_2026": 0, "reassigned_n": 0, "dominant_type": "Individual", "mix": "No students", "place": "San Ramon" }, "geometry": { "type": "Polygon", "coordinates": [ [ [ -122.07067, 37.83556 ], [ -122.06142, 37.83561 ], [ -122.06157, 37.84298 ], [ -122.04788, 37.8422 ], [ -122.04788, 37.83876 ], [ -122.04331, 37.83846 ], [ -122.04331, 37.83751 ], [ -122.0362, 37.83711 ], [ -122.02594, 37.82786 ], [ -122.02508, 37.82579 ], [ -122.02855, 37.82765 ], [ -122.02863, 37.82518 ], [ -122.02482, 37.82524 ], [ -122.02394, 37.82357 ], [ -122.026, 37.8236 ], [ -122.02608, 37.80906 ], [ -122.00744, 37.80835 ], [ -122.0072, 37.80944 ], [ -122.00379, 37.81061 ], [ -122.00083, 37.80971 ], [ -122.00239, 37.8083 ], [ -122.0057, 37.8083 ], [ -122.00544, 37.79329 ], [ -121.9937, 37.79367 ], [ -121.99281, 37.787 ], [ -121.99214, 37.78738 ], [ -121.9912, 37.78644 ], [ -121.98052, 37.7872 ], [ -121.97647, 37.77993 ], [ -121.96864, 37.78295 ], [ -121.96688, 37.78048 ], [ -121.96446, 37.78146 ], [ -121.95536, 37.76898 ], [ -121.94086, 37.75794 ], [ -121.93848, 37.75354 ], [ -121.93108, 37.74482 ], [ -121.9293, 37.74472 ], [ -121.92949, 37.74383 ], [ -121.92477, 37.73785 ], [ -121.92281, 37.73795 ], [ -121.92002, 37.73582 ], [ -121.91737, 37.7289 ], [ -121.96004, 37.71853 ], [ -121.97194, 37.73032 ], [ -121.9801, 37.7311 ], [ -121.9881, 37.73315 ], [ -121.99543, 37.73835 ], [ -122.00107, 37.73903 ], [ -122.01177, 37.74743 ], [ -122.01129, 37.75417 ], [ -121.99741, 37.76336 ], [ -122.01407, 37.78023 ], [ -122.01777, 37.78123 ], [ -122.02197, 37.78423 ], [ -122.03047, 37.78773 ], [ -122.04327, 37.79663 ], [ -122.04412, 37.80062 ], [ -122.04281, 37.80198 ], [ -122.04642, 37.80395 ], [ -122.05049, 37.80968 ], [ -122.04778, 37.81207 ], [ -122.0443, 37.81212 ], [ -122.05464, 37.82106 ], [ -122.06147, 37.82346 ], [ -122.06702, 37.82852 ], [ -122.07078, 37.82877 ], [ -122.07067, 37.83556 ] ] ] } },
{ "type": "Feature", "properties": { "zcta": "94530", "individual": 2, "student": 1, "company": 0, "w2017_19": 1, "w2020_23": 1, "w2024_26": 1, "w2017_19_student": 0, "w2017_19_share": 0.0, "w2017_19_mix": "No students", "w2020_23_student": 1, "w2020_23_share": 1.0, "w2020_23_mix": "Mostly students", "w2024_26_student": 0, "w2024_26_share": 0.0, "w2024_26_mix": "No students", "y2017": 0, "y2017_individual": 0, "y2017_student": 0, "y2017_company": 0, "y2018": 0, "y2018_individual": 0, "y2018_student": 0, "y2018_company": 0, "y2019": 1, "y2019_individual": 1, "y2019_student": 0, "y2019_company": 0, "y2020": 0, "y2020_individual": 0, "y2020_student": 0, "y2020_company": 0, "y2021": 1, "y2021_individual": 0, "y2021_student": 1, "y2021_company": 0, "y2022": 0, "y2022_individual": 0, "y2022_student": 0, "y2022_company": 0, "y2023": 0, "y2023_individual": 0, "y2023_student": 0, "y2023_company": 0, "y2024": 0, "y2024_individual": 0, "y2024_student": 0, "y2024_company": 0, "y2025": 1, "y2025_individual": 1, "y2025_student": 0, "y2025_company": 0, "y2026": 0, "y2026_individual": 0, "y2026_student": 0, "y2026_company": 0, "total": 3, "student_share": 0.333, "recent_share": 0.333, "first_year": 2019, "last_year": 2025, "n_2026": 0, "reassigned_n": 0, "dominant_type": "Individual", "mix": "Mostly professional", "place": "El Cerrito" }, "geometry": { "type": "Polygon", "coordinates": [ [ [ -122.32317, 37.93089 ], [ -122.32038, 37.93112 ], [ -122.32032, 37.93834 ], [ -122.30357, 37.9382 ], [ -122.30319, 37.93912 ], [ -122.3076, 37.94273 ], [ -122.31107, 37.9436 ], [ -122.3119, 37.94513 ], [ -122.31132, 37.94672 ], [ -122.30577, 37.94199 ], [ -122.30193, 37.94082 ], [ -122.29873, 37.93718 ], [ -122.29198, 37.93452 ], [ -122.29152, 37.93339 ], [ -122.28899, 37.93368 ], [ -122.28003, 37.92242 ], [ -122.27856, 37.92001 ], [ -122.27937, 37.91961 ], [ -122.2713, 37.91406 ], [ -122.27337, 37.91105 ], [ -122.28121, 37.9187 ], [ -122.28255, 37.9189 ], [ -122.28908, 37.91425 ], [ -122.28718, 37.90991 ], [ -122.28906, 37.90908 ], [ -122.28846, 37.90562 ], [ -122.29104, 37.90415 ], [ -122.28865, 37.9036 ], [ -122.28817, 37.89784 ], [ -122.29621, 37.89893 ], [ -122.30541, 37.89816 ], [ -122.30705, 37.9025 ], [ -122.30853, 37.90095 ], [ -122.30989, 37.90202 ], [ -122.30586, 37.9038 ], [ -122.30553, 37.90545 ], [ -122.31077, 37.91357 ], [ -122.3124, 37.91467 ], [ -122.31194, 37.916 ], [ -122.31485, 37.91908 ], [ -122.32069, 37.91924 ], [ -122.3207, 37.9273 ], [ -122.32317, 37.93089 ] ] ] } },
{ "type": "Feature", "properties": { "zcta": "94538", "individual": 1, "student": 0, "company": 0, "w2017_19": 0, "w2020_23": 1, "w2024_26": 0, "w2017_19_student": 0, "w2017_19_share": null, "w2017_19_mix": null, "w2020_23_student": 0, "w2020_23_share": 0.0, "w2020_23_mix": "No students", "w2024_26_student": 0, "w2024_26_share": null, "w2024_26_mix": null, "y2017": 0, "y2017_individual": 0, "y2017_student": 0, "y2017_company": 0, "y2018": 0, "y2018_individual": 0, "y2018_student": 0, "y2018_company": 0, "y2019": 0, "y2019_individual": 0, "y2019_student": 0, "y2019_company": 0, "y2020": 0, "y2020_individual": 0, "y2020_student": 0, "y2020_company": 0, "y2021": 1, "y2021_individual": 1, "y2021_student": 0, "y2021_company": 0, "y2022": 0, "y2022_individual": 0, "y2022_student": 0, "y2022_company": 0, "y2023": 0, "y2023_individual": 0, "y2023_student": 0, "y2023_company": 0, "y2024": 0, "y2024_individual": 0, "y2024_student": 0, "y2024_company": 0, "y2025": 0, "y2025_individual": 0, "y2025_student": 0, "y2025_company": 0, "y2026": 0, "y2026_individual": 0, "y2026_student": 0, "y2026_company": 0, "total": 1, "student_share": 0.0, "recent_share": 0.0, "first_year": 2021, "last_year": 2021, "n_2026": 0, "reassigned_n": 0, "dominant_type": "Individual", "mix": "No students", "place": "Fremont" }, "geometry": { "type": "Polygon", "coordinates": [ [ [ -122.00254, 37.53253 ], [ -122.0015, 37.53374 ], [ -122.0021, 37.53546 ], [ -122.0005, 37.53738 ], [ -121.99852, 37.53637 ], [ -121.99789, 37.53711 ], [ -121.99862, 37.53749 ], [ -121.9878, 37.54943 ], [ -121.98847, 37.55057 ], [ -121.98735, 37.55 ], [ -121.98219, 37.55636 ], [ -121.9833, 37.55695 ], [ -121.98213, 37.55956 ], [ -121.98111, 37.55905 ], [ -121.97872, 37.5606 ], [ -121.98034, 37.56135 ], [ -121.98041, 37.56413 ], [ -121.97854, 37.56409 ], [ -121.97849, 37.56064 ], [ -121.98152, 37.55686 ], [ -121.97604, 37.55411 ], [ -121.97286, 37.55807 ], [ -121.96796, 37.56123 ], [ -121.96634, 37.55961 ], [ -121.96226, 37.56197 ], [ -121.96087, 37.56144 ], [ -121.96114, 37.55848 ], [ -121.96426, 37.55815 ], [ -121.96184, 37.55745 ], [ -121.95878, 37.55952 ], [ -121.95441, 37.5383 ], [ -121.95363, 37.52922 ], [ -121.94532, 37.51278 ], [ -121.94276, 37.51383 ], [ -121.94525, 37.51268 ], [ -121.9411, 37.50463 ], [ -121.9432, 37.50401 ], [ -121.94104, 37.50452 ], [ -121.91924, 37.46218 ], [ -121.91729, 37.46279 ], [ -121.9171, 37.45847 ], [ -121.92504, 37.45419 ], [ -121.9279, 37.45535 ], [ -121.92756, 37.45693 ], [ -121.92844, 37.45739 ], [ -121.93207, 37.45528 ], [ -121.93266, 37.45692 ], [ -121.93113, 37.45739 ], [ -121.93147, 37.46091 ], [ -121.93412, 37.46033 ], [ -121.93603, 37.46293 ], [ -121.9389, 37.46239 ], [ -121.94109, 37.46495 ], [ -121.94378, 37.46546 ], [ -121.94491, 37.46916 ], [ -121.94709, 37.46742 ], [ -121.94617, 37.46395 ], [ -121.94813, 37.46184 ], [ -121.95192, 37.46146 ], [ -121.95931, 37.46352 ], [ -121.9666, 37.46312 ], [ -121.96755, 37.46402 ], [ -121.96697, 37.46761 ], [ -121.95804, 37.47057 ], [ -121.96749, 37.4679 ], [ -121.97397, 37.46992 ], [ -121.97388, 37.48019 ], [ -121.99785, 37.50424 ], [ -121.99482, 37.51383 ], [ -121.98777, 37.52243 ], [ -122.00236, 37.52977 ], [ -122.00163, 37.53175 ], [ -122.00254, 37.53253 ] ], [ [ -121.9696, 37.55878 ], [ -121.96844, 37.55942 ], [ -121.969, 37.56012 ], [ -121.9701, 37.55952 ], [ -121.9696, 37.55878 ] ] ] } },
{ "type": "Feature", "properties": { "zcta": "94590", "individual": 1, "student": 1, "company": 0, "w2017_19": 0, "w2020_23": 2, "w2024_26": 0, "w2017_19_student": 0, "w2017_19_share": null, "w2017_19_mix": null, "w2020_23_student": 1, "w2020_23_share": 0.5, "w2020_23_mix": "Mixed", "w2024_26_student": 0, "w2024_26_share": null, "w2024_26_mix": null, "y2017": 0, "y2017_individual": 0, "y2017_student": 0, "y2017_company": 0, "y2018": 0, "y2018_individual": 0, "y2018_student": 0, "y2018_company": 0, "y2019": 0, "y2019_individual": 0, "y2019_student": 0, "y2019_company": 0, "y2020": 1, "y2020_individual": 1, "y2020_student": 0, "y2020_company": 0, "y2021": 0, "y2021_individual": 0, "y2021_student": 0, "y2021_company": 0, "y2022": 1, "y2022_individual": 0, "y2022_student": 1, "y2022_company": 0, "y2023": 0, "y2023_individual": 0, "y2023_student": 0, "y2023_company": 0, "y2024": 0, "y2024_individual": 0, "y2024_student": 0, "y2024_company": 0, "y2025": 0, "y2025_individual": 0, "y2025_student": 0, "y2025_company": 0, "y2026": 0, "y2026_individual": 0, "y2026_student": 0, "y2026_company": 0, "total": 2, "student_share": 0.5, "recent_share": 0.0, "first_year": 2020, "last_year": 2022, "n_2026": 0, "reassigned_n": 0, "dominant_type": "Individual", "mix": "Mixed", "place": "Vallejo" }, "geometry": { "type": "Polygon", "coordinates": [ [ [ -122.27997, 38.08094 ], [ -122.27351, 38.08444 ], [ -122.27277, 38.08571 ], [ -122.27401, 38.08707 ], [ -122.27203, 38.08817 ], [ -122.27171, 38.08628 ], [ -122.26807, 38.08143 ], [ -122.26782, 38.08022 ], [ -122.26932, 38.07943 ], [ -122.26568, 38.07543 ], [ -122.26238, 38.07556 ], [ -122.25784, 38.07333 ], [ -122.25343, 38.0737 ], [ -122.25122, 38.06943 ], [ -122.25176, 38.07176 ], [ -122.24807, 38.07664 ], [ -122.24707, 38.07577 ], [ -122.25383, 38.08481 ], [ -122.25579, 38.08546 ], [ -122.25589, 38.08724 ], [ -122.25822, 38.08647 ], [ -122.26102, 38.08913 ], [ -122.2588, 38.09022 ], [ -122.26114, 38.09244 ], [ -122.25921, 38.0937 ], [ -122.27422, 38.11109 ], [ -122.27192, 38.11196 ], [ -122.27248, 38.11354 ], [ -122.27106, 38.11354 ], [ -122.27616, 38.12074 ], [ -122.27593, 38.12205 ], [ -122.27205, 38.12375 ], [ -122.26319, 38.13125 ], [ -122.26112, 38.13065 ], [ -122.25606, 38.13175 ], [ -122.25535, 38.126 ], [ -122.25341, 38.12617 ], [ -122.2535, 38.12747 ], [ -122.24925, 38.12815 ], [ -122.24797, 38.12262 ], [ -122.24415, 38.12328 ], [ -122.23709, 38.12223 ], [ -122.22983, 38.12315 ], [ -122.22979, 38.09478 ], [ -122.23283, 38.08523 ], [ -122.2332, 38.08076 ], [ -122.23186, 38.0764 ], [ -122.22583, 38.06749 ], [ -122.22518, 38.06101 ], [ -122.24411, 38.06379 ], [ -122.26535, 38.05992 ], [ -122.26798, 38.06022 ], [ -122.27098, 38.06753 ], [ -122.26896, 38.06746 ], [ -122.26845, 38.07082 ], [ -122.26936, 38.07261 ], [ -122.27586, 38.07919 ], [ -122.27997, 38.08094 ] ] ] } },
{ "type": "Feature", "properties": { "zcta": "94542", "individual": 1, "student": 0, "company": 0, "w2017_19": 1, "w2020_23": 0, "w2024_26": 0, "w2017_19_student": 0, "w2017_19_share": 0.0, "w2017_19_mix": "No students", "w2020_23_student": 0, "w2020_23_share": null, "w2020_23_mix": null, "w2024_26_student": 0, "w2024_26_share": null, "w2024_26_mix": null, "y2017": 1, "y2017_individual": 1, "y2017_student": 0, "y2017_company": 0, "y2018": 0, "y2018_individual": 0, "y2018_student": 0, "y2018_company": 0, "y2019": 0, "y2019_individual": 0, "y2019_student": 0, "y2019_company": 0, "y2020": 0, "y2020_individual": 0, "y2020_student": 0, "y2020_company": 0, "y2021": 0, "y2021_individual": 0, "y2021_student": 0, "y2021_company": 0, "y2022": 0, "y2022_individual": 0, "y2022_student": 0, "y2022_company": 0, "y2023": 0, "y2023_individual": 0, "y2023_student": 0, "y2023_company": 0, "y2024": 0, "y2024_individual": 0, "y2024_student": 0, "y2024_company": 0, "y2025": 0, "y2025_individual": 0, "y2025_student": 0, "y2025_company": 0, "y2026": 0, "y2026_individual": 0, "y2026_student": 0, "y2026_company": 0, "total": 1, "student_share": 0.0, "recent_share": 0.0, "first_year": 2017, "last_year": 2017, "n_2026": 0, "reassigned_n": 0, "dominant_type": "Individual", "mix": "No students", "place": "Hayward" }, "geometry": { "type": "Polygon", "coordinates": [ [ [ -122.07802, 37.6655 ], [ -122.07278, 37.66738 ], [ -122.06639, 37.66672 ], [ -122.06292, 37.66522 ], [ -122.05923, 37.66638 ], [ -122.0563, 37.66578 ], [ -122.0529, 37.66693 ], [ -122.04632, 37.66476 ], [ -122.04087, 37.66532 ], [ -122.04038, 37.67179 ], [ -122.04216, 37.67179 ], [ -122.0429, 37.67359 ], [ -122.0501, 37.67139 ], [ -122.05459, 37.67367 ], [ -122.05233, 37.674 ], [ -122.04903, 37.67709 ], [ -122.04135, 37.68099 ], [ -122.04078, 37.67937 ], [ -122.0316, 37.67886 ], [ -122.02941, 37.67687 ], [ -122.02986, 37.6758 ], [ -122.03209, 37.67526 ], [ -122.03126, 37.67462 ], [ -122.02925, 37.67482 ], [ -122.02896, 37.6769 ], [ -122.03148, 37.67887 ], [ -122.02813, 37.67919 ], [ -122.02279, 37.67248 ], [ -122.02042, 37.67427 ], [ -122.01342, 37.67473 ], [ -122.0058, 37.67302 ], [ -122.00993, 37.66635 ], [ -122.00387, 37.66275 ], [ -122.00087, 37.66223 ], [ -122.00078, 37.65852 ], [ -121.99673, 37.65859 ], [ -121.99616, 37.65048 ], [ -121.98662, 37.6507 ], [ -121.98659, 37.63416 ], [ -121.99039, 37.63341 ], [ -121.99134, 37.63082 ], [ -121.99615, 37.63151 ], [ -121.99889, 37.63042 ], [ -121.99911, 37.62903 ], [ -122.00229, 37.6272 ], [ -122.00659, 37.62706 ], [ -122.01402, 37.63169 ], [ -122.01109, 37.63365 ], [ -122.01535, 37.63426 ], [ -122.01985, 37.63708 ], [ -122.0162, 37.64261 ], [ -122.01957, 37.64631 ], [ -122.02254, 37.64751 ], [ -122.02832, 37.64784 ], [ -122.03102, 37.6456 ], [ -122.03597, 37.64553 ], [ -122.04483, 37.64737 ], [ -122.04956, 37.6465 ], [ -122.05546, 37.65069 ], [ -122.05975, 37.64964 ], [ -122.06224, 37.64992 ], [ -122.0646, 37.64827 ], [ -122.07131, 37.65817 ], [ -122.072, 37.6578 ], [ -122.07802, 37.6655 ] ] ] } },
{ "type": "Feature", "properties": { "zcta": "94596", "individual": 6, "student": 1, "company": 2, "w2017_19": 5, "w2020_23": 3, "w2024_26": 1, "w2017_19_student": 0, "w2017_19_share": 0.0, "w2017_19_mix": "No students", "w2020_23_student": 0, "w2020_23_share": 0.0, "w2020_23_mix": "No students", "w2024_26_student": 1, "w2024_26_share": 1.0, "w2024_26_mix": "Mostly students", "y2017": 0, "y2017_individual": 0, "y2017_student": 0, "y2017_company": 0, "y2018": 1, "y2018_individual": 1, "y2018_student": 0, "y2018_company": 0, "y2019": 4, "y2019_individual": 2, "y2019_student": 0, "y2019_company": 2, "y2020": 1, "y2020_individual": 1, "y2020_student": 0, "y2020_company": 0, "y2021": 0, "y2021_individual": 0, "y2021_student": 0, "y2021_company": 0, "y2022": 2, "y2022_individual": 2, "y2022_student": 0, "y2022_company": 0, "y2023": 0, "y2023_individual": 0, "y2023_student": 0, "y2023_company": 0, "y2024": 0, "y2024_individual": 0, "y2024_student": 0, "y2024_company": 0, "y2025": 0, "y2025_individual": 0, "y2025_student": 0, "y2025_company": 0, "y2026": 1, "y2026_individual": 0, "y2026_student": 1, "y2026_company": 0, "total": 9, "student_share": 0.111, "recent_share": 0.111, "first_year": 2018, "last_year": 2026, "n_2026": 1, "reassigned_n": 0, "dominant_type": "Individual", "mix": "Mostly professional", "place": "Walnut Creek" }, "geometry": { "type": "Polygon", "coordinates": [ [ [ -122.07088, 37.89812 ], [ -122.06625, 37.91463 ], [ -122.06408, 37.91726 ], [ -122.06277, 37.91725 ], [ -122.06371, 37.91177 ], [ -122.06009, 37.91165 ], [ -122.05949, 37.9153 ], [ -122.05802, 37.91531 ], [ -122.058, 37.91711 ], [ -122.05631, 37.91715 ], [ -122.05836, 37.91055 ], [ -122.05781, 37.90708 ], [ -122.05208, 37.90806 ], [ -122.05004, 37.90226 ], [ -122.05062, 37.90117 ], [ -122.04936, 37.89955 ], [ -122.03594, 37.89965 ], [ -122.03256, 37.89479 ], [ -122.0303, 37.90076 ], [ -122.03335, 37.90201 ], [ -122.03337, 37.90342 ], [ -122.02957, 37.90242 ], [ -122.02505, 37.89961 ], [ -122.01922, 37.89831 ], [ -122.00243, 37.89151 ], [ -121.99981, 37.88433 ], [ -122.01488, 37.88053 ], [ -122.01029, 37.87187 ], [ -122.02003, 37.87352 ], [ -122.02016, 37.86647 ], [ -122.02324, 37.86641 ], [ -122.02317, 37.87195 ], [ -122.02605, 37.8734 ], [ -122.02615, 37.86649 ], [ -122.0286, 37.86583 ], [ -122.02893, 37.8679 ], [ -122.03545, 37.86784 ], [ -122.03703, 37.86571 ], [ -122.03879, 37.86872 ], [ -122.0409, 37.86967 ], [ -122.0578, 37.88937 ], [ -122.06972, 37.89539 ], [ -122.07088, 37.89812 ] ] ] } },
{ "type": "Feature", "properties": { "zcta": "94546", "individual": 2, "student": 1, "company": 0, "w2017_19": 0, "w2020_23": 1, "w2024_26": 2, "w2017_19_student": 0, "w2017_19_share": null, "w2017_19_mix": null, "w2020_23_student": 0, "w2020_23_share": 0.0, "w2020_23_mix": "No students", "w2024_26_student": 1, "w2024_26_share": 0.5, "w2024_26_mix": "Mixed", "y2017": 0, "y2017_individual": 0, "y2017_student": 0, "y2017_company": 0, "y2018": 0, "y2018_individual": 0, "y2018_student": 0, "y2018_company": 0, "y2019": 0, "y2019_individual": 0, "y2019_student": 0, "y2019_company": 0, "y2020": 0, "y2020_individual": 0, "y2020_student": 0, "y2020_company": 0, "y2021": 0, "y2021_individual": 0, "y2021_student": 0, "y2021_company": 0, "y2022": 0, "y2022_individual": 0, "y2022_student": 0, "y2022_company": 0, "y2023": 1, "y2023_individual": 1, "y2023_student": 0, "y2023_company": 0, "y2024": 0, "y2024_individual": 0, "y2024_student": 0, "y2024_company": 0, "y2025": 1, "y2025_individual": 1, "y2025_student": 0, "y2025_company": 0, "y2026": 1, "y2026_individual": 0, "y2026_student": 1, "y2026_company": 0, "total": 3, "student_share": 0.333, "recent_share": 0.667, "first_year": 2023, "last_year": 2026, "n_2026": 1, "reassigned_n": 0, "dominant_type": "Individual", "mix": "Mostly professional", "place": "Castro Valley" }, "geometry": { "type": "Polygon", "coordinates": [ [ [ -122.13663, 37.79684 ], [ -122.13282, 37.79398 ], [ -122.12282, 37.78128 ], [ -122.11633, 37.77651 ], [ -122.11485, 37.77671 ], [ -122.11468, 37.77877 ], [ -122.12029, 37.78803 ], [ -122.12301, 37.79001 ], [ -122.12358, 37.79418 ], [ -122.12979, 37.79657 ], [ -122.13526, 37.80448 ], [ -122.11381, 37.80273 ], [ -122.11913, 37.79411 ], [ -122.12099, 37.79298 ], [ -122.12108, 37.79147 ], [ -122.11852, 37.78947 ], [ -122.11547, 37.7829 ], [ -122.11264, 37.78707 ], [ -122.10789, 37.78867 ], [ -122.10344, 37.78714 ], [ -122.10204, 37.78484 ], [ -122.09892, 37.78427 ], [ -122.0964, 37.78494 ], [ -122.09426, 37.7884 ], [ -122.09312, 37.78849 ], [ -122.09401, 37.78371 ], [ -122.09657, 37.78236 ], [ -122.093, 37.78175 ], [ -122.09223, 37.78021 ], [ -122.09322, 37.77676 ], [ -122.08948, 37.77223 ], [ -122.09407, 37.76433 ], [ -122.09205, 37.76497 ], [ -122.08876, 37.75632 ], [ -122.08026, 37.74935 ], [ -122.07772, 37.74821 ], [ -122.07747, 37.74976 ], [ -122.07972, 37.74963 ], [ -122.08099, 37.7532 ], [ -122.08177, 37.75576 ], [ -122.08046, 37.75727 ], [ -122.08124, 37.75959 ], [ -122.08077, 37.75902 ], [ -122.07614, 37.76265 ], [ -122.06841, 37.76209 ], [ -122.06892, 37.75707 ], [ -122.07065, 37.75675 ], [ -122.06775, 37.75617 ], [ -122.0631, 37.75119 ], [ -122.06256, 37.74997 ], [ -122.0636, 37.74916 ], [ -122.06221, 37.74843 ], [ -122.05993, 37.73878 ], [ -122.06169, 37.72955 ], [ -122.06418, 37.72347 ], [ -122.06264, 37.72318 ], [ -122.06399, 37.72036 ], [ -122.06275, 37.71967 ], [ -122.06326, 37.71794 ], [ -122.05858, 37.71846 ], [ -122.05993, 37.7147 ], [ -122.05838, 37.7144 ], [ -122.05932, 37.7123 ], [ -122.05779, 37.7112 ], [ -122.05594, 37.71144 ], [ -122.05656, 37.70417 ], [ -122.0554, 37.70378 ], [ -122.05447, 37.70157 ], [ -122.05656, 37.6981 ], [ -122.05703, 37.69506 ], [ -122.05828, 37.69573 ], [ -122.06014, 37.6932 ], [ -122.06233, 37.6926 ], [ -122.06244, 37.69161 ], [ -122.0588, 37.69206 ], [ -122.06216, 37.68589 ], [ -122.06512, 37.68555 ], [ -122.06659, 37.68402 ], [ -122.06828, 37.68491 ], [ -122.06892, 37.68373 ], [ -122.07038, 37.68417 ], [ -122.07024, 37.68137 ], [ -122.07201, 37.68099 ], [ -122.07322, 37.68198 ], [ -122.07558, 37.67926 ], [ -122.07691, 37.67892 ], [ -122.08018, 37.68174 ], [ -122.08376, 37.6815 ], [ -122.08895, 37.68419 ], [ -122.09025, 37.68365 ], [ -122.09629, 37.68804 ], [ -122.09401, 37.69005 ], [ -122.09845, 37.69035 ], [ -122.10105, 37.69175 ], [ -122.10442, 37.69545 ], [ -122.10222, 37.69391 ], [ -122.09853, 37.69686 ], [ -122.09897, 37.69766 ], [ -122.09588, 37.69954 ], [ -122.09883, 37.70241 ], [ -122.10185, 37.70266 ], [ -122.10343, 37.70139 ], [ -122.10508, 37.7047 ], [ -122.10384, 37.70568 ], [ -122.10616, 37.70796 ], [ -122.10849, 37.70815 ], [ -122.10836, 37.70983 ], [ -122.11034, 37.71288 ], [ -122.1047, 37.71476 ], [ -122.10525, 37.71575 ], [ -122.10974, 37.71983 ], [ -122.11004, 37.72168 ], [ -122.11292, 37.72257 ], [ -122.11931, 37.72905 ], [ -122.12089, 37.72826 ], [ -122.12217, 37.72939 ], [ -122.12108, 37.7319 ], [ -122.11509, 37.73528 ], [ -122.1155, 37.74887 ], [ -122.11855, 37.7538 ], [ -122.11672, 37.75687 ], [ -122.11698, 37.76066 ], [ -122.12691, 37.77753 ], [ -122.12464, 37.77753 ], [ -122.12444, 37.77983 ], [ -122.12712, 37.78269 ], [ -122.13395, 37.79421 ], [ -122.13614, 37.79642 ], [ -122.13929, 37.79722 ], [ -122.13663, 37.79684 ] ] ] } },
{ "type": "Feature", "properties": { "zcta": "94598", "individual": 1, "student": 0, "company": 0, "w2017_19": 1, "w2020_23": 0, "w2024_26": 0, "w2017_19_student": 0, "w2017_19_share": 0.0, "w2017_19_mix": "No students", "w2020_23_student": 0, "w2020_23_share": null, "w2020_23_mix": null, "w2024_26_student": 0, "w2024_26_share": null, "w2024_26_mix": null, "y2017": 0, "y2017_individual": 0, "y2017_student": 0, "y2017_company": 0, "y2018": 1, "y2018_individual": 1, "y2018_student": 0, "y2018_company": 0, "y2019": 0, "y2019_individual": 0, "y2019_student": 0, "y2019_company": 0, "y2020": 0, "y2020_individual": 0, "y2020_student": 0, "y2020_company": 0, "y2021": 0, "y2021_individual": 0, "y2021_student": 0, "y2021_company": 0, "y2022": 0, "y2022_individual": 0, "y2022_student": 0, "y2022_company": 0, "y2023": 0, "y2023_individual": 0, "y2023_student": 0, "y2023_company": 0, "y2024": 0, "y2024_individual": 0, "y2024_student": 0, "y2024_company": 0, "y2025": 0, "y2025_individual": 0, "y2025_student": 0, "y2025_company": 0, "y2026": 0, "y2026_individual": 0, "y2026_student": 0, "y2026_company": 0, "total": 1, "student_share": 0.0, "recent_share": 0.0, "first_year": 2018, "last_year": 2018, "n_2026": 0, "reassigned_n": 0, "dominant_type": "Individual", "mix": "No students", "place": "Walnut Creek" }, "geometry": { "type": "Polygon", "coordinates": [ [ [ -122.05489, 37.90813 ], [ -122.05227, 37.909 ], [ -122.05335, 37.91179 ], [ -122.05209, 37.91756 ], [ -122.05454, 37.91757 ], [ -122.05387, 37.91981 ], [ -122.05055, 37.92088 ], [ -122.0489, 37.92604 ], [ -122.05104, 37.92646 ], [ -122.05111, 37.92718 ], [ -122.04953, 37.9289 ], [ -122.04766, 37.92901 ], [ -122.04764, 37.93367 ], [ -122.03587, 37.93939 ], [ -122.0332, 37.93642 ], [ -122.03489, 37.93555 ], [ -122.0337, 37.9342 ], [ -122.03513, 37.93347 ], [ -122.03378, 37.932 ], [ -122.02902, 37.93445 ], [ -122.02631, 37.93147 ], [ -122.01908, 37.9356 ], [ -122.01745, 37.93561 ], [ -122.0103, 37.94047 ], [ -122.00771, 37.93953 ], [ -122.00804, 37.93789 ], [ -122.00447, 37.93445 ], [ -122.00388, 37.93071 ], [ -121.9977, 37.93721 ], [ -121.9969, 37.94269 ], [ -121.98531, 37.93434 ], [ -121.98611, 37.93321 ], [ -121.98367, 37.92978 ], [ -121.98512, 37.92776 ], [ -121.98427, 37.92584 ], [ -121.98061, 37.92386 ], [ -121.97829, 37.9198 ], [ -121.97893, 37.91765 ], [ -121.97716, 37.91611 ], [ -121.98946, 37.89978 ], [ -121.99064, 37.89958 ], [ -121.98817, 37.89812 ], [ -121.98882, 37.89718 ], [ -121.98799, 37.89469 ], [ -121.98179, 37.8899 ], [ -121.97771, 37.88527 ], [ -121.9629, 37.88821 ], [ -121.94074, 37.88815 ], [ -121.94089, 37.88144 ], [ -121.91406, 37.88194 ], [ -121.91438, 37.86215 ], [ -121.91099, 37.85834 ], [ -121.911, 37.84609 ], [ -121.89339, 37.84609 ], [ -121.89597, 37.83823 ], [ -121.92107, 37.84302 ], [ -121.92776, 37.84606 ], [ -121.93387, 37.85039 ], [ -121.93349, 37.85235 ], [ -121.93699, 37.85435 ], [ -121.94528, 37.85533 ], [ -121.94997, 37.85518 ], [ -121.95084, 37.8542 ], [ -121.95455, 37.85578 ], [ -121.95531, 37.85517 ], [ -121.95647, 37.85792 ], [ -121.96396, 37.86057 ], [ -121.96667, 37.85979 ], [ -121.9693, 37.86242 ], [ -121.98909, 37.86181 ], [ -121.98991, 37.86837 ], [ -121.99834, 37.86983 ], [ -121.99713, 37.87233 ], [ -122.00181, 37.87372 ], [ -122.00049, 37.87698 ], [ -122.00347, 37.87776 ], [ -122.00642, 37.87978 ], [ -122.00989, 37.87789 ], [ -122.01172, 37.87456 ], [ -122.01488, 37.88053 ], [ -121.99981, 37.88433 ], [ -122.00243, 37.89151 ], [ -122.01922, 37.89831 ], [ -122.02505, 37.89961 ], [ -122.02957, 37.90242 ], [ -122.03337, 37.90342 ], [ -122.03335, 37.90201 ], [ -122.0303, 37.90076 ], [ -122.03256, 37.89479 ], [ -122.03594, 37.89965 ], [ -122.04936, 37.89955 ], [ -122.05062, 37.90117 ], [ -122.05004, 37.90226 ], [ -122.05208, 37.90806 ], [ -122.05447, 37.90726 ], [ -122.05489, 37.90813 ] ] ] } },
{ "type": "Feature", "properties": { "zcta": "94602", "individual": 1, "student": 0, "company": 0, "w2017_19": 1, "w2020_23": 0, "w2024_26": 0, "w2017_19_student": 0, "w2017_19_share": 0.0, "w2017_19_mix": "No students", "w2020_23_student": 0, "w2020_23_share": null, "w2020_23_mix": null, "w2024_26_student": 0, "w2024_26_share": null, "w2024_26_mix": null, "y2017": 0, "y2017_individual": 0, "y2017_student": 0, "y2017_company": 0, "y2018": 0, "y2018_individual": 0, "y2018_student": 0, "y2018_company": 0, "y2019": 1, "y2019_individual": 1, "y2019_student": 0, "y2019_company": 0, "y2020": 0, "y2020_individual": 0, "y2020_student": 0, "y2020_company": 0, "y2021": 0, "y2021_individual": 0, "y2021_student": 0, "y2021_company": 0, "y2022": 0, "y2022_individual": 0, "y2022_student": 0, "y2022_company": 0, "y2023": 0, "y2023_individual": 0, "y2023_student": 0, "y2023_company": 0, "y2024": 0, "y2024_individual": 0, "y2024_student": 0, "y2024_company": 0, "y2025": 0, "y2025_individual": 0, "y2025_student": 0, "y2025_company": 0, "y2026": 0, "y2026_individual": 0, "y2026_student": 0, "y2026_company": 0, "total": 1, "student_share": 0.0, "recent_share": 0.0, "first_year": 2019, "last_year": 2019, "n_2026": 0, "reassigned_n": 0, "dominant_type": "Individual", "mix": "No students", "place": "Oakland" }, "geometry": { "type": "Polygon", "coordinates": [ [ [ -122.23468, 37.79983 ], [ -122.2285, 37.80465 ], [ -122.22954, 37.80549 ], [ -122.22567, 37.80774 ], [ -122.22328, 37.8079 ], [ -122.22449, 37.80955 ], [ -122.22263, 37.81018 ], [ -122.21989, 37.81333 ], [ -122.21517, 37.81228 ], [ -122.21247, 37.81672 ], [ -122.20771, 37.82104 ], [ -122.19779, 37.81059 ], [ -122.20082, 37.81402 ], [ -122.19903, 37.8152 ], [ -122.19389, 37.81374 ], [ -122.18934, 37.81452 ], [ -122.18543, 37.81941 ], [ -122.1806, 37.81754 ], [ -122.18013, 37.81605 ], [ -122.17587, 37.81329 ], [ -122.17485, 37.80955 ], [ -122.17852, 37.80535 ], [ -122.18115, 37.80439 ], [ -122.181, 37.80138 ], [ -122.18217, 37.80097 ], [ -122.18717, 37.80443 ], [ -122.18915, 37.80467 ], [ -122.19018, 37.80376 ], [ -122.185, 37.7984 ], [ -122.19504, 37.80823 ], [ -122.1901, 37.80141 ], [ -122.18998, 37.79891 ], [ -122.19571, 37.79695 ], [ -122.20263, 37.79269 ], [ -122.20427, 37.79328 ], [ -122.2032, 37.7922 ], [ -122.21013, 37.78865 ], [ -122.21895, 37.79328 ], [ -122.2208, 37.79317 ], [ -122.22053, 37.79433 ], [ -122.22295, 37.79495 ], [ -122.22084, 37.79726 ], [ -122.22104, 37.79916 ], [ -122.22426, 37.79982 ], [ -122.22577, 37.79643 ], [ -122.22961, 37.79832 ], [ -122.23317, 37.79669 ], [ -122.23342, 37.79965 ], [ -122.23468, 37.79983 ] ] ] } },
{ "type": "Feature", "properties": { "zcta": "94606", "individual": 2, "student": 0, "company": 0, "w2017_19": 0, "w2020_23": 2, "w2024_26": 0, "w2017_19_student": 0, "w2017_19_share": null, "w2017_19_mix": null, "w2020_23_student": 0, "w2020_23_share": 0.0, "w2020_23_mix": "No students", "w2024_26_student": 0, "w2024_26_share": null, "w2024_26_mix": null, "y2017": 0, "y2017_individual": 0, "y2017_student": 0, "y2017_company": 0, "y2018": 0, "y2018_individual": 0, "y2018_student": 0, "y2018_company": 0, "y2019": 0, "y2019_individual": 0, "y2019_student": 0, "y2019_company": 0, "y2020": 0, "y2020_individual": 0, "y2020_student": 0, "y2020_company": 0, "y2021": 1, "y2021_individual": 1, "y2021_student": 0, "y2021_company": 0, "y2022": 1, "y2022_individual": 1, "y2022_student": 0, "y2022_company": 0, "y2023": 0, "y2023_individual": 0, "y2023_student": 0, "y2023_company": 0, "y2024": 0, "y2024_individual": 0, "y2024_student": 0, "y2024_company": 0, "y2025": 0, "y2025_individual": 0, "y2025_student": 0, "y2025_company": 0, "y2026": 0, "y2026_individual": 0, "y2026_student": 0, "y2026_company": 0, "total": 2, "student_share": 0.0, "recent_share": 0.0, "first_year": 2021, "last_year": 2022, "n_2026": 0, "reassigned_n": 0, "dominant_type": "Individual", "mix": "No students", "place": "Oakland" }, "geometry": { "type": "Polygon", "coordinates": [ [ [ -122.26296, 37.79118 ], [ -122.25958, 37.79632 ], [ -122.25955, 37.7983 ], [ -122.25451, 37.80056 ], [ -122.25345, 37.80361 ], [ -122.2506, 37.80524 ], [ -122.24958, 37.80756 ], [ -122.2489, 37.80733 ], [ -122.25006, 37.80506 ], [ -122.24669, 37.8066 ], [ -122.24087, 37.80474 ], [ -122.23979, 37.80262 ], [ -122.23556, 37.799 ], [ -122.23342, 37.79965 ], [ -122.23317, 37.79669 ], [ -122.22961, 37.79832 ], [ -122.22577, 37.79643 ], [ -122.22426, 37.79982 ], [ -122.22104, 37.79916 ], [ -122.22084, 37.79726 ], [ -122.22295, 37.79495 ], [ -122.22592, 37.79452 ], [ -122.22826, 37.79076 ], [ -122.23091, 37.78944 ], [ -122.23156, 37.78685 ], [ -122.23595, 37.78336 ], [ -122.23632, 37.78239 ], [ -122.23463, 37.78137 ], [ -122.23529, 37.78069 ], [ -122.23742, 37.78213 ], [ -122.236, 37.77386 ], [ -122.235, 37.77316 ], [ -122.23649, 37.7717 ], [ -122.24354, 37.77628 ], [ -122.24522, 37.78303 ], [ -122.24659, 37.78468 ], [ -122.25133, 37.78688 ], [ -122.25396, 37.78678 ], [ -122.26006, 37.78449 ], [ -122.26854, 37.78793 ], [ -122.26296, 37.79118 ] ] ] } },
{ "type": "Feature", "properties": { "zcta": "94609", "individual": 3, "student": 1, "company": 0, "w2017_19": 0, "w2020_23": 1, "w2024_26": 3, "w2017_19_student": 0, "w2017_19_share": null, "w2017_19_mix": null, "w2020_23_student": 0, "w2020_23_share": 0.0, "w2020_23_mix": "No students", "w2024_26_student": 1, "w2024_26_share": 0.333, "w2024_26_mix": "Mostly professional", "y2017": 0, "y2017_individual": 0, "y2017_student": 0, "y2017_company": 0, "y2018": 0, "y2018_individual": 0, "y2018_student": 0, "y2018_company": 0, "y2019": 0, "y2019_individual": 0, "y2019_student": 0, "y2019_company": 0, "y2020": 1, "y2020_individual": 1, "y2020_student": 0, "y2020_company": 0, "y2021": 0, "y2021_individual": 0, "y2021_student": 0, "y2021_company": 0, "y2022": 0, "y2022_individual": 0, "y2022_student": 0, "y2022_company": 0, "y2023": 0, "y2023_individual": 0, "y2023_student": 0, "y2023_company": 0, "y2024": 0, "y2024_individual": 0, "y2024_student": 0, "y2024_company": 0, "y2025": 1, "y2025_individual": 1, "y2025_student": 0, "y2025_company": 0, "y2026": 2, "y2026_individual": 1, "y2026_student": 1, "y2026_company": 0, "total": 4, "student_share": 0.25, "recent_share": 0.75, "first_year": 2020, "last_year": 2026, "n_2026": 2, "reassigned_n": 0, "dominant_type": "Individual", "mix": "Mostly professional", "place": "Oakland" }, "geometry": { "type": "Polygon", "coordinates": [ [ [ -122.27506, 37.82606 ], [ -122.2718, 37.82523 ], [ -122.26986, 37.83469 ], [ -122.26806, 37.83553 ], [ -122.26931, 37.8371 ], [ -122.27131, 37.846 ], [ -122.26914, 37.84674 ], [ -122.26941, 37.84811 ], [ -122.26837, 37.84877 ], [ -122.26897, 37.85162 ], [ -122.25721, 37.85295 ], [ -122.25632, 37.84611 ], [ -122.25858, 37.8424 ], [ -122.25792, 37.84261 ], [ -122.26236, 37.83731 ], [ -122.26087, 37.83712 ], [ -122.26083, 37.83802 ], [ -122.26001, 37.83701 ], [ -122.25428, 37.83546 ], [ -122.25509, 37.83506 ], [ -122.25302, 37.83356 ], [ -122.25674, 37.82763 ], [ -122.25782, 37.8281 ], [ -122.25868, 37.82451 ], [ -122.26166, 37.8252 ], [ -122.262, 37.82301 ], [ -122.26001, 37.82242 ], [ -122.26106, 37.8207 ], [ -122.26294, 37.82076 ], [ -122.26347, 37.8188 ], [ -122.26237, 37.81861 ], [ -122.26413, 37.81627 ], [ -122.2677, 37.81686 ], [ -122.26749, 37.81824 ], [ -122.26799, 37.81626 ], [ -122.27075, 37.81676 ], [ -122.27032, 37.81793 ], [ -122.27246, 37.81762 ], [ -122.27214, 37.81888 ], [ -122.27375, 37.81914 ], [ -122.27238, 37.8248 ], [ -122.27506, 37.82606 ] ] ] } },
{ "type": "Feature", "properties": { "zcta": "94610", "individual": 3, "student": 1, "company": 0, "w2017_19": 1, "w2020_23": 1, "w2024_26": 2, "w2017_19_student": 0, "w2017_19_share": 0.0, "w2017_19_mix": "No students", "w2020_23_student": 1, "w2020_23_share": 1.0, "w2020_23_mix": "Mostly students", "w2024_26_student": 0, "w2024_26_share": 0.0, "w2024_26_mix": "No students", "y2017": 0, "y2017_individual": 0, "y2017_student": 0, "y2017_company": 0, "y2018": 1, "y2018_individual": 1, "y2018_student": 0, "y2018_company": 0, "y2019": 0, "y2019_individual": 0, "y2019_student": 0, "y2019_company": 0, "y2020": 0, "y2020_individual": 0, "y2020_student": 0, "y2020_company": 0, "y2021": 0, "y2021_individual": 0, "y2021_student": 0, "y2021_company": 0, "y2022": 0, "y2022_individual": 0, "y2022_student": 0, "y2022_company": 0, "y2023": 1, "y2023_individual": 0, "y2023_student": 1, "y2023_company": 0, "y2024": 1, "y2024_individual": 1, "y2024_student": 0, "y2024_company": 0, "y2025": 0, "y2025_individual": 0, "y2025_student": 0, "y2025_company": 0, "y2026": 1, "y2026_individual": 1, "y2026_student": 0, "y2026_company": 0, "total": 4, "student_share": 0.25, "recent_share": 0.5, "first_year": 2018, "last_year": 2026, "n_2026": 1, "reassigned_n": 0, "dominant_type": "Individual", "mix": "Mostly professional", "place": "Oakland" }, "geometry": { "type": "Polygon", "coordinates": [ [ [ -122.26158, 37.81288 ], [ -122.25386, 37.81837 ], [ -122.25712, 37.82118 ], [ -122.25566, 37.8226 ], [ -122.25346, 37.8192 ], [ -122.24757, 37.82157 ], [ -122.24514, 37.81935 ], [ -122.24414, 37.82253 ], [ -122.23916, 37.82361 ], [ -122.23721, 37.82221 ], [ -122.23581, 37.81944 ], [ -122.23387, 37.82003 ], [ -122.23107, 37.81709 ], [ -122.22889, 37.81653 ], [ -122.22756, 37.81743 ], [ -122.22524, 37.81709 ], [ -122.22523, 37.8189 ], [ -122.22012, 37.81721 ], [ -122.22148, 37.81565 ], [ -122.22054, 37.81381 ], [ -122.21851, 37.81405 ], [ -122.21668, 37.81283 ], [ -122.21989, 37.81333 ], [ -122.22263, 37.81018 ], [ -122.22449, 37.80955 ], [ -122.22328, 37.8079 ], [ -122.22567, 37.80774 ], [ -122.22954, 37.80549 ], [ -122.2285, 37.80465 ], [ -122.23556, 37.799 ], [ -122.23979, 37.80262 ], [ -122.24087, 37.80474 ], [ -122.24669, 37.8066 ], [ -122.25006, 37.80506 ], [ -122.2489, 37.80733 ], [ -122.25047, 37.80888 ], [ -122.25277, 37.80875 ], [ -122.25305, 37.80786 ], [ -122.256, 37.80746 ], [ -122.25728, 37.80588 ], [ -122.25894, 37.80552 ], [ -122.2596, 37.80987 ], [ -122.26231, 37.81093 ], [ -122.26158, 37.81288 ] ] ] } },
{ "type": "Feature", "properties": { "zcta": "94611", "individual": 4, "student": 1, "company": 0, "w2017_19": 2, "w2020_23": 1, "w2024_26": 2, "w2017_19_student": 1, "w2017_19_share": 0.5, "w2017_19_mix": "Mixed", "w2020_23_student": 0, "w2020_23_share": 0.0, "w2020_23_mix": "No students", "w2024_26_student": 0, "w2024_26_share": 0.0, "w2024_26_mix": "No students", "y2017": 0, "y2017_individual": 0, "y2017_student": 0, "y2017_company": 0, "y2018": 0, "y2018_individual": 0, "y2018_student": 0, "y2018_company": 0, "y2019": 2, "y2019_individual": 1, "y2019_student": 1, "y2019_company": 0, "y2020": 0, "y2020_individual": 0, "y2020_student": 0, "y2020_company": 0, "y2021": 0, "y2021_individual": 0, "y2021_student": 0, "y2021_company": 0, "y2022": 1, "y2022_individual": 1, "y2022_student": 0, "y2022_company": 0, "y2023": 0, "y2023_individual": 0, "y2023_student": 0, "y2023_company": 0, "y2024": 0, "y2024_individual": 0, "y2024_student": 0, "y2024_company": 0, "y2025": 0, "y2025_individual": 0, "y2025_student": 0, "y2025_company": 0, "y2026": 2, "y2026_individual": 2, "y2026_student": 0, "y2026_company": 0, "total": 5, "student_share": 0.2, "recent_share": 0.4, "first_year": 2019, "last_year": 2026, "n_2026": 2, "reassigned_n": 0, "dominant_type": "Individual", "mix": "Mostly professional", "place": "Oakland" }, "geometry": { "type": "MultiPolygon", "coordinates": [ [ [ [ -122.21935, 37.85773 ], [ -122.2188, 37.86002 ], [ -122.21859, 37.85884 ], [ -122.21661, 37.85807 ], [ -122.21573, 37.85621 ], [ -122.21935, 37.85773 ] ] ], [ [ [ -122.26613, 37.8166 ], [ -122.26413, 37.81627 ], [ -122.26308, 37.81745 ], [ -122.26294, 37.82076 ], [ -122.26106, 37.8207 ], [ -122.26001, 37.82242 ], [ -122.262, 37.82301 ], [ -122.26166, 37.8252 ], [ -122.25868, 37.82451 ], [ -122.25782, 37.8281 ], [ -122.25674, 37.82763 ], [ -122.25302, 37.83356 ], [ -122.25401, 37.83421 ], [ -122.2523, 37.83448 ], [ -122.25162, 37.83562 ], [ -122.24795, 37.83501 ], [ -122.24899, 37.83309 ], [ -122.23632, 37.84004 ], [ -122.23208, 37.83659 ], [ -122.22561, 37.83485 ], [ -122.22701, 37.83266 ], [ -122.23079, 37.83272 ], [ -122.23139, 37.83146 ], [ -122.22629, 37.82971 ], [ -122.22188, 37.8325 ], [ -122.2171, 37.83276 ], [ -122.22756, 37.84547 ], [ -122.228, 37.84824 ], [ -122.22433, 37.84861 ], [ -122.22115, 37.85292 ], [ -122.21743, 37.85437 ], [ -122.21889, 37.85476 ], [ -122.21615, 37.85569 ], [ -122.21356, 37.85791 ], [ -122.22086, 37.8646 ], [ -122.22199, 37.86421 ], [ -122.22239, 37.86656 ], [ -122.22149, 37.86626 ], [ -122.21942, 37.86805 ], [ -122.21778, 37.86836 ], [ -122.22142, 37.86547 ], [ -122.21185, 37.8568 ], [ -122.2089, 37.85194 ], [ -122.2031, 37.85119 ], [ -122.20266, 37.85048 ], [ -122.18897, 37.85043 ], [ -122.1886, 37.85105 ], [ -122.18867, 37.83792 ], [ -122.18512, 37.83735 ], [ -122.18382, 37.83435 ], [ -122.18702, 37.82754 ], [ -122.18573, 37.82537 ], [ -122.18687, 37.82208 ], [ -122.18558, 37.82073 ], [ -122.18122, 37.81934 ], [ -122.17547, 37.81459 ], [ -122.17416, 37.81027 ], [ -122.17542, 37.80823 ], [ -122.17485, 37.80955 ], [ -122.17587, 37.81329 ], [ -122.18013, 37.81605 ], [ -122.1806, 37.81754 ], [ -122.18437, 37.81944 ], [ -122.18438, 37.81869 ], [ -122.18543, 37.81941 ], [ -122.18934, 37.81452 ], [ -122.19389, 37.81374 ], [ -122.19903, 37.8152 ], [ -122.20082, 37.81402 ], [ -122.19779, 37.81059 ], [ -122.20771, 37.82104 ], [ -122.21247, 37.81672 ], [ -122.21517, 37.81228 ], [ -122.21851, 37.81405 ], [ -122.22054, 37.81381 ], [ -122.22148, 37.81565 ], [ -122.22012, 37.81721 ], [ -122.22183, 37.81794 ], [ -122.22319, 37.81773 ], [ -122.22523, 37.8189 ], [ -122.22524, 37.81709 ], [ -122.22756, 37.81743 ], [ -122.22889, 37.81653 ], [ -122.23107, 37.81709 ], [ -122.23387, 37.82003 ], [ -122.23581, 37.81944 ], [ -122.23721, 37.82221 ], [ -122.23916, 37.82361 ], [ -122.24414, 37.82253 ], [ -122.24514, 37.81935 ], [ -122.24757, 37.82157 ], [ -122.25346, 37.8192 ], [ -122.25566, 37.8226 ], [ -122.25712, 37.82118 ], [ -122.25386, 37.81837 ], [ -122.2615, 37.81303 ], [ -122.26307, 37.81506 ], [ -122.26256, 37.81615 ], [ -122.26419, 37.81571 ], [ -122.26613, 37.8166 ] ] ] ] } },
{ "type": "Feature", "properties": { "zcta": "94702", "individual": 1, "student": 1, "company": 0, "w2017_19": 1, "w2020_23": 1, "w2024_26": 0, "w2017_19_student": 0, "w2017_19_share": 0.0, "w2017_19_mix": "No students", "w2020_23_student": 1, "w2020_23_share": 1.0, "w2020_23_mix": "Mostly students", "w2024_26_student": 0, "w2024_26_share": null, "w2024_26_mix": null, "y2017": 0, "y2017_individual": 0, "y2017_student": 0, "y2017_company": 0, "y2018": 1, "y2018_individual": 1, "y2018_student": 0, "y2018_company": 0, "y2019": 0, "y2019_individual": 0, "y2019_student": 0, "y2019_company": 0, "y2020": 0, "y2020_individual": 0, "y2020_student": 0, "y2020_company": 0, "y2021": 0, "y2021_individual": 0, "y2021_student": 0, "y2021_company": 0, "y2022": 0, "y2022_individual": 0, "y2022_student": 0, "y2022_company": 0, "y2023": 1, "y2023_individual": 0, "y2023_student": 1, "y2023_company": 0, "y2024": 0, "y2024_individual": 0, "y2024_student": 0, "y2024_company": 0, "y2025": 0, "y2025_individual": 0, "y2025_student": 0, "y2025_company": 0, "y2026": 0, "y2026_individual": 0, "y2026_student": 0, "y2026_company": 0, "total": 2, "student_share": 0.5, "recent_share": 0.0, "first_year": 2018, "last_year": 2023, "n_2026": 0, "reassigned_n": 0, "dominant_type": "Individual", "mix": "Mixed", "place": "Berkeley" }, "geometry": { "type": "Polygon", "coordinates": [ [ [ -122.2959, 37.88042 ], [ -122.2909, 37.88144 ], [ -122.2847, 37.88014 ], [ -122.28327, 37.88093 ], [ -122.28305, 37.87882 ], [ -122.28233, 37.87885 ], [ -122.28123, 37.86221 ], [ -122.27777, 37.84752 ], [ -122.2819, 37.84698 ], [ -122.28346, 37.85031 ], [ -122.28601, 37.85017 ], [ -122.28749, 37.85439 ], [ -122.28859, 37.85456 ], [ -122.29272, 37.87068 ], [ -122.29422, 37.87517 ], [ -122.29541, 37.8753 ], [ -122.2959, 37.88042 ] ] ] } },
{ "type": "Feature", "properties": { "zcta": "94704", "individual": 2, "student": 3, "company": 0, "w2017_19": 1, "w2020_23": 1, "w2024_26": 3, "w2017_19_student": 0, "w2017_19_share": 0.0, "w2017_19_mix": "No students", "w2020_23_student": 0, "w2020_23_share": 0.0, "w2020_23_mix": "No students", "w2024_26_student": 3, "w2024_26_share": 1.0, "w2024_26_mix": "Mostly students", "y2017": 0, "y2017_individual": 0, "y2017_student": 0, "y2017_company": 0, "y2018": 0, "y2018_individual": 0, "y2018_student": 0, "y2018_company": 0, "y2019": 1, "y2019_individual": 1, "y2019_student": 0, "y2019_company": 0, "y2020": 0, "y2020_individual": 0, "y2020_student": 0, "y2020_company": 0, "y2021": 1, "y2021_individual": 1, "y2021_student": 0, "y2021_company": 0, "y2022": 0, "y2022_individual": 0, "y2022_student": 0, "y2022_company": 0, "y2023": 0, "y2023_individual": 0, "y2023_student": 0, "y2023_company": 0, "y2024": 0, "y2024_individual": 0, "y2024_student": 0, "y2024_company": 0, "y2025": 0, "y2025_individual": 0, "y2025_student": 0, "y2025_company": 0, "y2026": 3, "y2026_individual": 0, "y2026_student": 3, "y2026_company": 0, "total": 5, "student_share": 0.6, "recent_share": 0.6, "first_year": 2019, "last_year": 2026, "n_2026": 3, "reassigned_n": 0, "dominant_type": "Student", "mix": "Mixed", "place": "Berkeley" }, "geometry": { "type": "MultiPolygon", "coordinates": [ [ [ [ -122.24965, 37.87139 ], [ -122.2455, 37.87281 ], [ -122.24516, 37.86974 ], [ -122.24172, 37.86964 ], [ -122.23842, 37.86778 ], [ -122.23901, 37.86721 ], [ -122.24079, 37.86901 ], [ -122.24204, 37.86662 ], [ -122.24478, 37.86671 ], [ -122.24499, 37.86835 ], [ -122.2486, 37.86806 ], [ -122.24965, 37.87139 ] ] ], [ [ [ -122.27326, 37.87333 ], [ -122.26633, 37.87419 ], [ -122.26599, 37.86783 ], [ -122.25695, 37.86901 ], [ -122.25581, 37.86732 ], [ -122.25794, 37.86612 ], [ -122.25547, 37.86553 ], [ -122.25395, 37.86574 ], [ -122.25459, 37.86932 ], [ -122.25021, 37.86935 ], [ -122.24842, 37.86608 ], [ -122.25048, 37.86595 ], [ -122.25004, 37.86244 ], [ -122.27176, 37.85977 ], [ -122.27326, 37.87333 ] ] ] ] } },
{ "type": "Feature", "properties": { "zcta": "94710", "individual": 1, "student": 1, "company": 0, "w2017_19": 0, "w2020_23": 1, "w2024_26": 1, "w2017_19_student": 0, "w2017_19_share": null, "w2017_19_mix": null, "w2020_23_student": 1, "w2020_23_share": 1.0, "w2020_23_mix": "Mostly students", "w2024_26_student": 0, "w2024_26_share": 0.0, "w2024_26_mix": "No students", "y2017": 0, "y2017_individual": 0, "y2017_student": 0, "y2017_company": 0, "y2018": 0, "y2018_individual": 0, "y2018_student": 0, "y2018_company": 0, "y2019": 0, "y2019_individual": 0, "y2019_student": 0, "y2019_company": 0, "y2020": 1, "y2020_individual": 0, "y2020_student": 1, "y2020_company": 0, "y2021": 0, "y2021_individual": 0, "y2021_student": 0, "y2021_company": 0, "y2022": 0, "y2022_individual": 0, "y2022_student": 0, "y2022_company": 0, "y2023": 0, "y2023_individual": 0, "y2023_student": 0, "y2023_company": 0, "y2024": 0, "y2024_individual": 0, "y2024_student": 0, "y2024_company": 0, "y2025": 1, "y2025_individual": 1, "y2025_student": 0, "y2025_company": 0, "y2026": 0, "y2026_individual": 0, "y2026_student": 0, "y2026_company": 0, "total": 2, "student_share": 0.5, "recent_share": 0.5, "first_year": 2020, "last_year": 2025, "n_2026": 0, "reassigned_n": 0, "dominant_type": "Individual", "mix": "Mixed", "place": "Berkeley" }, "geometry": { "type": "Polygon", "coordinates": [ [ [ -122.32461, 37.87437 ], [ -122.31866, 37.87531 ], [ -122.31316, 37.87015 ], [ -122.3085, 37.87088 ], [ -122.3127, 37.88115 ], [ -122.30835, 37.88211 ], [ -122.3095, 37.89298 ], [ -122.31253, 37.89676 ], [ -122.30948, 37.8977 ], [ -122.30783, 37.89042 ], [ -122.30869, 37.88747 ], [ -122.30722, 37.88707 ], [ -122.30579, 37.88202 ], [ -122.29743, 37.88333 ], [ -122.29541, 37.8753 ], [ -122.29422, 37.87517 ], [ -122.29272, 37.87068 ], [ -122.28859, 37.85456 ], [ -122.28749, 37.85439 ], [ -122.28625, 37.8505 ], [ -122.30116, 37.84736 ], [ -122.30137, 37.85549 ], [ -122.30835, 37.86293 ], [ -122.31694, 37.85881 ], [ -122.31872, 37.86638 ], [ -122.32461, 37.87437 ] ] ] } },
{ "type": "Feature", "properties": { "zcta": "94720", "individual": 1, "student": 0, "company": 0, "w2017_19": 0, "w2020_23": 0, "w2024_26": 1, "w2017_19_student": 0, "w2017_19_share": null, "w2017_19_mix": null, "w2020_23_student": 0, "w2020_23_share": null, "w2020_23_mix": null, "w2024_26_student": 0, "w2024_26_share": 0.0, "w2024_26_mix": "No students", "y2017": 0, "y2017_individual": 0, "y2017_student": 0, "y2017_company": 0, "y2018": 0, "y2018_individual": 0, "y2018_student": 0, "y2018_company": 0, "y2019": 0, "y2019_individual": 0, "y2019_student": 0, "y2019_company": 0, "y2020": 0, "y2020_individual": 0, "y2020_student": 0, "y2020_company": 0, "y2021": 0, "y2021_individual": 0, "y2021_student": 0, "y2021_company": 0, "y2022": 0, "y2022_individual": 0, "y2022_student": 0, "y2022_company": 0, "y2023": 0, "y2023_individual": 0, "y2023_student": 0, "y2023_company": 0, "y2024": 0, "y2024_individual": 0, "y2024_student": 0, "y2024_company": 0, "y2025": 1, "y2025_individual": 1, "y2025_student": 0, "y2025_company": 0, "y2026": 0, "y2026_individual": 0, "y2026_student": 0, "y2026_company": 0, "total": 1, "student_share": 0.0, "recent_share": 1.0, "first_year": 2025, "last_year": 2025, "n_2026": 0, "reassigned_n": 0, "dominant_type": "Individual", "mix": "No students", "place": "Berkeley" }, "geometry": { "type": "Polygon", "coordinates": [ [ [ -122.26616, 37.87239 ], [ -122.25919, 37.87261 ], [ -122.25539, 37.87386 ], [ -122.25686, 37.87551 ], [ -122.25472, 37.87563 ], [ -122.25508, 37.88026 ], [ -122.24644, 37.8812 ], [ -122.2455, 37.87281 ], [ -122.24965, 37.87139 ], [ -122.2486, 37.86806 ], [ -122.24499, 37.86835 ], [ -122.24478, 37.86671 ], [ -122.24204, 37.86662 ], [ -122.24079, 37.86901 ], [ -122.23901, 37.86721 ], [ -122.24076, 37.86406 ], [ -122.24453, 37.86373 ], [ -122.2444, 37.86266 ], [ -122.24552, 37.86404 ], [ -122.24473, 37.86579 ], [ -122.24777, 37.86612 ], [ -122.24671, 37.86392 ], [ -122.25004, 37.86244 ], [ -122.25048, 37.86595 ], [ -122.24842, 37.86608 ], [ -122.25021, 37.86935 ], [ -122.25459, 37.86932 ], [ -122.25395, 37.86574 ], [ -122.25547, 37.86553 ], [ -122.25794, 37.86612 ], [ -122.25581, 37.86732 ], [ -122.25695, 37.86901 ], [ -122.26599, 37.86783 ], [ -122.26616, 37.87239 ] ] ] } },
{ "type": "Feature", "properties": { "zcta": "94804", "individual": 2, "student": 1, "company": 0, "w2017_19": 1, "w2020_23": 1, "w2024_26": 1, "w2017_19_student": 0, "w2017_19_share": 0.0, "w2017_19_mix": "No students", "w2020_23_student": 0, "w2020_23_share": 0.0, "w2020_23_mix": "No students", "w2024_26_student": 1, "w2024_26_share": 1.0, "w2024_26_mix": "Mostly students", "y2017": 0, "y2017_individual": 0, "y2017_student": 0, "y2017_company": 0, "y2018": 1, "y2018_individual": 1, "y2018_student": 0, "y2018_company": 0, "y2019": 0, "y2019_individual": 0, "y2019_student": 0, "y2019_company": 0, "y2020": 0, "y2020_individual": 0, "y2020_student": 0, "y2020_company": 0, "y2021": 0, "y2021_individual": 0, "y2021_student": 0, "y2021_company": 0, "y2022": 1, "y2022_individual": 1, "y2022_student": 0, "y2022_company": 0, "y2023": 0, "y2023_individual": 0, "y2023_student": 0, "y2023_company": 0, "y2024": 0, "y2024_individual": 0, "y2024_student": 0, "y2024_company": 0, "y2025": 0, "y2025_individual": 0, "y2025_student": 0, "y2025_company": 0, "y2026": 1, "y2026_individual": 0, "y2026_student": 1, "y2026_company": 0, "total": 3, "student_share": 0.333, "recent_share": 0.333, "first_year": 2018, "last_year": 2026, "n_2026": 1, "reassigned_n": 0, "dominant_type": "Individual", "mix": "Mostly professional", "place": "Richmond" }, "geometry": { "type": "Polygon", "coordinates": [ [ [ -122.38133, 37.92771 ], [ -122.37819, 37.92725 ], [ -122.37752, 37.93136 ], [ -122.34724, 37.93154 ], [ -122.34821, 37.94031 ], [ -122.34737, 37.95295 ], [ -122.34356, 37.95309 ], [ -122.34159, 37.95413 ], [ -122.34032, 37.95248 ], [ -122.33845, 37.95316 ], [ -122.33391, 37.95175 ], [ -122.33218, 37.94742 ], [ -122.33544, 37.94705 ], [ -122.33509, 37.94398 ], [ -122.33784, 37.93435 ], [ -122.34113, 37.93481 ], [ -122.34135, 37.93144 ], [ -122.32317, 37.93089 ], [ -122.3207, 37.9273 ], [ -122.32069, 37.91924 ], [ -122.31485, 37.91908 ], [ -122.30592, 37.90658 ], [ -122.30586, 37.9038 ], [ -122.30989, 37.90202 ], [ -122.30853, 37.90095 ], [ -122.30705, 37.9025 ], [ -122.30541, 37.89816 ], [ -122.31253, 37.89676 ], [ -122.31479, 37.89869 ], [ -122.31901, 37.89786 ], [ -122.32233, 37.89542 ], [ -122.32542, 37.89778 ], [ -122.32477, 37.90187 ], [ -122.32165, 37.90509 ], [ -122.32511, 37.90807 ], [ -122.33569, 37.91031 ], [ -122.34467, 37.90724 ], [ -122.35228, 37.90761 ], [ -122.35312, 37.90958 ], [ -122.36044, 37.90953 ], [ -122.36185, 37.91743 ], [ -122.36476, 37.91793 ], [ -122.36549, 37.91577 ], [ -122.36353, 37.90561 ], [ -122.36778, 37.90473 ], [ -122.36898, 37.90974 ], [ -122.36773, 37.90983 ], [ -122.37138, 37.91125 ], [ -122.36903, 37.91254 ], [ -122.37099, 37.91428 ], [ -122.36966, 37.9143 ], [ -122.3725, 37.91776 ], [ -122.37721, 37.92016 ], [ -122.3782, 37.92321 ], [ -122.38069, 37.92375 ], [ -122.38066, 37.92529 ], [ -122.38331, 37.92543 ], [ -122.38133, 37.92771 ] ] ] } },
{ "type": "Feature", "properties": { "zcta": "94122", "individual": 7, "student": 1, "company": 0, "w2017_19": 4, "w2020_23": 2, "w2024_26": 2, "w2017_19_student": 0, "w2017_19_share": 0.0, "w2017_19_mix": "No students", "w2020_23_student": 1, "w2020_23_share": 0.5, "w2020_23_mix": "Mixed", "w2024_26_student": 0, "w2024_26_share": 0.0, "w2024_26_mix": "No students", "y2017": 0, "y2017_individual": 0, "y2017_student": 0, "y2017_company": 0, "y2018": 3, "y2018_individual": 3, "y2018_student": 0, "y2018_company": 0, "y2019": 1, "y2019_individual": 1, "y2019_student": 0, "y2019_company": 0, "y2020": 2, "y2020_individual": 1, "y2020_student": 1, "y2020_company": 0, "y2021": 0, "y2021_individual": 0, "y2021_student": 0, "y2021_company": 0, "y2022": 0, "y2022_individual": 0, "y2022_student": 0, "y2022_company": 0, "y2023": 0, "y2023_individual": 0, "y2023_student": 0, "y2023_company": 0, "y2024": 1, "y2024_individual": 1, "y2024_student": 0, "y2024_company": 0, "y2025": 0, "y2025_individual": 0, "y2025_student": 0, "y2025_company": 0, "y2026": 1, "y2026_individual": 1, "y2026_student": 0, "y2026_company": 0, "total": 8, "student_share": 0.125, "recent_share": 0.25, "first_year": 2018, "last_year": 2026, "n_2026": 1, "reassigned_n": 0, "dominant_type": "Individual", "mix": "Mostly professional", "place": "San Francisco" }, "geometry": { "type": "Polygon", "coordinates": [ [ [ -122.50987, 37.76409 ], [ -122.50412, 37.76553 ], [ -122.5063, 37.76668 ], [ -122.49113, 37.77095 ], [ -122.48651, 37.77072 ], [ -122.48408, 37.77212 ], [ -122.48179, 37.77193 ], [ -122.4799, 37.7705 ], [ -122.47555, 37.77171 ], [ -122.47365, 37.77116 ], [ -122.47614, 37.77099 ], [ -122.47619, 37.77025 ], [ -122.47161, 37.76986 ], [ -122.47272, 37.76846 ], [ -122.47264, 37.76754 ], [ -122.47225, 37.76861 ], [ -122.46976, 37.76921 ], [ -122.467, 37.76801 ], [ -122.45916, 37.77131 ], [ -122.4552, 37.7708 ], [ -122.45495, 37.76845 ], [ -122.45828, 37.76728 ], [ -122.45754, 37.76357 ], [ -122.46084, 37.76263 ], [ -122.45999, 37.75935 ], [ -122.46327, 37.75871 ], [ -122.46192, 37.75553 ], [ -122.46377, 37.75408 ], [ -122.46336, 37.75304 ], [ -122.46446, 37.7529 ], [ -122.46792, 37.75274 ], [ -122.47002, 37.75469 ], [ -122.47068, 37.75238 ], [ -122.50819, 37.75097 ], [ -122.50846, 37.74891 ], [ -122.50987, 37.76409 ] ] ] } },
{ "type": "Feature", "properties": { "zcta": "94124", "individual": 3, "student": 0, "company": 0, "w2017_19": 1, "w2020_23": 1, "w2024_26": 1, "w2017_19_student": 0, "w2017_19_share": 0.0, "w2017_19_mix": "No students", "w2020_23_student": 0, "w2020_23_share": 0.0, "w2020_23_mix": "No students", "w2024_26_student": 0, "w2024_26_share": 0.0, "w2024_26_mix": "No students", "y2017": 0, "y2017_individual": 0, "y2017_student": 0, "y2017_company": 0, "y2018": 0, "y2018_individual": 0, "y2018_student": 0, "y2018_company": 0, "y2019": 1, "y2019_individual": 1, "y2019_student": 0, "y2019_company": 0, "y2020": 1, "y2020_individual": 1, "y2020_student": 0, "y2020_company": 0, "y2021": 0, "y2021_individual": 0, "y2021_student": 0, "y2021_company": 0, "y2022": 0, "y2022_individual": 0, "y2022_student": 0, "y2022_company": 0, "y2023": 0, "y2023_individual": 0, "y2023_student": 0, "y2023_company": 0, "y2024": 0, "y2024_individual": 0, "y2024_student": 0, "y2024_company": 0, "y2025": 1, "y2025_individual": 1, "y2025_student": 0, "y2025_company": 0, "y2026": 0, "y2026_individual": 0, "y2026_student": 0, "y2026_company": 0, "total": 3, "student_share": 0.0, "recent_share": 0.333, "first_year": 2019, "last_year": 2025, "n_2026": 0, "reassigned_n": 0, "dominant_type": "Individual", "mix": "No students", "place": "San Francisco" }, "geometry": { "type": "Polygon", "coordinates": [ [ [ -122.40764, 37.73961 ], [ -122.40459, 37.74413 ], [ -122.40378, 37.74943 ], [ -122.38772, 37.75026 ], [ -122.38789, 37.75282 ], [ -122.38227, 37.75315 ], [ -122.37656, 37.75207 ], [ -122.37624, 37.74852 ], [ -122.3678, 37.74018 ], [ -122.37384, 37.73957 ], [ -122.37587, 37.73566 ], [ -122.37461, 37.73288 ], [ -122.37202, 37.73421 ], [ -122.36739, 37.732 ], [ -122.36616, 37.73284 ], [ -122.35928, 37.72859 ], [ -122.36365, 37.72207 ], [ -122.36287, 37.71811 ], [ -122.36477, 37.71639 ], [ -122.37929, 37.7243 ], [ -122.38324, 37.72074 ], [ -122.37598, 37.716 ], [ -122.38006, 37.71087 ], [ -122.37877, 37.70952 ], [ -122.37939, 37.70866 ], [ -122.39095, 37.7097 ], [ -122.38645, 37.71116 ], [ -122.38876, 37.71466 ], [ -122.39101, 37.7138 ], [ -122.39847, 37.71545 ], [ -122.40221, 37.7281 ], [ -122.40655, 37.73572 ], [ -122.40764, 37.73961 ] ], [ [ -122.38475, 37.74085 ], [ -122.37911, 37.73768 ], [ -122.37685, 37.74019 ], [ -122.38308, 37.74393 ], [ -122.38475, 37.74085 ] ] ] } },
{ "type": "Feature", "properties": { "zcta": "94127", "individual": 3, "student": 0, "company": 0, "w2017_19": 1, "w2020_23": 1, "w2024_26": 1, "w2017_19_student": 0, "w2017_19_share": 0.0, "w2017_19_mix": "No students", "w2020_23_student": 0, "w2020_23_share": 0.0, "w2020_23_mix": "No students", "w2024_26_student": 0, "w2024_26_share": 0.0, "w2024_26_mix": "No students", "y2017": 0, "y2017_individual": 0, "y2017_student": 0, "y2017_company": 0, "y2018": 1, "y2018_individual": 1, "y2018_student": 0, "y2018_company": 0, "y2019": 0, "y2019_individual": 0, "y2019_student": 0, "y2019_company": 0, "y2020": 1, "y2020_individual": 1, "y2020_student": 0, "y2020_company": 0, "y2021": 0, "y2021_individual": 0, "y2021_student": 0, "y2021_company": 0, "y2022": 0, "y2022_individual": 0, "y2022_student": 0, "y2022_company": 0, "y2023": 0, "y2023_individual": 0, "y2023_student": 0, "y2023_company": 0, "y2024": 0, "y2024_individual": 0, "y2024_student": 0, "y2024_company": 0, "y2025": 1, "y2025_individual": 1, "y2025_student": 0, "y2025_company": 0, "y2026": 0, "y2026_individual": 0, "y2026_student": 0, "y2026_company": 0, "total": 3, "student_share": 0.0, "recent_share": 0.333, "first_year": 2018, "last_year": 2025, "n_2026": 0, "reassigned_n": 0, "dominant_type": "Individual", "mix": "No students", "place": "San Francisco" }, "geometry": { "type": "Polygon", "coordinates": [ [ [ -122.47244, 37.7216 ], [ -122.47163, 37.74136 ], [ -122.46856, 37.7415 ], [ -122.46807, 37.74338 ], [ -122.46338, 37.74385 ], [ -122.45874, 37.74688 ], [ -122.46147, 37.75152 ], [ -122.45439, 37.75128 ], [ -122.45314, 37.74897 ], [ -122.45293, 37.75122 ], [ -122.45213, 37.75124 ], [ -122.45203, 37.74827 ], [ -122.44945, 37.74666 ], [ -122.45169, 37.74563 ], [ -122.44986, 37.74326 ], [ -122.44711, 37.74258 ], [ -122.44286, 37.73977 ], [ -122.44255, 37.7381 ], [ -122.44533, 37.73713 ], [ -122.4443, 37.73161 ], [ -122.45577, 37.7314 ], [ -122.46038, 37.72997 ], [ -122.46038, 37.72839 ], [ -122.46219, 37.72772 ], [ -122.46227, 37.72302 ], [ -122.46498, 37.72168 ], [ -122.47244, 37.7216 ] ] ] } },
{ "type": "Feature", "properties": { "zcta": "94305", "individual": 0, "student": 0, "company": 1, "w2017_19": 0, "w2020_23": 1, "w2024_26": 0, "w2017_19_student": 0, "w2017_19_share": null, "w2017_19_mix": null, "w2020_23_student": 0, "w2020_23_share": 0.0, "w2020_23_mix": "No students", "w2024_26_student": 0, "w2024_26_share": null, "w2024_26_mix": null, "y2017": 0, "y2017_individual": 0, "y2017_student": 0, "y2017_company": 0, "y2018": 0, "y2018_individual": 0, "y2018_student": 0, "y2018_company": 0, "y2019": 0, "y2019_individual": 0, "y2019_student": 0, "y2019_company": 0, "y2020": 0, "y2020_individual": 0, "y2020_student": 0, "y2020_company": 0, "y2021": 0, "y2021_individual": 0, "y2021_student": 0, "y2021_company": 0, "y2022": 1, "y2022_individual": 0, "y2022_student": 0, "y2022_company": 1, "y2023": 0, "y2023_individual": 0, "y2023_student": 0, "y2023_company": 0, "y2024": 0, "y2024_individual": 0, "y2024_student": 0, "y2024_company": 0, "y2025": 0, "y2025_individual": 0, "y2025_student": 0, "y2025_company": 0, "y2026": 0, "y2026_individual": 0, "y2026_student": 0, "y2026_company": 0, "total": 1, "student_share": 0.0, "recent_share": 0.0, "first_year": 2022, "last_year": 2022, "n_2026": 0, "reassigned_n": 0, "dominant_type": "Company", "mix": "No students", "place": "Stanford" }, "geometry": { "type": "Polygon", "coordinates": [ [ [ -122.1942, 37.40909 ], [ -122.19236, 37.41387 ], [ -122.18756, 37.41484 ], [ -122.18719, 37.41655 ], [ -122.19027, 37.41848 ], [ -122.18792, 37.42002 ], [ -122.18829, 37.4223 ], [ -122.19084, 37.42437 ], [ -122.1862, 37.42254 ], [ -122.18322, 37.42844 ], [ -122.18575, 37.43194 ], [ -122.18229, 37.4345 ], [ -122.17811, 37.43344 ], [ -122.17812, 37.43172 ], [ -122.17497, 37.4308 ], [ -122.17425, 37.43258 ], [ -122.17171, 37.43455 ], [ -122.16791, 37.43446 ], [ -122.16542, 37.44193 ], [ -122.14924, 37.42769 ], [ -122.15727, 37.41803 ], [ -122.14971, 37.41392 ], [ -122.15875, 37.40338 ], [ -122.16181, 37.39639 ], [ -122.16784, 37.4002 ], [ -122.16979, 37.392 ], [ -122.17487, 37.39293 ], [ -122.17681, 37.39413 ], [ -122.18905, 37.40636 ], [ -122.1942, 37.40909 ] ] ] } },
{ "type": "Feature", "properties": { "zcta": "94403", "individual": 0, "student": 1, "company": 0, "w2017_19": 1, "w2020_23": 0, "w2024_26": 0, "w2017_19_student": 1, "w2017_19_share": 1.0, "w2017_19_mix": "Mostly students", "w2020_23_student": 0, "w2020_23_share": null, "w2020_23_mix": null, "w2024_26_student": 0, "w2024_26_share": null, "w2024_26_mix": null, "y2017": 0, "y2017_individual": 0, "y2017_student": 0, "y2017_company": 0, "y2018": 0, "y2018_individual": 0, "y2018_student": 0, "y2018_company": 0, "y2019": 1, "y2019_individual": 0, "y2019_student": 1, "y2019_company": 0, "y2020": 0, "y2020_individual": 0, "y2020_student": 0, "y2020_company": 0, "y2021": 0, "y2021_individual": 0, "y2021_student": 0, "y2021_company": 0, "y2022": 0, "y2022_individual": 0, "y2022_student": 0, "y2022_company": 0, "y2023": 0, "y2023_individual": 0, "y2023_student": 0, "y2023_company": 0, "y2024": 0, "y2024_individual": 0, "y2024_student": 0, "y2024_company": 0, "y2025": 0, "y2025_individual": 0, "y2025_student": 0, "y2025_company": 0, "y2026": 0, "y2026_individual": 0, "y2026_student": 0, "y2026_company": 0, "total": 1, "student_share": 1.0, "recent_share": 0.0, "first_year": 2019, "last_year": 2019, "n_2026": 0, "reassigned_n": 0, "dominant_type": "Student", "mix": "Mostly students", "place": "San Mateo" }, "geometry": { "type": "Polygon", "coordinates": [ [ [ -122.33265, 37.522 ], [ -122.32915, 37.53528 ], [ -122.32996, 37.541 ], [ -122.32859, 37.54356 ], [ -122.32444, 37.54661 ], [ -122.31361, 37.54954 ], [ -122.3089, 37.5523 ], [ -122.29628, 37.55335 ], [ -122.30278, 37.56033 ], [ -122.29705, 37.56293 ], [ -122.2971, 37.56772 ], [ -122.28715, 37.56757 ], [ -122.28652, 37.56607 ], [ -122.28733, 37.56533 ], [ -122.29065, 37.56497 ], [ -122.29323, 37.56352 ], [ -122.29102, 37.55992 ], [ -122.29298, 37.55674 ], [ -122.287, 37.55291 ], [ -122.28391, 37.55413 ], [ -122.28196, 37.55334 ], [ -122.28201, 37.55146 ], [ -122.28449, 37.55047 ], [ -122.28355, 37.54827 ], [ -122.28021, 37.54847 ], [ -122.27714, 37.54416 ], [ -122.27648, 37.5404 ], [ -122.27883, 37.5364 ], [ -122.27497, 37.53047 ], [ -122.27645, 37.52951 ], [ -122.27785, 37.52987 ], [ -122.27828, 37.52883 ], [ -122.28554, 37.53067 ], [ -122.3073, 37.52116 ], [ -122.31174, 37.52444 ], [ -122.31496, 37.51921 ], [ -122.31972, 37.51948 ], [ -122.32179, 37.52122 ], [ -122.32371, 37.52102 ], [ -122.32551, 37.51909 ], [ -122.32485, 37.51732 ], [ -122.32971, 37.51317 ], [ -122.32928, 37.51695 ], [ -122.33265, 37.522 ] ] ] } },
{ "type": "Feature", "properties": { "zcta": "94518", "individual": 1, "student": 0, "company": 1, "w2017_19": 1, "w2020_23": 1, "w2024_26": 0, "w2017_19_student": 0, "w2017_19_share": 0.0, "w2017_19_mix": "No students", "w2020_23_student": 0, "w2020_23_share": 0.0, "w2020_23_mix": "No students", "w2024_26_student": 0, "w2024_26_share": null, "w2024_26_mix": null, "y2017": 0, "y2017_individual": 0, "y2017_student": 0, "y2017_company": 0, "y2018": 1, "y2018_individual": 0, "y2018_student": 0, "y2018_company": 1, "y2019": 0, "y2019_individual": 0, "y2019_student": 0, "y2019_company": 0, "y2020": 0, "y2020_individual": 0, "y2020_student": 0, "y2020_company": 0, "y2021": 0, "y2021_individual": 0, "y2021_student": 0, "y2021_company": 0, "y2022": 0, "y2022_individual": 0, "y2022_student": 0, "y2022_company": 0, "y2023": 1, "y2023_individual": 1, "y2023_student": 0, "y2023_company": 0, "y2024": 0, "y2024_individual": 0, "y2024_student": 0, "y2024_company": 0, "y2025": 0, "y2025_individual": 0, "y2025_student": 0, "y2025_company": 0, "y2026": 0, "y2026_individual": 0, "y2026_student": 0, "y2026_company": 0, "total": 2, "student_share": 0.0, "recent_share": 0.0, "first_year": 2018, "last_year": 2023, "n_2026": 0, "reassigned_n": 0, "dominant_type": "Individual", "mix": "No students", "place": "Concord" }, "geometry": { "type": "Polygon", "coordinates": [ [ [ -122.05229, 37.93759 ], [ -122.05139, 37.94277 ], [ -122.04979, 37.94268 ], [ -122.04978, 37.94547 ], [ -122.05164, 37.94755 ], [ -122.04704, 37.94808 ], [ -122.04787, 37.95016 ], [ -122.04326, 37.95335 ], [ -122.04215, 37.95324 ], [ -122.04268, 37.95376 ], [ -122.03317, 37.96043 ], [ -122.03173, 37.96407 ], [ -122.03081, 37.96417 ], [ -122.03123, 37.96839 ], [ -122.02841, 37.97539 ], [ -122.01534, 37.97171 ], [ -122.01572, 37.97086 ], [ -122.01376, 37.9703 ], [ -122.01336, 37.97116 ], [ -122.00936, 37.97001 ], [ -122.00864, 37.96593 ], [ -122.00674, 37.96541 ], [ -122.00634, 37.96374 ], [ -122.00812, 37.96313 ], [ -122.00803, 37.96165 ], [ -122.00117, 37.95575 ], [ -121.9969, 37.95043 ], [ -121.99223, 37.94716 ], [ -121.9951, 37.94553 ], [ -121.9969, 37.94269 ], [ -121.9977, 37.93721 ], [ -122.00388, 37.93071 ], [ -122.00447, 37.93445 ], [ -122.00804, 37.93789 ], [ -122.00771, 37.93953 ], [ -122.0103, 37.94047 ], [ -122.01745, 37.93561 ], [ -122.01908, 37.9356 ], [ -122.02631, 37.93147 ], [ -122.02902, 37.93445 ], [ -122.03378, 37.932 ], [ -122.03513, 37.93347 ], [ -122.0337, 37.9342 ], [ -122.03489, 37.93555 ], [ -122.0332, 37.93642 ], [ -122.03587, 37.93939 ], [ -122.04667, 37.93384 ], [ -122.05068, 37.938 ], [ -122.05229, 37.93759 ] ] ] } },
{ "type": "Feature", "properties": { "zcta": "94501", "individual": 4, "student": 2, "company": 0, "w2017_19": 1, "w2020_23": 1, "w2024_26": 4, "w2017_19_student": 0, "w2017_19_share": 0.0, "w2017_19_mix": "No students", "w2020_23_student": 0, "w2020_23_share": 0.0, "w2020_23_mix": "No students", "w2024_26_student": 2, "w2024_26_share": 0.5, "w2024_26_mix": "Mixed", "y2017": 0, "y2017_individual": 0, "y2017_student": 0, "y2017_company": 0, "y2018": 1, "y2018_individual": 1, "y2018_student": 0, "y2018_company": 0, "y2019": 0, "y2019_individual": 0, "y2019_student": 0, "y2019_company": 0, "y2020": 1, "y2020_individual": 1, "y2020_student": 0, "y2020_company": 0, "y2021": 0, "y2021_individual": 0, "y2021_student": 0, "y2021_company": 0, "y2022": 0, "y2022_individual": 0, "y2022_student": 0, "y2022_company": 0, "y2023": 0, "y2023_individual": 0, "y2023_student": 0, "y2023_company": 0, "y2024": 0, "y2024_individual": 0, "y2024_student": 0, "y2024_company": 0, "y2025": 1, "y2025_individual": 1, "y2025_student": 0, "y2025_company": 0, "y2026": 3, "y2026_individual": 1, "y2026_student": 2, "y2026_company": 0, "total": 6, "student_share": 0.333, "recent_share": 0.667, "first_year": 2018, "last_year": 2026, "n_2026": 3, "reassigned_n": 0, "dominant_type": "Individual", "mix": "Mostly professional", "place": "Alameda" }, "geometry": { "type": "Polygon", "coordinates": [ [ [ -122.333, 37.79905 ], [ -122.32851, 37.79749 ], [ -122.30104, 37.79195 ], [ -122.28597, 37.79362 ], [ -122.27824, 37.79313 ], [ -122.26006, 37.78449 ], [ -122.25396, 37.78678 ], [ -122.25133, 37.78688 ], [ -122.24659, 37.78468 ], [ -122.24522, 37.78303 ], [ -122.24354, 37.77628 ], [ -122.2405, 37.77373 ], [ -122.22658, 37.76693 ], [ -122.2249, 37.76456 ], [ -122.22348, 37.7547 ], [ -122.22608, 37.74967 ], [ -122.23641, 37.74855 ], [ -122.23665, 37.75015 ], [ -122.24395, 37.75178 ], [ -122.27191, 37.76151 ], [ -122.2756, 37.76746 ], [ -122.27719, 37.76847 ], [ -122.2794, 37.76813 ], [ -122.28307, 37.76386 ], [ -122.28901, 37.76461 ], [ -122.28877, 37.76874 ], [ -122.29987, 37.77234 ], [ -122.30643, 37.77611 ], [ -122.31539, 37.7766 ], [ -122.31777, 37.77968 ], [ -122.33204, 37.78203 ], [ -122.33094, 37.79514 ], [ -122.333, 37.79905 ] ] ] } },
{ "type": "Feature", "properties": { "zcta": "94520", "individual": 7, "student": 0, "company": 1, "w2017_19": 0, "w2020_23": 7, "w2024_26": 1, "w2017_19_student": 0, "w2017_19_share": null, "w2017_19_mix": null, "w2020_23_student": 0, "w2020_23_share": 0.0, "w2020_23_mix": "No students", "w2024_26_student": 0, "w2024_26_share": 0.0, "w2024_26_mix": "No students", "y2017": 0, "y2017_individual": 0, "y2017_student": 0, "y2017_company": 0, "y2018": 0, "y2018_individual": 0, "y2018_student": 0, "y2018_company": 0, "y2019": 0, "y2019_individual": 0, "y2019_student": 0, "y2019_company": 0, "y2020": 0, "y2020_individual": 0, "y2020_student": 0, "y2020_company": 0, "y2021": 6, "y2021_individual": 5, "y2021_student": 0, "y2021_company": 1, "y2022": 1, "y2022_individual": 1, "y2022_student": 0, "y2022_company": 0, "y2023": 0, "y2023_individual": 0, "y2023_student": 0, "y2023_company": 0, "y2024": 0, "y2024_individual": 0, "y2024_student": 0, "y2024_company": 0, "y2025": 0, "y2025_individual": 0, "y2025_student": 0, "y2025_company": 0, "y2026": 1, "y2026_individual": 1, "y2026_student": 0, "y2026_company": 0, "total": 8, "student_share": 0.0, "recent_share": 0.125, "first_year": 2021, "last_year": 2026, "n_2026": 1, "reassigned_n": 0, "dominant_type": "Individual", "mix": "No students", "place": "Concord" }, "geometry": { "type": "Polygon", "coordinates": [ [ [ -122.07732, 38.00845 ], [ -122.07841, 38.00869 ], [ -122.07833, 38.01023 ], [ -122.07622, 38.01226 ], [ -122.07581, 38.0141 ], [ -122.0775, 38.01661 ], [ -122.07818, 38.0203 ], [ -122.07015, 38.02468 ], [ -122.06934, 38.01612 ], [ -122.06485, 38.02026 ], [ -122.05372, 38.00233 ], [ -122.04803, 38.00298 ], [ -122.04839, 38.00622 ], [ -122.04541, 38.00853 ], [ -122.04601, 38.01106 ], [ -122.03552, 38.0136 ], [ -122.03359, 38.02258 ], [ -122.03067, 38.02299 ], [ -122.02992, 38.02049 ], [ -122.02777, 38.02097 ], [ -122.03228, 38.03101 ], [ -122.03108, 38.03255 ], [ -122.02873, 38.03293 ], [ -122.02972, 38.0313 ], [ -122.02617, 38.0245 ], [ -122.01247, 38.01865 ], [ -122.01052, 38.01678 ], [ -122.00878, 38.01687 ], [ -122.00369, 38.0135 ], [ -122.00596, 38.01577 ], [ -122.00635, 38.01807 ], [ -122.00246, 38.01888 ], [ -122.00129, 38.02048 ], [ -121.99648, 38.0172 ], [ -121.99493, 38.01852 ], [ -121.99186, 38.01765 ], [ -121.99884, 38.01479 ], [ -121.99734, 38.01354 ], [ -121.97717, 38.02297 ], [ -121.97211, 38.02368 ], [ -121.97925, 38.02174 ], [ -121.98005, 38.02004 ], [ -121.98335, 38.01966 ], [ -121.98783, 38.01661 ], [ -121.97976, 38.00803 ], [ -121.98116, 38.00684 ], [ -121.97986, 38.00635 ], [ -121.98037, 38.00416 ], [ -121.97677, 38.0045 ], [ -121.97721, 38.0034 ], [ -121.98062, 38.00291 ], [ -121.98626, 37.99767 ], [ -121.98532, 37.9964 ], [ -121.98635, 37.9948 ], [ -121.98454, 37.99371 ], [ -121.98503, 37.99307 ], [ -121.98766, 37.99448 ], [ -121.98982, 37.99426 ], [ -121.99661, 37.99955 ], [ -122.00098, 37.99937 ], [ -122.00002, 38.00229 ], [ -122.00156, 38.00609 ], [ -122.01126, 38.01124 ], [ -122.02252, 38.00948 ], [ -122.02398, 38.00442 ], [ -122.03326, 37.99155 ], [ -122.03372, 37.98947 ], [ -122.02959, 37.97854 ], [ -122.03063, 37.97818 ], [ -122.0291, 37.97736 ], [ -122.02841, 37.97539 ], [ -122.03123, 37.96839 ], [ -122.03081, 37.96417 ], [ -122.03173, 37.96407 ], [ -122.03317, 37.96043 ], [ -122.04268, 37.95376 ], [ -122.04215, 37.95324 ], [ -122.04326, 37.95335 ], [ -122.04787, 37.95016 ], [ -122.04704, 37.94808 ], [ -122.04833, 37.94749 ], [ -122.05043, 37.94723 ], [ -122.05085, 37.94808 ], [ -122.05164, 37.94755 ], [ -122.0538, 37.95162 ], [ -122.05443, 37.95396 ], [ -122.05255, 37.95872 ], [ -122.05618, 37.96607 ], [ -122.06171, 37.96242 ], [ -122.06318, 37.97034 ], [ -122.06071, 37.97066 ], [ -122.06285, 37.97372 ], [ -122.06404, 37.97405 ], [ -122.06555, 37.97982 ], [ -122.06375, 37.98216 ], [ -122.06308, 37.99614 ], [ -122.0564, 37.99902 ], [ -122.06574, 38.00926 ], [ -122.06966, 38.0157 ], [ -122.07495, 38.00947 ], [ -122.07705, 38.00857 ], [ -122.07493, 38.00567 ], [ -122.07895, 38.00593 ], [ -122.07732, 38.00845 ] ] ] } },
{ "type": "Feature", "properties": { "zcta": "94563", "individual": 4, "student": 1, "company": 0, "w2017_19": 0, "w2020_23": 1, "w2024_26": 4, "w2017_19_student": 0, "w2017_19_share": null, "w2017_19_mix": null, "w2020_23_student": 0, "w2020_23_share": 0.0, "w2020_23_mix": "No students", "w2024_26_student": 1, "w2024_26_share": 0.25, "w2024_26_mix": "Mostly professional", "y2017": 0, "y2017_individual": 0, "y2017_student": 0, "y2017_company": 0, "y2018": 0, "y2018_individual": 0, "y2018_student": 0, "y2018_company": 0, "y2019": 0, "y2019_individual": 0, "y2019_student": 0, "y2019_company": 0, "y2020": 1, "y2020_individual": 1, "y2020_student": 0, "y2020_company": 0, "y2021": 0, "y2021_individual": 0, "y2021_student": 0, "y2021_company": 0, "y2022": 0, "y2022_individual": 0, "y2022_student": 0, "y2022_company": 0, "y2023": 0, "y2023_individual": 0, "y2023_student": 0, "y2023_company": 0, "y2024": 0, "y2024_individual": 0, "y2024_student": 0, "y2024_company": 0, "y2025": 1, "y2025_individual": 1, "y2025_student": 0, "y2025_company": 0, "y2026": 3, "y2026_individual": 2, "y2026_student": 1, "y2026_company": 0, "total": 5, "student_share": 0.2, "recent_share": 0.8, "first_year": 2020, "last_year": 2026, "n_2026": 3, "reassigned_n": 0, "dominant_type": "Individual", "mix": "Mostly professional", "place": "Orinda" }, "geometry": { "type": "Polygon", "coordinates": [ [ [ -122.25541, 37.89883 ], [ -122.24705, 37.90544 ], [ -122.24773, 37.90904 ], [ -122.24954, 37.91108 ], [ -122.25308, 37.91176 ], [ -122.25101, 37.91511 ], [ -122.25222, 37.91865 ], [ -122.2555, 37.92154 ], [ -122.23799, 37.92116 ], [ -122.24005, 37.91913 ], [ -122.23695, 37.91987 ], [ -122.23453, 37.91717 ], [ -122.23249, 37.91657 ], [ -122.2308, 37.91234 ], [ -122.22765, 37.9084 ], [ -122.22274, 37.90655 ], [ -122.21676, 37.90683 ], [ -122.21498, 37.90561 ], [ -122.21487, 37.90402 ], [ -122.21429, 37.90453 ], [ -122.21577, 37.90713 ], [ -122.21249, 37.90806 ], [ -122.21193, 37.90991 ], [ -122.20892, 37.90894 ], [ -122.21037, 37.90861 ], [ -122.2111, 37.90789 ], [ -122.21126, 37.90685 ], [ -122.21054, 37.90582 ], [ -122.2105, 37.90837 ], [ -122.2049, 37.90841 ], [ -122.20329, 37.90952 ], [ -122.20002, 37.91489 ], [ -122.19986, 37.91751 ], [ -122.1957, 37.92155 ], [ -122.18485, 37.91873 ], [ -122.17696, 37.91814 ], [ -122.17566, 37.91582 ], [ -122.17406, 37.91539 ], [ -122.16679, 37.91703 ], [ -122.16091, 37.91304 ], [ -122.16094, 37.90954 ], [ -122.16522, 37.90949 ], [ -122.16506, 37.89236 ], [ -122.16692, 37.89205 ], [ -122.16688, 37.8895 ], [ -122.16503, 37.88955 ], [ -122.16499, 37.88535 ], [ -122.16169, 37.88309 ], [ -122.16324, 37.88113 ], [ -122.15817, 37.88116 ], [ -122.15581, 37.88186 ], [ -122.15573, 37.88357 ], [ -122.15368, 37.88303 ], [ -122.15544, 37.88257 ], [ -122.15586, 37.88139 ], [ -122.15555, 37.87263 ], [ -122.15668, 37.8716 ], [ -122.14425, 37.86852 ], [ -122.1429, 37.86728 ], [ -122.14323, 37.86591 ], [ -122.14429, 37.86564 ], [ -122.14436, 37.8627 ], [ -122.14294, 37.86328 ], [ -122.1426, 37.85265 ], [ -122.14032, 37.85195 ], [ -122.13944, 37.84904 ], [ -122.14239, 37.84734 ], [ -122.14052, 37.84425 ], [ -122.14235, 37.84136 ], [ -122.14345, 37.84195 ], [ -122.14604, 37.83887 ], [ -122.14869, 37.83919 ], [ -122.15674, 37.84364 ], [ -122.15853, 37.8419 ], [ -122.16549, 37.8445 ], [ -122.16807, 37.84374 ], [ -122.1726, 37.84516 ], [ -122.18129, 37.83972 ], [ -122.18376, 37.84007 ], [ -122.18867, 37.83792 ], [ -122.1886, 37.85105 ], [ -122.18897, 37.85043 ], [ -122.20266, 37.85048 ], [ -122.2031, 37.85119 ], [ -122.2089, 37.85194 ], [ -122.21185, 37.8568 ], [ -122.22142, 37.86547 ], [ -122.21637, 37.86908 ], [ -122.21764, 37.87225 ], [ -122.2198, 37.87349 ], [ -122.22362, 37.87857 ], [ -122.22884, 37.88102 ], [ -122.23868, 37.88332 ], [ -122.24197, 37.88193 ], [ -122.24926, 37.88697 ], [ -122.25029, 37.88983 ], [ -122.24915, 37.89113 ], [ -122.25105, 37.89382 ], [ -122.25287, 37.89373 ], [ -122.25363, 37.89614 ], [ -122.25516, 37.89626 ], [ -122.25541, 37.89883 ] ] ] } },
{ "type": "Feature", "properties": { "zcta": "94024", "individual": 1, "student": 0, "company": 0, "w2017_19": 1, "w2020_23": 0, "w2024_26": 0, "w2017_19_student": 0, "w2017_19_share": 0.0, "w2017_19_mix": "No students", "w2020_23_student": 0, "w2020_23_share": null, "w2020_23_mix": null, "w2024_26_student": 0, "w2024_26_share": null, "w2024_26_mix": null, "y2017": 0, "y2017_individual": 0, "y2017_student": 0, "y2017_company": 0, "y2018": 1, "y2018_individual": 1, "y2018_student": 0, "y2018_company": 0, "y2019": 0, "y2019_individual": 0, "y2019_student": 0, "y2019_company": 0, "y2020": 0, "y2020_individual": 0, "y2020_student": 0, "y2020_company": 0, "y2021": 0, "y2021_individual": 0, "y2021_student": 0, "y2021_company": 0, "y2022": 0, "y2022_individual": 0, "y2022_student": 0, "y2022_company": 0, "y2023": 0, "y2023_individual": 0, "y2023_student": 0, "y2023_company": 0, "y2024": 0, "y2024_individual": 0, "y2024_student": 0, "y2024_company": 0, "y2025": 0, "y2025_individual": 0, "y2025_student": 0, "y2025_company": 0, "y2026": 0, "y2026_individual": 0, "y2026_student": 0, "y2026_company": 0, "total": 1, "student_share": 0.0, "recent_share": 0.0, "first_year": 2018, "last_year": 2018, "n_2026": 0, "reassigned_n": 0, "dominant_type": "Individual", "mix": "No students", "place": "Los Altos" }, "geometry": { "type": "Polygon", "coordinates": [ [ [ -122.14355, 37.34604 ], [ -122.14154, 37.34608 ], [ -122.14163, 37.34891 ], [ -122.13722, 37.34896 ], [ -122.13585, 37.34624 ], [ -122.13416, 37.34888 ], [ -122.12885, 37.3489 ], [ -122.12781, 37.3468 ], [ -122.12411, 37.34686 ], [ -122.12342, 37.34868 ], [ -122.12033, 37.34736 ], [ -122.11576, 37.35597 ], [ -122.12023, 37.36112 ], [ -122.11201, 37.36927 ], [ -122.11077, 37.3686 ], [ -122.10959, 37.3696 ], [ -122.11069, 37.37062 ], [ -122.09938, 37.36189 ], [ -122.1097, 37.37005 ], [ -122.10978, 37.37165 ], [ -122.10053, 37.38146 ], [ -122.09789, 37.38138 ], [ -122.09657, 37.38248 ], [ -122.0972, 37.3842 ], [ -122.09598, 37.38553 ], [ -122.09598, 37.38468 ], [ -122.08952, 37.38458 ], [ -122.0901, 37.38262 ], [ -122.08887, 37.38135 ], [ -122.09598, 37.38139 ], [ -122.09599, 37.37966 ], [ -122.09319, 37.37965 ], [ -122.0932, 37.37677 ], [ -122.09597, 37.3768 ], [ -122.09603, 37.3669 ], [ -122.08977, 37.36685 ], [ -122.08916, 37.36594 ], [ -122.08239, 37.36683 ], [ -122.07785, 37.36617 ], [ -122.07781, 37.35902 ], [ -122.07052, 37.35904 ], [ -122.06868, 37.35792 ], [ -122.06866, 37.35676 ], [ -122.06575, 37.35676 ], [ -122.06571, 37.35951 ], [ -122.06301, 37.35955 ], [ -122.06061, 37.35204 ], [ -122.06308, 37.35205 ], [ -122.0647, 37.34895 ], [ -122.06364, 37.34697 ], [ -122.06519, 37.34315 ], [ -122.06206, 37.33807 ], [ -122.06756, 37.33747 ], [ -122.06382, 37.33415 ], [ -122.06803, 37.33545 ], [ -122.06833, 37.33419 ], [ -122.06383, 37.33349 ], [ -122.05965, 37.32935 ], [ -122.06029, 37.32854 ], [ -122.06229, 37.32871 ], [ -122.06226, 37.32985 ], [ -122.06913, 37.33141 ], [ -122.06971, 37.32972 ], [ -122.07164, 37.33132 ], [ -122.0797, 37.33409 ], [ -122.08083, 37.33195 ], [ -122.08337, 37.33386 ], [ -122.08317, 37.33689 ], [ -122.08966, 37.34063 ], [ -122.09098, 37.33612 ], [ -122.0926, 37.33577 ], [ -122.09339, 37.33361 ], [ -122.09709, 37.33149 ], [ -122.10158, 37.3328 ], [ -122.10384, 37.33522 ], [ -122.10715, 37.33665 ], [ -122.11851, 37.33665 ], [ -122.12224, 37.33851 ], [ -122.13168, 37.34012 ], [ -122.13222, 37.3311 ], [ -122.1457, 37.33105 ], [ -122.14355, 37.34604 ] ] ] } },
{ "type": "Feature", "properties": { "zcta": "94025", "individual": 3, "student": 1, "company": 0, "w2017_19": 2, "w2020_23": 0, "w2024_26": 2, "w2017_19_student": 0, "w2017_19_share": 0.0, "w2017_19_mix": "No students", "w2020_23_student": 0, "w2020_23_share": null, "w2020_23_mix": null, "w2024_26_student": 1, "w2024_26_share": 0.5, "w2024_26_mix": "Mixed", "y2017": 0, "y2017_individual": 0, "y2017_student": 0, "y2017_company": 0, "y2018": 2, "y2018_individual": 2, "y2018_student": 0, "y2018_company": 0, "y2019": 0, "y2019_individual": 0, "y2019_student": 0, "y2019_company": 0, "y2020": 0, "y2020_individual": 0, "y2020_student": 0, "y2020_company": 0, "y2021": 0, "y2021_individual": 0, "y2021_student": 0, "y2021_company": 0, "y2022": 0, "y2022_individual": 0, "y2022_student": 0, "y2022_company": 0, "y2023": 0, "y2023_individual": 0, "y2023_student": 0, "y2023_company": 0, "y2024": 0, "y2024_individual": 0, "y2024_student": 0, "y2024_company": 0, "y2025": 1, "y2025_individual": 1, "y2025_student": 0, "y2025_company": 0, "y2026": 1, "y2026_individual": 0, "y2026_student": 1, "y2026_company": 0, "total": 4, "student_share": 0.25, "recent_share": 0.5, "first_year": 2018, "last_year": 2026, "n_2026": 1, "reassigned_n": 0, "dominant_type": "Individual", "mix": "Mostly professional", "place": "Menlo Park" }, "geometry": { "type": "Polygon", "coordinates": [ [ [ -122.22927, 37.42473 ], [ -122.22455, 37.42411 ], [ -122.22096, 37.42794 ], [ -122.21897, 37.42896 ], [ -122.21755, 37.42796 ], [ -122.21338, 37.43274 ], [ -122.21399, 37.43316 ], [ -122.2124, 37.43657 ], [ -122.20761, 37.44013 ], [ -122.20177, 37.4389 ], [ -122.18759, 37.45582 ], [ -122.19561, 37.45985 ], [ -122.19342, 37.46179 ], [ -122.192, 37.46097 ], [ -122.18924, 37.46456 ], [ -122.18634, 37.46312 ], [ -122.18851, 37.46031 ], [ -122.18375, 37.45795 ], [ -122.18086, 37.46159 ], [ -122.1767, 37.45866 ], [ -122.17544, 37.46028 ], [ -122.17395, 37.45952 ], [ -122.16787, 37.4717 ], [ -122.1779, 37.47619 ], [ -122.18678, 37.47676 ], [ -122.1897, 37.47172 ], [ -122.1922, 37.47272 ], [ -122.19334, 37.47087 ], [ -122.19795, 37.47264 ], [ -122.20211, 37.46727 ], [ -122.20365, 37.46825 ], [ -122.20612, 37.46514 ], [ -122.20978, 37.46774 ], [ -122.20896, 37.46723 ], [ -122.20604, 37.46975 ], [ -122.20116, 37.47697 ], [ -122.18601, 37.47801 ], [ -122.18191, 37.48252 ], [ -122.18288, 37.484 ], [ -122.18221, 37.48513 ], [ -122.18929, 37.48666 ], [ -122.1895, 37.48753 ], [ -122.18278, 37.48825 ], [ -122.16508, 37.48285 ], [ -122.15812, 37.48206 ], [ -122.15041, 37.48214 ], [ -122.1509, 37.48533 ], [ -122.14958, 37.48648 ], [ -122.14612, 37.48661 ], [ -122.14516, 37.48427 ], [ -122.14255, 37.48637 ], [ -122.13976, 37.48085 ], [ -122.13952, 37.47593 ], [ -122.14586, 37.47559 ], [ -122.14718, 37.47357 ], [ -122.15369, 37.4745 ], [ -122.15632, 37.46941 ], [ -122.15056, 37.46599 ], [ -122.15126, 37.46274 ], [ -122.15, 37.46175 ], [ -122.1446, 37.46047 ], [ -122.14493, 37.4582 ], [ -122.14676, 37.45658 ], [ -122.15351, 37.45668 ], [ -122.15593, 37.45542 ], [ -122.15571, 37.45418 ], [ -122.15769, 37.45349 ], [ -122.15952, 37.45472 ], [ -122.1653, 37.45284 ], [ -122.16875, 37.44743 ], [ -122.17171, 37.44678 ], [ -122.1757, 37.44188 ], [ -122.1798, 37.44084 ], [ -122.17986, 37.43946 ], [ -122.18218, 37.43948 ], [ -122.18456, 37.43409 ], [ -122.18765, 37.43331 ], [ -122.19051, 37.43096 ], [ -122.18961, 37.42714 ], [ -122.19133, 37.4253 ], [ -122.18829, 37.4223 ], [ -122.18792, 37.42002 ], [ -122.19027, 37.41848 ], [ -122.18719, 37.41655 ], [ -122.18756, 37.41484 ], [ -122.19236, 37.41387 ], [ -122.1942, 37.40909 ], [ -122.19944, 37.41078 ], [ -122.19947, 37.41161 ], [ -122.20111, 37.41107 ], [ -122.20689, 37.4129 ], [ -122.21483, 37.41827 ], [ -122.22214, 37.41964 ], [ -122.22927, 37.42473 ] ] ] } },
{ "type": "Feature", "properties": { "zcta": "94030", "individual": 2, "student": 0, "company": 0, "w2017_19": 1, "w2020_23": 1, "w2024_26": 0, "w2017_19_student": 0, "w2017_19_share": 0.0, "w2017_19_mix": "No students", "w2020_23_student": 0, "w2020_23_share": 0.0, "w2020_23_mix": "No students", "w2024_26_student": 0, "w2024_26_share": null, "w2024_26_mix": null, "y2017": 0, "y2017_individual": 0, "y2017_student": 0, "y2017_company": 0, "y2018": 0, "y2018_individual": 0, "y2018_student": 0, "y2018_company": 0, "y2019": 1, "y2019_individual": 1, "y2019_student": 0, "y2019_company": 0, "y2020": 1, "y2020_individual": 1, "y2020_student": 0, "y2020_company": 0, "y2021": 0, "y2021_individual": 0, "y2021_student": 0, "y2021_company": 0, "y2022": 0, "y2022_individual": 0, "y2022_student": 0, "y2022_company": 0, "y2023": 0, "y2023_individual": 0, "y2023_student": 0, "y2023_company": 0, "y2024": 0, "y2024_individual": 0, "y2024_student": 0, "y2024_company": 0, "y2025": 0, "y2025_individual": 0, "y2025_student": 0, "y2025_company": 0, "y2026": 0, "y2026_individual": 0, "y2026_student": 0, "y2026_company": 0, "total": 2, "student_share": 0.0, "recent_share": 0.0, "first_year": 2019, "last_year": 2020, "n_2026": 0, "reassigned_n": 0, "dominant_type": "Individual", "mix": "No students", "place": "Millbrae" }, "geometry": { "type": "Polygon", "coordinates": [ [ [ -122.42837, 37.60573 ], [ -122.42672, 37.60495 ], [ -122.42072, 37.60922 ], [ -122.40927, 37.61405 ], [ -122.40581, 37.61224 ], [ -122.40607, 37.61498 ], [ -122.40174, 37.61085 ], [ -122.40016, 37.61265 ], [ -122.39908, 37.61202 ], [ -122.39647, 37.61286 ], [ -122.38353, 37.60448 ], [ -122.37886, 37.60724 ], [ -122.37784, 37.60669 ], [ -122.37854, 37.60559 ], [ -122.37705, 37.6051 ], [ -122.38406, 37.60045 ], [ -122.38291, 37.59946 ], [ -122.37884, 37.60099 ], [ -122.38715, 37.59564 ], [ -122.39011, 37.5925 ], [ -122.38831, 37.59119 ], [ -122.38995, 37.58824 ], [ -122.39095, 37.589 ], [ -122.39551, 37.58547 ], [ -122.39916, 37.58445 ], [ -122.40362, 37.58161 ], [ -122.42673, 37.60221 ], [ -122.42837, 37.60573 ] ] ] } },
{ "type": "Feature", "properties": { "zcta": "94044", "individual": 0, "student": 2, "company": 0, "w2017_19": 0, "w2020_23": 1, "w2024_26": 1, "w2017_19_student": 0, "w2017_19_share": null, "w2017_19_mix": null, "w2020_23_student": 1, "w2020_23_share": 1.0, "w2020_23_mix": "Mostly students", "w2024_26_student": 1, "w2024_26_share": 1.0, "w2024_26_mix": "Mostly students", "y2017": 0, "y2017_individual": 0, "y2017_student": 0, "y2017_company": 0, "y2018": 0, "y2018_individual": 0, "y2018_student": 0, "y2018_company": 0, "y2019": 0, "y2019_individual": 0, "y2019_student": 0, "y2019_company": 0, "y2020": 0, "y2020_individual": 0, "y2020_student": 0, "y2020_company": 0, "y2021": 1, "y2021_individual": 0, "y2021_student": 1, "y2021_company": 0, "y2022": 0, "y2022_individual": 0, "y2022_student": 0, "y2022_company": 0, "y2023": 0, "y2023_individual": 0, "y2023_student": 0, "y2023_company": 0, "y2024": 0, "y2024_individual": 0, "y2024_student": 0, "y2024_company": 0, "y2025": 0, "y2025_individual": 0, "y2025_student": 0, "y2025_company": 0, "y2026": 1, "y2026_individual": 0, "y2026_student": 1, "y2026_company": 0, "total": 2, "student_share": 1.0, "recent_share": 0.5, "first_year": 2021, "last_year": 2026, "n_2026": 1, "reassigned_n": 0, "dominant_type": "Student", "mix": "Mostly students", "place": "Pacifica" }, "geometry": { "type": "Polygon", "coordinates": [ [ [ -122.52085, 37.59418 ], [ -122.51533, 37.59556 ], [ -122.51472, 37.59829 ], [ -122.50765, 37.59607 ], [ -122.50139, 37.59964 ], [ -122.50043, 37.60414 ], [ -122.50233, 37.60828 ], [ -122.49821, 37.60827 ], [ -122.49679, 37.61214 ], [ -122.49819, 37.61412 ], [ -122.49803, 37.62082 ], [ -122.49589, 37.62277 ], [ -122.49409, 37.64404 ], [ -122.49538, 37.66435 ], [ -122.49374, 37.66441 ], [ -122.49021, 37.6611 ], [ -122.48574, 37.6615 ], [ -122.48473, 37.66249 ], [ -122.48573, 37.66431 ], [ -122.48502, 37.66429 ], [ -122.48487, 37.66637 ], [ -122.4816, 37.66613 ], [ -122.47579, 37.66051 ], [ -122.47134, 37.65304 ], [ -122.47186, 37.64914 ], [ -122.46413, 37.63879 ], [ -122.46808, 37.6376 ], [ -122.46857, 37.63824 ], [ -122.47272, 37.6338 ], [ -122.4724, 37.63149 ], [ -122.46279, 37.61933 ], [ -122.45302, 37.61827 ], [ -122.45095, 37.61754 ], [ -122.45007, 37.61559 ], [ -122.44392, 37.59362 ], [ -122.46285, 37.58451 ], [ -122.45976, 37.58447 ], [ -122.45966, 37.57814 ], [ -122.45098, 37.57804 ], [ -122.45087, 37.57054 ], [ -122.45939, 37.57074 ], [ -122.45949, 37.56604 ], [ -122.46762, 37.56629 ], [ -122.46764, 37.56351 ], [ -122.4777, 37.56355 ], [ -122.47789, 37.56214 ], [ -122.48007, 37.56214 ], [ -122.48543, 37.56551 ], [ -122.49257, 37.56659 ], [ -122.49443, 37.57029 ], [ -122.49758, 37.57051 ], [ -122.50036, 37.57234 ], [ -122.50912, 37.57406 ], [ -122.51266, 37.57759 ], [ -122.50896, 37.58426 ], [ -122.50746, 37.58496 ], [ -122.51399, 37.58519 ], [ -122.51742, 37.5868 ], [ -122.51719, 37.59064 ], [ -122.52085, 37.59418 ] ] ] } },
{ "type": "Feature", "properties": { "zcta": "94061", "individual": 1, "student": 0, "company": 1, "w2017_19": 0, "w2020_23": 1, "w2024_26": 1, "w2017_19_student": 0, "w2017_19_share": null, "w2017_19_mix": null, "w2020_23_student": 0, "w2020_23_share": 0.0, "w2020_23_mix": "No students", "w2024_26_student": 0, "w2024_26_share": 0.0, "w2024_26_mix": "No students", "y2017": 0, "y2017_individual": 0, "y2017_student": 0, "y2017_company": 0, "y2018": 0, "y2018_individual": 0, "y2018_student": 0, "y2018_company": 0, "y2019": 0, "y2019_individual": 0, "y2019_student": 0, "y2019_company": 0, "y2020": 1, "y2020_individual": 1, "y2020_student": 0, "y2020_company": 0, "y2021": 0, "y2021_individual": 0, "y2021_student": 0, "y2021_company": 0, "y2022": 0, "y2022_individual": 0, "y2022_student": 0, "y2022_company": 0, "y2023": 0, "y2023_individual": 0, "y2023_student": 0, "y2023_company": 0, "y2024": 0, "y2024_individual": 0, "y2024_student": 0, "y2024_company": 0, "y2025": 1, "y2025_individual": 0, "y2025_student": 0, "y2025_company": 1, "y2026": 0, "y2026_individual": 0, "y2026_student": 0, "y2026_company": 0, "total": 2, "student_share": 0.0, "recent_share": 0.5, "first_year": 2020, "last_year": 2025, "n_2026": 0, "reassigned_n": 0, "dominant_type": "Individual", "mix": "No students", "place": "Redwood City" }, "geometry": { "type": "Polygon", "coordinates": [ [ [ -122.27075, 37.44754 ], [ -122.26659, 37.45073 ], [ -122.26909, 37.45225 ], [ -122.26662, 37.45411 ], [ -122.26802, 37.45636 ], [ -122.2676, 37.45725 ], [ -122.26353, 37.45436 ], [ -122.25887, 37.45691 ], [ -122.25923, 37.45766 ], [ -122.2585, 37.45724 ], [ -122.25725, 37.45827 ], [ -122.25895, 37.45971 ], [ -122.25478, 37.46138 ], [ -122.25426, 37.46337 ], [ -122.25054, 37.46364 ], [ -122.24917, 37.46528 ], [ -122.24991, 37.46876 ], [ -122.24714, 37.46979 ], [ -122.24668, 37.46898 ], [ -122.24541, 37.46944 ], [ -122.24617, 37.47014 ], [ -122.24328, 37.4712 ], [ -122.24242, 37.47051 ], [ -122.24232, 37.47155 ], [ -122.23959, 37.47276 ], [ -122.24029, 37.47326 ], [ -122.23659, 37.47735 ], [ -122.23126, 37.48153 ], [ -122.22963, 37.48209 ], [ -122.21368, 37.47066 ], [ -122.21313, 37.47119 ], [ -122.21129, 37.47004 ], [ -122.21774, 37.46429 ], [ -122.22198, 37.45727 ], [ -122.2175, 37.45337 ], [ -122.22497, 37.44396 ], [ -122.24032, 37.45501 ], [ -122.24365, 37.45322 ], [ -122.24694, 37.45549 ], [ -122.25734, 37.4472 ], [ -122.26026, 37.44745 ], [ -122.26311, 37.44396 ], [ -122.26947, 37.44461 ], [ -122.26886, 37.44604 ], [ -122.27075, 37.44754 ] ] ] } },
{ "type": "Feature", "properties": { "zcta": "94065", "individual": 1, "student": 1, "company": 0, "w2017_19": 1, "w2020_23": 1, "w2024_26": 0, "w2017_19_student": 0, "w2017_19_share": 0.0, "w2017_19_mix": "No students", "w2020_23_student": 1, "w2020_23_share": 1.0, "w2020_23_mix": "Mostly students", "w2024_26_student": 0, "w2024_26_share": null, "w2024_26_mix": null, "y2017": 0, "y2017_individual": 0, "y2017_student": 0, "y2017_company": 0, "y2018": 1, "y2018_individual": 1, "y2018_student": 0, "y2018_company": 0, "y2019": 0, "y2019_individual": 0, "y2019_student": 0, "y2019_company": 0, "y2020": 0, "y2020_individual": 0, "y2020_student": 0, "y2020_company": 0, "y2021": 0, "y2021_individual": 0, "y2021_student": 0, "y2021_company": 0, "y2022": 1, "y2022_individual": 0, "y2022_student": 1, "y2022_company": 0, "y2023": 0, "y2023_individual": 0, "y2023_student": 0, "y2023_company": 0, "y2024": 0, "y2024_individual": 0, "y2024_student": 0, "y2024_company": 0, "y2025": 0, "y2025_individual": 0, "y2025_student": 0, "y2025_company": 0, "y2026": 0, "y2026_individual": 0, "y2026_student": 0, "y2026_company": 0, "total": 2, "student_share": 0.5, "recent_share": 0.0, "first_year": 2018, "last_year": 2022, "n_2026": 0, "reassigned_n": 0, "dominant_type": "Individual", "mix": "Mixed", "place": "Redwood City" }, "geometry": { "type": "Polygon", "coordinates": [ [ [ -122.26999, 37.53065 ], [ -122.26793, 37.53066 ], [ -122.26615, 37.53395 ], [ -122.265, 37.53439 ], [ -122.26137, 37.5334 ], [ -122.26043, 37.53968 ], [ -122.25846, 37.54118 ], [ -122.25193, 37.54041 ], [ -122.25237, 37.54451 ], [ -122.25072, 37.54819 ], [ -122.24396, 37.55373 ], [ -122.24423, 37.54981 ], [ -122.24489, 37.55003 ], [ -122.24416, 37.54904 ], [ -122.2324, 37.54859 ], [ -122.22888, 37.5494 ], [ -122.22701, 37.54842 ], [ -122.22423, 37.54455 ], [ -122.23331, 37.53214 ], [ -122.24295, 37.52766 ], [ -122.24428, 37.52452 ], [ -122.24584, 37.52352 ], [ -122.24588, 37.52154 ], [ -122.2486, 37.51649 ], [ -122.24861, 37.51815 ], [ -122.25084, 37.51788 ], [ -122.25484, 37.5155 ], [ -122.26192, 37.52117 ], [ -122.26068, 37.52244 ], [ -122.26322, 37.5232 ], [ -122.26413, 37.52456 ], [ -122.26365, 37.5263 ], [ -122.26614, 37.5271 ], [ -122.26515, 37.52848 ], [ -122.26799, 37.52772 ], [ -122.26999, 37.53065 ] ] ] } },
{ "type": "Feature", "properties": { "zcta": "94080", "individual": 1, "student": 0, "company": 0, "w2017_19": 0, "w2020_23": 0, "w2024_26": 1, "w2017_19_student": 0, "w2017_19_share": null, "w2017_19_mix": null, "w2020_23_student": 0, "w2020_23_share": null, "w2020_23_mix": null, "w2024_26_student": 0, "w2024_26_share": 0.0, "w2024_26_mix": "No students", "y2017": 0, "y2017_individual": 0, "y2017_student": 0, "y2017_company": 0, "y2018": 0, "y2018_individual": 0, "y2018_student": 0, "y2018_company": 0, "y2019": 0, "y2019_individual": 0, "y2019_student": 0, "y2019_company": 0, "y2020": 0, "y2020_individual": 0, "y2020_student": 0, "y2020_company": 0, "y2021": 0, "y2021_individual": 0, "y2021_student": 0, "y2021_company": 0, "y2022": 0, "y2022_individual": 0, "y2022_student": 0, "y2022_company": 0, "y2023": 0, "y2023_individual": 0, "y2023_student": 0, "y2023_company": 0, "y2024": 1, "y2024_individual": 1, "y2024_student": 0, "y2024_company": 0, "y2025": 0, "y2025_individual": 0, "y2025_student": 0, "y2025_company": 0, "y2026": 0, "y2026_individual": 0, "y2026_student": 0, "y2026_company": 0, "total": 1, "student_share": 0.0, "recent_share": 1.0, "first_year": 2024, "last_year": 2024, "n_2026": 0, "reassigned_n": 0, "dominant_type": "Individual", "mix": "No students", "place": "South San Francisco" }, "geometry": { "type": "Polygon", "coordinates": [ [ [ -122.47186, 37.64914 ], [ -122.46905, 37.65039 ], [ -122.459, 37.64983 ], [ -122.45565, 37.65055 ], [ -122.45039, 37.64851 ], [ -122.45379, 37.65592 ], [ -122.45612, 37.65399 ], [ -122.45762, 37.65673 ], [ -122.46383, 37.66107 ], [ -122.46341, 37.66235 ], [ -122.46053, 37.66406 ], [ -122.46181, 37.6657 ], [ -122.45342, 37.67079 ], [ -122.45405, 37.67272 ], [ -122.44461, 37.66548 ], [ -122.43663, 37.67149 ], [ -122.43348, 37.67024 ], [ -122.42917, 37.68297 ], [ -122.4282, 37.68129 ], [ -122.42411, 37.67888 ], [ -122.42403, 37.67693 ], [ -122.42033, 37.67455 ], [ -122.41511, 37.6745 ], [ -122.41513, 37.6718 ], [ -122.40866, 37.67108 ], [ -122.40771, 37.67184 ], [ -122.40791, 37.67481 ], [ -122.40294, 37.67328 ], [ -122.39659, 37.67472 ], [ -122.3966, 37.67388 ], [ -122.39105, 37.6732 ], [ -122.39192, 37.67176 ], [ -122.381, 37.67177 ], [ -122.381, 37.66785 ], [ -122.37429, 37.66221 ], [ -122.37624, 37.65525 ], [ -122.38004, 37.64772 ], [ -122.39122, 37.6464 ], [ -122.38931, 37.64019 ], [ -122.39166, 37.63909 ], [ -122.40105, 37.63886 ], [ -122.4027, 37.63824 ], [ -122.40272, 37.63554 ], [ -122.40606, 37.63554 ], [ -122.40599, 37.63457 ], [ -122.40758, 37.6339 ], [ -122.41143, 37.63397 ], [ -122.41158, 37.64123 ], [ -122.41676, 37.63935 ], [ -122.41848, 37.64232 ], [ -122.42343, 37.64047 ], [ -122.43303, 37.63438 ], [ -122.43713, 37.63813 ], [ -122.44392, 37.63449 ], [ -122.4469, 37.63693 ], [ -122.4484, 37.6352 ], [ -122.45868, 37.64046 ], [ -122.46413, 37.63879 ], [ -122.46851, 37.64366 ], [ -122.47186, 37.64914 ] ] ] } },
{ "type": "Feature", "properties": { "zcta": "94089", "individual": 1, "student": 0, "company": 0, "w2017_19": 0, "w2020_23": 1, "w2024_26": 0, "w2017_19_student": 0, "w2017_19_share": null, "w2017_19_mix": null, "w2020_23_student": 0, "w2020_23_share": 0.0, "w2020_23_mix": "No students", "w2024_26_student": 0, "w2024_26_share": null, "w2024_26_mix": null, "y2017": 0, "y2017_individual": 0, "y2017_student": 0, "y2017_company": 0, "y2018": 0, "y2018_individual": 0, "y2018_student": 0, "y2018_company": 0, "y2019": 0, "y2019_individual": 0, "y2019_student": 0, "y2019_company": 0, "y2020": 0, "y2020_individual": 0, "y2020_student": 0, "y2020_company": 0, "y2021": 1, "y2021_individual": 1, "y2021_student": 0, "y2021_company": 0, "y2022": 0, "y2022_individual": 0, "y2022_student": 0, "y2022_company": 0, "y2023": 0, "y2023_individual": 0, "y2023_student": 0, "y2023_company": 0, "y2024": 0, "y2024_individual": 0, "y2024_student": 0, "y2024_company": 0, "y2025": 0, "y2025_individual": 0, "y2025_student": 0, "y2025_company": 0, "y2026": 0, "y2026_individual": 0, "y2026_student": 0, "y2026_company": 0, "total": 1, "student_share": 0.0, "recent_share": 0.0, "first_year": 2021, "last_year": 2021, "n_2026": 0, "reassigned_n": 0, "dominant_type": "Individual", "mix": "No students", "place": "Sunnyvale" }, "geometry": { "type": "Polygon", "coordinates": [ [ [ -122.04134, 37.44095 ], [ -121.99574, 37.41738 ], [ -121.9876, 37.41693 ], [ -121.98698, 37.38845 ], [ -122.00867, 37.39466 ], [ -122.03736, 37.40091 ], [ -122.03703, 37.419 ], [ -122.03531, 37.42645 ], [ -122.04109, 37.42701 ], [ -122.04134, 37.44095 ] ] ] } },
{ "type": "Feature", "properties": { "zcta": "94103", "individual": 3, "student": 1, "company": 1, "w2017_19": 2, "w2020_23": 0, "w2024_26": 3, "w2017_19_student": 0, "w2017_19_share": 0.0, "w2017_19_mix": "No students", "w2020_23_student": 0, "w2020_23_share": null, "w2020_23_mix": null, "w2024_26_student": 1, "w2024_26_share": 0.333, "w2024_26_mix": "Mostly professional", "y2017": 0, "y2017_individual": 0, "y2017_student": 0, "y2017_company": 0, "y2018": 2, "y2018_individual": 2, "y2018_student": 0, "y2018_company": 0, "y2019": 0, "y2019_individual": 0, "y2019_student": 0, "y2019_company": 0, "y2020": 0, "y2020_individual": 0, "y2020_student": 0, "y2020_company": 0, "y2021": 0, "y2021_individual": 0, "y2021_student": 0, "y2021_company": 0, "y2022": 0, "y2022_individual": 0, "y2022_student": 0, "y2022_company": 0, "y2023": 0, "y2023_individual": 0, "y2023_student": 0, "y2023_company": 0, "y2024": 0, "y2024_individual": 0, "y2024_student": 0, "y2024_company": 0, "y2025": 1, "y2025_individual": 0, "y2025_student": 0, "y2025_company": 1, "y2026": 2, "y2026_individual": 1, "y2026_student": 1, "y2026_company": 0, "total": 5, "student_share": 0.2, "recent_share": 0.6, "first_year": 2018, "last_year": 2026, "n_2026": 2, "reassigned_n": 0, "dominant_type": "Individual", "mix": "Mostly professional", "place": "San Francisco" }, "geometry": { "type": "Polygon", "coordinates": [ [ [ -122.42866, 37.76774 ], [ -122.40346, 37.78778 ], [ -122.40183, 37.78727 ], [ -122.40257, 37.78668 ], [ -122.40047, 37.78503 ], [ -122.39937, 37.7859 ], [ -122.39781, 37.78467 ], [ -122.40616, 37.77894 ], [ -122.40198, 37.77647 ], [ -122.40252, 37.77604 ], [ -122.39962, 37.77343 ], [ -122.40388, 37.77006 ], [ -122.40199, 37.76903 ], [ -122.40002, 37.77052 ], [ -122.39905, 37.76973 ], [ -122.40078, 37.76836 ], [ -122.39968, 37.76669 ], [ -122.40063, 37.7649 ], [ -122.41036, 37.76431 ], [ -122.41049, 37.76561 ], [ -122.42058, 37.765 ], [ -122.42086, 37.76374 ], [ -122.42185, 37.76457 ], [ -122.42676, 37.76462 ], [ -122.42724, 37.76783 ], [ -122.42866, 37.76774 ] ] ] } },
{ "type": "Feature", "properties": { "zcta": "94107", "individual": 4, "student": 3, "company": 0, "w2017_19": 1, "w2020_23": 1, "w2024_26": 5, "w2017_19_student": 0, "w2017_19_share": 0.0, "w2017_19_mix": "No students", "w2020_23_student": 1, "w2020_23_share": 1.0, "w2020_23_mix": "Mostly students", "w2024_26_student": 2, "w2024_26_share": 0.4, "w2024_26_mix": "Mixed", "y2017": 0, "y2017_individual": 0, "y2017_student": 0, "y2017_company": 0, "y2018": 0, "y2018_individual": 0, "y2018_student": 0, "y2018_company": 0, "y2019": 1, "y2019_individual": 1, "y2019_student": 0, "y2019_company": 0, "y2020": 0, "y2020_individual": 0, "y2020_student": 0, "y2020_company": 0, "y2021": 0, "y2021_individual": 0, "y2021_student": 0, "y2021_company": 0, "y2022": 0, "y2022_individual": 0, "y2022_student": 0, "y2022_company": 0, "y2023": 1, "y2023_individual": 0, "y2023_student": 1, "y2023_company": 0, "y2024": 0, "y2024_individual": 0, "y2024_student": 0, "y2024_company": 0, "y2025": 0, "y2025_individual": 0, "y2025_student": 0, "y2025_company": 0, "y2026": 5, "y2026_individual": 3, "y2026_student": 2, "y2026_company": 0, "total": 7, "student_share": 0.429, "recent_share": 0.714, "first_year": 2019, "last_year": 2026, "n_2026": 5, "reassigned_n": 0, "dominant_type": "Individual", "mix": "Mixed", "place": "San Francisco" }, "geometry": { "type": "Polygon", "coordinates": [ [ [ -122.40648, 37.76073 ], [ -122.40509, 37.76463 ], [ -122.40063, 37.7649 ], [ -122.39968, 37.76669 ], [ -122.40078, 37.76836 ], [ -122.39905, 37.76973 ], [ -122.40002, 37.77052 ], [ -122.40199, 37.76903 ], [ -122.40388, 37.77006 ], [ -122.39962, 37.77343 ], [ -122.40252, 37.77604 ], [ -122.40198, 37.77647 ], [ -122.40616, 37.77894 ], [ -122.39565, 37.78638 ], [ -122.39402, 37.78521 ], [ -122.39516, 37.78431 ], [ -122.39454, 37.78381 ], [ -122.39018, 37.78666 ], [ -122.39029, 37.78577 ], [ -122.38767, 37.78476 ], [ -122.38767, 37.78279 ], [ -122.3884, 37.78077 ], [ -122.39171, 37.77802 ], [ -122.39022, 37.77672 ], [ -122.39235, 37.77503 ], [ -122.39394, 37.77626 ], [ -122.39619, 37.77452 ], [ -122.39683, 37.77503 ], [ -122.39907, 37.77328 ], [ -122.39849, 37.77246 ], [ -122.39925, 37.77314 ], [ -122.40037, 37.77168 ], [ -122.39271, 37.76408 ], [ -122.38792, 37.76438 ], [ -122.38228, 37.76085 ], [ -122.38133, 37.75531 ], [ -122.3831, 37.75331 ], [ -122.38227, 37.75315 ], [ -122.38789, 37.75282 ], [ -122.38772, 37.75026 ], [ -122.40378, 37.74943 ], [ -122.4034, 37.75647 ], [ -122.40648, 37.76073 ] ] ] } },
{ "type": "Feature", "properties": { "zcta": "94115", "individual": 4, "student": 1, "company": 0, "w2017_19": 1, "w2020_23": 2, "w2024_26": 2, "w2017_19_student": 1, "w2017_19_share": 1.0, "w2017_19_mix": "Mostly students", "w2020_23_student": 0, "w2020_23_share": 0.0, "w2020_23_mix": "No students", "w2024_26_student": 0, "w2024_26_share": 0.0, "w2024_26_mix": "No students", "y2017": 0, "y2017_individual": 0, "y2017_student": 0, "y2017_company": 0, "y2018": 0, "y2018_individual": 0, "y2018_student": 0, "y2018_company": 0, "y2019": 1, "y2019_individual": 0, "y2019_student": 1, "y2019_company": 0, "y2020": 2, "y2020_individual": 2, "y2020_student": 0, "y2020_company": 0, "y2021": 0, "y2021_individual": 0, "y2021_student": 0, "y2021_company": 0, "y2022": 0, "y2022_individual": 0, "y2022_student": 0, "y2022_company": 0, "y2023": 0, "y2023_individual": 0, "y2023_student": 0, "y2023_company": 0, "y2024": 1, "y2024_individual": 1, "y2024_student": 0, "y2024_company": 0, "y2025": 1, "y2025_individual": 1, "y2025_student": 0, "y2025_company": 0, "y2026": 0, "y2026_individual": 0, "y2026_student": 0, "y2026_company": 0, "total": 5, "student_share": 0.2, "recent_share": 0.4, "first_year": 2019, "last_year": 2025, "n_2026": 0, "reassigned_n": 0, "dominant_type": "Individual", "mix": "Mostly professional", "place": "San Francisco" }, "geometry": { "type": "Polygon", "coordinates": [ [ [ -122.44802, 37.79166 ], [ -122.44634, 37.79216 ], [ -122.44652, 37.79334 ], [ -122.4301, 37.79546 ], [ -122.42683, 37.77926 ], [ -122.44459, 37.77663 ], [ -122.4462, 37.78003 ], [ -122.44444, 37.78268 ], [ -122.44583, 37.78251 ], [ -122.44642, 37.78537 ], [ -122.44762, 37.78508 ], [ -122.44679, 37.78726 ], [ -122.44802, 37.79166 ] ] ] } },
{ "type": "Feature", "properties": { "zcta": "95133", "individual": 0, "student": 1, "company": 0, "w2017_19": 0, "w2020_23": 1, "w2024_26": 0, "w2017_19_student": 0, "w2017_19_share": null, "w2017_19_mix": null, "w2020_23_student": 1, "w2020_23_share": 1.0, "w2020_23_mix": "Mostly students", "w2024_26_student": 0, "w2024_26_share": null, "w2024_26_mix": null, "y2017": 0, "y2017_individual": 0, "y2017_student": 0, "y2017_company": 0, "y2018": 0, "y2018_individual": 0, "y2018_student": 0, "y2018_company": 0, "y2019": 0, "y2019_individual": 0, "y2019_student": 0, "y2019_company": 0, "y2020": 0, "y2020_individual": 0, "y2020_student": 0, "y2020_company": 0, "y2021": 0, "y2021_individual": 0, "y2021_student": 0, "y2021_company": 0, "y2022": 1, "y2022_individual": 0, "y2022_student": 1, "y2022_company": 0, "y2023": 0, "y2023_individual": 0, "y2023_student": 0, "y2023_company": 0, "y2024": 0, "y2024_individual": 0, "y2024_student": 0, "y2024_company": 0, "y2025": 0, "y2025_individual": 0, "y2025_student": 0, "y2025_company": 0, "y2026": 0, "y2026_individual": 0, "y2026_student": 0, "y2026_company": 0, "total": 1, "student_share": 1.0, "recent_share": 0.0, "first_year": 2022, "last_year": 2022, "n_2026": 0, "reassigned_n": 0, "dominant_type": "Student", "mix": "Mostly students", "place": "San Jose" }, "geometry": { "type": "Polygon", "coordinates": [ [ [ -121.89162, 37.36402 ], [ -121.88751, 37.36585 ], [ -121.88591, 37.36447 ], [ -121.88293, 37.36612 ], [ -121.87935, 37.3694 ], [ -121.88146, 37.3711 ], [ -121.88004, 37.373 ], [ -121.88237, 37.3719 ], [ -121.87698, 37.37529 ], [ -121.87576, 37.37186 ], [ -121.86056, 37.38656 ], [ -121.85637, 37.38379 ], [ -121.85663, 37.38305 ], [ -121.84975, 37.38844 ], [ -121.84624, 37.38907 ], [ -121.83871, 37.37917 ], [ -121.83941, 37.37757 ], [ -121.83664, 37.37643 ], [ -121.83872, 37.37541 ], [ -121.83759, 37.37376 ], [ -121.8607, 37.35799 ], [ -121.86166, 37.35898 ], [ -121.86469, 37.35691 ], [ -121.8638, 37.35599 ], [ -121.86623, 37.35407 ], [ -121.87072, 37.35791 ], [ -121.8759, 37.36061 ], [ -121.89147, 37.3629 ], [ -121.89162, 37.36402 ] ] ] } },
{ "type": "Feature", "properties": { "zcta": "95134", "individual": 1, "student": 0, "company": 0, "w2017_19": 0, "w2020_23": 0, "w2024_26": 1, "w2017_19_student": 0, "w2017_19_share": null, "w2017_19_mix": null, "w2020_23_student": 0, "w2020_23_share": null, "w2020_23_mix": null, "w2024_26_student": 0, "w2024_26_share": 0.0, "w2024_26_mix": "No students", "y2017": 0, "y2017_individual": 0, "y2017_student": 0, "y2017_company": 0, "y2018": 0, "y2018_individual": 0, "y2018_student": 0, "y2018_company": 0, "y2019": 0, "y2019_individual": 0, "y2019_student": 0, "y2019_company": 0, "y2020": 0, "y2020_individual": 0, "y2020_student": 0, "y2020_company": 0, "y2021": 0, "y2021_individual": 0, "y2021_student": 0, "y2021_company": 0, "y2022": 0, "y2022_individual": 0, "y2022_student": 0, "y2022_company": 0, "y2023": 0, "y2023_individual": 0, "y2023_student": 0, "y2023_company": 0, "y2024": 0, "y2024_individual": 0, "y2024_student": 0, "y2024_company": 0, "y2025": 0, "y2025_individual": 0, "y2025_student": 0, "y2025_company": 0, "y2026": 1, "y2026_individual": 1, "y2026_student": 0, "y2026_company": 0, "total": 1, "student_share": 0.0, "recent_share": 1.0, "first_year": 2026, "last_year": 2026, "n_2026": 1, "reassigned_n": 0, "dominant_type": "Individual", "mix": "No students", "place": "San Jose" }, "geometry": { "type": "Polygon", "coordinates": [ [ [ -121.97692, 37.43734 ], [ -121.97471, 37.46074 ], [ -121.95931, 37.46352 ], [ -121.95192, 37.46146 ], [ -121.94813, 37.46184 ], [ -121.94617, 37.46395 ], [ -121.94709, 37.46742 ], [ -121.94491, 37.46916 ], [ -121.94378, 37.46546 ], [ -121.94109, 37.46495 ], [ -121.9389, 37.46239 ], [ -121.93603, 37.46293 ], [ -121.93412, 37.46033 ], [ -121.93147, 37.46091 ], [ -121.93113, 37.45739 ], [ -121.93266, 37.45692 ], [ -121.93207, 37.45528 ], [ -121.92844, 37.45739 ], [ -121.92756, 37.45693 ], [ -121.9279, 37.45535 ], [ -121.92504, 37.45419 ], [ -121.92336, 37.44254 ], [ -121.92672, 37.43854 ], [ -121.92599, 37.43564 ], [ -121.92845, 37.43054 ], [ -121.92768, 37.42759 ], [ -121.92524, 37.42485 ], [ -121.92541, 37.42351 ], [ -121.93105, 37.42009 ], [ -121.93013, 37.41776 ], [ -121.92297, 37.41103 ], [ -121.92349, 37.40569 ], [ -121.92168, 37.40563 ], [ -121.91772, 37.40312 ], [ -121.91521, 37.39862 ], [ -121.9152, 37.39611 ], [ -121.91938, 37.39348 ], [ -121.92093, 37.39371 ], [ -121.92424, 37.39709 ], [ -121.92551, 37.39595 ], [ -121.92093, 37.39117 ], [ -121.92602, 37.38687 ], [ -121.9379, 37.38057 ], [ -121.93812, 37.38172 ], [ -121.93564, 37.38548 ], [ -121.93635, 37.38747 ], [ -121.93962, 37.39061 ], [ -121.9421, 37.40055 ], [ -121.94745, 37.40154 ], [ -121.95504, 37.40787 ], [ -121.9606, 37.41013 ], [ -121.96756, 37.41781 ], [ -121.96802, 37.419 ], [ -121.95939, 37.41932 ], [ -121.96405, 37.4221 ], [ -121.96329, 37.4232 ], [ -121.96043, 37.4236 ], [ -121.96095, 37.4255 ], [ -121.96518, 37.42854 ], [ -121.96566, 37.43024 ], [ -121.96235, 37.43266 ], [ -121.96566, 37.43505 ], [ -121.97173, 37.43744 ], [ -121.97557, 37.43823 ], [ -121.97692, 37.43734 ] ] ] } },
{ "type": "Feature", "properties": { "zcta": "95136", "individual": 1, "student": 0, "company": 0, "w2017_19": 1, "w2020_23": 0, "w2024_26": 0, "w2017_19_student": 0, "w2017_19_share": 0.0, "w2017_19_mix": "No students", "w2020_23_student": 0, "w2020_23_share": null, "w2020_23_mix": null, "w2024_26_student": 0, "w2024_26_share": null, "w2024_26_mix": null, "y2017": 0, "y2017_individual": 0, "y2017_student": 0, "y2017_company": 0, "y2018": 1, "y2018_individual": 1, "y2018_student": 0, "y2018_company": 0, "y2019": 0, "y2019_individual": 0, "y2019_student": 0, "y2019_company": 0, "y2020": 0, "y2020_individual": 0, "y2020_student": 0, "y2020_company": 0, "y2021": 0, "y2021_individual": 0, "y2021_student": 0, "y2021_company": 0, "y2022": 0, "y2022_individual": 0, "y2022_student": 0, "y2022_company": 0, "y2023": 0, "y2023_individual": 0, "y2023_student": 0, "y2023_company": 0, "y2024": 0, "y2024_individual": 0, "y2024_student": 0, "y2024_company": 0, "y2025": 0, "y2025_individual": 0, "y2025_student": 0, "y2025_company": 0, "y2026": 0, "y2026_individual": 0, "y2026_student": 0, "y2026_company": 0, "total": 1, "student_share": 0.0, "recent_share": 0.0, "first_year": 2018, "last_year": 2018, "n_2026": 0, "reassigned_n": 0, "dominant_type": "Individual", "mix": "No students", "place": "San Jose" }, "geometry": { "type": "MultiPolygon", "coordinates": [ [ [ [ -121.83935, 37.25899 ], [ -121.83474, 37.25902 ], [ -121.83514, 37.25814 ], [ -121.83935, 37.25813 ], [ -121.83935, 37.25899 ] ] ], [ [ [ -121.87812, 37.27114 ], [ -121.87628, 37.27459 ], [ -121.87739, 37.27681 ], [ -121.87257, 37.27815 ], [ -121.87352, 37.28466 ], [ -121.87179, 37.28392 ], [ -121.86892, 37.28607 ], [ -121.8709, 37.28986 ], [ -121.86938, 37.29053 ], [ -121.86732, 37.28921 ], [ -121.86993, 37.29186 ], [ -121.87136, 37.29097 ], [ -121.87163, 37.29164 ], [ -121.87042, 37.29241 ], [ -121.86626, 37.29131 ], [ -121.8659, 37.29373 ], [ -121.8436, 37.28592 ], [ -121.83109, 37.27382 ], [ -121.8103, 37.2602 ], [ -121.81211, 37.25905 ], [ -121.83424, 37.2582 ], [ -121.83478, 37.26247 ], [ -121.83095, 37.26245 ], [ -121.83109, 37.26598 ], [ -121.84479, 37.26597 ], [ -121.84843, 37.25539 ], [ -121.86932, 37.25596 ], [ -121.86923, 37.25919 ], [ -121.87561, 37.26327 ], [ -121.87659, 37.263 ], [ -121.87812, 37.27114 ] ] ] ] } },
{ "type": "Feature", "properties": { "zcta": "95350", "individual": 1, "student": 0, "company": 0, "w2017_19": 0, "w2020_23": 1, "w2024_26": 0, "w2017_19_student": 0, "w2017_19_share": null, "w2017_19_mix": null, "w2020_23_student": 0, "w2020_23_share": 0.0, "w2020_23_mix": "No students", "w2024_26_student": 0, "w2024_26_share": null, "w2024_26_mix": null, "y2017": 0, "y2017_individual": 0, "y2017_student": 0, "y2017_company": 0, "y2018": 0, "y2018_individual": 0, "y2018_student": 0, "y2018_company": 0, "y2019": 0, "y2019_individual": 0, "y2019_student": 0, "y2019_company": 0, "y2020": 1, "y2020_individual": 1, "y2020_student": 0, "y2020_company": 0, "y2021": 0, "y2021_individual": 0, "y2021_student": 0, "y2021_company": 0, "y2022": 0, "y2022_individual": 0, "y2022_student": 0, "y2022_company": 0, "y2023": 0, "y2023_individual": 0, "y2023_student": 0, "y2023_company": 0, "y2024": 0, "y2024_individual": 0, "y2024_student": 0, "y2024_company": 0, "y2025": 0, "y2025_individual": 0, "y2025_student": 0, "y2025_company": 0, "y2026": 0, "y2026_individual": 0, "y2026_student": 0, "y2026_company": 0, "total": 1, "student_share": 0.0, "recent_share": 0.0, "first_year": 2020, "last_year": 2020, "n_2026": 0, "reassigned_n": 0, "dominant_type": "Individual", "mix": "No students", "place": "Modesto" }, "geometry": { "type": "Polygon", "coordinates": [ [ [ -121.05073, 37.6848 ], [ -121.03935, 37.68603 ], [ -121.03155, 37.69096 ], [ -121.03153, 37.68967 ], [ -121.01706, 37.68941 ], [ -121.01712, 37.69201 ], [ -121.01428, 37.69283 ], [ -121.0143, 37.68937 ], [ -120.99946, 37.68916 ], [ -120.99948, 37.69039 ], [ -120.9976, 37.69042 ], [ -120.99667, 37.6932 ], [ -120.99436, 37.69318 ], [ -120.99429, 37.68909 ], [ -120.97607, 37.68888 ], [ -120.97594, 37.68166 ], [ -120.97845, 37.68167 ], [ -120.97843, 37.67992 ], [ -120.97748, 37.67805 ], [ -120.97582, 37.67803 ], [ -120.97571, 37.67101 ], [ -120.97757, 37.67103 ], [ -120.97756, 37.67029 ], [ -120.9757, 37.67028 ], [ -120.97567, 37.66726 ], [ -120.97813, 37.66354 ], [ -120.97566, 37.66354 ], [ -120.97559, 37.65719 ], [ -120.97734, 37.65721 ], [ -120.97732, 37.6558 ], [ -120.97557, 37.6558 ], [ -120.97659, 37.65063 ], [ -120.97522, 37.64821 ], [ -120.98449, 37.64357 ], [ -120.98462, 37.6455 ], [ -120.98784, 37.64584 ], [ -120.98539, 37.64677 ], [ -120.98667, 37.65092 ], [ -120.98605, 37.65273 ], [ -120.9847, 37.65271 ], [ -120.98695, 37.65582 ], [ -120.98538, 37.65815 ], [ -120.99339, 37.65781 ], [ -120.99382, 37.65574 ], [ -120.9911, 37.65584 ], [ -120.99107, 37.65458 ], [ -121.00296, 37.65568 ], [ -121.00346, 37.64586 ], [ -121.00974, 37.64589 ], [ -121.05402, 37.68292 ], [ -121.05073, 37.6848 ] ] ] } },
{ "type": "Feature", "properties": { "zcta": "95111", "individual": 1, "student": 0, "company": 0, "w2017_19": 0, "w2020_23": 1, "w2024_26": 0, "w2017_19_student": 0, "w2017_19_share": null, "w2017_19_mix": null, "w2020_23_student": 0, "w2020_23_share": 0.0, "w2020_23_mix": "No students", "w2024_26_student": 0, "w2024_26_share": null, "w2024_26_mix": null, "y2017": 0, "y2017_individual": 0, "y2017_student": 0, "y2017_company": 0, "y2018": 0, "y2018_individual": 0, "y2018_student": 0, "y2018_company": 0, "y2019": 0, "y2019_individual": 0, "y2019_student": 0, "y2019_company": 0, "y2020": 1, "y2020_individual": 1, "y2020_student": 0, "y2020_company": 0, "y2021": 0, "y2021_individual": 0, "y2021_student": 0, "y2021_company": 0, "y2022": 0, "y2022_individual": 0, "y2022_student": 0, "y2022_company": 0, "y2023": 0, "y2023_individual": 0, "y2023_student": 0, "y2023_company": 0, "y2024": 0, "y2024_individual": 0, "y2024_student": 0, "y2024_company": 0, "y2025": 0, "y2025_individual": 0, "y2025_student": 0, "y2025_company": 0, "y2026": 0, "y2026_individual": 0, "y2026_student": 0, "y2026_company": 0, "total": 1, "student_share": 0.0, "recent_share": 0.0, "first_year": 2020, "last_year": 2020, "n_2026": 0, "reassigned_n": 0, "dominant_type": "Individual", "mix": "No students", "place": "San Jose" }, "geometry": { "type": "Polygon", "coordinates": [ [ [ -121.86812, 37.29899 ], [ -121.85965, 37.30413 ], [ -121.85441, 37.30365 ], [ -121.85143, 37.30539 ], [ -121.85162, 37.30664 ], [ -121.84911, 37.30836 ], [ -121.84825, 37.30755 ], [ -121.84398, 37.31036 ], [ -121.83893, 37.30797 ], [ -121.8388, 37.30423 ], [ -121.83707, 37.30194 ], [ -121.82228, 37.29738 ], [ -121.81706, 37.28881 ], [ -121.81506, 37.28864 ], [ -121.80951, 37.29033 ], [ -121.80953, 37.28524 ], [ -121.8083, 37.2818 ], [ -121.80497, 37.2809 ], [ -121.80023, 37.27796 ], [ -121.80044, 37.27544 ], [ -121.79816, 37.27359 ], [ -121.79459, 37.25963 ], [ -121.79263, 37.25581 ], [ -121.78918, 37.25292 ], [ -121.79648, 37.25716 ], [ -121.79985, 37.25706 ], [ -121.80249, 37.25563 ], [ -121.80574, 37.25749 ], [ -121.83109, 37.27382 ], [ -121.8436, 37.28592 ], [ -121.85987, 37.29169 ], [ -121.86026, 37.29326 ], [ -121.86356, 37.29621 ], [ -121.86528, 37.29618 ], [ -121.86812, 37.29899 ] ] ] } },
{ "type": "Feature", "properties": { "zcta": "95118", "individual": 1, "student": 0, "company": 0, "w2017_19": 0, "w2020_23": 0, "w2024_26": 1, "w2017_19_student": 0, "w2017_19_share": null, "w2017_19_mix": null, "w2020_23_student": 0, "w2020_23_share": null, "w2020_23_mix": null, "w2024_26_student": 0, "w2024_26_share": 0.0, "w2024_26_mix": "No students", "y2017": 0, "y2017_individual": 0, "y2017_student": 0, "y2017_company": 0, "y2018": 0, "y2018_individual": 0, "y2018_student": 0, "y2018_company": 0, "y2019": 0, "y2019_individual": 0, "y2019_student": 0, "y2019_company": 0, "y2020": 0, "y2020_individual": 0, "y2020_student": 0, "y2020_company": 0, "y2021": 0, "y2021_individual": 0, "y2021_student": 0, "y2021_company": 0, "y2022": 0, "y2022_individual": 0, "y2022_student": 0, "y2022_company": 0, "y2023": 0, "y2023_individual": 0, "y2023_student": 0, "y2023_company": 0, "y2024": 0, "y2024_individual": 0, "y2024_student": 0, "y2024_company": 0, "y2025": 1, "y2025_individual": 1, "y2025_student": 0, "y2025_company": 0, "y2026": 0, "y2026_individual": 0, "y2026_student": 0, "y2026_company": 0, "total": 1, "student_share": 0.0, "recent_share": 1.0, "first_year": 2025, "last_year": 2025, "n_2026": 0, "reassigned_n": 0, "dominant_type": "Individual", "mix": "No students", "place": "San Jose" }, "geometry": { "type": "Polygon", "coordinates": [ [ [ -121.9109, 37.25131 ], [ -121.9093, 37.25295 ], [ -121.90845, 37.25167 ], [ -121.90268, 37.25319 ], [ -121.89686, 37.25615 ], [ -121.89855, 37.25776 ], [ -121.89949, 37.25695 ], [ -121.90057, 37.25869 ], [ -121.90126, 37.26281 ], [ -121.90217, 37.26257 ], [ -121.90604, 37.27116 ], [ -121.90228, 37.27369 ], [ -121.90137, 37.2723 ], [ -121.89611, 37.27361 ], [ -121.89118, 37.27624 ], [ -121.88939, 37.27556 ], [ -121.87785, 37.2785 ], [ -121.87628, 37.27459 ], [ -121.87812, 37.27114 ], [ -121.87659, 37.263 ], [ -121.87561, 37.26327 ], [ -121.86923, 37.25919 ], [ -121.86932, 37.25596 ], [ -121.87599, 37.25575 ], [ -121.87479, 37.24376 ], [ -121.87888, 37.24305 ], [ -121.88189, 37.24053 ], [ -121.88829, 37.23771 ], [ -121.8915, 37.23494 ], [ -121.89927, 37.23311 ], [ -121.89994, 37.23433 ], [ -121.90347, 37.23417 ], [ -121.90356, 37.23691 ], [ -121.90198, 37.23719 ], [ -121.9038, 37.24014 ], [ -121.90164, 37.24112 ], [ -121.90344, 37.24135 ], [ -121.90477, 37.24366 ], [ -121.90658, 37.244 ], [ -121.90779, 37.24571 ], [ -121.90675, 37.2462 ], [ -121.90782, 37.24783 ], [ -121.90675, 37.24832 ], [ -121.90838, 37.25045 ], [ -121.91034, 37.25044 ], [ -121.9109, 37.25131 ] ] ] } },
{ "type": "Feature", "properties": { "zcta": "95122", "individual": 0, "student": 2, "company": 0, "w2017_19": 0, "w2020_23": 1, "w2024_26": 1, "w2017_19_student": 0, "w2017_19_share": null, "w2017_19_mix": null, "w2020_23_student": 1, "w2020_23_share": 1.0, "w2020_23_mix": "Mostly students", "w2024_26_student": 1, "w2024_26_share": 1.0, "w2024_26_mix": "Mostly students", "y2017": 0, "y2017_individual": 0, "y2017_student": 0, "y2017_company": 0, "y2018": 0, "y2018_individual": 0, "y2018_student": 0, "y2018_company": 0, "y2019": 0, "y2019_individual": 0, "y2019_student": 0, "y2019_company": 0, "y2020": 0, "y2020_individual": 0, "y2020_student": 0, "y2020_company": 0, "y2021": 0, "y2021_individual": 0, "y2021_student": 0, "y2021_company": 0, "y2022": 1, "y2022_individual": 0, "y2022_student": 1, "y2022_company": 0, "y2023": 0, "y2023_individual": 0, "y2023_student": 0, "y2023_company": 0, "y2024": 0, "y2024_individual": 0, "y2024_student": 0, "y2024_company": 0, "y2025": 0, "y2025_individual": 0, "y2025_student": 0, "y2025_company": 0, "y2026": 1, "y2026_individual": 0, "y2026_student": 1, "y2026_company": 0, "total": 2, "student_share": 1.0, "recent_share": 0.5, "first_year": 2022, "last_year": 2026, "n_2026": 1, "reassigned_n": 0, "dominant_type": "Student", "mix": "Mostly students", "place": "San Jose" }, "geometry": { "type": "MultiPolygon", "coordinates": [ [ [ [ -121.81682, 37.31376 ], [ -121.81361, 37.31587 ], [ -121.81377, 37.31418 ], [ -121.81026, 37.31369 ], [ -121.81038, 37.3111 ], [ -121.81343, 37.31017 ], [ -121.81682, 37.31376 ] ] ], [ [ [ -121.86821, 37.32979 ], [ -121.8465, 37.34339 ], [ -121.84311, 37.3399 ], [ -121.82701, 37.35083 ], [ -121.82005, 37.34074 ], [ -121.82187, 37.33973 ], [ -121.82102, 37.33993 ], [ -121.81708, 37.33678 ], [ -121.80959, 37.32662 ], [ -121.808, 37.31774 ], [ -121.8122, 37.3171 ], [ -121.81749, 37.31356 ], [ -121.8244, 37.3208 ], [ -121.82654, 37.31934 ], [ -121.82891, 37.3203 ], [ -121.84398, 37.31036 ], [ -121.84366, 37.3126 ], [ -121.84628, 37.31382 ], [ -121.8476, 37.31736 ], [ -121.85086, 37.3159 ], [ -121.85337, 37.31599 ], [ -121.85443, 37.31733 ], [ -121.85144, 37.32081 ], [ -121.85952, 37.32877 ], [ -121.86579, 37.32569 ], [ -121.86821, 37.32979 ] ] ] ] } },
{ "type": "Feature", "properties": { "zcta": "95125", "individual": 1, "student": 0, "company": 0, "w2017_19": 0, "w2020_23": 0, "w2024_26": 1, "w2017_19_student": 0, "w2017_19_share": null, "w2017_19_mix": null, "w2020_23_student": 0, "w2020_23_share": null, "w2020_23_mix": null, "w2024_26_student": 0, "w2024_26_share": 0.0, "w2024_26_mix": "No students", "y2017": 0, "y2017_individual": 0, "y2017_student": 0, "y2017_company": 0, "y2018": 0, "y2018_individual": 0, "y2018_student": 0, "y2018_company": 0, "y2019": 0, "y2019_individual": 0, "y2019_student": 0, "y2019_company": 0, "y2020": 0, "y2020_individual": 0, "y2020_student": 0, "y2020_company": 0, "y2021": 0, "y2021_individual": 0, "y2021_student": 0, "y2021_company": 0, "y2022": 0, "y2022_individual": 0, "y2022_student": 0, "y2022_company": 0, "y2023": 0, "y2023_individual": 0, "y2023_student": 0, "y2023_company": 0, "y2024": 0, "y2024_individual": 0, "y2024_student": 0, "y2024_company": 0, "y2025": 0, "y2025_individual": 0, "y2025_student": 0, "y2025_company": 0, "y2026": 1, "y2026_individual": 1, "y2026_student": 0, "y2026_company": 0, "total": 1, "student_share": 0.0, "recent_share": 1.0, "first_year": 2026, "last_year": 2026, "n_2026": 1, "reassigned_n": 0, "dominant_type": "Individual", "mix": "No students", "place": "San Jose" }, "geometry": { "type": "Polygon", "coordinates": [ [ [ -121.93167, 37.29623 ], [ -121.92921, 37.29626 ], [ -121.92922, 37.2978 ], [ -121.91892, 37.30125 ], [ -121.91363, 37.30716 ], [ -121.91143, 37.3068 ], [ -121.90691, 37.31166 ], [ -121.90414, 37.31262 ], [ -121.90223, 37.3187 ], [ -121.90018, 37.32083 ], [ -121.89778, 37.32246 ], [ -121.89232, 37.32374 ], [ -121.88877, 37.31595 ], [ -121.88355, 37.31003 ], [ -121.88162, 37.31103 ], [ -121.88057, 37.30806 ], [ -121.87851, 37.31031 ], [ -121.8781, 37.31276 ], [ -121.87528, 37.30997 ], [ -121.87067, 37.31296 ], [ -121.87143, 37.31084 ], [ -121.87328, 37.31056 ], [ -121.87171, 37.30893 ], [ -121.87406, 37.30755 ], [ -121.87134, 37.30486 ], [ -121.86604, 37.30832 ], [ -121.86129, 37.30352 ], [ -121.86812, 37.29899 ], [ -121.86528, 37.29618 ], [ -121.86356, 37.29621 ], [ -121.86026, 37.29326 ], [ -121.85987, 37.29169 ], [ -121.8659, 37.29373 ], [ -121.86626, 37.29131 ], [ -121.87042, 37.29241 ], [ -121.87163, 37.29164 ], [ -121.87136, 37.29097 ], [ -121.86993, 37.29186 ], [ -121.86732, 37.28921 ], [ -121.86938, 37.29053 ], [ -121.8709, 37.28986 ], [ -121.86892, 37.28607 ], [ -121.87179, 37.28392 ], [ -121.87352, 37.28466 ], [ -121.87257, 37.27815 ], [ -121.87739, 37.27681 ], [ -121.87785, 37.2785 ], [ -121.88939, 37.27556 ], [ -121.89118, 37.27624 ], [ -121.89611, 37.27361 ], [ -121.90137, 37.2723 ], [ -121.90228, 37.27369 ], [ -121.90604, 37.27116 ], [ -121.91232, 37.28034 ], [ -121.91347, 37.28716 ], [ -121.91751, 37.2862 ], [ -121.91827, 37.28501 ], [ -121.92037, 37.28519 ], [ -121.92246, 37.28263 ], [ -121.92266, 37.29437 ], [ -121.93169, 37.2944 ], [ -121.93167, 37.29623 ] ] ] } },
{ "type": "Feature", "properties": { "zcta": "95126", "individual": 2, "student": 0, "company": 0, "w2017_19": 1, "w2020_23": 1, "w2024_26": 0, "w2017_19_student": 0, "w2017_19_share": 0.0, "w2017_19_mix": "No students", "w2020_23_student": 0, "w2020_23_share": 0.0, "w2020_23_mix": "No students", "w2024_26_student": 0, "w2024_26_share": null, "w2024_26_mix": null, "y2017": 0, "y2017_individual": 0, "y2017_student": 0, "y2017_company": 0, "y2018": 1, "y2018_individual": 1, "y2018_student": 0, "y2018_company": 0, "y2019": 0, "y2019_individual": 0, "y2019_student": 0, "y2019_company": 0, "y2020": 0, "y2020_individual": 0, "y2020_student": 0, "y2020_company": 0, "y2021": 0, "y2021_individual": 0, "y2021_student": 0, "y2021_company": 0, "y2022": 1, "y2022_individual": 1, "y2022_student": 0, "y2022_company": 0, "y2023": 0, "y2023_individual": 0, "y2023_student": 0, "y2023_company": 0, "y2024": 0, "y2024_individual": 0, "y2024_student": 0, "y2024_company": 0, "y2025": 0, "y2025_individual": 0, "y2025_student": 0, "y2025_company": 0, "y2026": 0, "y2026_individual": 0, "y2026_student": 0, "y2026_company": 0, "total": 2, "student_share": 0.0, "recent_share": 0.0, "first_year": 2018, "last_year": 2022, "n_2026": 0, "reassigned_n": 0, "dominant_type": "Individual", "mix": "No students", "place": "San Jose" }, "geometry": { "type": "Polygon", "coordinates": [ [ [ -121.93759, 37.33738 ], [ -121.93208, 37.33849 ], [ -121.93196, 37.34446 ], [ -121.92972, 37.34805 ], [ -121.9309, 37.34889 ], [ -121.93008, 37.34996 ], [ -121.93213, 37.35122 ], [ -121.91631, 37.34318 ], [ -121.9134, 37.34064 ], [ -121.91193, 37.34116 ], [ -121.90464, 37.33461 ], [ -121.90349, 37.3331 ], [ -121.9026, 37.32411 ], [ -121.90088, 37.3256 ], [ -121.8956, 37.32743 ], [ -121.89232, 37.32374 ], [ -121.89778, 37.32246 ], [ -121.90018, 37.32083 ], [ -121.90223, 37.3187 ], [ -121.90414, 37.31262 ], [ -121.90691, 37.31166 ], [ -121.91143, 37.3068 ], [ -121.91363, 37.30716 ], [ -121.91892, 37.30125 ], [ -121.93167, 37.29722 ], [ -121.91782, 37.31071 ], [ -121.91386, 37.31079 ], [ -121.91513, 37.31435 ], [ -121.91442, 37.31649 ], [ -121.91913, 37.31686 ], [ -121.91989, 37.31967 ], [ -121.92001, 37.318 ], [ -121.92098, 37.31801 ], [ -121.92033, 37.32596 ], [ -121.92468, 37.33002 ], [ -121.9292, 37.32693 ], [ -121.93199, 37.32691 ], [ -121.93759, 37.33738 ] ] ] } },
{ "type": "Feature", "properties": { "zcta": "95128", "individual": 0, "student": 1, "company": 0, "w2017_19": 0, "w2020_23": 1, "w2024_26": 0, "w2017_19_student": 0, "w2017_19_share": null, "w2017_19_mix": null, "w2020_23_student": 1, "w2020_23_share": 1.0, "w2020_23_mix": "Mostly students", "w2024_26_student": 0, "w2024_26_share": null, "w2024_26_mix": null, "y2017": 0, "y2017_individual": 0, "y2017_student": 0, "y2017_company": 0, "y2018": 0, "y2018_individual": 0, "y2018_student": 0, "y2018_company": 0, "y2019": 0, "y2019_individual": 0, "y2019_student": 0, "y2019_company": 0, "y2020": 0, "y2020_individual": 0, "y2020_student": 0, "y2020_company": 0, "y2021": 0, "y2021_individual": 0, "y2021_student": 0, "y2021_company": 0, "y2022": 1, "y2022_individual": 0, "y2022_student": 1, "y2022_company": 0, "y2023": 0, "y2023_individual": 0, "y2023_student": 0, "y2023_company": 0, "y2024": 0, "y2024_individual": 0, "y2024_student": 0, "y2024_company": 0, "y2025": 0, "y2025_individual": 0, "y2025_student": 0, "y2025_company": 0, "y2026": 0, "y2026_individual": 0, "y2026_student": 0, "y2026_company": 0, "total": 1, "student_share": 1.0, "recent_share": 0.0, "first_year": 2022, "last_year": 2022, "n_2026": 0, "reassigned_n": 0, "dominant_type": "Student", "mix": "Mostly students", "place": "San Jose" }, "geometry": { "type": "Polygon", "coordinates": [ [ [ -121.95351, 37.33103 ], [ -121.95026, 37.33113 ], [ -121.95016, 37.33807 ], [ -121.93525, 37.33769 ], [ -121.93759, 37.33738 ], [ -121.93199, 37.32691 ], [ -121.9292, 37.32693 ], [ -121.92468, 37.33002 ], [ -121.92033, 37.32596 ], [ -121.92098, 37.31801 ], [ -121.92001, 37.318 ], [ -121.91989, 37.31967 ], [ -121.91913, 37.31686 ], [ -121.91442, 37.31649 ], [ -121.91513, 37.31435 ], [ -121.91386, 37.31079 ], [ -121.91782, 37.31071 ], [ -121.93582, 37.29436 ], [ -121.93832, 37.29439 ], [ -121.94071, 37.30154 ], [ -121.94536, 37.30154 ], [ -121.94463, 37.29499 ], [ -121.9498, 37.29528 ], [ -121.94995, 37.30155 ], [ -121.9521, 37.3034 ], [ -121.95217, 37.30702 ], [ -121.95079, 37.30886 ], [ -121.95163, 37.30883 ], [ -121.95209, 37.31497 ], [ -121.9501, 37.315 ], [ -121.95018, 37.32322 ], [ -121.94333, 37.32336 ], [ -121.94127, 37.32486 ], [ -121.94121, 37.32652 ], [ -121.94668, 37.32697 ], [ -121.94666, 37.32576 ], [ -121.94959, 37.32578 ], [ -121.95026, 37.33066 ], [ -121.95351, 37.33103 ] ] ] } },
{ "type": "Feature", "properties": { "zcta": "95129", "individual": 1, "student": 0, "company": 0, "w2017_19": 1, "w2020_23": 0, "w2024_26": 0, "w2017_19_student": 0, "w2017_19_share": 0.0, "w2017_19_mix": "No students", "w2020_23_student": 0, "w2020_23_share": null, "w2020_23_mix": null, "w2024_26_student": 0, "w2024_26_share": null, "w2024_26_mix": null, "y2017": 0, "y2017_individual": 0, "y2017_student": 0, "y2017_company": 0, "y2018": 1, "y2018_individual": 1, "y2018_student": 0, "y2018_company": 0, "y2019": 0, "y2019_individual": 0, "y2019_student": 0, "y2019_company": 0, "y2020": 0, "y2020_individual": 0, "y2020_student": 0, "y2020_company": 0, "y2021": 0, "y2021_individual": 0, "y2021_student": 0, "y2021_company": 0, "y2022": 0, "y2022_individual": 0, "y2022_student": 0, "y2022_company": 0, "y2023": 0, "y2023_individual": 0, "y2023_student": 0, "y2023_company": 0, "y2024": 0, "y2024_individual": 0, "y2024_student": 0, "y2024_company": 0, "y2025": 0, "y2025_individual": 0, "y2025_student": 0, "y2025_company": 0, "y2026": 0, "y2026_individual": 0, "y2026_student": 0, "y2026_company": 0, "total": 1, "student_share": 0.0, "recent_share": 0.0, "first_year": 2018, "last_year": 2018, "n_2026": 0, "reassigned_n": 0, "dominant_type": "Individual", "mix": "No students", "place": "San Jose" }, "geometry": { "type": "Polygon", "coordinates": [ [ [ -122.03336, 37.30493 ], [ -122.03294, 37.30824 ], [ -122.03432, 37.31007 ], [ -122.03432, 37.31232 ], [ -122.03157, 37.3123 ], [ -122.02111, 37.30954 ], [ -122.00771, 37.31068 ], [ -121.99606, 37.30959 ], [ -121.99584, 37.3205 ], [ -121.99986, 37.32294 ], [ -121.96836, 37.32312 ], [ -121.96837, 37.32018 ], [ -121.97198, 37.32015 ], [ -121.96976, 37.31842 ], [ -121.96928, 37.3162 ], [ -121.97503, 37.31709 ], [ -121.97594, 37.31589 ], [ -121.97679, 37.31432 ], [ -121.97259, 37.31437 ], [ -121.9721, 37.31148 ], [ -121.97732, 37.31141 ], [ -121.97734, 37.31067 ], [ -121.97594, 37.31063 ], [ -121.97591, 37.30817 ], [ -121.97788, 37.30721 ], [ -121.98173, 37.30088 ], [ -121.97955, 37.30083 ], [ -121.97961, 37.30016 ], [ -121.98117, 37.29882 ], [ -121.98264, 37.29991 ], [ -121.98819, 37.29504 ], [ -121.98464, 37.29243 ], [ -121.98799, 37.29002 ], [ -121.99, 37.29013 ], [ -121.99215, 37.29163 ], [ -121.99455, 37.28948 ], [ -121.99599, 37.29129 ], [ -121.99389, 37.292 ], [ -122.00343, 37.29308 ], [ -122.00179, 37.29556 ], [ -122.00348, 37.29625 ], [ -122.00741, 37.29641 ], [ -122.00785, 37.29334 ], [ -122.03226, 37.29397 ], [ -122.03239, 37.30206 ], [ -122.03514, 37.30379 ], [ -122.03336, 37.30493 ] ] ] } },
{ "type": "Feature", "properties": { "zcta": "95050", "individual": 1, "student": 0, "company": 0, "w2017_19": 0, "w2020_23": 0, "w2024_26": 1, "w2017_19_student": 0, "w2017_19_share": null, "w2017_19_mix": null, "w2020_23_student": 0, "w2020_23_share": null, "w2020_23_mix": null, "w2024_26_student": 0, "w2024_26_share": 0.0, "w2024_26_mix": "No students", "y2017": 0, "y2017_individual": 0, "y2017_student": 0, "y2017_company": 0, "y2018": 0, "y2018_individual": 0, "y2018_student": 0, "y2018_company": 0, "y2019": 0, "y2019_individual": 0, "y2019_student": 0, "y2019_company": 0, "y2020": 0, "y2020_individual": 0, "y2020_student": 0, "y2020_company": 0, "y2021": 0, "y2021_individual": 0, "y2021_student": 0, "y2021_company": 0, "y2022": 0, "y2022_individual": 0, "y2022_student": 0, "y2022_company": 0, "y2023": 0, "y2023_individual": 0, "y2023_student": 0, "y2023_company": 0, "y2024": 0, "y2024_individual": 0, "y2024_student": 0, "y2024_company": 0, "y2025": 1, "y2025_individual": 1, "y2025_student": 0, "y2025_company": 0, "y2026": 0, "y2026_individual": 0, "y2026_student": 0, "y2026_company": 0, "total": 1, "student_share": 0.0, "recent_share": 1.0, "first_year": 2025, "last_year": 2025, "n_2026": 0, "reassigned_n": 0, "dominant_type": "Individual", "mix": "No students", "place": "Santa Clara" }, "geometry": { "type": "Polygon", "coordinates": [ [ [ -121.97028, 37.34281 ], [ -121.96866, 37.34632 ], [ -121.96817, 37.36179 ], [ -121.96528, 37.36602 ], [ -121.96589, 37.3743 ], [ -121.95067, 37.37425 ], [ -121.94356, 37.37322 ], [ -121.94126, 37.36836 ], [ -121.93514, 37.36492 ], [ -121.93106, 37.36095 ], [ -121.93216, 37.35773 ], [ -121.93213, 37.35117 ], [ -121.93008, 37.34996 ], [ -121.9309, 37.34889 ], [ -121.92972, 37.34805 ], [ -121.93196, 37.34446 ], [ -121.93208, 37.33849 ], [ -121.93525, 37.33769 ], [ -121.95016, 37.33807 ], [ -121.95026, 37.33113 ], [ -121.95351, 37.33103 ], [ -121.95026, 37.33066 ], [ -121.95023, 37.32847 ], [ -121.95302, 37.32844 ], [ -121.95303, 37.32991 ], [ -121.95641, 37.3299 ], [ -121.95634, 37.32699 ], [ -121.9502, 37.32736 ], [ -121.94959, 37.32578 ], [ -121.94666, 37.32576 ], [ -121.94668, 37.32697 ], [ -121.94333, 37.32706 ], [ -121.94121, 37.32652 ], [ -121.94127, 37.32486 ], [ -121.94333, 37.32336 ], [ -121.96418, 37.3233 ], [ -121.96445, 37.32551 ], [ -121.9675, 37.32865 ], [ -121.96782, 37.33573 ], [ -121.97028, 37.34281 ] ], [ [ -121.94335, 37.3502 ], [ -121.94124, 37.34651 ], [ -121.93844, 37.34749 ], [ -121.9358, 37.34562 ], [ -121.93365, 37.34533 ], [ -121.9325, 37.34855 ], [ -121.93736, 37.35202 ], [ -121.93822, 37.3505 ], [ -121.94112, 37.34947 ], [ -121.94184, 37.35074 ], [ -121.94335, 37.3502 ] ] ] } },
{ "type": "Feature", "properties": { "zcta": "95054", "individual": 1, "student": 0, "company": 0, "w2017_19": 1, "w2020_23": 0, "w2024_26": 0, "w2017_19_student": 0, "w2017_19_share": 0.0, "w2017_19_mix": "No students", "w2020_23_student": 0, "w2020_23_share": null, "w2020_23_mix": null, "w2024_26_student": 0, "w2024_26_share": null, "w2024_26_mix": null, "y2017": 0, "y2017_individual": 0, "y2017_student": 0, "y2017_company": 0, "y2018": 1, "y2018_individual": 1, "y2018_student": 0, "y2018_company": 0, "y2019": 0, "y2019_individual": 0, "y2019_student": 0, "y2019_company": 0, "y2020": 0, "y2020_individual": 0, "y2020_student": 0, "y2020_company": 0, "y2021": 0, "y2021_individual": 0, "y2021_student": 0, "y2021_company": 0, "y2022": 0, "y2022_individual": 0, "y2022_student": 0, "y2022_company": 0, "y2023": 0, "y2023_individual": 0, "y2023_student": 0, "y2023_company": 0, "y2024": 0, "y2024_individual": 0, "y2024_student": 0, "y2024_company": 0, "y2025": 0, "y2025_individual": 0, "y2025_student": 0, "y2025_company": 0, "y2026": 0, "y2026_individual": 0, "y2026_student": 0, "y2026_company": 0, "total": 1, "student_share": 0.0, "recent_share": 0.0, "first_year": 2018, "last_year": 2018, "n_2026": 0, "reassigned_n": 0, "dominant_type": "Individual", "mix": "No students", "place": "Santa Clara" }, "geometry": { "type": "Polygon", "coordinates": [ [ [ -121.98697, 37.37758 ], [ -121.98684, 37.41206 ], [ -121.97065, 37.41867 ], [ -121.96802, 37.419 ], [ -121.9606, 37.41013 ], [ -121.95504, 37.40787 ], [ -121.94745, 37.40154 ], [ -121.9421, 37.40055 ], [ -121.93962, 37.39061 ], [ -121.93635, 37.38747 ], [ -121.93564, 37.38548 ], [ -121.93812, 37.38172 ], [ -121.9379, 37.38057 ], [ -121.94054, 37.37855 ], [ -121.94356, 37.37322 ], [ -121.95067, 37.37425 ], [ -121.97489, 37.37438 ], [ -121.98138, 37.37764 ], [ -121.98697, 37.37758 ] ] ] } },
{ "type": "Feature", "properties": { "zcta": "95066", "individual": 1, "student": 0, "company": 0, "w2017_19": 0, "w2020_23": 0, "w2024_26": 1, "w2017_19_student": 0, "w2017_19_share": null, "w2017_19_mix": null, "w2020_23_student": 0, "w2020_23_share": null, "w2020_23_mix": null, "w2024_26_student": 0, "w2024_26_share": 0.0, "w2024_26_mix": "No students", "y2017": 0, "y2017_individual": 0, "y2017_student": 0, "y2017_company": 0, "y2018": 0, "y2018_individual": 0, "y2018_student": 0, "y2018_company": 0, "y2019": 0, "y2019_individual": 0, "y2019_student": 0, "y2019_company": 0, "y2020": 0, "y2020_individual": 0, "y2020_student": 0, "y2020_company": 0, "y2021": 0, "y2021_individual": 0, "y2021_student": 0, "y2021_company": 0, "y2022": 0, "y2022_individual": 0, "y2022_student": 0, "y2022_company": 0, "y2023": 0, "y2023_individual": 0, "y2023_student": 0, "y2023_company": 0, "y2024": 0, "y2024_individual": 0, "y2024_student": 0, "y2024_company": 0, "y2025": 0, "y2025_individual": 0, "y2025_student": 0, "y2025_company": 0, "y2026": 1, "y2026_individual": 1, "y2026_student": 0, "y2026_company": 0, "total": 1, "student_share": 0.0, "recent_share": 1.0, "first_year": 2026, "last_year": 2026, "n_2026": 1, "reassigned_n": 0, "dominant_type": "Individual", "mix": "No students", "place": "Scotts Valley" }, "geometry": { "type": "Polygon", "coordinates": [ [ [ -122.06328, 37.01926 ], [ -122.06139, 37.02145 ], [ -122.06142, 37.02309 ], [ -122.05952, 37.02435 ], [ -122.0588, 37.02984 ], [ -122.0632, 37.03091 ], [ -122.05092, 37.04272 ], [ -122.05228, 37.04339 ], [ -122.05038, 37.0452 ], [ -122.05088, 37.05516 ], [ -122.0457, 37.05633 ], [ -122.04377, 37.06165 ], [ -122.0453, 37.06488 ], [ -122.04607, 37.07105 ], [ -122.04337, 37.07625 ], [ -122.04287, 37.08265 ], [ -122.04077, 37.08485 ], [ -122.0379, 37.08562 ], [ -122.03571, 37.08863 ], [ -122.03404, 37.09627 ], [ -122.03088, 37.09827 ], [ -122.02198, 37.0986 ], [ -122.02184, 37.10609 ], [ -122.01324, 37.10376 ], [ -122.0037, 37.10278 ], [ -122.00233, 37.10644 ], [ -121.99937, 37.10718 ], [ -121.99882, 37.10925 ], [ -121.99187, 37.10935 ], [ -121.99273, 37.10683 ], [ -121.99192, 37.10514 ], [ -121.98985, 37.10415 ], [ -121.99111, 37.10363 ], [ -121.99164, 37.09963 ], [ -121.99516, 37.09982 ], [ -122.00193, 37.09713 ], [ -121.9904, 37.0983 ], [ -121.9874, 37.10427 ], [ -121.98685, 37.11399 ], [ -121.98354, 37.11303 ], [ -121.97661, 37.11304 ], [ -121.97659, 37.11024 ], [ -121.97596, 37.11215 ], [ -121.97456, 37.11419 ], [ -121.97582, 37.11616 ], [ -121.97519, 37.11822 ], [ -121.97611, 37.12012 ], [ -121.97599, 37.12063 ], [ -121.97289, 37.12357 ], [ -121.97361, 37.12582 ], [ -121.97565, 37.12754 ], [ -121.97366, 37.12617 ], [ -121.97274, 37.12318 ], [ -121.97595, 37.11981 ], [ -121.97506, 37.11806 ], [ -121.97559, 37.11588 ], [ -121.97446, 37.11438 ], [ -121.97461, 37.11359 ], [ -121.97602, 37.11181 ], [ -121.97676, 37.10721 ], [ -121.9749, 37.10579 ], [ -121.97517, 37.10425 ], [ -121.97313, 37.10435 ], [ -121.97266, 37.10322 ], [ -121.9586, 37.09561 ], [ -121.95874, 37.09401 ], [ -121.95983, 37.09382 ], [ -121.96281, 37.08935 ], [ -121.95876, 37.08673 ], [ -121.95473, 37.08195 ], [ -121.95352, 37.07623 ], [ -121.95999, 37.07645 ], [ -121.96078, 37.07821 ], [ -121.96492, 37.08026 ], [ -121.96617, 37.08337 ], [ -121.9696, 37.08564 ], [ -121.97239, 37.08556 ], [ -121.98145, 37.07743 ], [ -121.98763, 37.07535 ], [ -121.98522, 37.07413 ], [ -121.98758, 37.06897 ], [ -121.9858, 37.06862 ], [ -121.9891, 37.06499 ], [ -121.98741, 37.06489 ], [ -121.98762, 37.06105 ], [ -121.98341, 37.06103 ], [ -121.98331, 37.05764 ], [ -121.98777, 37.05764 ], [ -121.98796, 37.05019 ], [ -121.99706, 37.05015 ], [ -121.99721, 37.0466 ], [ -122.00491, 37.04639 ], [ -122.00633, 37.04185 ], [ -122.00895, 37.04276 ], [ -122.01022, 37.042 ], [ -122.01385, 37.03257 ], [ -122.0175, 37.03205 ], [ -122.01793, 37.03574 ], [ -122.0192, 37.03672 ], [ -122.02122, 37.03575 ], [ -122.02236, 37.03777 ], [ -122.02412, 37.03678 ], [ -122.02301, 37.03624 ], [ -122.02311, 37.03264 ], [ -122.02548, 37.03286 ], [ -122.03279, 37.02918 ], [ -122.03473, 37.03096 ], [ -122.03967, 37.02888 ], [ -122.03429, 37.01465 ], [ -122.04277, 37.01368 ], [ -122.04977, 37.01092 ], [ -122.06027, 37.01368 ], [ -122.06217, 37.01503 ], [ -122.06328, 37.01926 ] ] ] } },
{ "type": "Feature", "properties": { "zcta": "94903", "individual": 1, "student": 0, "company": 0, "w2017_19": 0, "w2020_23": 1, "w2024_26": 0, "w2017_19_student": 0, "w2017_19_share": null, "w2017_19_mix": null, "w2020_23_student": 0, "w2020_23_share": 0.0, "w2020_23_mix": "No students", "w2024_26_student": 0, "w2024_26_share": null, "w2024_26_mix": null, "y2017": 0, "y2017_individual": 0, "y2017_student": 0, "y2017_company": 0, "y2018": 0, "y2018_individual": 0, "y2018_student": 0, "y2018_company": 0, "y2019": 0, "y2019_individual": 0, "y2019_student": 0, "y2019_company": 0, "y2020": 0, "y2020_individual": 0, "y2020_student": 0, "y2020_company": 0, "y2021": 1, "y2021_individual": 1, "y2021_student": 0, "y2021_company": 0, "y2022": 0, "y2022_individual": 0, "y2022_student": 0, "y2022_company": 0, "y2023": 0, "y2023_individual": 0, "y2023_student": 0, "y2023_company": 0, "y2024": 0, "y2024_individual": 0, "y2024_student": 0, "y2024_company": 0, "y2025": 0, "y2025_individual": 0, "y2025_student": 0, "y2025_company": 0, "y2026": 0, "y2026_individual": 0, "y2026_student": 0, "y2026_company": 0, "total": 1, "student_share": 0.0, "recent_share": 0.0, "first_year": 2021, "last_year": 2021, "n_2026": 0, "reassigned_n": 0, "dominant_type": "Individual", "mix": "No students", "place": "San Rafael" }, "geometry": { "type": "Polygon", "coordinates": [ [ [ -122.62447, 38.0395 ], [ -122.62176, 38.04702 ], [ -122.62249, 38.04807 ], [ -122.62062, 38.04591 ], [ -122.61881, 38.05653 ], [ -122.61609, 38.06112 ], [ -122.61315, 38.0613 ], [ -122.59678, 38.05352 ], [ -122.59058, 38.05297 ], [ -122.58833, 38.04917 ], [ -122.58311, 38.0489 ], [ -122.57304, 38.0454 ], [ -122.57112, 38.04632 ], [ -122.5543, 38.04676 ], [ -122.53957, 38.04321 ], [ -122.53561, 38.04107 ], [ -122.53077, 38.04234 ], [ -122.5257, 38.0397 ], [ -122.52241, 38.03955 ], [ -122.51928, 38.04067 ], [ -122.5206, 38.05261 ], [ -122.51546, 38.05115 ], [ -122.51417, 38.04865 ], [ -122.51401, 38.04439 ], [ -122.50803, 38.04527 ], [ -122.50663, 38.04768 ], [ -122.49328, 38.04757 ], [ -122.49947, 38.03216 ], [ -122.49783, 38.0194 ], [ -122.49574, 38.01668 ], [ -122.5017, 38.01593 ], [ -122.49852, 38.00849 ], [ -122.49588, 37.99761 ], [ -122.50134, 37.99683 ], [ -122.50213, 37.9986 ], [ -122.50796, 37.99593 ], [ -122.51001, 37.99708 ], [ -122.5133, 37.99573 ], [ -122.51467, 37.99338 ], [ -122.51816, 37.99135 ], [ -122.52228, 37.9926 ], [ -122.52574, 37.99051 ], [ -122.52908, 37.9906 ], [ -122.53237, 37.98856 ], [ -122.53328, 37.98671 ], [ -122.54513, 37.9881 ], [ -122.54411, 37.98899 ], [ -122.55752, 37.99372 ], [ -122.57097, 38.0096 ], [ -122.58972, 38.02383 ], [ -122.58819, 38.02599 ], [ -122.597, 38.02918 ], [ -122.59878, 38.0284 ], [ -122.59876, 38.02745 ], [ -122.6075, 38.02653 ], [ -122.61132, 38.02493 ], [ -122.61277, 38.02222 ], [ -122.61646, 38.01971 ], [ -122.61587, 38.02078 ], [ -122.61965, 38.02191 ], [ -122.61855, 38.02356 ], [ -122.6208, 38.02606 ], [ -122.62243, 38.0265 ], [ -122.61729, 38.02857 ], [ -122.61727, 38.0312 ], [ -122.61929, 38.03368 ], [ -122.61921, 38.03601 ], [ -122.62447, 38.0395 ] ] ] } },
{ "type": "Feature", "properties": { "zcta": "95811", "individual": 2, "student": 1, "company": 0, "w2017_19": 1, "w2020_23": 1, "w2024_26": 1, "w2017_19_student": 0, "w2017_19_share": 0.0, "w2017_19_mix": "No students", "w2020_23_student": 1, "w2020_23_share": 1.0, "w2020_23_mix": "Mostly students", "w2024_26_student": 0, "w2024_26_share": 0.0, "w2024_26_mix": "No students", "y2017": 0, "y2017_individual": 0, "y2017_student": 0, "y2017_company": 0, "y2018": 0, "y2018_individual": 0, "y2018_student": 0, "y2018_company": 0, "y2019": 1, "y2019_individual": 1, "y2019_student": 0, "y2019_company": 0, "y2020": 0, "y2020_individual": 0, "y2020_student": 0, "y2020_company": 0, "y2021": 1, "y2021_individual": 0, "y2021_student": 1, "y2021_company": 0, "y2022": 0, "y2022_individual": 0, "y2022_student": 0, "y2022_company": 0, "y2023": 0, "y2023_individual": 0, "y2023_student": 0, "y2023_company": 0, "y2024": 1, "y2024_individual": 1, "y2024_student": 0, "y2024_company": 0, "y2025": 0, "y2025_individual": 0, "y2025_student": 0, "y2025_company": 0, "y2026": 0, "y2026_individual": 0, "y2026_student": 0, "y2026_company": 0, "total": 3, "student_share": 0.333, "recent_share": 0.333, "first_year": 2019, "last_year": 2024, "n_2026": 0, "reassigned_n": 0, "dominant_type": "Individual", "mix": "Mostly professional", "place": "Sacramento" }, "geometry": { "type": "Polygon", "coordinates": [ [ [ -121.50888, 38.57131 ], [ -121.50852, 38.57453 ], [ -121.50743, 38.5754 ], [ -121.50345, 38.57434 ], [ -121.50032, 38.57473 ], [ -121.5008, 38.57363 ], [ -121.49415, 38.57186 ], [ -121.48675, 38.57112 ], [ -121.48199, 38.58213 ], [ -121.48043, 38.58233 ], [ -121.48152, 38.58323 ], [ -121.48057, 38.58541 ], [ -121.48189, 38.58577 ], [ -121.48142, 38.58686 ], [ -121.49385, 38.59003 ], [ -121.49515, 38.58783 ], [ -121.50143, 38.58861 ], [ -121.50365, 38.58776 ], [ -121.50279, 38.58467 ], [ -121.50628, 38.58629 ], [ -121.50867, 38.5968 ], [ -121.50628, 38.59976 ], [ -121.50052, 38.6019 ], [ -121.49294, 38.60262 ], [ -121.48553, 38.60198 ], [ -121.48128, 38.60044 ], [ -121.47347, 38.59296 ], [ -121.47662, 38.58557 ], [ -121.47476, 38.58507 ], [ -121.47484, 38.58355 ], [ -121.48096, 38.57079 ], [ -121.47963, 38.57044 ], [ -121.4812, 38.57025 ], [ -121.48267, 38.56515 ], [ -121.48889, 38.56618 ], [ -121.50354, 38.57071 ], [ -121.50535, 38.56997 ], [ -121.50776, 38.57123 ], [ -121.50855, 38.56788 ], [ -121.51067, 38.56843 ], [ -121.50888, 38.57131 ] ] ] } },
{ "type": "Feature", "properties": { "zcta": "95816", "individual": 2, "student": 0, "company": 0, "w2017_19": 1, "w2020_23": 0, "w2024_26": 1, "w2017_19_student": 0, "w2017_19_share": 0.0, "w2017_19_mix": "No students", "w2020_23_student": 0, "w2020_23_share": null, "w2020_23_mix": null, "w2024_26_student": 0, "w2024_26_share": 0.0, "w2024_26_mix": "No students", "y2017": 0, "y2017_individual": 0, "y2017_student": 0, "y2017_company": 0, "y2018": 1, "y2018_individual": 1, "y2018_student": 0, "y2018_company": 0, "y2019": 0, "y2019_individual": 0, "y2019_student": 0, "y2019_company": 0, "y2020": 0, "y2020_individual": 0, "y2020_student": 0, "y2020_company": 0, "y2021": 0, "y2021_individual": 0, "y2021_student": 0, "y2021_company": 0, "y2022": 0, "y2022_individual": 0, "y2022_student": 0, "y2022_company": 0, "y2023": 0, "y2023_individual": 0, "y2023_student": 0, "y2023_company": 0, "y2024": 0, "y2024_individual": 0, "y2024_student": 0, "y2024_company": 0, "y2025": 1, "y2025_individual": 1, "y2025_student": 0, "y2025_company": 0, "y2026": 0, "y2026_individual": 0, "y2026_student": 0, "y2026_company": 0, "total": 2, "student_share": 0.0, "recent_share": 0.5, "first_year": 2018, "last_year": 2025, "n_2026": 0, "reassigned_n": 0, "dominant_type": "Individual", "mix": "No students", "place": "Sacramento" }, "geometry": { "type": "Polygon", "coordinates": [ [ [ -121.48267, 38.56515 ], [ -121.4812, 38.57025 ], [ -121.47987, 38.5699 ], [ -121.48096, 38.57079 ], [ -121.47484, 38.58355 ], [ -121.47476, 38.58507 ], [ -121.47662, 38.58557 ], [ -121.47347, 38.59296 ], [ -121.46634, 38.58887 ], [ -121.46249, 38.58877 ], [ -121.45367, 38.59071 ], [ -121.45019, 38.59029 ], [ -121.4472, 38.58773 ], [ -121.45061, 38.58555 ], [ -121.44925, 38.58367 ], [ -121.45234, 38.5831 ], [ -121.45148, 38.5811 ], [ -121.45416, 38.5797 ], [ -121.45149, 38.57598 ], [ -121.45401, 38.57223 ], [ -121.45714, 38.56085 ], [ -121.45906, 38.55816 ], [ -121.46454, 38.5607 ], [ -121.47115, 38.55908 ], [ -121.47071, 38.56011 ], [ -121.4674, 38.56031 ], [ -121.47265, 38.56247 ], [ -121.47917, 38.56359 ], [ -121.48267, 38.56515 ] ] ] } },
{ "type": "Feature", "properties": { "zcta": "94960", "individual": 1, "student": 0, "company": 0, "w2017_19": 0, "w2020_23": 1, "w2024_26": 0, "w2017_19_student": 0, "w2017_19_share": null, "w2017_19_mix": null, "w2020_23_student": 0, "w2020_23_share": 0.0, "w2020_23_mix": "No students", "w2024_26_student": 0, "w2024_26_share": null, "w2024_26_mix": null, "y2017": 0, "y2017_individual": 0, "y2017_student": 0, "y2017_company": 0, "y2018": 0, "y2018_individual": 0, "y2018_student": 0, "y2018_company": 0, "y2019": 0, "y2019_individual": 0, "y2019_student": 0, "y2019_company": 0, "y2020": 0, "y2020_individual": 0, "y2020_student": 0, "y2020_company": 0, "y2021": 0, "y2021_individual": 0, "y2021_student": 0, "y2021_company": 0, "y2022": 1, "y2022_individual": 1, "y2022_student": 0, "y2022_company": 0, "y2023": 0, "y2023_individual": 0, "y2023_student": 0, "y2023_company": 0, "y2024": 0, "y2024_individual": 0, "y2024_student": 0, "y2024_company": 0, "y2025": 0, "y2025_individual": 0, "y2025_student": 0, "y2025_company": 0, "y2026": 0, "y2026_individual": 0, "y2026_student": 0, "y2026_company": 0, "total": 1, "student_share": 0.0, "recent_share": 0.0, "first_year": 2022, "last_year": 2022, "n_2026": 0, "reassigned_n": 0, "dominant_type": "Individual", "mix": "No students", "place": "Sleepy Hollow" }, "geometry": { "type": "Polygon", "coordinates": [ [ [ -122.61277, 38.02222 ], [ -122.61132, 38.02493 ], [ -122.6075, 38.02653 ], [ -122.59876, 38.02745 ], [ -122.59878, 38.0284 ], [ -122.597, 38.02918 ], [ -122.58819, 38.02599 ], [ -122.58972, 38.02383 ], [ -122.57097, 38.0096 ], [ -122.55752, 37.99372 ], [ -122.55951, 37.98447 ], [ -122.5576, 37.98501 ], [ -122.55643, 37.98445 ], [ -122.55725, 37.98351 ], [ -122.5504, 37.9808 ], [ -122.55198, 37.97741 ], [ -122.55093, 37.97749 ], [ -122.55091, 37.97219 ], [ -122.5532, 37.97256 ], [ -122.55154, 37.97117 ], [ -122.5521, 37.96952 ], [ -122.55789, 37.9682 ], [ -122.55877, 37.96653 ], [ -122.56059, 37.96956 ], [ -122.56636, 37.96695 ], [ -122.5673, 37.96783 ], [ -122.57156, 37.96763 ], [ -122.58067, 37.96973 ], [ -122.58079, 37.97322 ], [ -122.58579, 37.97672 ], [ -122.58138, 37.97763 ], [ -122.58218, 37.97908 ], [ -122.57935, 37.98663 ], [ -122.58189, 37.98665 ], [ -122.58693, 37.99939 ], [ -122.58549, 38.0027 ], [ -122.58645, 38.00329 ], [ -122.58501, 38.00492 ], [ -122.59529, 38.00832 ], [ -122.5993, 38.00797 ], [ -122.60274, 38.00993 ], [ -122.60218, 38.01106 ], [ -122.60754, 38.01328 ], [ -122.60976, 38.01849 ], [ -122.61156, 38.0174 ], [ -122.61316, 38.01817 ], [ -122.61277, 38.02222 ] ] ] } },
{ "type": "Feature", "properties": { "zcta": "94965", "individual": 2, "student": 0, "company": 0, "w2017_19": 1, "w2020_23": 1, "w2024_26": 0, "w2017_19_student": 0, "w2017_19_share": 0.0, "w2017_19_mix": "No students", "w2020_23_student": 0, "w2020_23_share": 0.0, "w2020_23_mix": "No students", "w2024_26_student": 0, "w2024_26_share": null, "w2024_26_mix": null, "y2017": 0, "y2017_individual": 0, "y2017_student": 0, "y2017_company": 0, "y2018": 1, "y2018_individual": 1, "y2018_student": 0, "y2018_company": 0, "y2019": 0, "y2019_individual": 0, "y2019_student": 0, "y2019_company": 0, "y2020": 1, "y2020_individual": 1, "y2020_student": 0, "y2020_company": 0, "y2021": 0, "y2021_individual": 0, "y2021_student": 0, "y2021_company": 0, "y2022": 0, "y2022_individual": 0, "y2022_student": 0, "y2022_company": 0, "y2023": 0, "y2023_individual": 0, "y2023_student": 0, "y2023_company": 0, "y2024": 0, "y2024_individual": 0, "y2024_student": 0, "y2024_company": 0, "y2025": 0, "y2025_individual": 0, "y2025_student": 0, "y2025_company": 0, "y2026": 0, "y2026_individual": 0, "y2026_student": 0, "y2026_company": 0, "total": 2, "student_share": 0.0, "recent_share": 0.0, "first_year": 2018, "last_year": 2020, "n_2026": 0, "reassigned_n": 0, "dominant_type": "Individual", "mix": "No students", "place": "Sausalito" }, "geometry": { "type": "Polygon", "coordinates": [ [ [ -122.60345, 37.87727 ], [ -122.60017, 37.87846 ], [ -122.60188, 37.87717 ], [ -122.59875, 37.87488 ], [ -122.59398, 37.87503 ], [ -122.58761, 37.86769 ], [ -122.58667, 37.86463 ], [ -122.58506, 37.86407 ], [ -122.58259, 37.86517 ], [ -122.57627, 37.86305 ], [ -122.58372, 37.87312 ], [ -122.58238, 37.87635 ], [ -122.57906, 37.87891 ], [ -122.57708, 37.8821 ], [ -122.56792, 37.88644 ], [ -122.56753, 37.88848 ], [ -122.56628, 37.88707 ], [ -122.5643, 37.88798 ], [ -122.56578, 37.88865 ], [ -122.56237, 37.88942 ], [ -122.56329, 37.89063 ], [ -122.56128, 37.89217 ], [ -122.56206, 37.89457 ], [ -122.56379, 37.89374 ], [ -122.56369, 37.89275 ], [ -122.56559, 37.8925 ], [ -122.56414, 37.89516 ], [ -122.56202, 37.89549 ], [ -122.56176, 37.89623 ], [ -122.55872, 37.89353 ], [ -122.55718, 37.89348 ], [ -122.55504, 37.88934 ], [ -122.55428, 37.88341 ], [ -122.55372, 37.88419 ], [ -122.55383, 37.87771 ], [ -122.55176, 37.87638 ], [ -122.55229, 37.87453 ], [ -122.55106, 37.87315 ], [ -122.55275, 37.87168 ], [ -122.55197, 37.87046 ], [ -122.55075, 37.87052 ], [ -122.55116, 37.86912 ], [ -122.54905, 37.86923 ], [ -122.55122, 37.86803 ], [ -122.55142, 37.86423 ], [ -122.54644, 37.86229 ], [ -122.54777, 37.86121 ], [ -122.54554, 37.8611 ], [ -122.53901, 37.85579 ], [ -122.53756, 37.85854 ], [ -122.53405, 37.85937 ], [ -122.53305, 37.85884 ], [ -122.53355, 37.85748 ], [ -122.53512, 37.85697 ], [ -122.53264, 37.85552 ], [ -122.53315, 37.85384 ], [ -122.52634, 37.85004 ], [ -122.52397, 37.85234 ], [ -122.52491, 37.85467 ], [ -122.52182, 37.85655 ], [ -122.5159, 37.85672 ], [ -122.51143, 37.85489 ], [ -122.50742, 37.85572 ], [ -122.51017, 37.85685 ], [ -122.50842, 37.85894 ], [ -122.51172, 37.86322 ], [ -122.52025, 37.87011 ], [ -122.51934, 37.87451 ], [ -122.5196, 37.87555 ], [ -122.52095, 37.87576 ], [ -122.52003, 37.87707 ], [ -122.52068, 37.87938 ], [ -122.51662, 37.87687 ], [ -122.51152, 37.87672 ], [ -122.5162, 37.88031 ], [ -122.51658, 37.88415 ], [ -122.49847, 37.87579 ], [ -122.50054, 37.87415 ], [ -122.49627, 37.87078 ], [ -122.4946, 37.86627 ], [ -122.48771, 37.86421 ], [ -122.47844, 37.85952 ], [ -122.47974, 37.84757 ], [ -122.47752, 37.84655 ], [ -122.4769, 37.84261 ], [ -122.47226, 37.83681 ], [ -122.47268, 37.8324 ], [ -122.47424, 37.83367 ], [ -122.47778, 37.83338 ], [ -122.47907, 37.83038 ], [ -122.47874, 37.82559 ], [ -122.48348, 37.82673 ], [ -122.49093, 37.82675 ], [ -122.49548, 37.82243 ], [ -122.49903, 37.8224 ], [ -122.50001, 37.82091 ], [ -122.50445, 37.82109 ], [ -122.50569, 37.8233 ], [ -122.51109, 37.82501 ], [ -122.51882, 37.82569 ], [ -122.52345, 37.82503 ], [ -122.5258, 37.8214 ], [ -122.52926, 37.81969 ], [ -122.52988, 37.81756 ], [ -122.53498, 37.82422 ], [ -122.53412, 37.82616 ], [ -122.53728, 37.83033 ], [ -122.54899, 37.83623 ], [ -122.55899, 37.84653 ], [ -122.56149, 37.85183 ], [ -122.57353, 37.85573 ], [ -122.57539, 37.85873 ], [ -122.57969, 37.86008 ], [ -122.58182, 37.85704 ], [ -122.60129, 37.87513 ], [ -122.60444, 37.87595 ], [ -122.60345, 37.87727 ] ] ] } },
{ "type": "Feature", "properties": { "zcta": "95003", "individual": 1, "student": 0, "company": 0, "w2017_19": 0, "w2020_23": 0, "w2024_26": 1, "w2017_19_student": 0, "w2017_19_share": null, "w2017_19_mix": null, "w2020_23_student": 0, "w2020_23_share": null, "w2020_23_mix": null, "w2024_26_student": 0, "w2024_26_share": 0.0, "w2024_26_mix": "No students", "y2017": 0, "y2017_individual": 0, "y2017_student": 0, "y2017_company": 0, "y2018": 0, "y2018_individual": 0, "y2018_student": 0, "y2018_company": 0, "y2019": 0, "y2019_individual": 0, "y2019_student": 0, "y2019_company": 0, "y2020": 0, "y2020_individual": 0, "y2020_student": 0, "y2020_company": 0, "y2021": 0, "y2021_individual": 0, "y2021_student": 0, "y2021_company": 0, "y2022": 0, "y2022_individual": 0, "y2022_student": 0, "y2022_company": 0, "y2023": 0, "y2023_individual": 0, "y2023_student": 0, "y2023_company": 0, "y2024": 1, "y2024_individual": 1, "y2024_student": 0, "y2024_company": 0, "y2025": 0, "y2025_individual": 0, "y2025_student": 0, "y2025_company": 0, "y2026": 0, "y2026_individual": 0, "y2026_student": 0, "y2026_company": 0, "total": 1, "student_share": 0.0, "recent_share": 1.0, "first_year": 2024, "last_year": 2024, "n_2026": 0, "reassigned_n": 0, "dominant_type": "Individual", "mix": "No students", "place": "Day Valley" }, "geometry": { "type": "Polygon", "coordinates": [ [ [ -121.9399, 36.97846 ], [ -121.93726, 36.98191 ], [ -121.93198, 36.98266 ], [ -121.93111, 36.98401 ], [ -121.93647, 36.98485 ], [ -121.93554, 36.98573 ], [ -121.93512, 36.99446 ], [ -121.93199, 36.99618 ], [ -121.93175, 37.00077 ], [ -121.9304, 37.00144 ], [ -121.92884, 37.00928 ], [ -121.92571, 37.01326 ], [ -121.92807, 37.01509 ], [ -121.92588, 37.01687 ], [ -121.92135, 37.01556 ], [ -121.91937, 37.01621 ], [ -121.91608, 37.01936 ], [ -121.91478, 37.02413 ], [ -121.91742, 37.03141 ], [ -121.91682, 37.03281 ], [ -121.91361, 37.03441 ], [ -121.91356, 37.03703 ], [ -121.91269, 37.03744 ], [ -121.91644, 37.04175 ], [ -121.918, 37.04217 ], [ -121.91687, 37.04395 ], [ -121.90966, 37.04464 ], [ -121.90987, 37.0478 ], [ -121.90809, 37.04958 ], [ -121.90254, 37.05124 ], [ -121.90115, 37.05272 ], [ -121.89799, 37.05362 ], [ -121.89411, 37.05322 ], [ -121.89331, 37.05481 ], [ -121.88608, 37.05508 ], [ -121.88725, 37.0561 ], [ -121.88697, 37.05944 ], [ -121.88501, 37.05838 ], [ -121.87955, 37.05978 ], [ -121.87823, 37.05892 ], [ -121.87544, 37.06014 ], [ -121.87561, 37.06456 ], [ -121.87345, 37.06602 ], [ -121.87344, 37.06846 ], [ -121.871, 37.07048 ], [ -121.87111, 37.07199 ], [ -121.86889, 37.07265 ], [ -121.86899, 37.07629 ], [ -121.86527, 37.07711 ], [ -121.86379, 37.07624 ], [ -121.86095, 37.07641 ], [ -121.85595, 37.07083 ], [ -121.85311, 37.07151 ], [ -121.8518, 37.07029 ], [ -121.84969, 37.07016 ], [ -121.84977, 37.06751 ], [ -121.84749, 37.06858 ], [ -121.84409, 37.06838 ], [ -121.84102, 37.06506 ], [ -121.84012, 37.05871 ], [ -121.83885, 37.0586 ], [ -121.83638, 37.05398 ], [ -121.83842, 37.05086 ], [ -121.84121, 37.04962 ], [ -121.8417, 37.04659 ], [ -121.84294, 37.04453 ], [ -121.84426, 37.04416 ], [ -121.84337, 37.0421 ], [ -121.8441, 37.04151 ], [ -121.8423, 37.03969 ], [ -121.85171, 37.03309 ], [ -121.84364, 37.01348 ], [ -121.83148, 37.00674 ], [ -121.82296, 37.00749 ], [ -121.82006, 37.00514 ], [ -121.82474, 36.99379 ], [ -121.82389, 36.99083 ], [ -121.82016, 36.98886 ], [ -121.82155, 36.98433 ], [ -121.82395, 36.98371 ], [ -121.8183, 36.98033 ], [ -121.8242, 36.979 ], [ -121.82328, 36.97618 ], [ -121.82599, 36.97611 ], [ -121.82133, 36.97231 ], [ -121.82146, 36.97075 ], [ -121.82304, 36.97119 ], [ -121.82686, 36.96981 ], [ -121.83164, 36.96953 ], [ -121.83349, 36.97487 ], [ -121.85101, 36.97923 ], [ -121.8661, 36.97454 ], [ -121.86964, 36.9709 ], [ -121.8679, 36.96836 ], [ -121.8688, 36.96684 ], [ -121.87299, 36.97046 ], [ -121.87327, 36.97029 ], [ -121.86271, 36.96057 ], [ -121.86428, 36.95668 ], [ -121.86334, 36.94592 ], [ -121.86369, 36.94391 ], [ -121.86701, 36.94065 ], [ -121.86618, 36.93805 ], [ -121.86693, 36.93639 ], [ -121.88017, 36.95015 ], [ -121.89467, 36.96185 ], [ -121.90647, 36.96895 ], [ -121.93007, 36.97815 ], [ -121.9399, 36.97846 ] ] ] } },
{ "type": "Feature", "properties": { "zcta": "95005", "individual": 1, "student": 0, "company": 0, "w2017_19": 0, "w2020_23": 0, "w2024_26": 1, "w2017_19_student": 0, "w2017_19_share": null, "w2017_19_mix": null, "w2020_23_student": 0, "w2020_23_share": null, "w2020_23_mix": null, "w2024_26_student": 0, "w2024_26_share": 0.0, "w2024_26_mix": "No students", "y2017": 0, "y2017_individual": 0, "y2017_student": 0, "y2017_company": 0, "y2018": 0, "y2018_individual": 0, "y2018_student": 0, "y2018_company": 0, "y2019": 0, "y2019_individual": 0, "y2019_student": 0, "y2019_company": 0, "y2020": 0, "y2020_individual": 0, "y2020_student": 0, "y2020_company": 0, "y2021": 0, "y2021_individual": 0, "y2021_student": 0, "y2021_company": 0, "y2022": 0, "y2022_individual": 0, "y2022_student": 0, "y2022_company": 0, "y2023": 0, "y2023_individual": 0, "y2023_student": 0, "y2023_company": 0, "y2024": 0, "y2024_individual": 0, "y2024_student": 0, "y2024_company": 0, "y2025": 1, "y2025_individual": 1, "y2025_student": 0, "y2025_company": 0, "y2026": 0, "y2026_individual": 0, "y2026_student": 0, "y2026_company": 0, "total": 1, "student_share": 0.0, "recent_share": 1.0, "first_year": 2025, "last_year": 2025, "n_2026": 0, "reassigned_n": 0, "dominant_type": "Individual", "mix": "No students", "place": "Ben Lomond" }, "geometry": { "type": "Polygon", "coordinates": [ [ [ -122.13604, 37.10947 ], [ -122.13414, 37.10788 ], [ -122.12221, 37.10477 ], [ -122.11684, 37.10563 ], [ -122.11689, 37.10498 ], [ -122.12067, 37.10482 ], [ -122.12207, 37.10361 ], [ -122.11692, 37.10385 ], [ -122.11217, 37.10228 ], [ -122.11203, 37.10035 ], [ -122.11352, 37.10085 ], [ -122.11647, 37.09975 ], [ -122.10911, 37.09913 ], [ -122.10521, 37.10252 ], [ -122.10382, 37.10276 ], [ -122.1047, 37.10887 ], [ -122.10628, 37.1098 ], [ -122.10098, 37.10895 ], [ -122.09665, 37.11307 ], [ -122.09766, 37.11815 ], [ -122.09049, 37.13216 ], [ -122.08573, 37.13903 ], [ -122.08369, 37.13952 ], [ -122.05829, 37.13206 ], [ -122.05832, 37.12801 ], [ -122.05649, 37.12795 ], [ -122.06123, 37.12595 ], [ -122.06373, 37.1279 ], [ -122.06185, 37.12546 ], [ -122.06313, 37.1233 ], [ -122.06347, 37.11753 ], [ -122.06235, 37.11611 ], [ -122.06573, 37.11581 ], [ -122.06766, 37.10933 ], [ -122.07133, 37.10774 ], [ -122.07206, 37.10834 ], [ -122.07243, 37.1051 ], [ -122.07415, 37.10345 ], [ -122.07358, 37.10304 ], [ -122.07537, 37.09919 ], [ -122.07299, 37.09648 ], [ -122.07167, 37.09765 ], [ -122.06891, 37.09751 ], [ -122.064, 37.09887 ], [ -122.06474, 37.09761 ], [ -122.06344, 37.09601 ], [ -122.05975, 37.09605 ], [ -122.05927, 37.09876 ], [ -122.05768, 37.09869 ], [ -122.05757, 37.09089 ], [ -122.06748, 37.09089 ], [ -122.06769, 37.08564 ], [ -122.06476, 37.08491 ], [ -122.06265, 37.08051 ], [ -122.05859, 37.07791 ], [ -122.06389, 37.07416 ], [ -122.06231, 37.07417 ], [ -122.0623, 37.07164 ], [ -122.06683, 37.07153 ], [ -122.06672, 37.06553 ], [ -122.06854, 37.06486 ], [ -122.06132, 37.06521 ], [ -122.061, 37.0595 ], [ -122.06358, 37.06033 ], [ -122.06324, 37.05861 ], [ -122.0681, 37.05933 ], [ -122.07061, 37.06179 ], [ -122.07105, 37.06404 ], [ -122.07311, 37.06516 ], [ -122.07773, 37.06511 ], [ -122.07668, 37.06709 ], [ -122.08502, 37.06873 ], [ -122.08547, 37.07195 ], [ -122.08987, 37.07265 ], [ -122.09125, 37.07389 ], [ -122.10026, 37.07641 ], [ -122.10676, 37.07054 ], [ -122.11738, 37.0797 ], [ -122.11957, 37.08084 ], [ -122.12347, 37.08097 ], [ -122.12345, 37.08727 ], [ -122.12926, 37.0879 ], [ -122.1292, 37.09148 ], [ -122.13395, 37.09145 ], [ -122.13145, 37.0979 ], [ -122.1321, 37.10139 ], [ -122.13642, 37.10329 ], [ -122.13604, 37.10947 ] ] ] } },
{ "type": "Feature", "properties": { "zcta": "95567", "individual": 1, "student": 0, "company": 0, "w2017_19": 0, "w2020_23": 1, "w2024_26": 0, "w2017_19_student": 0, "w2017_19_share": null, "w2017_19_mix": null, "w2020_23_student": 0, "w2020_23_share": 0.0, "w2020_23_mix": "No students", "w2024_26_student": 0, "w2024_26_share": null, "w2024_26_mix": null, "y2017": 0, "y2017_individual": 0, "y2017_student": 0, "y2017_company": 0, "y2018": 0, "y2018_individual": 0, "y2018_student": 0, "y2018_company": 0, "y2019": 0, "y2019_individual": 0, "y2019_student": 0, "y2019_company": 0, "y2020": 0, "y2020_individual": 0, "y2020_student": 0, "y2020_company": 0, "y2021": 0, "y2021_individual": 0, "y2021_student": 0, "y2021_company": 0, "y2022": 0, "y2022_individual": 0, "y2022_student": 0, "y2022_company": 0, "y2023": 1, "y2023_individual": 1, "y2023_student": 0, "y2023_company": 0, "y2024": 0, "y2024_individual": 0, "y2024_student": 0, "y2024_company": 0, "y2025": 0, "y2025_individual": 0, "y2025_student": 0, "y2025_company": 0, "y2026": 0, "y2026_individual": 0, "y2026_student": 0, "y2026_company": 0, "total": 1, "student_share": 0.0, "recent_share": 0.0, "first_year": 2023, "last_year": 2023, "n_2026": 0, "reassigned_n": 0, "dominant_type": "Individual", "mix": "No students", "place": "Smith River" }, "geometry": { "type": "Polygon", "coordinates": [ [ [ -124.21161, 41.99846 ], [ -124.10253, 41.99681 ], [ -123.96705, 41.99613 ], [ -123.96476, 41.99354 ], [ -123.96595, 41.991 ], [ -123.96553, 41.98924 ], [ -123.96758, 41.98646 ], [ -123.96246, 41.98497 ], [ -123.95967, 41.98181 ], [ -123.96132, 41.98067 ], [ -123.9633, 41.98273 ], [ -123.96652, 41.98143 ], [ -123.96568, 41.98317 ], [ -123.96932, 41.98327 ], [ -123.97256, 41.98616 ], [ -123.97289, 41.98462 ], [ -123.97433, 41.98578 ], [ -123.97376, 41.98267 ], [ -123.97774, 41.98431 ], [ -123.97813, 41.98273 ], [ -123.97937, 41.98252 ], [ -123.98142, 41.985 ], [ -123.98462, 41.98426 ], [ -123.98706, 41.98607 ], [ -123.99259, 41.98674 ], [ -123.998, 41.99456 ], [ -124.00242, 41.99472 ], [ -124.00555, 41.99216 ], [ -124.00983, 41.99173 ], [ -124.01334, 41.98999 ], [ -124.01592, 41.99007 ], [ -124.01792, 41.98926 ], [ -124.01737, 41.98806 ], [ -124.02052, 41.98503 ], [ -124.0253, 41.9845 ], [ -124.02949, 41.97982 ], [ -124.02627, 41.97441 ], [ -124.02763, 41.96859 ], [ -124.02909, 41.96709 ], [ -124.03072, 41.96692 ], [ -124.03321, 41.96357 ], [ -124.03177, 41.96238 ], [ -124.03015, 41.95616 ], [ -124.02794, 41.95385 ], [ -124.02137, 41.94752 ], [ -124.01946, 41.9479 ], [ -124.01327, 41.94356 ], [ -124.01654, 41.93538 ], [ -124.01926, 41.9326 ], [ -124.01965, 41.92719 ], [ -124.0215, 41.92214 ], [ -124.01961, 41.92006 ], [ -124.02012, 41.9183 ], [ -124.02238, 41.91642 ], [ -124.02569, 41.91564 ], [ -124.02726, 41.91413 ], [ -124.02659, 41.91309 ], [ -124.03136, 41.91086 ], [ -124.0337, 41.9083 ], [ -124.03551, 41.90807 ], [ -124.03723, 41.91112 ], [ -124.0398, 41.91244 ], [ -124.03817, 41.91291 ], [ -124.03782, 41.91513 ], [ -124.0403, 41.91896 ], [ -124.04333, 41.9202 ], [ -124.04517, 41.91999 ], [ -124.05205, 41.91665 ], [ -124.05286, 41.919 ], [ -124.05339, 41.91638 ], [ -124.04881, 41.91389 ], [ -124.04895, 41.91195 ], [ -124.05949, 41.90877 ], [ -124.06095, 41.90704 ], [ -124.06448, 41.9075 ], [ -124.06698, 41.90607 ], [ -124.06806, 41.90813 ], [ -124.06797, 41.90169 ], [ -124.10794, 41.90185 ], [ -124.10948, 41.88733 ], [ -124.10731, 41.88732 ], [ -124.10721, 41.88349 ], [ -124.10858, 41.88265 ], [ -124.11278, 41.88274 ], [ -124.11753, 41.87961 ], [ -124.11548, 41.87962 ], [ -124.11495, 41.87762 ], [ -124.11084, 41.87659 ], [ -124.11444, 41.87472 ], [ -124.12393, 41.87417 ], [ -124.12896, 41.87946 ], [ -124.13665, 41.88156 ], [ -124.13702, 41.8797 ], [ -124.14555, 41.88359 ], [ -124.1466, 41.88825 ], [ -124.15151, 41.89327 ], [ -124.15662, 41.8968 ], [ -124.15937, 41.90068 ], [ -124.15802, 41.90464 ], [ -124.15843, 41.90721 ], [ -124.16053, 41.90932 ], [ -124.17501, 41.91367 ], [ -124.19459, 41.91357 ], [ -124.19766, 41.91603 ], [ -124.20365, 41.93657 ], [ -124.2034, 41.94096 ], [ -124.20478, 41.9464 ], [ -124.20839, 41.94647 ], [ -124.21015, 41.9509 ], [ -124.20561, 41.96592 ], [ -124.20495, 41.98344 ], [ -124.20876, 41.98924 ], [ -124.21161, 41.99846 ] ] ] } },
{ "type": "Feature", "properties": { "zcta": "95403", "individual": 1, "student": 0, "company": 0, "w2017_19": 1, "w2020_23": 0, "w2024_26": 0, "w2017_19_student": 0, "w2017_19_share": 0.0, "w2017_19_mix": "No students", "w2020_23_student": 0, "w2020_23_share": null, "w2020_23_mix": null, "w2024_26_student": 0, "w2024_26_share": null, "w2024_26_mix": null, "y2017": 1, "y2017_individual": 1, "y2017_student": 0, "y2017_company": 0, "y2018": 0, "y2018_individual": 0, "y2018_student": 0, "y2018_company": 0, "y2019": 0, "y2019_individual": 0, "y2019_student": 0, "y2019_company": 0, "y2020": 0, "y2020_individual": 0, "y2020_student": 0, "y2020_company": 0, "y2021": 0, "y2021_individual": 0, "y2021_student": 0, "y2021_company": 0, "y2022": 0, "y2022_individual": 0, "y2022_student": 0, "y2022_company": 0, "y2023": 0, "y2023_individual": 0, "y2023_student": 0, "y2023_company": 0, "y2024": 0, "y2024_individual": 0, "y2024_student": 0, "y2024_company": 0, "y2025": 0, "y2025_individual": 0, "y2025_student": 0, "y2025_company": 0, "y2026": 0, "y2026_individual": 0, "y2026_student": 0, "y2026_company": 0, "total": 1, "student_share": 0.0, "recent_share": 0.0, "first_year": 2017, "last_year": 2017, "n_2026": 0, "reassigned_n": 0, "dominant_type": "Individual", "mix": "No students", "place": "Santa Rosa" }, "geometry": { "type": "Polygon", "coordinates": [ [ [ -122.82146, 38.51822 ], [ -122.7992, 38.5183 ], [ -122.80024, 38.52194 ], [ -122.80268, 38.52212 ], [ -122.80196, 38.52575 ], [ -122.79807, 38.52582 ], [ -122.79795, 38.52062 ], [ -122.7936, 38.52067 ], [ -122.78822, 38.51479 ], [ -122.78825, 38.51768 ], [ -122.78303, 38.51774 ], [ -122.78373, 38.51873 ], [ -122.77592, 38.51139 ], [ -122.76992, 38.51115 ], [ -122.76985, 38.51469 ], [ -122.77327, 38.51815 ], [ -122.78212, 38.5173 ], [ -122.78991, 38.52581 ], [ -122.77443, 38.5257 ], [ -122.77448, 38.53026 ], [ -122.7723, 38.53028 ], [ -122.77233, 38.53297 ], [ -122.78394, 38.53225 ], [ -122.78842, 38.53308 ], [ -122.78957, 38.53126 ], [ -122.79166, 38.53125 ], [ -122.78905, 38.53215 ], [ -122.78846, 38.53323 ], [ -122.78836, 38.53554 ], [ -122.78968, 38.53673 ], [ -122.78844, 38.53753 ], [ -122.78857, 38.54033 ], [ -122.78648, 38.54033 ], [ -122.78654, 38.54754 ], [ -122.78379, 38.54765 ], [ -122.78359, 38.54032 ], [ -122.78031, 38.54033 ], [ -122.77904, 38.54145 ], [ -122.77906, 38.54404 ], [ -122.77674, 38.54371 ], [ -122.77607, 38.54522 ], [ -122.77237, 38.54669 ], [ -122.76993, 38.54624 ], [ -122.76979, 38.5453 ], [ -122.7669, 38.5453 ], [ -122.76243, 38.54784 ], [ -122.76201, 38.54984 ], [ -122.75841, 38.55194 ], [ -122.75737, 38.55361 ], [ -122.73996, 38.55831 ], [ -122.74081, 38.55701 ], [ -122.73733, 38.55527 ], [ -122.73269, 38.55082 ], [ -122.72809, 38.55085 ], [ -122.72809, 38.54725 ], [ -122.72351, 38.54722 ], [ -122.72355, 38.53779 ], [ -122.72561, 38.53633 ], [ -122.72544, 38.53293 ], [ -122.73025, 38.52923 ], [ -122.72802, 38.52523 ], [ -122.72874, 38.52067 ], [ -122.72661, 38.51831 ], [ -122.74007, 38.5174 ], [ -122.74052, 38.50419 ], [ -122.73767, 38.50327 ], [ -122.73629, 38.50381 ], [ -122.73561, 38.50309 ], [ -122.73821, 38.50148 ], [ -122.73253, 38.49696 ], [ -122.73407, 38.50191 ], [ -122.73293, 38.5038 ], [ -122.72343, 38.50384 ], [ -122.72349, 38.50697 ], [ -122.71881, 38.50808 ], [ -122.71843, 38.5065 ], [ -122.71456, 38.5044 ], [ -122.71339, 38.49657 ], [ -122.70498, 38.49663 ], [ -122.70491, 38.49294 ], [ -122.70302, 38.49292 ], [ -122.70423, 38.49253 ], [ -122.70361, 38.48963 ], [ -122.7096, 38.48907 ], [ -122.7109, 38.48612 ], [ -122.70709, 38.48581 ], [ -122.70476, 38.4828 ], [ -122.70487, 38.47962 ], [ -122.70912, 38.47886 ], [ -122.70909, 38.478 ], [ -122.70713, 38.47743 ], [ -122.70873, 38.47617 ], [ -122.70938, 38.47262 ], [ -122.71016, 38.47316 ], [ -122.7133, 38.47154 ], [ -122.71448, 38.47324 ], [ -122.71647, 38.47371 ], [ -122.72018, 38.46979 ], [ -122.72217, 38.46947 ], [ -122.71716, 38.46101 ], [ -122.72297, 38.45918 ], [ -122.72374, 38.46001 ], [ -122.73027, 38.45973 ], [ -122.73937, 38.45453 ], [ -122.74184, 38.45503 ], [ -122.74185, 38.4565 ], [ -122.74575, 38.45648 ], [ -122.74577, 38.45358 ], [ -122.7447, 38.45358 ], [ -122.74463, 38.4526 ], [ -122.75132, 38.45258 ], [ -122.75131, 38.45013 ], [ -122.76034, 38.45122 ], [ -122.76513, 38.44905 ], [ -122.76956, 38.44844 ], [ -122.76957, 38.45313 ], [ -122.77257, 38.45317 ], [ -122.77254, 38.45621 ], [ -122.77883, 38.45629 ], [ -122.77885, 38.45981 ], [ -122.77295, 38.45981 ], [ -122.77299, 38.46286 ], [ -122.76967, 38.463 ], [ -122.76973, 38.46712 ], [ -122.77112, 38.46712 ], [ -122.77202, 38.47102 ], [ -122.77501, 38.47102 ], [ -122.77502, 38.47444 ], [ -122.76978, 38.47445 ], [ -122.76983, 38.48164 ], [ -122.7651, 38.48162 ], [ -122.76826, 38.48176 ], [ -122.76606, 38.48481 ], [ -122.76233, 38.48485 ], [ -122.76757, 38.49085 ], [ -122.76494, 38.49239 ], [ -122.76063, 38.49204 ], [ -122.76061, 38.49639 ], [ -122.75643, 38.49617 ], [ -122.77283, 38.50892 ], [ -122.77608, 38.50881 ], [ -122.78121, 38.5065 ], [ -122.78465, 38.50686 ], [ -122.78884, 38.5037 ], [ -122.79284, 38.50249 ], [ -122.79564, 38.50291 ], [ -122.79898, 38.50049 ], [ -122.79987, 38.50234 ], [ -122.80214, 38.50178 ], [ -122.80505, 38.49942 ], [ -122.81653, 38.5 ], [ -122.81661, 38.5033 ], [ -122.8211, 38.50351 ], [ -122.82146, 38.51822 ] ] ] } },
{ "type": "Feature", "properties": { "zcta": "91732", "individual": 0, "student": 1, "company": 0, "w2017_19": 0, "w2020_23": 0, "w2024_26": 1, "w2017_19_student": 0, "w2017_19_share": null, "w2017_19_mix": null, "w2020_23_student": 0, "w2020_23_share": null, "w2020_23_mix": null, "w2024_26_student": 1, "w2024_26_share": 1.0, "w2024_26_mix": "Mostly students", "y2017": 0, "y2017_individual": 0, "y2017_student": 0, "y2017_company": 0, "y2018": 0, "y2018_individual": 0, "y2018_student": 0, "y2018_company": 0, "y2019": 0, "y2019_individual": 0, "y2019_student": 0, "y2019_company": 0, "y2020": 0, "y2020_individual": 0, "y2020_student": 0, "y2020_company": 0, "y2021": 0, "y2021_individual": 0, "y2021_student": 0, "y2021_company": 0, "y2022": 0, "y2022_individual": 0, "y2022_student": 0, "y2022_company": 0, "y2023": 0, "y2023_individual": 0, "y2023_student": 0, "y2023_company": 0, "y2024": 0, "y2024_individual": 0, "y2024_student": 0, "y2024_company": 0, "y2025": 0, "y2025_individual": 0, "y2025_student": 0, "y2025_company": 0, "y2026": 1, "y2026_individual": 0, "y2026_student": 1, "y2026_company": 0, "total": 1, "student_share": 1.0, "recent_share": 1.0, "first_year": 2026, "last_year": 2026, "n_2026": 1, "reassigned_n": 0, "dominant_type": "Student", "mix": "Mostly students", "place": "El Monte" }, "geometry": { "type": "Polygon", "coordinates": [ [ [ -118.03057, 34.056 ], [ -118.02942, 34.05569 ], [ -118.02648, 34.05803 ], [ -118.03054, 34.05795 ], [ -118.03054, 34.06332 ], [ -118.02941, 34.06374 ], [ -118.03054, 34.06482 ], [ -118.02942, 34.06734 ], [ -118.02802, 34.06883 ], [ -118.0205, 34.06775 ], [ -118.01919, 34.07062 ], [ -118.02248, 34.07269 ], [ -118.02154, 34.07383 ], [ -118.02275, 34.07406 ], [ -118.02141, 34.07888 ], [ -118.02228, 34.07836 ], [ -118.026, 34.07979 ], [ -118.02537, 34.08196 ], [ -118.02654, 34.08267 ], [ -118.02308, 34.08519 ], [ -118.02295, 34.08919 ], [ -118.02164, 34.08989 ], [ -118.02012, 34.09653 ], [ -118.01639, 34.09673 ], [ -118.01028, 34.09957 ], [ -118.00957, 34.10095 ], [ -118.0011, 34.09807 ], [ -118.0003, 34.09969 ], [ -117.99747, 34.09861 ], [ -118.0016, 34.08817 ], [ -117.99893, 34.08726 ], [ -118.00156, 34.07639 ], [ -118.01047, 34.05025 ], [ -118.01433, 34.04569 ], [ -118.02196, 34.04155 ], [ -118.02346, 34.04275 ], [ -118.02198, 34.04376 ], [ -118.02339, 34.04503 ], [ -118.02559, 34.04323 ], [ -118.02766, 34.04498 ], [ -118.02603, 34.04631 ], [ -118.02696, 34.04669 ], [ -118.02617, 34.04733 ], [ -118.02994, 34.05171 ], [ -118.03057, 34.056 ] ] ] } },
{ "type": "Feature", "properties": { "zcta": "95776", "individual": 0, "student": 1, "company": 0, "w2017_19": 0, "w2020_23": 0, "w2024_26": 1, "w2017_19_student": 0, "w2017_19_share": null, "w2017_19_mix": null, "w2020_23_student": 0, "w2020_23_share": null, "w2020_23_mix": null, "w2024_26_student": 1, "w2024_26_share": 1.0, "w2024_26_mix": "Mostly students", "y2017": 0, "y2017_individual": 0, "y2017_student": 0, "y2017_company": 0, "y2018": 0, "y2018_individual": 0, "y2018_student": 0, "y2018_company": 0, "y2019": 0, "y2019_individual": 0, "y2019_student": 0, "y2019_company": 0, "y2020": 0, "y2020_individual": 0, "y2020_student": 0, "y2020_company": 0, "y2021": 0, "y2021_individual": 0, "y2021_student": 0, "y2021_company": 0, "y2022": 0, "y2022_individual": 0, "y2022_student": 0, "y2022_company": 0, "y2023": 0, "y2023_individual": 0, "y2023_student": 0, "y2023_company": 0, "y2024": 0, "y2024_individual": 0, "y2024_student": 0, "y2024_company": 0, "y2025": 0, "y2025_individual": 0, "y2025_student": 0, "y2025_company": 0, "y2026": 1, "y2026_individual": 0, "y2026_student": 1, "y2026_company": 0, "total": 1, "student_share": 1.0, "recent_share": 1.0, "first_year": 2026, "last_year": 2026, "n_2026": 1, "reassigned_n": 0, "dominant_type": "Student", "mix": "Mostly students", "place": "Woodland" }, "geometry": { "type": "Polygon", "coordinates": [ [ [ -121.78132, 38.73517 ], [ -121.77559, 38.73563 ], [ -121.77437, 38.79288 ], [ -121.77335, 38.79315 ], [ -121.72742, 38.79225 ], [ -121.72563, 38.79347 ], [ -121.72194, 38.79139 ], [ -121.71984, 38.7956 ], [ -121.71878, 38.79591 ], [ -121.70504, 38.79569 ], [ -121.70505, 38.8017 ], [ -121.70179, 38.803 ], [ -121.69923, 38.80224 ], [ -121.69669, 38.79736 ], [ -121.6939, 38.79575 ], [ -121.69067, 38.79563 ], [ -121.69337, 38.78982 ], [ -121.69089, 38.78578 ], [ -121.69085, 38.78358 ], [ -121.68857, 38.78213 ], [ -121.68645, 38.77695 ], [ -121.68749, 38.77337 ], [ -121.69269, 38.76831 ], [ -121.68808, 38.76415 ], [ -121.686, 38.76337 ], [ -121.68028, 38.76345 ], [ -121.67772, 38.76067 ], [ -121.67009, 38.75933 ], [ -121.67019, 38.75824 ], [ -121.67661, 38.75204 ], [ -121.67752, 38.74927 ], [ -121.67683, 38.74671 ], [ -121.67345, 38.74303 ], [ -121.67, 38.74482 ], [ -121.66854, 38.74926 ], [ -121.66904, 38.75329 ], [ -121.66708, 38.75503 ], [ -121.66406, 38.75573 ], [ -121.65855, 38.75494 ], [ -121.65993, 38.76103 ], [ -121.66191, 38.76292 ], [ -121.6602, 38.76394 ], [ -121.63558, 38.76413 ], [ -121.63412, 38.72356 ], [ -121.63513, 38.71731 ], [ -121.64561, 38.69078 ], [ -121.64308, 38.67321 ], [ -121.67179, 38.67339 ], [ -121.66773, 38.65259 ], [ -121.66555, 38.64651 ], [ -121.63136, 38.6024 ], [ -121.6292, 38.59596 ], [ -121.62898, 38.58452 ], [ -121.63073, 38.58265 ], [ -121.63055, 38.57958 ], [ -121.63235, 38.57524 ], [ -121.63412, 38.57428 ], [ -121.63309, 38.56797 ], [ -121.63869, 38.56616 ], [ -121.63863, 38.57509 ], [ -121.64503, 38.57533 ], [ -121.64692, 38.57684 ], [ -121.64696, 38.58773 ], [ -121.64761, 38.5894 ], [ -121.64877, 38.58974 ], [ -121.75224, 38.59012 ], [ -121.75525, 38.5996 ], [ -121.75985, 38.60155 ], [ -121.76639, 38.60248 ], [ -121.76632, 38.6228 ], [ -121.76469, 38.62934 ], [ -121.76645, 38.63615 ], [ -121.7653, 38.68756 ], [ -121.76553, 38.6862 ], [ -121.76687, 38.68987 ], [ -121.76907, 38.69191 ], [ -121.76526, 38.69188 ], [ -121.76522, 38.69586 ], [ -121.77025, 38.69774 ], [ -121.77025, 38.69884 ], [ -121.76521, 38.69891 ], [ -121.76424, 38.72263 ], [ -121.76508, 38.728 ], [ -121.78138, 38.72858 ], [ -121.78132, 38.73517 ] ] ] } },
{ "type": "Feature", "properties": { "zcta": "94108", "individual": 3, "student": 0, "company": 0, "w2017_19": 1, "w2020_23": 1, "w2024_26": 1, "w2017_19_student": 0, "w2017_19_share": 0.0, "w2017_19_mix": "No students", "w2020_23_student": 0, "w2020_23_share": 0.0, "w2020_23_mix": "No students", "w2024_26_student": 0, "w2024_26_share": 0.0, "w2024_26_mix": "No students", "y2017": 0, "y2017_individual": 0, "y2017_student": 0, "y2017_company": 0, "y2018": 0, "y2018_individual": 0, "y2018_student": 0, "y2018_company": 0, "y2019": 1, "y2019_individual": 1, "y2019_student": 0, "y2019_company": 0, "y2020": 0, "y2020_individual": 0, "y2020_student": 0, "y2020_company": 0, "y2021": 1, "y2021_individual": 1, "y2021_student": 0, "y2021_company": 0, "y2022": 0, "y2022_individual": 0, "y2022_student": 0, "y2022_company": 0, "y2023": 0, "y2023_individual": 0, "y2023_student": 0, "y2023_company": 0, "y2024": 0, "y2024_individual": 0, "y2024_student": 0, "y2024_company": 0, "y2025": 0, "y2025_individual": 0, "y2025_student": 0, "y2025_company": 0, "y2026": 1, "y2026_individual": 1, "y2026_student": 0, "y2026_company": 0, "total": 3, "student_share": 0.0, "recent_share": 0.333, "first_year": 2019, "last_year": 2026, "n_2026": 1, "reassigned_n": 0, "dominant_type": "Individual", "mix": "No students", "place": "San Francisco" }, "geometry": { "type": "Polygon", "coordinates": [ [ [ -122.41392, 37.79046 ], [ -122.41424, 37.79506 ], [ -122.40441, 37.7963 ], [ -122.40346, 37.78778 ], [ -122.4064, 37.78662 ], [ -122.40677, 37.7885 ], [ -122.4084, 37.78829 ], [ -122.4086, 37.78923 ], [ -122.41189, 37.78881 ], [ -122.41227, 37.79067 ], [ -122.41392, 37.79046 ] ] ] } },
{ "type": "Feature", "properties": { "zcta": "95018", "individual": 1, "student": 0, "company": 0, "w2017_19": 0, "w2020_23": 1, "w2024_26": 0, "w2017_19_student": 0, "w2017_19_share": null, "w2017_19_mix": null, "w2020_23_student": 0, "w2020_23_share": 0.0, "w2020_23_mix": "No students", "w2024_26_student": 0, "w2024_26_share": null, "w2024_26_mix": null, "y2017": 0, "y2017_individual": 0, "y2017_student": 0, "y2017_company": 0, "y2018": 0, "y2018_individual": 0, "y2018_student": 0, "y2018_company": 0, "y2019": 0, "y2019_individual": 0, "y2019_student": 0, "y2019_company": 0, "y2020": 0, "y2020_individual": 0, "y2020_student": 0, "y2020_company": 0, "y2021": 0, "y2021_individual": 0, "y2021_student": 0, "y2021_company": 0, "y2022": 0, "y2022_individual": 0, "y2022_student": 0, "y2022_company": 0, "y2023": 1, "y2023_individual": 1, "y2023_student": 0, "y2023_company": 0, "y2024": 0, "y2024_individual": 0, "y2024_student": 0, "y2024_company": 0, "y2025": 0, "y2025_individual": 0, "y2025_student": 0, "y2025_company": 0, "y2026": 0, "y2026_individual": 0, "y2026_student": 0, "y2026_company": 0, "total": 1, "student_share": 0.0, "recent_share": 0.0, "first_year": 2023, "last_year": 2023, "n_2026": 0, "reassigned_n": 0, "dominant_type": "Individual", "mix": "No students", "place": "Felton" }, "geometry": { "type": "Polygon", "coordinates": [ [ [ -122.10897, 37.03486 ], [ -122.10606, 37.03712 ], [ -122.10615, 37.03995 ], [ -122.10053, 37.04075 ], [ -122.1006, 37.04587 ], [ -122.10526, 37.04588 ], [ -122.10533, 37.05108 ], [ -122.0938, 37.05225 ], [ -122.09381, 37.05312 ], [ -122.097, 37.05423 ], [ -122.09719, 37.05563 ], [ -122.09854, 37.05627 ], [ -122.1015, 37.056 ], [ -122.10357, 37.05786 ], [ -122.10653, 37.05773 ], [ -122.10381, 37.05835 ], [ -122.10067, 37.05736 ], [ -122.0976, 37.05875 ], [ -122.09231, 37.05621 ], [ -122.09408, 37.06101 ], [ -122.09778, 37.06654 ], [ -122.10191, 37.06959 ], [ -122.10676, 37.07054 ], [ -122.10026, 37.07641 ], [ -122.09125, 37.07389 ], [ -122.08987, 37.07265 ], [ -122.08547, 37.07195 ], [ -122.08502, 37.06873 ], [ -122.07668, 37.06709 ], [ -122.07773, 37.06511 ], [ -122.07311, 37.06516 ], [ -122.07105, 37.06404 ], [ -122.07061, 37.06179 ], [ -122.0681, 37.05933 ], [ -122.06324, 37.05861 ], [ -122.06358, 37.06033 ], [ -122.061, 37.0595 ], [ -122.06132, 37.06521 ], [ -122.06854, 37.06486 ], [ -122.06672, 37.06553 ], [ -122.06683, 37.07153 ], [ -122.0623, 37.07164 ], [ -122.06231, 37.07417 ], [ -122.06389, 37.07416 ], [ -122.05859, 37.07791 ], [ -122.06265, 37.08051 ], [ -122.06476, 37.08491 ], [ -122.06769, 37.08564 ], [ -122.06748, 37.09089 ], [ -122.05757, 37.09089 ], [ -122.05768, 37.09869 ], [ -122.05927, 37.09876 ], [ -122.05975, 37.09605 ], [ -122.06344, 37.09601 ], [ -122.06474, 37.09761 ], [ -122.064, 37.09887 ], [ -122.06891, 37.09751 ], [ -122.07167, 37.09765 ], [ -122.07299, 37.09648 ], [ -122.07537, 37.09919 ], [ -122.07358, 37.10304 ], [ -122.07415, 37.10345 ], [ -122.07243, 37.1051 ], [ -122.07206, 37.10834 ], [ -122.07133, 37.10774 ], [ -122.06766, 37.10933 ], [ -122.06573, 37.11581 ], [ -122.06235, 37.11611 ], [ -122.06347, 37.11753 ], [ -122.06313, 37.1233 ], [ -122.06185, 37.12546 ], [ -122.06373, 37.1279 ], [ -122.06123, 37.12595 ], [ -122.05586, 37.12798 ], [ -122.06042, 37.12503 ], [ -122.05827, 37.12523 ], [ -122.05397, 37.12764 ], [ -122.05299, 37.12514 ], [ -122.04886, 37.12794 ], [ -122.04707, 37.13105 ], [ -122.04487, 37.13075 ], [ -122.04487, 37.13365 ], [ -122.04317, 37.13485 ], [ -122.03977, 37.13335 ], [ -122.03638, 37.13715 ], [ -122.03217, 37.13555 ], [ -122.03251, 37.13815 ], [ -122.03104, 37.13913 ], [ -122.027, 37.13726 ], [ -122.02796, 37.13564 ], [ -122.01762, 37.13116 ], [ -122.02115, 37.13566 ], [ -122.02362, 37.13722 ], [ -122.02311, 37.14067 ], [ -122.02177, 37.14212 ], [ -122.02196, 37.138 ], [ -122.01455, 37.13108 ], [ -122.01579, 37.12824 ], [ -122.01283, 37.1283 ], [ -122.01288, 37.12043 ], [ -122.01024, 37.11651 ], [ -122.0136, 37.11737 ], [ -122.01383, 37.11847 ], [ -122.01287, 37.11275 ], [ -122.00036, 37.11224 ], [ -122.00393, 37.11219 ], [ -122.00389, 37.10926 ], [ -121.99882, 37.10925 ], [ -121.99937, 37.10718 ], [ -122.00233, 37.10644 ], [ -122.0037, 37.10278 ], [ -122.01324, 37.10376 ], [ -122.02184, 37.10609 ], [ -122.02198, 37.0986 ], [ -122.03088, 37.09827 ], [ -122.03404, 37.09627 ], [ -122.03571, 37.08863 ], [ -122.0379, 37.08562 ], [ -122.04077, 37.08485 ], [ -122.04287, 37.08265 ], [ -122.04337, 37.07625 ], [ -122.04607, 37.07105 ], [ -122.0453, 37.06488 ], [ -122.04377, 37.06165 ], [ -122.0457, 37.05633 ], [ -122.05088, 37.05516 ], [ -122.05095, 37.0536 ], [ -122.05739, 37.05397 ], [ -122.0589, 37.05266 ], [ -122.06077, 37.05255 ], [ -122.06155, 37.05054 ], [ -122.06331, 37.05146 ], [ -122.06424, 37.04959 ], [ -122.06433, 37.04808 ], [ -122.06202, 37.04562 ], [ -122.05991, 37.04613 ], [ -122.06153, 37.0469 ], [ -122.06072, 37.04826 ], [ -122.05816, 37.04781 ], [ -122.05735, 37.04963 ], [ -122.05448, 37.04946 ], [ -122.05084, 37.05263 ], [ -122.05038, 37.0452 ], [ -122.05228, 37.04339 ], [ -122.05092, 37.04272 ], [ -122.06975, 37.02373 ], [ -122.08868, 37.02343 ], [ -122.09489, 37.0262 ], [ -122.09859, 37.02629 ], [ -122.10326, 37.03093 ], [ -122.10773, 37.02919 ], [ -122.11007, 37.03239 ], [ -122.10897, 37.03486 ] ] ] } },
{ "type": "Feature", "properties": { "zcta": "94541", "individual": 2, "student": 1, "company": 0, "w2017_19": 2, "w2020_23": 1, "w2024_26": 0, "w2017_19_student": 1, "w2017_19_share": 0.5, "w2017_19_mix": "Mixed", "w2020_23_student": 0, "w2020_23_share": 0.0, "w2020_23_mix": "No students", "w2024_26_student": 0, "w2024_26_share": null, "w2024_26_mix": null, "y2017": 0, "y2017_individual": 0, "y2017_student": 0, "y2017_company": 0, "y2018": 1, "y2018_individual": 1, "y2018_student": 0, "y2018_company": 0, "y2019": 1, "y2019_individual": 0, "y2019_student": 1, "y2019_company": 0, "y2020": 0, "y2020_individual": 0, "y2020_student": 0, "y2020_company": 0, "y2021": 0, "y2021_individual": 0, "y2021_student": 0, "y2021_company": 0, "y2022": 0, "y2022_individual": 0, "y2022_student": 0, "y2022_company": 0, "y2023": 1, "y2023_individual": 1, "y2023_student": 0, "y2023_company": 0, "y2024": 0, "y2024_individual": 0, "y2024_student": 0, "y2024_company": 0, "y2025": 0, "y2025_individual": 0, "y2025_student": 0, "y2025_company": 0, "y2026": 0, "y2026_individual": 0, "y2026_student": 0, "y2026_company": 0, "total": 3, "student_share": 0.333, "recent_share": 0.0, "first_year": 2018, "last_year": 2023, "n_2026": 0, "reassigned_n": 0, "dominant_type": "Individual", "mix": "Mostly professional", "place": "Hayward" }, "geometry": { "type": "Polygon", "coordinates": [ [ [ -122.13927, 37.66253 ], [ -122.13436, 37.6628 ], [ -122.13447, 37.66457 ], [ -122.12768, 37.66518 ], [ -122.1279, 37.66786 ], [ -122.12307, 37.66813 ], [ -122.12075, 37.66978 ], [ -122.12355, 37.67421 ], [ -122.11867, 37.67571 ], [ -122.11405, 37.67867 ], [ -122.11979, 37.68373 ], [ -122.11942, 37.68526 ], [ -122.11321, 37.68633 ], [ -122.11074, 37.68468 ], [ -122.10845, 37.68444 ], [ -122.1147, 37.6887 ], [ -122.10554, 37.68903 ], [ -122.10737, 37.69047 ], [ -122.10326, 37.69337 ], [ -122.10442, 37.69545 ], [ -122.09916, 37.69062 ], [ -122.09401, 37.69005 ], [ -122.09629, 37.68804 ], [ -122.09025, 37.68365 ], [ -122.08895, 37.68419 ], [ -122.08376, 37.6815 ], [ -122.08018, 37.68174 ], [ -122.07691, 37.67892 ], [ -122.07322, 37.68198 ], [ -122.07201, 37.68099 ], [ -122.07024, 37.68137 ], [ -122.07038, 37.68417 ], [ -122.06892, 37.68373 ], [ -122.06828, 37.68491 ], [ -122.06659, 37.68402 ], [ -122.06512, 37.68555 ], [ -122.06216, 37.68589 ], [ -122.05708, 37.6936 ], [ -122.04925, 37.69356 ], [ -122.04452, 37.69573 ], [ -122.04446, 37.69253 ], [ -122.04727, 37.69094 ], [ -122.04715, 37.68967 ], [ -122.04374, 37.68672 ], [ -122.04135, 37.68099 ], [ -122.04903, 37.67709 ], [ -122.05233, 37.674 ], [ -122.05459, 37.67367 ], [ -122.0501, 37.67139 ], [ -122.0429, 37.67359 ], [ -122.04216, 37.67179 ], [ -122.04038, 37.67179 ], [ -122.04087, 37.66532 ], [ -122.04632, 37.66476 ], [ -122.0529, 37.66693 ], [ -122.0563, 37.66578 ], [ -122.05923, 37.66638 ], [ -122.06292, 37.66522 ], [ -122.06639, 37.66672 ], [ -122.07278, 37.66738 ], [ -122.07551, 37.66649 ], [ -122.07989, 37.66985 ], [ -122.08414, 37.66351 ], [ -122.08747, 37.66322 ], [ -122.0886, 37.66142 ], [ -122.11041, 37.65316 ], [ -122.12024, 37.65322 ], [ -122.12039, 37.65641 ], [ -122.12378, 37.65634 ], [ -122.12415, 37.66217 ], [ -122.11932, 37.6626 ], [ -122.12009, 37.66497 ], [ -122.1231, 37.66599 ], [ -122.12918, 37.66329 ], [ -122.13096, 37.66356 ], [ -122.13253, 37.66155 ], [ -122.1392, 37.65847 ], [ -122.14375, 37.66335 ], [ -122.13927, 37.66253 ] ], [ [ -122.09457, 37.66134 ], [ -122.09428, 37.65962 ], [ -122.09305, 37.65998 ], [ -122.09457, 37.66134 ] ] ] } },
{ "type": "Feature", "properties": { "zcta": "94565", "individual": 1, "student": 0, "company": 0, "w2017_19": 0, "w2020_23": 0, "w2024_26": 1, "w2017_19_student": 0, "w2017_19_share": null, "w2017_19_mix": null, "w2020_23_student": 0, "w2020_23_share": null, "w2020_23_mix": null, "w2024_26_student": 0, "w2024_26_share": 0.0, "w2024_26_mix": "No students", "y2017": 0, "y2017_individual": 0, "y2017_student": 0, "y2017_company": 0, "y2018": 0, "y2018_individual": 0, "y2018_student": 0, "y2018_company": 0, "y2019": 0, "y2019_individual": 0, "y2019_student": 0, "y2019_company": 0, "y2020": 0, "y2020_individual": 0, "y2020_student": 0, "y2020_company": 0, "y2021": 0, "y2021_individual": 0, "y2021_student": 0, "y2021_company": 0, "y2022": 0, "y2022_individual": 0, "y2022_student": 0, "y2022_company": 0, "y2023": 0, "y2023_individual": 0, "y2023_student": 0, "y2023_company": 0, "y2024": 0, "y2024_individual": 0, "y2024_student": 0, "y2024_company": 0, "y2025": 0, "y2025_individual": 0, "y2025_student": 0, "y2025_company": 0, "y2026": 1, "y2026_individual": 1, "y2026_student": 0, "y2026_company": 0, "total": 1, "student_share": 0.0, "recent_share": 1.0, "first_year": 2026, "last_year": 2026, "n_2026": 1, "reassigned_n": 0, "dominant_type": "Individual", "mix": "No students", "place": "Pittsburg" }, "geometry": { "type": "Polygon", "coordinates": [ [ [ -122.03361, 38.03394 ], [ -122.0299, 38.04141 ], [ -122.03162, 38.04529 ], [ -122.02161, 38.04809 ], [ -122.0212, 38.05509 ], [ -122.01954, 38.05663 ], [ -122.0116, 38.05546 ], [ -122.00883, 38.05595 ], [ -122.00156, 38.05378 ], [ -122.0019, 38.04932 ], [ -122.00121, 38.05363 ], [ -121.99301, 38.05387 ], [ -121.99251, 38.05489 ], [ -121.97878, 38.04771 ], [ -121.96321, 38.04763 ], [ -121.96312, 38.0417 ], [ -121.96395, 38.04055 ], [ -121.9629, 38.04087 ], [ -121.96268, 38.04765 ], [ -121.96135, 38.04859 ], [ -121.96049, 38.04788 ], [ -121.95736, 38.04845 ], [ -121.95657, 38.04938 ], [ -121.95261, 38.04757 ], [ -121.95006, 38.05085 ], [ -121.94625, 38.04857 ], [ -121.94498, 38.04916 ], [ -121.94271, 38.04813 ], [ -121.94151, 38.04634 ], [ -121.93539, 38.04564 ], [ -121.93278, 38.04434 ], [ -121.9327, 38.03143 ], [ -121.93174, 38.03117 ], [ -121.92812, 38.03405 ], [ -121.92794, 38.04283 ], [ -121.92701, 38.04351 ], [ -121.91152, 38.04146 ], [ -121.91139, 38.04032 ], [ -121.90861, 38.03958 ], [ -121.90857, 38.04502 ], [ -121.88957, 38.04666 ], [ -121.88018, 38.04871 ], [ -121.87474, 38.05068 ], [ -121.86958, 38.05441 ], [ -121.85328, 38.04291 ], [ -121.84946, 38.03501 ], [ -121.85217, 38.03226 ], [ -121.84753, 38.02976 ], [ -121.84778, 38.02906 ], [ -121.8423, 38.02726 ], [ -121.84244, 38.01311 ], [ -121.8449, 38.01001 ], [ -121.83321, 38.00749 ], [ -121.83743, 38.00378 ], [ -121.85573, 38.0088 ], [ -121.85663, 38.00525 ], [ -121.85603, 37.998 ], [ -121.86085, 37.998 ], [ -121.86048, 37.98316 ], [ -121.86897, 37.98301 ], [ -121.869, 37.95638 ], [ -121.86917, 37.95751 ], [ -121.87308, 37.95708 ], [ -121.87444, 37.9561 ], [ -121.88254, 37.95838 ], [ -121.88327, 37.95656 ], [ -121.8865, 37.95559 ], [ -121.89082, 37.95542 ], [ -121.89733, 37.95331 ], [ -121.89955, 37.95369 ], [ -121.90529, 37.94865 ], [ -121.91451, 37.94637 ], [ -121.9147, 37.96216 ], [ -121.91932, 37.96232 ], [ -121.91936, 37.96932 ], [ -121.92264, 37.96929 ], [ -121.92146, 37.97058 ], [ -121.92761, 37.96607 ], [ -121.9284, 37.96316 ], [ -121.9304, 37.96182 ], [ -121.93292, 37.96168 ], [ -121.93302, 37.96835 ], [ -121.93538, 37.9683 ], [ -121.93533, 37.96651 ], [ -121.94044, 37.96648 ], [ -121.94046, 37.96774 ], [ -121.94531, 37.96355 ], [ -121.94866, 37.96308 ], [ -121.95923, 37.96768 ], [ -121.9585, 37.96838 ], [ -121.96388, 37.97283 ], [ -121.96832, 37.97317 ], [ -121.97002, 37.97174 ], [ -121.97548, 37.97553 ], [ -121.97764, 37.97371 ], [ -122.00317, 37.99245 ], [ -122.00098, 37.99937 ], [ -121.99661, 37.99955 ], [ -121.98982, 37.99426 ], [ -121.98766, 37.99448 ], [ -121.98503, 37.99307 ], [ -121.98454, 37.99371 ], [ -121.98635, 37.9948 ], [ -121.98532, 37.9964 ], [ -121.98626, 37.99767 ], [ -121.98062, 38.00291 ], [ -121.97721, 38.0034 ], [ -121.97677, 38.0045 ], [ -121.98037, 38.00416 ], [ -121.97986, 38.00635 ], [ -121.98116, 38.00684 ], [ -121.97976, 38.00803 ], [ -121.98783, 38.01661 ], [ -121.98335, 38.01966 ], [ -121.98005, 38.02004 ], [ -121.97925, 38.02174 ], [ -121.97211, 38.02368 ], [ -121.97717, 38.02297 ], [ -121.99734, 38.01354 ], [ -121.99884, 38.01479 ], [ -121.99186, 38.01765 ], [ -121.99493, 38.01852 ], [ -121.99648, 38.0172 ], [ -122.00129, 38.02048 ], [ -122.00246, 38.01888 ], [ -122.00635, 38.01807 ], [ -122.00596, 38.01577 ], [ -122.00369, 38.0135 ], [ -122.00878, 38.01687 ], [ -122.01052, 38.01678 ], [ -122.01247, 38.01865 ], [ -122.02617, 38.0245 ], [ -122.02972, 38.0313 ], [ -122.02873, 38.03293 ], [ -122.03108, 38.03255 ], [ -122.03228, 38.03101 ], [ -122.02832, 38.02168 ], [ -122.03361, 38.03394 ] ] ] } },
{ "type": "Feature", "properties": { "zcta": "94605", "individual": 8, "student": 1, "company": 1, "w2017_19": 0, "w2020_23": 9, "w2024_26": 1, "w2017_19_student": 0, "w2017_19_share": null, "w2017_19_mix": null, "w2020_23_student": 0, "w2020_23_share": 0.0, "w2020_23_mix": "No students", "w2024_26_student": 1, "w2024_26_share": 1.0, "w2024_26_mix": "Mostly students", "y2017": 0, "y2017_individual": 0, "y2017_student": 0, "y2017_company": 0, "y2018": 0, "y2018_individual": 0, "y2018_student": 0, "y2018_company": 0, "y2019": 0, "y2019_individual": 0, "y2019_student": 0, "y2019_company": 0, "y2020": 0, "y2020_individual": 0, "y2020_student": 0, "y2020_company": 0, "y2021": 7, "y2021_individual": 6, "y2021_student": 0, "y2021_company": 1, "y2022": 2, "y2022_individual": 2, "y2022_student": 0, "y2022_company": 0, "y2023": 0, "y2023_individual": 0, "y2023_student": 0, "y2023_company": 0, "y2024": 0, "y2024_individual": 0, "y2024_student": 0, "y2024_company": 0, "y2025": 1, "y2025_individual": 0, "y2025_student": 1, "y2025_company": 0, "y2026": 0, "y2026_individual": 0, "y2026_student": 0, "y2026_company": 0, "total": 10, "student_share": 0.1, "recent_share": 0.1, "first_year": 2021, "last_year": 2025, "n_2026": 0, "reassigned_n": 0, "dominant_type": "Individual", "mix": "Mostly professional", "place": "Oakland" }, "geometry": { "type": "Polygon", "coordinates": [ [ [ -122.19735, 37.77162 ], [ -122.1883, 37.77787 ], [ -122.18537, 37.77542 ], [ -122.17989, 37.7799 ], [ -122.17509, 37.78029 ], [ -122.17566, 37.7816 ], [ -122.17887, 37.78342 ], [ -122.18369, 37.78417 ], [ -122.1784, 37.78382 ], [ -122.17802, 37.78505 ], [ -122.17738, 37.78459 ], [ -122.17499, 37.78613 ], [ -122.17193, 37.78629 ], [ -122.16556, 37.78091 ], [ -122.15793, 37.78205 ], [ -122.15977, 37.78375 ], [ -122.15855, 37.78273 ], [ -122.15669, 37.7847 ], [ -122.14845, 37.78356 ], [ -122.14618, 37.78592 ], [ -122.14452, 37.78498 ], [ -122.1423, 37.7851 ], [ -122.14155, 37.78118 ], [ -122.13272, 37.77534 ], [ -122.11613, 37.75026 ], [ -122.11509, 37.73528 ], [ -122.12108, 37.7319 ], [ -122.12217, 37.72939 ], [ -122.12446, 37.72859 ], [ -122.13123, 37.73043 ], [ -122.13235, 37.73173 ], [ -122.13049, 37.73277 ], [ -122.13444, 37.7343 ], [ -122.13669, 37.73187 ], [ -122.13898, 37.73093 ], [ -122.14077, 37.73728 ], [ -122.14605, 37.7428 ], [ -122.14873, 37.74086 ], [ -122.15173, 37.74148 ], [ -122.15363, 37.74407 ], [ -122.15602, 37.74504 ], [ -122.16141, 37.75564 ], [ -122.16427, 37.75521 ], [ -122.1661, 37.75396 ], [ -122.17228, 37.7617 ], [ -122.17521, 37.76314 ], [ -122.17367, 37.76098 ], [ -122.17664, 37.75988 ], [ -122.18272, 37.76603 ], [ -122.1857, 37.76423 ], [ -122.18713, 37.76545 ], [ -122.18905, 37.7647 ], [ -122.19434, 37.76878 ], [ -122.19367, 37.76925 ], [ -122.19478, 37.77038 ], [ -122.19585, 37.77021 ], [ -122.19735, 37.77162 ] ] ] } },
{ "type": "Feature", "properties": { "zcta": "94705", "individual": 3, "student": 1, "company": 0, "w2017_19": 3, "w2020_23": 0, "w2024_26": 1, "w2017_19_student": 0, "w2017_19_share": 0.0, "w2017_19_mix": "No students", "w2020_23_student": 0, "w2020_23_share": null, "w2020_23_mix": null, "w2024_26_student": 1, "w2024_26_share": 1.0, "w2024_26_mix": "Mostly students", "y2017": 0, "y2017_individual": 0, "y2017_student": 0, "y2017_company": 0, "y2018": 1, "y2018_individual": 1, "y2018_student": 0, "y2018_company": 0, "y2019": 2, "y2019_individual": 2, "y2019_student": 0, "y2019_company": 0, "y2020": 0, "y2020_individual": 0, "y2020_student": 0, "y2020_company": 0, "y2021": 0, "y2021_individual": 0, "y2021_student": 0, "y2021_company": 0, "y2022": 0, "y2022_individual": 0, "y2022_student": 0, "y2022_company": 0, "y2023": 0, "y2023_individual": 0, "y2023_student": 0, "y2023_company": 0, "y2024": 0, "y2024_individual": 0, "y2024_student": 0, "y2024_company": 0, "y2025": 0, "y2025_individual": 0, "y2025_student": 0, "y2025_company": 0, "y2026": 1, "y2026_individual": 0, "y2026_student": 1, "y2026_company": 0, "total": 4, "student_share": 0.25, "recent_share": 0.25, "first_year": 2018, "last_year": 2026, "n_2026": 1, "reassigned_n": 0, "dominant_type": "Individual", "mix": "Mostly professional", "place": "Oakland" }, "geometry": { "type": "Polygon", "coordinates": [ [ [ -122.26945, 37.86003 ], [ -122.25004, 37.86244 ], [ -122.24671, 37.86392 ], [ -122.24777, 37.86612 ], [ -122.24473, 37.86579 ], [ -122.24552, 37.86404 ], [ -122.2444, 37.86266 ], [ -122.24453, 37.86373 ], [ -122.24076, 37.86406 ], [ -122.23842, 37.86778 ], [ -122.24172, 37.86964 ], [ -122.24516, 37.86974 ], [ -122.24691, 37.88535 ], [ -122.24197, 37.88193 ], [ -122.23868, 37.88332 ], [ -122.22884, 37.88102 ], [ -122.22362, 37.87857 ], [ -122.2198, 37.87349 ], [ -122.21764, 37.87225 ], [ -122.21637, 37.86908 ], [ -122.22149, 37.86626 ], [ -122.22239, 37.86656 ], [ -122.22199, 37.86421 ], [ -122.22086, 37.8646 ], [ -122.21356, 37.85791 ], [ -122.21573, 37.85621 ], [ -122.2188, 37.86002 ], [ -122.22108, 37.86011 ], [ -122.22262, 37.85771 ], [ -122.22161, 37.85529 ], [ -122.22354, 37.85492 ], [ -122.22395, 37.8536 ], [ -122.2246, 37.85537 ], [ -122.22705, 37.8572 ], [ -122.23431, 37.85361 ], [ -122.23419, 37.85254 ], [ -122.24574, 37.85224 ], [ -122.24636, 37.85031 ], [ -122.24738, 37.85165 ], [ -122.2525, 37.85083 ], [ -122.25335, 37.85383 ], [ -122.26707, 37.85189 ], [ -122.26701, 37.85523 ], [ -122.26831, 37.85654 ], [ -122.26746, 37.85942 ], [ -122.26945, 37.86003 ] ] ] } },
{ "type": "Feature", "properties": { "zcta": "94801", "individual": 0, "student": 1, "company": 0, "w2017_19": 1, "w2020_23": 0, "w2024_26": 0, "w2017_19_student": 1, "w2017_19_share": 1.0, "w2017_19_mix": "Mostly students", "w2020_23_student": 0, "w2020_23_share": null, "w2020_23_mix": null, "w2024_26_student": 0, "w2024_26_share": null, "w2024_26_mix": null, "y2017": 0, "y2017_individual": 0, "y2017_student": 0, "y2017_company": 0, "y2018": 1, "y2018_individual": 0, "y2018_student": 1, "y2018_company": 0, "y2019": 0, "y2019_individual": 0, "y2019_student": 0, "y2019_company": 0, "y2020": 0, "y2020_individual": 0, "y2020_student": 0, "y2020_company": 0, "y2021": 0, "y2021_individual": 0, "y2021_student": 0, "y2021_company": 0, "y2022": 0, "y2022_individual": 0, "y2022_student": 0, "y2022_company": 0, "y2023": 0, "y2023_individual": 0, "y2023_student": 0, "y2023_company": 0, "y2024": 0, "y2024_individual": 0, "y2024_student": 0, "y2024_company": 0, "y2025": 0, "y2025_individual": 0, "y2025_student": 0, "y2025_company": 0, "y2026": 0, "y2026_individual": 0, "y2026_student": 0, "y2026_company": 0, "total": 1, "student_share": 1.0, "recent_share": 0.0, "first_year": 2018, "last_year": 2018, "n_2026": 0, "reassigned_n": 0, "dominant_type": "Student", "mix": "Mostly students", "place": "Richmond" }, "geometry": { "type": "Polygon", "coordinates": [ [ [ -122.42976, 37.9654 ], [ -122.41859, 37.96478 ], [ -122.41265, 37.96328 ], [ -122.41176, 37.9605 ], [ -122.40838, 37.95754 ], [ -122.40291, 37.95485 ], [ -122.39554, 37.95991 ], [ -122.40148, 37.96572 ], [ -122.40113, 37.96777 ], [ -122.39728, 37.96777 ], [ -122.39551, 37.96944 ], [ -122.38175, 37.97172 ], [ -122.36758, 37.97817 ], [ -122.36412, 37.98539 ], [ -122.36312, 37.98517 ], [ -122.35998, 37.99069 ], [ -122.3609, 37.99477 ], [ -122.36693, 37.99846 ], [ -122.36889, 38.00795 ], [ -122.36791, 38.01253 ], [ -122.36464, 38.01293 ], [ -122.36203, 38.00862 ], [ -122.35554, 38.00867 ], [ -122.34406, 38.00497 ], [ -122.34178, 38.00294 ], [ -122.33255, 38.0015 ], [ -122.32867, 38.00348 ], [ -122.32819, 38.00255 ], [ -122.32992, 38.00158 ], [ -122.3347, 38.00053 ], [ -122.34805, 38.00232 ], [ -122.35335, 38.00023 ], [ -122.35555, 37.99777 ], [ -122.35889, 37.96764 ], [ -122.35639, 37.96718 ], [ -122.35861, 37.95044 ], [ -122.34742, 37.94978 ], [ -122.34821, 37.94031 ], [ -122.34724, 37.93154 ], [ -122.37752, 37.93136 ], [ -122.37819, 37.92725 ], [ -122.38133, 37.92771 ], [ -122.38331, 37.92543 ], [ -122.38066, 37.92529 ], [ -122.38069, 37.92375 ], [ -122.3782, 37.92321 ], [ -122.37721, 37.92016 ], [ -122.3725, 37.91776 ], [ -122.36966, 37.9143 ], [ -122.37099, 37.91428 ], [ -122.36903, 37.91254 ], [ -122.37138, 37.91125 ], [ -122.36773, 37.90983 ], [ -122.36898, 37.90974 ], [ -122.36778, 37.90473 ], [ -122.39055, 37.90911 ], [ -122.38746, 37.92055 ], [ -122.39049, 37.92253 ], [ -122.3915, 37.92542 ], [ -122.39768, 37.92936 ], [ -122.40129, 37.92843 ], [ -122.40196, 37.93142 ], [ -122.41004, 37.93236 ], [ -122.41372, 37.93726 ], [ -122.41099, 37.93967 ], [ -122.41408, 37.94529 ], [ -122.42263, 37.94717 ], [ -122.41931, 37.95092 ], [ -122.42073, 37.95485 ], [ -122.42501, 37.95691 ], [ -122.43009, 37.96311 ], [ -122.42976, 37.9654 ] ] ] } },
{ "type": "Feature", "properties": { "zcta": "94805", "individual": 1, "student": 0, "company": 0, "w2017_19": 0, "w2020_23": 1, "w2024_26": 0, "w2017_19_student": 0, "w2017_19_share": null, "w2017_19_mix": null, "w2020_23_student": 0, "w2020_23_share": 0.0, "w2020_23_mix": "No students", "w2024_26_student": 0, "w2024_26_share": null, "w2024_26_mix": null, "y2017": 0, "y2017_individual": 0, "y2017_student": 0, "y2017_company": 0, "y2018": 0, "y2018_individual": 0, "y2018_student": 0, "y2018_company": 0, "y2019": 0, "y2019_individual": 0, "y2019_student": 0, "y2019_company": 0, "y2020": 0, "y2020_individual": 0, "y2020_student": 0, "y2020_company": 0, "y2021": 0, "y2021_individual": 0, "y2021_student": 0, "y2021_company": 0, "y2022": 1, "y2022_individual": 1, "y2022_student": 0, "y2022_company": 0, "y2023": 0, "y2023_individual": 0, "y2023_student": 0, "y2023_company": 0, "y2024": 0, "y2024_individual": 0, "y2024_student": 0, "y2024_company": 0, "y2025": 0, "y2025_individual": 0, "y2025_student": 0, "y2025_company": 0, "y2026": 0, "y2026_individual": 0, "y2026_student": 0, "y2026_company": 0, "total": 1, "student_share": 0.0, "recent_share": 0.0, "first_year": 2022, "last_year": 2022, "n_2026": 0, "reassigned_n": 0, "dominant_type": "Individual", "mix": "No students", "place": "Richmond" }, "geometry": { "type": "Polygon", "coordinates": [ [ [ -122.34135, 37.93144 ], [ -122.34113, 37.93481 ], [ -122.33784, 37.93435 ], [ -122.33509, 37.94398 ], [ -122.33544, 37.94705 ], [ -122.33218, 37.94742 ], [ -122.33362, 37.95325 ], [ -122.33176, 37.95396 ], [ -122.33025, 37.95134 ], [ -122.32742, 37.95129 ], [ -122.32639, 37.94915 ], [ -122.32349, 37.94965 ], [ -122.32208, 37.952 ], [ -122.32382, 37.9541 ], [ -122.31875, 37.95404 ], [ -122.31828, 37.95492 ], [ -122.31613, 37.95322 ], [ -122.3167, 37.95183 ], [ -122.31493, 37.95238 ], [ -122.31139, 37.95141 ], [ -122.31141, 37.95267 ], [ -122.30837, 37.95267 ], [ -122.30952, 37.95166 ], [ -122.3096, 37.94812 ], [ -122.31136, 37.94882 ], [ -122.3119, 37.94513 ], [ -122.31107, 37.9436 ], [ -122.3076, 37.94273 ], [ -122.30319, 37.93912 ], [ -122.30357, 37.9382 ], [ -122.32032, 37.93834 ], [ -122.32038, 37.93112 ], [ -122.34135, 37.93144 ] ] ] } },
{ "type": "Feature", "properties": { "zcta": "95838", "individual": 0, "student": 1, "company": 0, "w2017_19": 0, "w2020_23": 0, "w2024_26": 1, "w2017_19_student": 0, "w2017_19_share": null, "w2017_19_mix": null, "w2020_23_student": 0, "w2020_23_share": null, "w2020_23_mix": null, "w2024_26_student": 1, "w2024_26_share": 1.0, "w2024_26_mix": "Mostly students", "y2017": 0, "y2017_individual": 0, "y2017_student": 0, "y2017_company": 0, "y2018": 0, "y2018_individual": 0, "y2018_student": 0, "y2018_company": 0, "y2019": 0, "y2019_individual": 0, "y2019_student": 0, "y2019_company": 0, "y2020": 0, "y2020_individual": 0, "y2020_student": 0, "y2020_company": 0, "y2021": 0, "y2021_individual": 0, "y2021_student": 0, "y2021_company": 0, "y2022": 0, "y2022_individual": 0, "y2022_student": 0, "y2022_company": 0, "y2023": 0, "y2023_individual": 0, "y2023_student": 0, "y2023_company": 0, "y2024": 0, "y2024_individual": 0, "y2024_student": 0, "y2024_company": 0, "y2025": 0, "y2025_individual": 0, "y2025_student": 0, "y2025_company": 0, "y2026": 1, "y2026_individual": 0, "y2026_student": 1, "y2026_company": 0, "total": 1, "student_share": 1.0, "recent_share": 1.0, "first_year": 2026, "last_year": 2026, "n_2026": 1, "reassigned_n": 0, "dominant_type": "Student", "mix": "Mostly students", "place": "Sacramento" }, "geometry": { "type": "Polygon", "coordinates": [ [ [ -121.4744, 38.66434 ], [ -121.47265, 38.66619 ], [ -121.47132, 38.66521 ], [ -121.47132, 38.6631 ], [ -121.46914, 38.6631 ], [ -121.46816, 38.66462 ], [ -121.45747, 38.66758 ], [ -121.45635, 38.66912 ], [ -121.43836, 38.66922 ], [ -121.43838, 38.66821 ], [ -121.43625, 38.66801 ], [ -121.43612, 38.66724 ], [ -121.43146, 38.66732 ], [ -121.42988, 38.66789 ], [ -121.42989, 38.66912 ], [ -121.41526, 38.66898 ], [ -121.41515, 38.65085 ], [ -121.4199, 38.65097 ], [ -121.41759, 38.64995 ], [ -121.4176, 38.6472 ], [ -121.41068, 38.64713 ], [ -121.41057, 38.63989 ], [ -121.40561, 38.6398 ], [ -121.40531, 38.63862 ], [ -121.41409, 38.63052 ], [ -121.41636, 38.63027 ], [ -121.4204, 38.62793 ], [ -121.42677, 38.62809 ], [ -121.43029, 38.62709 ], [ -121.43829, 38.62814 ], [ -121.44326, 38.62722 ], [ -121.44753, 38.62534 ], [ -121.45317, 38.62539 ], [ -121.45694, 38.62394 ], [ -121.45902, 38.62402 ], [ -121.46759, 38.61974 ], [ -121.47608, 38.66458 ], [ -121.4744, 38.66434 ] ] ] } },
{ "type": "Feature", "properties": { "zcta": "95008", "individual": 2, "student": 1, "company": 0, "w2017_19": 1, "w2020_23": 0, "w2024_26": 2, "w2017_19_student": 0, "w2017_19_share": 0.0, "w2017_19_mix": "No students", "w2020_23_student": 0, "w2020_23_share": null, "w2020_23_mix": null, "w2024_26_student": 1, "w2024_26_share": 0.5, "w2024_26_mix": "Mixed", "y2017": 0, "y2017_individual": 0, "y2017_student": 0, "y2017_company": 0, "y2018": 1, "y2018_individual": 1, "y2018_student": 0, "y2018_company": 0, "y2019": 0, "y2019_individual": 0, "y2019_student": 0, "y2019_company": 0, "y2020": 0, "y2020_individual": 0, "y2020_student": 0, "y2020_company": 0, "y2021": 0, "y2021_individual": 0, "y2021_student": 0, "y2021_company": 0, "y2022": 0, "y2022_individual": 0, "y2022_student": 0, "y2022_company": 0, "y2023": 0, "y2023_individual": 0, "y2023_student": 0, "y2023_company": 0, "y2024": 0, "y2024_individual": 0, "y2024_student": 0, "y2024_company": 0, "y2025": 1, "y2025_individual": 1, "y2025_student": 0, "y2025_company": 0, "y2026": 1, "y2026_individual": 0, "y2026_student": 1, "y2026_company": 0, "total": 3, "student_share": 0.333, "recent_share": 0.667, "first_year": 2018, "last_year": 2026, "n_2026": 1, "reassigned_n": 0, "dominant_type": "Individual", "mix": "Mostly professional", "place": "Campbell" }, "geometry": { "type": "Polygon", "coordinates": [ [ [ -121.99082, 37.26984 ], [ -121.98915, 37.27274 ], [ -121.98533, 37.27236 ], [ -121.98292, 37.27343 ], [ -121.98303, 37.27641 ], [ -121.97968, 37.2765 ], [ -121.97979, 37.279 ], [ -121.97728, 37.27914 ], [ -121.97805, 37.28124 ], [ -121.97658, 37.28184 ], [ -121.97663, 37.2836 ], [ -121.98294, 37.28345 ], [ -121.98311, 37.28605 ], [ -121.98412, 37.28624 ], [ -121.97982, 37.28998 ], [ -121.98165, 37.29132 ], [ -121.98059, 37.29223 ], [ -121.9766, 37.28983 ], [ -121.9766, 37.29078 ], [ -121.97072, 37.2908 ], [ -121.97086, 37.29536 ], [ -121.96229, 37.29603 ], [ -121.96185, 37.29789 ], [ -121.95945, 37.2974 ], [ -121.95905, 37.29432 ], [ -121.95442, 37.29432 ], [ -121.95444, 37.29557 ], [ -121.94463, 37.29499 ], [ -121.94536, 37.30154 ], [ -121.94071, 37.30154 ], [ -121.93832, 37.29439 ], [ -121.93582, 37.29436 ], [ -121.93167, 37.29803 ], [ -121.93167, 37.29722 ], [ -121.92922, 37.2978 ], [ -121.92921, 37.29626 ], [ -121.93167, 37.29623 ], [ -121.93169, 37.2944 ], [ -121.92266, 37.29437 ], [ -121.92246, 37.28263 ], [ -121.92351, 37.28096 ], [ -121.92705, 37.28148 ], [ -121.93164, 37.28018 ], [ -121.93183, 37.27884 ], [ -121.93024, 37.27759 ], [ -121.93187, 37.27611 ], [ -121.93097, 37.27547 ], [ -121.9334, 37.27523 ], [ -121.94861, 37.25786 ], [ -121.95116, 37.25697 ], [ -121.95342, 37.25881 ], [ -121.95384, 37.25821 ], [ -121.95623, 37.2608 ], [ -121.96196, 37.26158 ], [ -121.96086, 37.26301 ], [ -121.96263, 37.26411 ], [ -121.97188, 37.26394 ], [ -121.97349, 37.26527 ], [ -121.97989, 37.2648 ], [ -121.99082, 37.26984 ] ] ] } },
{ "type": "Feature", "properties": { "zcta": "95035", "individual": 0, "student": 2, "company": 0, "w2017_19": 0, "w2020_23": 2, "w2024_26": 0, "w2017_19_student": 0, "w2017_19_share": null, "w2017_19_mix": null, "w2020_23_student": 2, "w2020_23_share": 1.0, "w2020_23_mix": "Mostly students", "w2024_26_student": 0, "w2024_26_share": null, "w2024_26_mix": null, "y2017": 0, "y2017_individual": 0, "y2017_student": 0, "y2017_company": 0, "y2018": 0, "y2018_individual": 0, "y2018_student": 0, "y2018_company": 0, "y2019": 0, "y2019_individual": 0, "y2019_student": 0, "y2019_company": 0, "y2020": 0, "y2020_individual": 0, "y2020_student": 0, "y2020_company": 0, "y2021": 1, "y2021_individual": 0, "y2021_student": 1, "y2021_company": 0, "y2022": 0, "y2022_individual": 0, "y2022_student": 0, "y2022_company": 0, "y2023": 1, "y2023_individual": 0, "y2023_student": 1, "y2023_company": 0, "y2024": 0, "y2024_individual": 0, "y2024_student": 0, "y2024_company": 0, "y2025": 0, "y2025_individual": 0, "y2025_student": 0, "y2025_company": 0, "y2026": 0, "y2026_individual": 0, "y2026_student": 0, "y2026_company": 0, "total": 2, "student_share": 1.0, "recent_share": 0.0, "first_year": 2021, "last_year": 2023, "n_2026": 0, "reassigned_n": 0, "dominant_type": "Student", "mix": "Mostly students", "place": "Milpitas" }, "geometry": { "type": "Polygon", "coordinates": [ [ [ -121.93105, 37.42009 ], [ -121.92541, 37.42351 ], [ -121.92524, 37.42485 ], [ -121.92768, 37.42759 ], [ -121.92845, 37.43054 ], [ -121.92599, 37.43564 ], [ -121.92672, 37.43854 ], [ -121.92336, 37.44254 ], [ -121.92504, 37.45419 ], [ -121.91265, 37.46065 ], [ -121.91133, 37.46224 ], [ -121.89831, 37.46666 ], [ -121.89076, 37.46804 ], [ -121.88935, 37.4701 ], [ -121.88597, 37.47137 ], [ -121.8826, 37.47055 ], [ -121.88025, 37.47155 ], [ -121.87724, 37.47523 ], [ -121.87461, 37.47577 ], [ -121.87401, 37.47741 ], [ -121.87105, 37.47924 ], [ -121.86993, 37.48168 ], [ -121.86527, 37.48464 ], [ -121.83788, 37.48437 ], [ -121.82734, 37.45788 ], [ -121.81785, 37.44521 ], [ -121.82237, 37.44363 ], [ -121.82521, 37.43985 ], [ -121.81937, 37.43791 ], [ -121.8199, 37.43548 ], [ -121.82458, 37.43253 ], [ -121.82347, 37.43189 ], [ -121.83089, 37.43182 ], [ -121.83277, 37.42988 ], [ -121.83024, 37.42521 ], [ -121.83116, 37.42315 ], [ -121.83893, 37.42134 ], [ -121.8393, 37.42399 ], [ -121.83709, 37.4252 ], [ -121.83766, 37.42591 ], [ -121.85818, 37.42148 ], [ -121.86003, 37.42249 ], [ -121.88026, 37.41452 ], [ -121.88004, 37.41384 ], [ -121.88206, 37.41315 ], [ -121.88081, 37.41152 ], [ -121.88886, 37.40757 ], [ -121.88788, 37.40695 ], [ -121.89058, 37.40331 ], [ -121.90568, 37.40412 ], [ -121.9152, 37.39611 ], [ -121.91521, 37.39862 ], [ -121.91772, 37.40312 ], [ -121.92168, 37.40563 ], [ -121.92349, 37.40569 ], [ -121.92297, 37.41103 ], [ -121.93013, 37.41776 ], [ -121.93105, 37.42009 ] ] ] } },
{ "type": "Feature", "properties": { "zcta": "94010", "individual": 2, "student": 0, "company": 0, "w2017_19": 1, "w2020_23": 1, "w2024_26": 0, "w2017_19_student": 0, "w2017_19_share": 0.0, "w2017_19_mix": "No students", "w2020_23_student": 0, "w2020_23_share": 0.0, "w2020_23_mix": "No students", "w2024_26_student": 0, "w2024_26_share": null, "w2024_26_mix": null, "y2017": 0, "y2017_individual": 0, "y2017_student": 0, "y2017_company": 0, "y2018": 0, "y2018_individual": 0, "y2018_student": 0, "y2018_company": 0, "y2019": 1, "y2019_individual": 1, "y2019_student": 0, "y2019_company": 0, "y2020": 0, "y2020_individual": 0, "y2020_student": 0, "y2020_company": 0, "y2021": 0, "y2021_individual": 0, "y2021_student": 0, "y2021_company": 0, "y2022": 1, "y2022_individual": 1, "y2022_student": 0, "y2022_company": 0, "y2023": 0, "y2023_individual": 0, "y2023_student": 0, "y2023_company": 0, "y2024": 0, "y2024_individual": 0, "y2024_student": 0, "y2024_company": 0, "y2025": 0, "y2025_individual": 0, "y2025_student": 0, "y2025_company": 0, "y2026": 0, "y2026_individual": 0, "y2026_student": 0, "y2026_company": 0, "total": 2, "student_share": 0.0, "recent_share": 0.0, "first_year": 2019, "last_year": 2022, "n_2026": 0, "reassigned_n": 0, "dominant_type": "Individual", "mix": "No students", "place": "Hillsborough" }, "geometry": { "type": "Polygon", "coordinates": [ [ [ -122.45095, 37.61754 ], [ -122.44564, 37.62214 ], [ -122.42812, 37.60468 ], [ -122.42673, 37.60221 ], [ -122.40362, 37.58161 ], [ -122.39916, 37.58445 ], [ -122.39551, 37.58547 ], [ -122.39095, 37.589 ], [ -122.38995, 37.58824 ], [ -122.38831, 37.59119 ], [ -122.39011, 37.5925 ], [ -122.38715, 37.59564 ], [ -122.37884, 37.60099 ], [ -122.38291, 37.59946 ], [ -122.38406, 37.60045 ], [ -122.37705, 37.6051 ], [ -122.36982, 37.60273 ], [ -122.36022, 37.5925 ], [ -122.33464, 37.59179 ], [ -122.33441, 37.58804 ], [ -122.33305, 37.58823 ], [ -122.33473, 37.58664 ], [ -122.33083, 37.58298 ], [ -122.34289, 37.57451 ], [ -122.34201, 37.57421 ], [ -122.35191, 37.56995 ], [ -122.35008, 37.56631 ], [ -122.355, 37.56416 ], [ -122.35271, 37.56089 ], [ -122.33717, 37.56799 ], [ -122.33051, 37.56394 ], [ -122.32918, 37.5621 ], [ -122.33947, 37.55273 ], [ -122.34061, 37.54989 ], [ -122.34005, 37.54789 ], [ -122.33785, 37.54608 ], [ -122.33228, 37.55064 ], [ -122.32845, 37.54858 ], [ -122.33258, 37.54417 ], [ -122.3302, 37.54127 ], [ -122.33523, 37.53802 ], [ -122.3387, 37.5406 ], [ -122.34118, 37.53846 ], [ -122.33726, 37.53534 ], [ -122.34158, 37.53173 ], [ -122.34341, 37.53353 ], [ -122.34572, 37.5397 ], [ -122.34954, 37.54069 ], [ -122.34991, 37.53706 ], [ -122.3491, 37.53586 ], [ -122.35164, 37.53274 ], [ -122.35866, 37.53005 ], [ -122.36113, 37.53136 ], [ -122.36581, 37.53117 ], [ -122.36727, 37.53412 ], [ -122.37049, 37.53518 ], [ -122.37173, 37.53724 ], [ -122.3711, 37.5379 ], [ -122.37251, 37.53905 ], [ -122.37369, 37.53797 ], [ -122.37411, 37.54004 ], [ -122.37514, 37.53978 ], [ -122.37902, 37.54492 ], [ -122.38378, 37.54843 ], [ -122.38798, 37.55541 ], [ -122.39098, 37.5579 ], [ -122.39172, 37.55712 ], [ -122.40289, 37.56836 ], [ -122.40902, 37.57676 ], [ -122.411, 37.57842 ], [ -122.41263, 37.57838 ], [ -122.41303, 37.58009 ], [ -122.41727, 37.58023 ], [ -122.41862, 37.57789 ], [ -122.42068, 37.5794 ], [ -122.4202, 37.58023 ], [ -122.42277, 37.57977 ], [ -122.42312, 37.58107 ], [ -122.42545, 37.58233 ], [ -122.42683, 37.58111 ], [ -122.42785, 37.58146 ], [ -122.42856, 37.58015 ], [ -122.43202, 37.58506 ], [ -122.43947, 37.59039 ], [ -122.44222, 37.59392 ], [ -122.44406, 37.59407 ], [ -122.45095, 37.61754 ] ] ] } },
{ "type": "Feature", "properties": { "zcta": "94102", "individual": 2, "student": 0, "company": 0, "w2017_19": 0, "w2020_23": 2, "w2024_26": 0, "w2017_19_student": 0, "w2017_19_share": null, "w2017_19_mix": null, "w2020_23_student": 0, "w2020_23_share": 0.0, "w2020_23_mix": "No students", "w2024_26_student": 0, "w2024_26_share": null, "w2024_26_mix": null, "y2017": 0, "y2017_individual": 0, "y2017_student": 0, "y2017_company": 0, "y2018": 0, "y2018_individual": 0, "y2018_student": 0, "y2018_company": 0, "y2019": 0, "y2019_individual": 0, "y2019_student": 0, "y2019_company": 0, "y2020": 0, "y2020_individual": 0, "y2020_student": 0, "y2020_company": 0, "y2021": 1, "y2021_individual": 1, "y2021_student": 0, "y2021_company": 0, "y2022": 0, "y2022_individual": 0, "y2022_student": 0, "y2022_company": 0, "y2023": 1, "y2023_individual": 1, "y2023_student": 0, "y2023_company": 0, "y2024": 0, "y2024_individual": 0, "y2024_student": 0, "y2024_company": 0, "y2025": 0, "y2025_individual": 0, "y2025_student": 0, "y2025_company": 0, "y2026": 0, "y2026_individual": 0, "y2026_student": 0, "y2026_company": 0, "total": 2, "student_share": 0.0, "recent_share": 0.0, "first_year": 2021, "last_year": 2023, "n_2026": 0, "reassigned_n": 0, "dominant_type": "Individual", "mix": "No students", "place": "San Francisco" }, "geometry": { "type": "Polygon", "coordinates": [ [ [ -122.43002, 37.77836 ], [ -122.42683, 37.77926 ], [ -122.4272, 37.78112 ], [ -122.42392, 37.78154 ], [ -122.42411, 37.78248 ], [ -122.41424, 37.78372 ], [ -122.41488, 37.78686 ], [ -122.41244, 37.7873 ], [ -122.41189, 37.78881 ], [ -122.4086, 37.78923 ], [ -122.4084, 37.78829 ], [ -122.40677, 37.7885 ], [ -122.4064, 37.78662 ], [ -122.40474, 37.78678 ], [ -122.4264, 37.7696 ], [ -122.42822, 37.76944 ], [ -122.43002, 37.77836 ] ] ] } },
{ "type": "Feature", "properties": { "zcta": "94116", "individual": 1, "student": 0, "company": 0, "w2017_19": 0, "w2020_23": 0, "w2024_26": 1, "w2017_19_student": 0, "w2017_19_share": null, "w2017_19_mix": null, "w2020_23_student": 0, "w2020_23_share": null, "w2020_23_mix": null, "w2024_26_student": 0, "w2024_26_share": 0.0, "w2024_26_mix": "No students", "y2017": 0, "y2017_individual": 0, "y2017_student": 0, "y2017_company": 0, "y2018": 0, "y2018_individual": 0, "y2018_student": 0, "y2018_company": 0, "y2019": 0, "y2019_individual": 0, "y2019_student": 0, "y2019_company": 0, "y2020": 0, "y2020_individual": 0, "y2020_student": 0, "y2020_company": 0, "y2021": 0, "y2021_individual": 0, "y2021_student": 0, "y2021_company": 0, "y2022": 0, "y2022_individual": 0, "y2022_student": 0, "y2022_company": 0, "y2023": 0, "y2023_individual": 0, "y2023_student": 0, "y2023_company": 0, "y2024": 1, "y2024_individual": 1, "y2024_student": 0, "y2024_company": 0, "y2025": 0, "y2025_individual": 0, "y2025_student": 0, "y2025_company": 0, "y2026": 0, "y2026_individual": 0, "y2026_student": 0, "y2026_company": 0, "total": 1, "student_share": 0.0, "recent_share": 1.0, "first_year": 2024, "last_year": 2024, "n_2026": 0, "reassigned_n": 0, "dominant_type": "Individual", "mix": "No students", "place": "San Francisco" }, "geometry": { "type": "Polygon", "coordinates": [ [ [ -122.5068, 37.73556 ], [ -122.50819, 37.75097 ], [ -122.47068, 37.75238 ], [ -122.47002, 37.75469 ], [ -122.46792, 37.75274 ], [ -122.46336, 37.75304 ], [ -122.45864, 37.74777 ], [ -122.4604, 37.74531 ], [ -122.46369, 37.74375 ], [ -122.46807, 37.74338 ], [ -122.46856, 37.7415 ], [ -122.47163, 37.74136 ], [ -122.47142, 37.73763 ], [ -122.48324, 37.73746 ], [ -122.48609, 37.73653 ], [ -122.49036, 37.73793 ], [ -122.49129, 37.7373 ], [ -122.49027, 37.73561 ], [ -122.49129, 37.7341 ], [ -122.49656, 37.73386 ], [ -122.50203, 37.73551 ], [ -122.5068, 37.73556 ] ] ] } },
{ "type": "Feature", "properties": { "zcta": "94301", "individual": 1, "student": 0, "company": 0, "w2017_19": 0, "w2020_23": 1, "w2024_26": 0, "w2017_19_student": 0, "w2017_19_share": null, "w2017_19_mix": null, "w2020_23_student": 0, "w2020_23_share": 0.0, "w2020_23_mix": "No students", "w2024_26_student": 0, "w2024_26_share": null, "w2024_26_mix": null, "y2017": 0, "y2017_individual": 0, "y2017_student": 0, "y2017_company": 0, "y2018": 0, "y2018_individual": 0, "y2018_student": 0, "y2018_company": 0, "y2019": 0, "y2019_individual": 0, "y2019_student": 0, "y2019_company": 0, "y2020": 1, "y2020_individual": 1, "y2020_student": 0, "y2020_company": 0, "y2021": 0, "y2021_individual": 0, "y2021_student": 0, "y2021_company": 0, "y2022": 0, "y2022_individual": 0, "y2022_student": 0, "y2022_company": 0, "y2023": 0, "y2023_individual": 0, "y2023_student": 0, "y2023_company": 0, "y2024": 0, "y2024_individual": 0, "y2024_student": 0, "y2024_company": 0, "y2025": 0, "y2025_individual": 0, "y2025_student": 0, "y2025_company": 0, "y2026": 0, "y2026_individual": 0, "y2026_student": 0, "y2026_company": 0, "total": 1, "student_share": 0.0, "recent_share": 0.0, "first_year": 2020, "last_year": 2020, "n_2026": 0, "reassigned_n": 0, "dominant_type": "Individual", "mix": "No students", "place": "Palo Alto" }, "geometry": { "type": "Polygon", "coordinates": [ [ [ -122.17171, 37.44678 ], [ -122.16875, 37.44743 ], [ -122.1653, 37.45284 ], [ -122.16269, 37.45384 ], [ -122.15952, 37.45472 ], [ -122.15769, 37.45349 ], [ -122.15571, 37.45418 ], [ -122.15593, 37.45542 ], [ -122.15351, 37.45668 ], [ -122.14676, 37.45658 ], [ -122.14493, 37.4582 ], [ -122.14191, 37.45783 ], [ -122.13877, 37.4548 ], [ -122.13671, 37.45434 ], [ -122.13932, 37.45018 ], [ -122.14116, 37.4508 ], [ -122.13973, 37.44874 ], [ -122.13975, 37.44314 ], [ -122.14321, 37.44215 ], [ -122.13043, 37.4341 ], [ -122.13758, 37.42692 ], [ -122.15586, 37.43833 ], [ -122.16021, 37.4373 ], [ -122.17171, 37.44678 ] ] ] } },
{ "type": "Feature", "properties": { "zcta": "92109", "individual": 0, "student": 0, "company": 1, "w2017_19": 0, "w2020_23": 0, "w2024_26": 1, "w2017_19_student": 0, "w2017_19_share": null, "w2017_19_mix": null, "w2020_23_student": 0, "w2020_23_share": null, "w2020_23_mix": null, "w2024_26_student": 0, "w2024_26_share": 0.0, "w2024_26_mix": "No students", "y2017": 0, "y2017_individual": 0, "y2017_student": 0, "y2017_company": 0, "y2018": 0, "y2018_individual": 0, "y2018_student": 0, "y2018_company": 0, "y2019": 0, "y2019_individual": 0, "y2019_student": 0, "y2019_company": 0, "y2020": 0, "y2020_individual": 0, "y2020_student": 0, "y2020_company": 0, "y2021": 0, "y2021_individual": 0, "y2021_student": 0, "y2021_company": 0, "y2022": 0, "y2022_individual": 0, "y2022_student": 0, "y2022_company": 0, "y2023": 0, "y2023_individual": 0, "y2023_student": 0, "y2023_company": 0, "y2024": 0, "y2024_individual": 0, "y2024_student": 0, "y2024_company": 0, "y2025": 1, "y2025_individual": 0, "y2025_student": 0, "y2025_company": 1, "y2026": 0, "y2026_individual": 0, "y2026_student": 0, "y2026_company": 0, "total": 1, "student_share": 0.0, "recent_share": 1.0, "first_year": 2025, "last_year": 2025, "n_2026": 0, "reassigned_n": 0, "dominant_type": "Company", "mix": "No students", "place": "San Diego" }, "geometry": { "type": "Polygon", "coordinates": [ [ [ -117.26252, 32.80544 ], [ -117.26088, 32.80736 ], [ -117.26217, 32.80799 ], [ -117.26093, 32.80828 ], [ -117.26186, 32.81144 ], [ -117.22671, 32.81939 ], [ -117.23252, 32.82594 ], [ -117.23312, 32.83308 ], [ -117.23522, 32.83863 ], [ -117.23334, 32.83828 ], [ -117.23048, 32.83156 ], [ -117.23058, 32.82643 ], [ -117.2294, 32.82379 ], [ -117.21801, 32.81301 ], [ -117.20696, 32.79305 ], [ -117.20636, 32.7907 ], [ -117.20722, 32.79061 ], [ -117.20872, 32.77788 ], [ -117.20422, 32.75993 ], [ -117.25241, 32.75418 ], [ -117.25337, 32.78064 ], [ -117.25609, 32.79367 ], [ -117.26008, 32.80259 ], [ -117.26252, 32.80544 ] ] ] } },
{ "type": "Feature", "properties": { "zcta": "95819", "individual": 1, "student": 0, "company": 0, "w2017_19": 0, "w2020_23": 0, "w2024_26": 1, "w2017_19_student": 0, "w2017_19_share": null, "w2017_19_mix": null, "w2020_23_student": 0, "w2020_23_share": null, "w2020_23_mix": null, "w2024_26_student": 0, "w2024_26_share": 0.0, "w2024_26_mix": "No students", "y2017": 0, "y2017_individual": 0, "y2017_student": 0, "y2017_company": 0, "y2018": 0, "y2018_individual": 0, "y2018_student": 0, "y2018_company": 0, "y2019": 0, "y2019_individual": 0, "y2019_student": 0, "y2019_company": 0, "y2020": 0, "y2020_individual": 0, "y2020_student": 0, "y2020_company": 0, "y2021": 0, "y2021_individual": 0, "y2021_student": 0, "y2021_company": 0, "y2022": 0, "y2022_individual": 0, "y2022_student": 0, "y2022_company": 0, "y2023": 0, "y2023_individual": 0, "y2023_student": 0, "y2023_company": 0, "y2024": 0, "y2024_individual": 0, "y2024_student": 0, "y2024_company": 0, "y2025": 1, "y2025_individual": 1, "y2025_student": 0, "y2025_company": 0, "y2026": 0, "y2026_individual": 0, "y2026_student": 0, "y2026_company": 0, "total": 1, "student_share": 0.0, "recent_share": 1.0, "first_year": 2025, "last_year": 2025, "n_2026": 0, "reassigned_n": 0, "dominant_type": "Individual", "mix": "No students", "place": "Sacramento" }, "geometry": { "type": "Polygon", "coordinates": [ [ [ -121.45906, 38.55816 ], [ -121.45401, 38.57223 ], [ -121.45149, 38.57598 ], [ -121.45416, 38.5797 ], [ -121.45148, 38.5811 ], [ -121.45234, 38.5831 ], [ -121.44925, 38.58367 ], [ -121.45061, 38.58555 ], [ -121.4472, 38.58773 ], [ -121.44025, 38.58271 ], [ -121.43446, 38.58157 ], [ -121.42505, 38.58358 ], [ -121.42276, 38.58337 ], [ -121.42006, 38.58138 ], [ -121.42309, 38.56883 ], [ -121.42084, 38.56192 ], [ -121.41875, 38.56032 ], [ -121.41844, 38.55421 ], [ -121.42416, 38.55413 ], [ -121.4211, 38.55033 ], [ -121.43663, 38.55501 ], [ -121.4366, 38.55264 ], [ -121.44089, 38.55317 ], [ -121.45906, 38.55816 ] ] ] } },
{ "type": "Feature", "properties": { "zcta": "94110", "individual": 12, "student": 5, "company": 0, "w2017_19": 4, "w2020_23": 7, "w2024_26": 6, "w2017_19_student": 0, "w2017_19_share": 0.0, "w2017_19_mix": "No students", "w2020_23_student": 4, "w2020_23_share": 0.571, "w2020_23_mix": "Mixed", "w2024_26_student": 1, "w2024_26_share": 0.167, "w2024_26_mix": "Mostly professional", "y2017": 0, "y2017_individual": 0, "y2017_student": 0, "y2017_company": 0, "y2018": 3, "y2018_individual": 3, "y2018_student": 0, "y2018_company": 0, "y2019": 1, "y2019_individual": 1, "y2019_student": 0, "y2019_company": 0, "y2020": 3, "y2020_individual": 0, "y2020_student": 3, "y2020_company": 0, "y2021": 1, "y2021_individual": 0, "y2021_student": 1, "y2021_company": 0, "y2022": 1, "y2022_individual": 1, "y2022_student": 0, "y2022_company": 0, "y2023": 2, "y2023_individual": 2, "y2023_student": 0, "y2023_company": 0, "y2024": 1, "y2024_individual": 1, "y2024_student": 0, "y2024_company": 0, "y2025": 3, "y2025_individual": 3, "y2025_student": 0, "y2025_company": 0, "y2026": 2, "y2026_individual": 1, "y2026_student": 1, "y2026_company": 0, "total": 17, "student_share": 0.294, "recent_share": 0.353, "first_year": 2018, "last_year": 2026, "n_2026": 2, "reassigned_n": 0, "dominant_type": "Individual", "mix": "Mostly professional", "place": "San Francisco" }, "geometry": { "type": "Polygon", "coordinates": [ [ [ -122.42719, 37.73581 ], [ -122.42427, 37.73987 ], [ -122.42629, 37.76465 ], [ -122.42185, 37.76457 ], [ -122.42086, 37.76374 ], [ -122.42058, 37.765 ], [ -122.41049, 37.76561 ], [ -122.41036, 37.76431 ], [ -122.40509, 37.76463 ], [ -122.40648, 37.76073 ], [ -122.4034, 37.75647 ], [ -122.40306, 37.75192 ], [ -122.40459, 37.74413 ], [ -122.40764, 37.73961 ], [ -122.40701, 37.738 ], [ -122.41042, 37.73446 ], [ -122.41594, 37.73207 ], [ -122.4207, 37.73195 ], [ -122.42168, 37.73513 ], [ -122.42719, 37.73581 ] ] ] } },
{ "type": "Feature", "properties": { "zcta": "94619", "individual": 1, "student": 0, "company": 0, "w2017_19": 0, "w2020_23": 0, "w2024_26": 1, "w2017_19_student": 0, "w2017_19_share": null, "w2017_19_mix": null, "w2020_23_student": 0, "w2020_23_share": null, "w2020_23_mix": null, "w2024_26_student": 0, "w2024_26_share": 0.0, "w2024_26_mix": "No students", "y2017": 0, "y2017_individual": 0, "y2017_student": 0, "y2017_company": 0, "y2018": 0, "y2018_individual": 0, "y2018_student": 0, "y2018_company": 0, "y2019": 0, "y2019_individual": 0, "y2019_student": 0, "y2019_company": 0, "y2020": 0, "y2020_individual": 0, "y2020_student": 0, "y2020_company": 0, "y2021": 0, "y2021_individual": 0, "y2021_student": 0, "y2021_company": 0, "y2022": 0, "y2022_individual": 0, "y2022_student": 0, "y2022_company": 0, "y2023": 0, "y2023_individual": 0, "y2023_student": 0, "y2023_company": 0, "y2024": 0, "y2024_individual": 0, "y2024_student": 0, "y2024_company": 0, "y2025": 1, "y2025_individual": 1, "y2025_student": 0, "y2025_company": 0, "y2026": 0, "y2026_individual": 0, "y2026_student": 0, "y2026_company": 0, "total": 1, "student_share": 0.0, "recent_share": 1.0, "first_year": 2025, "last_year": 2025, "n_2026": 0, "reassigned_n": 0, "dominant_type": "Individual", "mix": "No students", "place": "Oakland" }, "geometry": { "type": "Polygon", "coordinates": [ [ [ -122.21038, 37.78798 ], [ -122.2032, 37.7922 ], [ -122.20427, 37.79328 ], [ -122.20263, 37.79269 ], [ -122.19571, 37.79695 ], [ -122.18998, 37.79891 ], [ -122.1901, 37.80141 ], [ -122.19504, 37.80823 ], [ -122.19015, 37.80281 ], [ -122.185, 37.7984 ], [ -122.19018, 37.80376 ], [ -122.18915, 37.80467 ], [ -122.18717, 37.80443 ], [ -122.18217, 37.80097 ], [ -122.181, 37.80138 ], [ -122.18115, 37.80439 ], [ -122.17852, 37.80535 ], [ -122.17416, 37.81027 ], [ -122.17547, 37.81459 ], [ -122.17787, 37.81632 ], [ -122.17278, 37.81583 ], [ -122.16687, 37.81342 ], [ -122.15739, 37.81795 ], [ -122.15295, 37.81503 ], [ -122.14881, 37.81376 ], [ -122.14032, 37.8047 ], [ -122.13526, 37.80448 ], [ -122.12979, 37.79657 ], [ -122.12358, 37.79418 ], [ -122.12301, 37.79001 ], [ -122.12029, 37.78803 ], [ -122.11468, 37.77877 ], [ -122.11485, 37.77671 ], [ -122.11633, 37.77651 ], [ -122.11922, 37.77884 ], [ -122.11979, 37.77845 ], [ -122.12766, 37.78642 ], [ -122.12785, 37.78808 ], [ -122.13282, 37.79398 ], [ -122.13663, 37.79684 ], [ -122.13929, 37.79722 ], [ -122.13614, 37.79642 ], [ -122.13395, 37.79421 ], [ -122.12712, 37.78269 ], [ -122.12444, 37.77983 ], [ -122.12464, 37.77753 ], [ -122.12691, 37.77753 ], [ -122.11698, 37.76066 ], [ -122.11672, 37.75687 ], [ -122.11855, 37.7538 ], [ -122.13272, 37.77534 ], [ -122.14155, 37.78118 ], [ -122.1423, 37.7851 ], [ -122.14452, 37.78498 ], [ -122.14618, 37.78592 ], [ -122.14845, 37.78356 ], [ -122.15669, 37.7847 ], [ -122.15855, 37.78273 ], [ -122.15977, 37.78375 ], [ -122.15793, 37.78205 ], [ -122.16556, 37.78091 ], [ -122.17193, 37.78629 ], [ -122.17499, 37.78613 ], [ -122.17738, 37.78459 ], [ -122.17802, 37.78505 ], [ -122.1784, 37.78382 ], [ -122.18859, 37.78445 ], [ -122.18697, 37.78003 ], [ -122.18802, 37.77761 ], [ -122.1952, 37.77357 ], [ -122.19658, 37.7748 ], [ -122.19602, 37.77706 ], [ -122.19792, 37.77665 ], [ -122.20469, 37.78199 ], [ -122.21038, 37.78798 ] ] ] } },
{ "type": "Feature", "properties": { "zcta": "93950", "individual": 1, "student": 0, "company": 0, "w2017_19": 0, "w2020_23": 0, "w2024_26": 1, "w2017_19_student": 0, "w2017_19_share": null, "w2017_19_mix": null, "w2020_23_student": 0, "w2020_23_share": null, "w2020_23_mix": null, "w2024_26_student": 0, "w2024_26_share": 0.0, "w2024_26_mix": "No students", "y2017": 0, "y2017_individual": 0, "y2017_student": 0, "y2017_company": 0, "y2018": 0, "y2018_individual": 0, "y2018_student": 0, "y2018_company": 0, "y2019": 0, "y2019_individual": 0, "y2019_student": 0, "y2019_company": 0, "y2020": 0, "y2020_individual": 0, "y2020_student": 0, "y2020_company": 0, "y2021": 0, "y2021_individual": 0, "y2021_student": 0, "y2021_company": 0, "y2022": 0, "y2022_individual": 0, "y2022_student": 0, "y2022_company": 0, "y2023": 0, "y2023_individual": 0, "y2023_student": 0, "y2023_company": 0, "y2024": 0, "y2024_individual": 0, "y2024_student": 0, "y2024_company": 0, "y2025": 0, "y2025_individual": 0, "y2025_student": 0, "y2025_company": 0, "y2026": 1, "y2026_individual": 1, "y2026_student": 0, "y2026_company": 0, "total": 1, "student_share": 0.0, "recent_share": 1.0, "first_year": 2026, "last_year": 2026, "n_2026": 1, "reassigned_n": 0, "dominant_type": "Individual", "mix": "No students", "place": "Pacific Grove" }, "geometry": { "type": "Polygon", "coordinates": [ [ [ -121.94107, 36.61806 ], [ -121.94132, 36.62269 ], [ -121.93837, 36.62682 ], [ -121.93762, 36.63011 ], [ -121.93855, 36.63391 ], [ -121.93643, 36.63675 ], [ -121.92967, 36.63696 ], [ -121.92456, 36.63465 ], [ -121.92234, 36.63195 ], [ -121.92173, 36.6284 ], [ -121.91593, 36.62646 ], [ -121.91626, 36.62488 ], [ -121.91416, 36.62305 ], [ -121.90953, 36.62097 ], [ -121.9044, 36.62058 ], [ -121.90221, 36.61845 ], [ -121.92099, 36.609 ], [ -121.91689, 36.60422 ], [ -121.92214, 36.60154 ], [ -121.92345, 36.60258 ], [ -121.93406, 36.59756 ], [ -121.93729, 36.60163 ], [ -121.93285, 36.60368 ], [ -121.93282, 36.60586 ], [ -121.92981, 36.60671 ], [ -121.93059, 36.60902 ], [ -121.928, 36.61231 ], [ -121.93152, 36.61375 ], [ -121.93172, 36.61526 ], [ -121.93707, 36.61611 ], [ -121.939, 36.61773 ], [ -121.94107, 36.61806 ] ] ] } },
{ "type": "Feature", "properties": { "zcta": "94002", "individual": 1, "student": 0, "company": 0, "w2017_19": 0, "w2020_23": 1, "w2024_26": 0, "w2017_19_student": 0, "w2017_19_share": null, "w2017_19_mix": null, "w2020_23_student": 0, "w2020_23_share": 0.0, "w2020_23_mix": "No students", "w2024_26_student": 0, "w2024_26_share": null, "w2024_26_mix": null, "y2017": 0, "y2017_individual": 0, "y2017_student": 0, "y2017_company": 0, "y2018": 0, "y2018_individual": 0, "y2018_student": 0, "y2018_company": 0, "y2019": 0, "y2019_individual": 0, "y2019_student": 0, "y2019_company": 0, "y2020": 0, "y2020_individual": 0, "y2020_student": 0, "y2020_company": 0, "y2021": 0, "y2021_individual": 0, "y2021_student": 0, "y2021_company": 0, "y2022": 0, "y2022_individual": 0, "y2022_student": 0, "y2022_company": 0, "y2023": 1, "y2023_individual": 1, "y2023_student": 0, "y2023_company": 0, "y2024": 0, "y2024_individual": 0, "y2024_student": 0, "y2024_company": 0, "y2025": 0, "y2025_individual": 0, "y2025_student": 0, "y2025_company": 0, "y2026": 0, "y2026_individual": 0, "y2026_student": 0, "y2026_company": 0, "total": 1, "student_share": 0.0, "recent_share": 0.0, "first_year": 2023, "last_year": 2023, "n_2026": 0, "reassigned_n": 0, "dominant_type": "Individual", "mix": "No students", "place": "Belmont" }, "geometry": { "type": "Polygon", "coordinates": [ [ [ -122.33857, 37.50714 ], [ -122.33588, 37.50805 ], [ -122.32685, 37.51506 ], [ -122.32485, 37.51732 ], [ -122.32551, 37.51909 ], [ -122.32371, 37.52102 ], [ -122.32179, 37.52122 ], [ -122.31972, 37.51948 ], [ -122.31496, 37.51921 ], [ -122.31174, 37.52444 ], [ -122.3073, 37.52116 ], [ -122.28554, 37.53067 ], [ -122.27828, 37.52883 ], [ -122.27785, 37.52987 ], [ -122.27645, 37.52951 ], [ -122.27497, 37.53047 ], [ -122.27732, 37.53294 ], [ -122.27666, 37.53422 ], [ -122.2657, 37.53408 ], [ -122.26793, 37.53066 ], [ -122.26999, 37.53065 ], [ -122.26799, 37.52772 ], [ -122.26515, 37.52848 ], [ -122.26614, 37.5271 ], [ -122.26365, 37.5263 ], [ -122.26413, 37.52456 ], [ -122.26322, 37.5232 ], [ -122.26068, 37.52244 ], [ -122.26303, 37.52038 ], [ -122.2621, 37.51959 ], [ -122.26498, 37.52127 ], [ -122.27021, 37.51686 ], [ -122.2674, 37.51418 ], [ -122.27303, 37.51019 ], [ -122.27829, 37.51312 ], [ -122.27797, 37.51146 ], [ -122.28445, 37.50973 ], [ -122.28656, 37.51058 ], [ -122.28858, 37.50742 ], [ -122.28653, 37.50661 ], [ -122.28956, 37.50201 ], [ -122.28749, 37.49949 ], [ -122.2886, 37.49978 ], [ -122.29609, 37.49705 ], [ -122.30054, 37.49992 ], [ -122.3026, 37.49839 ], [ -122.29858, 37.49551 ], [ -122.30304, 37.49401 ], [ -122.31163, 37.49649 ], [ -122.31931, 37.50021 ], [ -122.32952, 37.50182 ], [ -122.33857, 37.50714 ] ] ] } },
{ "type": "Feature", "properties": { "zcta": "94134", "individual": 2, "student": 1, "company": 0, "w2017_19": 0, "w2020_23": 1, "w2024_26": 2, "w2017_19_student": 0, "w2017_19_share": null, "w2017_19_mix": null, "w2020_23_student": 1, "w2020_23_share": 1.0, "w2020_23_mix": "Mostly students", "w2024_26_student": 0, "w2024_26_share": 0.0, "w2024_26_mix": "No students", "y2017": 0, "y2017_individual": 0, "y2017_student": 0, "y2017_company": 0, "y2018": 0, "y2018_individual": 0, "y2018_student": 0, "y2018_company": 0, "y2019": 0, "y2019_individual": 0, "y2019_student": 0, "y2019_company": 0, "y2020": 1, "y2020_individual": 0, "y2020_student": 1, "y2020_company": 0, "y2021": 0, "y2021_individual": 0, "y2021_student": 0, "y2021_company": 0, "y2022": 0, "y2022_individual": 0, "y2022_student": 0, "y2022_company": 0, "y2023": 0, "y2023_individual": 0, "y2023_student": 0, "y2023_company": 0, "y2024": 0, "y2024_individual": 0, "y2024_student": 0, "y2024_company": 0, "y2025": 2, "y2025_individual": 2, "y2025_student": 0, "y2025_company": 0, "y2026": 0, "y2026_individual": 0, "y2026_student": 0, "y2026_company": 0, "total": 3, "student_share": 0.333, "recent_share": 0.667, "first_year": 2020, "last_year": 2025, "n_2026": 0, "reassigned_n": 0, "dominant_type": "Individual", "mix": "Mostly professional", "place": "San Francisco" }, "geometry": { "type": "Polygon", "coordinates": [ [ [ -122.43368, 37.71318 ], [ -122.43115, 37.71659 ], [ -122.42722, 37.71555 ], [ -122.42614, 37.71843 ], [ -122.42466, 37.71713 ], [ -122.42251, 37.71792 ], [ -122.42548, 37.72023 ], [ -122.42381, 37.72369 ], [ -122.42243, 37.72405 ], [ -122.42384, 37.72875 ], [ -122.41993, 37.72936 ], [ -122.41924, 37.73206 ], [ -122.41594, 37.73207 ], [ -122.41042, 37.73446 ], [ -122.40701, 37.738 ], [ -122.40221, 37.7281 ], [ -122.39847, 37.71545 ], [ -122.39101, 37.7138 ], [ -122.38876, 37.71466 ], [ -122.38645, 37.71116 ], [ -122.39155, 37.70975 ], [ -122.39338, 37.70827 ], [ -122.42389, 37.70824 ], [ -122.42716, 37.70839 ], [ -122.42741, 37.71038 ], [ -122.4297, 37.71226 ], [ -122.43368, 37.71318 ] ] ] } },
{ "type": "Feature", "properties": { "zcta": "94940", "individual": 1, "student": 0, "company": 0, "w2017_19": 0, "w2020_23": 1, "w2024_26": 0, "w2017_19_student": 0, "w2017_19_share": null, "w2017_19_mix": null, "w2020_23_student": 0, "w2020_23_share": 0.0, "w2020_23_mix": "No students", "w2024_26_student": 0, "w2024_26_share": null, "w2024_26_mix": null, "y2017": 0, "y2017_individual": 0, "y2017_student": 0, "y2017_company": 0, "y2018": 0, "y2018_individual": 0, "y2018_student": 0, "y2018_company": 0, "y2019": 0, "y2019_individual": 0, "y2019_student": 0, "y2019_company": 0, "y2020": 0, "y2020_individual": 0, "y2020_student": 0, "y2020_company": 0, "y2021": 1, "y2021_individual": 1, "y2021_student": 0, "y2021_company": 0, "y2022": 0, "y2022_individual": 0, "y2022_student": 0, "y2022_company": 0, "y2023": 0, "y2023_individual": 0, "y2023_student": 0, "y2023_company": 0, "y2024": 0, "y2024_individual": 0, "y2024_student": 0, "y2024_company": 0, "y2025": 0, "y2025_individual": 0, "y2025_student": 0, "y2025_company": 0, "y2026": 0, "y2026_individual": 0, "y2026_student": 0, "y2026_company": 0, "total": 1, "student_share": 0.0, "recent_share": 0.0, "first_year": 2021, "last_year": 2021, "n_2026": 0, "reassigned_n": 0, "dominant_type": "Individual", "mix": "No students", "place": "Point Reyes Station" }, "geometry": { "type": "Polygon", "coordinates": [ [ [ -122.93791, 38.20137 ], [ -122.92222, 38.22198 ], [ -122.91747, 38.22417 ], [ -122.91746, 38.22746 ], [ -122.91519, 38.23025 ], [ -122.91517, 38.23303 ], [ -122.91282, 38.23275 ], [ -122.90805, 38.22937 ], [ -122.90779, 38.22812 ], [ -122.91038, 38.22474 ], [ -122.90256, 38.22068 ], [ -122.90111, 38.22186 ], [ -122.90216, 38.22421 ], [ -122.89707, 38.22172 ], [ -122.89581, 38.22288 ], [ -122.89559, 38.22789 ], [ -122.89297, 38.22773 ], [ -122.89232, 38.22593 ], [ -122.89303, 38.22498 ], [ -122.89055, 38.22225 ], [ -122.89063, 38.2188 ], [ -122.88906, 38.21786 ], [ -122.88981, 38.21564 ], [ -122.89222, 38.21405 ], [ -122.89064, 38.21289 ], [ -122.88034, 38.21302 ], [ -122.88027, 38.21081 ], [ -122.88242, 38.2095 ], [ -122.88214, 38.20849 ], [ -122.87735, 38.20724 ], [ -122.8761, 38.20768 ], [ -122.87591, 38.2125 ], [ -122.87729, 38.21302 ], [ -122.87736, 38.21458 ], [ -122.87546, 38.21627 ], [ -122.87066, 38.21497 ], [ -122.86925, 38.2164 ], [ -122.86082, 38.21358 ], [ -122.85988, 38.21221 ], [ -122.86039, 38.20824 ], [ -122.85917, 38.20636 ], [ -122.86008, 38.20517 ], [ -122.85867, 38.20195 ], [ -122.86047, 38.19924 ], [ -122.85683, 38.20002 ], [ -122.85646, 38.2022 ], [ -122.85487, 38.20226 ], [ -122.85345, 38.19778 ], [ -122.84967, 38.19615 ], [ -122.84839, 38.19678 ], [ -122.84628, 38.19538 ], [ -122.8459, 38.19381 ], [ -122.84292, 38.19235 ], [ -122.84164, 38.19284 ], [ -122.83911, 38.18988 ], [ -122.83917, 38.18794 ], [ -122.84156, 38.19115 ], [ -122.84707, 38.19168 ], [ -122.84848, 38.1933 ], [ -122.85017, 38.19344 ], [ -122.85249, 38.19027 ], [ -122.85289, 38.18625 ], [ -122.85692, 38.18256 ], [ -122.85897, 38.17854 ], [ -122.8651, 38.17488 ], [ -122.87013, 38.16618 ], [ -122.87416, 38.16477 ], [ -122.87413, 38.16407 ], [ -122.8668, 38.15912 ], [ -122.86424, 38.15593 ], [ -122.86235, 38.15581 ], [ -122.86134, 38.15356 ], [ -122.85457, 38.15019 ], [ -122.84541, 38.15174 ], [ -122.83975, 38.14868 ], [ -122.83562, 38.14831 ], [ -122.83219, 38.15017 ], [ -122.82889, 38.14958 ], [ -122.82655, 38.15025 ], [ -122.82246, 38.14934 ], [ -122.81676, 38.15257 ], [ -122.80441, 38.14492 ], [ -122.80503, 38.14037 ], [ -122.80172, 38.13738 ], [ -122.77805, 38.12056 ], [ -122.78032, 38.12146 ], [ -122.7845, 38.11862 ], [ -122.785, 38.11675 ], [ -122.78315, 38.11485 ], [ -122.78346, 38.11341 ], [ -122.79004, 38.11199 ], [ -122.791, 38.1125 ], [ -122.79089, 38.11569 ], [ -122.79434, 38.1129 ], [ -122.80161, 38.11404 ], [ -122.80682, 38.11128 ], [ -122.8091, 38.10154 ], [ -122.81482, 38.09391 ], [ -122.81816, 38.09304 ], [ -122.81715, 38.09241 ], [ -122.81878, 38.09073 ], [ -122.82563, 38.09035 ], [ -122.82738, 38.08274 ], [ -122.83997, 38.09596 ], [ -122.85205, 38.10377 ], [ -122.86586, 38.11515 ], [ -122.87611, 38.12196 ], [ -122.88115, 38.12692 ], [ -122.89351, 38.14858 ], [ -122.90721, 38.16764 ], [ -122.932, 38.19792 ], [ -122.93791, 38.20137 ] ] ] } },
{ "type": "Feature", "properties": { "zcta": "94132", "individual": 1, "student": 0, "company": 0, "w2017_19": 0, "w2020_23": 1, "w2024_26": 0, "w2017_19_student": 0, "w2017_19_share": null, "w2017_19_mix": null, "w2020_23_student": 0, "w2020_23_share": 0.0, "w2020_23_mix": "No students", "w2024_26_student": 0, "w2024_26_share": null, "w2024_26_mix": null, "y2017": 0, "y2017_individual": 0, "y2017_student": 0, "y2017_company": 0, "y2018": 0, "y2018_individual": 0, "y2018_student": 0, "y2018_company": 0, "y2019": 0, "y2019_individual": 0, "y2019_student": 0, "y2019_company": 0, "y2020": 1, "y2020_individual": 1, "y2020_student": 0, "y2020_company": 0, "y2021": 0, "y2021_individual": 0, "y2021_student": 0, "y2021_company": 0, "y2022": 0, "y2022_individual": 0, "y2022_student": 0, "y2022_company": 0, "y2023": 0, "y2023_individual": 0, "y2023_student": 0, "y2023_company": 0, "y2024": 0, "y2024_individual": 0, "y2024_student": 0, "y2024_company": 0, "y2025": 0, "y2025_individual": 0, "y2025_student": 0, "y2025_company": 0, "y2026": 0, "y2026_individual": 0, "y2026_student": 0, "y2026_company": 0, "total": 1, "student_share": 0.0, "recent_share": 0.0, "first_year": 2020, "last_year": 2020, "n_2026": 0, "reassigned_n": 0, "dominant_type": "Individual", "mix": "No students", "place": "San Francisco" }, "geometry": { "type": "Polygon", "coordinates": [ [ [ -122.50812, 37.73544 ], [ -122.50203, 37.73551 ], [ -122.49749, 37.73392 ], [ -122.49129, 37.7341 ], [ -122.49027, 37.73561 ], [ -122.49129, 37.7373 ], [ -122.49036, 37.73793 ], [ -122.48609, 37.73653 ], [ -122.48324, 37.73746 ], [ -122.47142, 37.73763 ], [ -122.47311, 37.72188 ], [ -122.46498, 37.72168 ], [ -122.46227, 37.72302 ], [ -122.46256, 37.71125 ], [ -122.46086, 37.71059 ], [ -122.46599, 37.71015 ], [ -122.46894, 37.70823 ], [ -122.4983, 37.70813 ], [ -122.49844, 37.71489 ], [ -122.50313, 37.72522 ], [ -122.50706, 37.72784 ], [ -122.50812, 37.73544 ] ] ] } },
{ "type": "Feature", "properties": { "zcta": "95014", "individual": 2, "student": 2, "company": 0, "w2017_19": 0, "w2020_23": 1, "w2024_26": 3, "w2017_19_student": 0, "w2017_19_share": null, "w2017_19_mix": null, "w2020_23_student": 0, "w2020_23_share": 0.0, "w2020_23_mix": "No students", "w2024_26_student": 2, "w2024_26_share": 0.667, "w2024_26_mix": "Mostly students", "y2017": 0, "y2017_individual": 0, "y2017_student": 0, "y2017_company": 0, "y2018": 0, "y2018_individual": 0, "y2018_student": 0, "y2018_company": 0, "y2019": 0, "y2019_individual": 0, "y2019_student": 0, "y2019_company": 0, "y2020": 0, "y2020_individual": 0, "y2020_student": 0, "y2020_company": 0, "y2021": 1, "y2021_individual": 1, "y2021_student": 0, "y2021_company": 0, "y2022": 0, "y2022_individual": 0, "y2022_student": 0, "y2022_company": 0, "y2023": 0, "y2023_individual": 0, "y2023_student": 0, "y2023_company": 0, "y2024": 0, "y2024_individual": 0, "y2024_student": 0, "y2024_company": 0, "y2025": 1, "y2025_individual": 1, "y2025_student": 0, "y2025_company": 0, "y2026": 2, "y2026_individual": 0, "y2026_student": 2, "y2026_company": 0, "total": 4, "student_share": 0.5, "recent_share": 0.75, "first_year": 2021, "last_year": 2026, "n_2026": 2, "reassigned_n": 0, "dominant_type": "Individual", "mix": "Mixed", "place": "Cupertino" }, "geometry": { "type": "Polygon", "coordinates": [ [ [ -122.14354, 37.29211 ], [ -122.1426, 37.29398 ], [ -122.13517, 37.29366 ], [ -122.13498, 37.30164 ], [ -122.13274, 37.30953 ], [ -122.13168, 37.34012 ], [ -122.12224, 37.33851 ], [ -122.11851, 37.33665 ], [ -122.10715, 37.33665 ], [ -122.09826, 37.33142 ], [ -122.09339, 37.33361 ], [ -122.0926, 37.33577 ], [ -122.09098, 37.33612 ], [ -122.08966, 37.34063 ], [ -122.08317, 37.33689 ], [ -122.08337, 37.33386 ], [ -122.08083, 37.33195 ], [ -122.0797, 37.33409 ], [ -122.07164, 37.33132 ], [ -122.06971, 37.32972 ], [ -122.06888, 37.3314 ], [ -122.06226, 37.32985 ], [ -122.06229, 37.32871 ], [ -122.06029, 37.32854 ], [ -122.05965, 37.32935 ], [ -122.06082, 37.3311 ], [ -122.06383, 37.33349 ], [ -122.06833, 37.33419 ], [ -122.06803, 37.33545 ], [ -122.06382, 37.33415 ], [ -122.06756, 37.33747 ], [ -122.05948, 37.33753 ], [ -122.05573, 37.33257 ], [ -122.05103, 37.3335 ], [ -122.05053, 37.33754 ], [ -122.04487, 37.33754 ], [ -122.04483, 37.33438 ], [ -122.04369, 37.3342 ], [ -122.04371, 37.33755 ], [ -122.03673, 37.33757 ], [ -122.03676, 37.33943 ], [ -122.03239, 37.33945 ], [ -122.03239, 37.33761 ], [ -122.01962, 37.3377 ], [ -122.01999, 37.33335 ], [ -122.01864, 37.33293 ], [ -122.01645, 37.33314 ], [ -122.01643, 37.33773 ], [ -122.00239, 37.3378 ], [ -122.00242, 37.33408 ], [ -122.00457, 37.33407 ], [ -122.00467, 37.33229 ], [ -122.0058, 37.33228 ], [ -122.00649, 37.32295 ], [ -121.99986, 37.32294 ], [ -121.99584, 37.3205 ], [ -121.99606, 37.30959 ], [ -122.00771, 37.31068 ], [ -122.02111, 37.30954 ], [ -122.03157, 37.3123 ], [ -122.03432, 37.31232 ], [ -122.03432, 37.31007 ], [ -122.03294, 37.30824 ], [ -122.03336, 37.30493 ], [ -122.03514, 37.30379 ], [ -122.03239, 37.30206 ], [ -122.03226, 37.29397 ], [ -122.04743, 37.29375 ], [ -122.04949, 37.29297 ], [ -122.05062, 37.29741 ], [ -122.05633, 37.29737 ], [ -122.05956, 37.29618 ], [ -122.05957, 37.2901 ], [ -122.06408, 37.29009 ], [ -122.06404, 37.28635 ], [ -122.06597, 37.28634 ], [ -122.06647, 37.28934 ], [ -122.0781, 37.28613 ], [ -122.07267, 37.28034 ], [ -122.07537, 37.27634 ], [ -122.08087, 37.27264 ], [ -122.08777, 37.27144 ], [ -122.09155, 37.26824 ], [ -122.09511, 37.26868 ], [ -122.09528, 37.26583 ], [ -122.09655, 37.26546 ], [ -122.09963, 37.26663 ], [ -122.09965, 37.26816 ], [ -122.1039, 37.26847 ], [ -122.10405, 37.26591 ], [ -122.10746, 37.26593 ], [ -122.10751, 37.26459 ], [ -122.11281, 37.26451 ], [ -122.11293, 37.2719 ], [ -122.13434, 37.27168 ], [ -122.13582, 37.2724 ], [ -122.13483, 37.27434 ], [ -122.13534, 37.27632 ], [ -122.13236, 37.28256 ], [ -122.13304, 37.28352 ], [ -122.13996, 37.28581 ], [ -122.14268, 37.28824 ], [ -122.14354, 37.29211 ] ] ] } },
{ "type": "Feature", "properties": { "zcta": "94588", "individual": 0, "student": 1, "company": 0, "w2017_19": 0, "w2020_23": 1, "w2024_26": 0, "w2017_19_student": 0, "w2017_19_share": null, "w2017_19_mix": null, "w2020_23_student": 1, "w2020_23_share": 1.0, "w2020_23_mix": "Mostly students", "w2024_26_student": 0, "w2024_26_share": null, "w2024_26_mix": null, "y2017": 0, "y2017_individual": 0, "y2017_student": 0, "y2017_company": 0, "y2018": 0, "y2018_individual": 0, "y2018_student": 0, "y2018_company": 0, "y2019": 0, "y2019_individual": 0, "y2019_student": 0, "y2019_company": 0, "y2020": 0, "y2020_individual": 0, "y2020_student": 0, "y2020_company": 0, "y2021": 1, "y2021_individual": 0, "y2021_student": 1, "y2021_company": 0, "y2022": 0, "y2022_individual": 0, "y2022_student": 0, "y2022_company": 0, "y2023": 0, "y2023_individual": 0, "y2023_student": 0, "y2023_company": 0, "y2024": 0, "y2024_individual": 0, "y2024_student": 0, "y2024_company": 0, "y2025": 0, "y2025_individual": 0, "y2025_student": 0, "y2025_company": 0, "y2026": 0, "y2026_individual": 0, "y2026_student": 0, "y2026_company": 0, "total": 1, "student_share": 1.0, "recent_share": 0.0, "first_year": 2021, "last_year": 2021, "n_2026": 0, "reassigned_n": 0, "dominant_type": "Student", "mix": "Mostly students", "place": "Pleasanton" }, "geometry": { "type": "MultiPolygon", "coordinates": [ [ [ [ -121.89353, 37.84568 ], [ -121.84684, 37.84585 ], [ -121.84327, 37.84037 ], [ -121.83914, 37.83963 ], [ -121.83557, 37.83764 ], [ -121.83251, 37.83792 ], [ -121.83245, 37.83591 ], [ -121.83015, 37.83573 ], [ -121.82733, 37.83331 ], [ -121.82761, 37.83199 ], [ -121.82469, 37.83104 ], [ -121.82322, 37.8282 ], [ -121.82306, 37.81755 ], [ -121.82435, 37.81751 ], [ -121.82435, 37.81016 ], [ -121.82302, 37.81016 ], [ -121.82304, 37.78283 ], [ -121.82214, 37.78282 ], [ -121.82327, 37.77783 ], [ -121.82218, 37.77668 ], [ -121.82306, 37.76689 ], [ -121.82587, 37.76693 ], [ -121.82454, 37.76544 ], [ -121.83193, 37.76704 ], [ -121.83242, 37.75606 ], [ -121.8367, 37.75027 ], [ -121.83513, 37.74639 ], [ -121.8381, 37.73884 ], [ -121.83732, 37.73367 ], [ -121.84271, 37.73332 ], [ -121.84506, 37.73226 ], [ -121.85061, 37.73406 ], [ -121.85073, 37.74494 ], [ -121.87073, 37.74009 ], [ -121.87157, 37.74946 ], [ -121.87492, 37.74959 ], [ -121.8758, 37.75154 ], [ -121.87298, 37.75432 ], [ -121.86808, 37.75664 ], [ -121.86633, 37.76541 ], [ -121.8617, 37.77584 ], [ -121.86505, 37.79496 ], [ -121.86186, 37.79934 ], [ -121.86015, 37.80414 ], [ -121.86042, 37.80605 ], [ -121.85876, 37.80832 ], [ -121.86062, 37.80633 ], [ -121.86056, 37.80355 ], [ -121.86666, 37.80721 ], [ -121.87647, 37.80981 ], [ -121.87186, 37.81719 ], [ -121.87168, 37.81976 ], [ -121.86875, 37.82205 ], [ -121.86608, 37.82609 ], [ -121.86297, 37.83362 ], [ -121.89597, 37.83823 ], [ -121.89353, 37.84568 ] ] ], [ [ [ -121.98349, 37.68901 ], [ -121.97684, 37.68967 ], [ -121.97469, 37.69535 ], [ -121.976, 37.69612 ], [ -121.97332, 37.69703 ], [ -121.97967, 37.69803 ], [ -121.97937, 37.69883 ], [ -121.96797, 37.69737 ], [ -121.95622, 37.69861 ], [ -121.93567, 37.69847 ], [ -121.91644, 37.70202 ], [ -121.8495, 37.70135 ], [ -121.84836, 37.69973 ], [ -121.84817, 37.69269 ], [ -121.84672, 37.6917 ], [ -121.84287, 37.69128 ], [ -121.82683, 37.67632 ], [ -121.82677, 37.67435 ], [ -121.83758, 37.67317 ], [ -121.83754, 37.67886 ], [ -121.8468, 37.67577 ], [ -121.85043, 37.67586 ], [ -121.85, 37.67955 ], [ -121.84877, 37.68076 ], [ -121.84913, 37.69369 ], [ -121.85424, 37.69376 ], [ -121.85424, 37.69124 ], [ -121.86258, 37.69131 ], [ -121.86265, 37.682 ], [ -121.85998, 37.68202 ], [ -121.86, 37.6783 ], [ -121.8613, 37.67897 ], [ -121.86389, 37.67659 ], [ -121.86672, 37.67866 ], [ -121.86641, 37.67979 ], [ -121.86892, 37.68192 ], [ -121.87121, 37.68192 ], [ -121.87731, 37.68615 ], [ -121.87815, 37.68889 ], [ -121.88684, 37.68625 ], [ -121.88418, 37.68351 ], [ -121.89628, 37.6777 ], [ -121.89583, 37.67672 ], [ -121.89342, 37.67676 ], [ -121.8953, 37.67493 ], [ -121.89838, 37.67685 ], [ -121.91101, 37.67153 ], [ -121.90647, 37.6616 ], [ -121.90511, 37.65537 ], [ -121.90416, 37.65579 ], [ -121.90123, 37.65457 ], [ -121.90205, 37.65356 ], [ -121.89774, 37.64759 ], [ -121.89685, 37.64453 ], [ -121.89781, 37.64391 ], [ -121.89328, 37.63973 ], [ -121.89714, 37.6418 ], [ -121.89714, 37.63744 ], [ -121.90568, 37.63243 ], [ -121.91231, 37.63267 ], [ -121.91161, 37.63248 ], [ -121.91279, 37.63249 ], [ -121.91296, 37.63166 ], [ -121.91483, 37.63509 ], [ -121.92327, 37.64333 ], [ -121.93061, 37.65589 ], [ -121.93179, 37.66056 ], [ -121.93748, 37.66359 ], [ -121.94168, 37.66338 ], [ -121.94764, 37.66495 ], [ -121.95277, 37.66901 ], [ -121.95279, 37.67186 ], [ -121.96134, 37.67502 ], [ -121.96407, 37.67148 ], [ -121.9676, 37.67143 ], [ -121.97333, 37.67414 ], [ -121.97483, 37.67404 ], [ -121.97681, 37.67548 ], [ -121.97982, 37.68023 ], [ -121.98349, 37.68901 ] ] ] ] } },
{ "type": "Feature", "properties": { "zcta": "94556", "individual": 2, "student": 0, "company": 0, "w2017_19": 1, "w2020_23": 1, "w2024_26": 0, "w2017_19_student": 0, "w2017_19_share": 0.0, "w2017_19_mix": "No students", "w2020_23_student": 0, "w2020_23_share": 0.0, "w2020_23_mix": "No students", "w2024_26_student": 0, "w2024_26_share": null, "w2024_26_mix": null, "y2017": 0, "y2017_individual": 0, "y2017_student": 0, "y2017_company": 0, "y2018": 1, "y2018_individual": 1, "y2018_student": 0, "y2018_company": 0, "y2019": 0, "y2019_individual": 0, "y2019_student": 0, "y2019_company": 0, "y2020": 0, "y2020_individual": 0, "y2020_student": 0, "y2020_company": 0, "y2021": 0, "y2021_individual": 0, "y2021_student": 0, "y2021_company": 0, "y2022": 1, "y2022_individual": 1, "y2022_student": 0, "y2022_company": 0, "y2023": 0, "y2023_individual": 0, "y2023_student": 0, "y2023_company": 0, "y2024": 0, "y2024_individual": 0, "y2024_student": 0, "y2024_company": 0, "y2025": 0, "y2025_individual": 0, "y2025_student": 0, "y2025_company": 0, "y2026": 0, "y2026_individual": 0, "y2026_student": 0, "y2026_company": 0, "total": 2, "student_share": 0.0, "recent_share": 0.0, "first_year": 2018, "last_year": 2022, "n_2026": 0, "reassigned_n": 0, "dominant_type": "Individual", "mix": "No students", "place": "Moraga" }, "geometry": { "type": "Polygon", "coordinates": [ [ [ -122.15674, 37.84364 ], [ -122.14869, 37.83919 ], [ -122.14604, 37.83887 ], [ -122.14345, 37.84195 ], [ -122.14235, 37.84136 ], [ -122.14052, 37.84425 ], [ -122.14239, 37.84734 ], [ -122.13944, 37.84904 ], [ -122.14032, 37.85195 ], [ -122.1426, 37.85265 ], [ -122.14294, 37.86328 ], [ -122.14436, 37.8627 ], [ -122.14429, 37.86564 ], [ -122.14323, 37.86591 ], [ -122.1429, 37.86728 ], [ -122.14425, 37.86852 ], [ -122.14183, 37.8685 ], [ -122.14179, 37.87213 ], [ -122.1361, 37.87209 ], [ -122.13607, 37.87572 ], [ -122.13379, 37.8757 ], [ -122.13379, 37.87479 ], [ -122.12841, 37.875 ], [ -122.12844, 37.87357 ], [ -122.12677, 37.87269 ], [ -122.11621, 37.87364 ], [ -122.11587, 37.87462 ], [ -122.11252, 37.87432 ], [ -122.11231, 37.8733 ], [ -122.10569, 37.87193 ], [ -122.10677, 37.86776 ], [ -122.1082, 37.86777 ], [ -122.10974, 37.86647 ], [ -122.10973, 37.86461 ], [ -122.10666, 37.86289 ], [ -122.10615, 37.85798 ], [ -122.10298, 37.85799 ], [ -122.10774, 37.85071 ], [ -122.08783, 37.85095 ], [ -122.08823, 37.84927 ], [ -122.07962, 37.84944 ], [ -122.07984, 37.8513 ], [ -122.07798, 37.8525 ], [ -122.07993, 37.8542 ], [ -122.07998, 37.85676 ], [ -122.07799, 37.85675 ], [ -122.07828, 37.85578 ], [ -122.0753, 37.85358 ], [ -122.07124, 37.85204 ], [ -122.06166, 37.84587 ], [ -122.06142, 37.83561 ], [ -122.07067, 37.83556 ], [ -122.07078, 37.82877 ], [ -122.06702, 37.82852 ], [ -122.06147, 37.82346 ], [ -122.05464, 37.82106 ], [ -122.0443, 37.81212 ], [ -122.04778, 37.81207 ], [ -122.05049, 37.80968 ], [ -122.04642, 37.80395 ], [ -122.04281, 37.80198 ], [ -122.04412, 37.80062 ], [ -122.04327, 37.79663 ], [ -122.04547, 37.79813 ], [ -122.13865, 37.80463 ], [ -122.14649, 37.81842 ], [ -122.14359, 37.82222 ], [ -122.14938, 37.82821 ], [ -122.15577, 37.83181 ], [ -122.15601, 37.83747 ], [ -122.15853, 37.8419 ], [ -122.15674, 37.84364 ] ], [ [ -122.1149, 37.84227 ], [ -122.11419, 37.83986 ], [ -122.10923, 37.83824 ], [ -122.1054, 37.84344 ], [ -122.10875, 37.84734 ], [ -122.1106, 37.84494 ], [ -122.11582, 37.84251 ], [ -122.1149, 37.84227 ] ] ] } },
{ "type": "Feature", "properties": { "zcta": "94015", "individual": 1, "student": 1, "company": 0, "w2017_19": 0, "w2020_23": 1, "w2024_26": 1, "w2017_19_student": 0, "w2017_19_share": null, "w2017_19_mix": null, "w2020_23_student": 0, "w2020_23_share": 0.0, "w2020_23_mix": "No students", "w2024_26_student": 1, "w2024_26_share": 1.0, "w2024_26_mix": "Mostly students", "y2017": 0, "y2017_individual": 0, "y2017_student": 0, "y2017_company": 0, "y2018": 0, "y2018_individual": 0, "y2018_student": 0, "y2018_company": 0, "y2019": 0, "y2019_individual": 0, "y2019_student": 0, "y2019_company": 0, "y2020": 0, "y2020_individual": 0, "y2020_student": 0, "y2020_company": 0, "y2021": 1, "y2021_individual": 1, "y2021_student": 0, "y2021_company": 0, "y2022": 0, "y2022_individual": 0, "y2022_student": 0, "y2022_company": 0, "y2023": 0, "y2023_individual": 0, "y2023_student": 0, "y2023_company": 0, "y2024": 0, "y2024_individual": 0, "y2024_student": 0, "y2024_company": 0, "y2025": 0, "y2025_individual": 0, "y2025_student": 0, "y2025_company": 0, "y2026": 1, "y2026_individual": 0, "y2026_student": 1, "y2026_company": 0, "total": 2, "student_share": 0.5, "recent_share": 0.5, "first_year": 2021, "last_year": 2026, "n_2026": 1, "reassigned_n": 0, "dominant_type": "Individual", "mix": "Mixed", "place": "Daly City" }, "geometry": { "type": "Polygon", "coordinates": [ [ [ -122.50243, 37.70813 ], [ -122.46894, 37.70823 ], [ -122.47172, 37.70502 ], [ -122.4706, 37.69331 ], [ -122.47157, 37.67804 ], [ -122.46616, 37.66965 ], [ -122.46423, 37.67072 ], [ -122.46007, 37.66683 ], [ -122.46181, 37.6657 ], [ -122.46053, 37.66406 ], [ -122.46341, 37.66235 ], [ -122.46383, 37.66107 ], [ -122.45762, 37.65673 ], [ -122.45612, 37.65399 ], [ -122.45379, 37.65592 ], [ -122.45039, 37.64851 ], [ -122.45565, 37.65055 ], [ -122.459, 37.64983 ], [ -122.46905, 37.65039 ], [ -122.47186, 37.64914 ], [ -122.47134, 37.65304 ], [ -122.47679, 37.66198 ], [ -122.4816, 37.66613 ], [ -122.48487, 37.66637 ], [ -122.48502, 37.66429 ], [ -122.48573, 37.66431 ], [ -122.48473, 37.66249 ], [ -122.48574, 37.6615 ], [ -122.49021, 37.6611 ], [ -122.49374, 37.66441 ], [ -122.49538, 37.66435 ], [ -122.49678, 37.68643 ], [ -122.50243, 37.70813 ] ] ] } },
{ "type": "Feature", "properties": { "zcta": "94618", "individual": 2, "student": 0, "company": 1, "w2017_19": 1, "w2020_23": 1, "w2024_26": 1, "w2017_19_student": 0, "w2017_19_share": 0.0, "w2017_19_mix": "No students", "w2020_23_student": 0, "w2020_23_share": 0.0, "w2020_23_mix": "No students", "w2024_26_student": 0, "w2024_26_share": 0.0, "w2024_26_mix": "No students", "y2017": 0, "y2017_individual": 0, "y2017_student": 0, "y2017_company": 0, "y2018": 0, "y2018_individual": 0, "y2018_student": 0, "y2018_company": 0, "y2019": 1, "y2019_individual": 0, "y2019_student": 0, "y2019_company": 1, "y2020": 0, "y2020_individual": 0, "y2020_student": 0, "y2020_company": 0, "y2021": 0, "y2021_individual": 0, "y2021_student": 0, "y2021_company": 0, "y2022": 0, "y2022_individual": 0, "y2022_student": 0, "y2022_company": 0, "y2023": 1, "y2023_individual": 1, "y2023_student": 0, "y2023_company": 0, "y2024": 0, "y2024_individual": 0, "y2024_student": 0, "y2024_company": 0, "y2025": 1, "y2025_individual": 1, "y2025_student": 0, "y2025_company": 0, "y2026": 0, "y2026_individual": 0, "y2026_student": 0, "y2026_company": 0, "total": 3, "student_share": 0.0, "recent_share": 0.333, "first_year": 2019, "last_year": 2025, "n_2026": 0, "reassigned_n": 0, "dominant_type": "Individual", "mix": "No students", "place": "Oakland" }, "geometry": { "type": "Polygon", "coordinates": [ [ [ -122.26231, 37.83786 ], [ -122.25792, 37.84261 ], [ -122.25858, 37.8424 ], [ -122.25632, 37.84611 ], [ -122.25725, 37.85318 ], [ -122.25335, 37.85383 ], [ -122.2525, 37.85083 ], [ -122.24738, 37.85165 ], [ -122.24636, 37.85031 ], [ -122.24574, 37.85224 ], [ -122.23419, 37.85254 ], [ -122.23431, 37.85361 ], [ -122.22705, 37.8572 ], [ -122.2246, 37.85537 ], [ -122.22395, 37.8536 ], [ -122.22354, 37.85492 ], [ -122.22161, 37.85529 ], [ -122.22262, 37.85771 ], [ -122.22108, 37.86011 ], [ -122.21939, 37.85955 ], [ -122.21935, 37.85773 ], [ -122.21789, 37.85663 ], [ -122.21556, 37.85618 ], [ -122.21889, 37.85476 ], [ -122.21743, 37.85437 ], [ -122.22115, 37.85292 ], [ -122.22433, 37.84861 ], [ -122.228, 37.84824 ], [ -122.22756, 37.84547 ], [ -122.2171, 37.83276 ], [ -122.22188, 37.8325 ], [ -122.22629, 37.82971 ], [ -122.23139, 37.83146 ], [ -122.23079, 37.83272 ], [ -122.22701, 37.83266 ], [ -122.22561, 37.83485 ], [ -122.23208, 37.83659 ], [ -122.23632, 37.84004 ], [ -122.24899, 37.83309 ], [ -122.24795, 37.83501 ], [ -122.25162, 37.83562 ], [ -122.2523, 37.83448 ], [ -122.25401, 37.83421 ], [ -122.25509, 37.83506 ], [ -122.25428, 37.83546 ], [ -122.26001, 37.83701 ], [ -122.26054, 37.83794 ], [ -122.26087, 37.83712 ], [ -122.26231, 37.83786 ] ] ] } },
{ "type": "Feature", "properties": { "zcta": "94118", "individual": 5, "student": 1, "company": 0, "w2017_19": 1, "w2020_23": 0, "w2024_26": 5, "w2017_19_student": 0, "w2017_19_share": 0.0, "w2017_19_mix": "No students", "w2020_23_student": 0, "w2020_23_share": null, "w2020_23_mix": null, "w2024_26_student": 1, "w2024_26_share": 0.2, "w2024_26_mix": "Mostly professional", "y2017": 0, "y2017_individual": 0, "y2017_student": 0, "y2017_company": 0, "y2018": 0, "y2018_individual": 0, "y2018_student": 0, "y2018_company": 0, "y2019": 1, "y2019_individual": 1, "y2019_student": 0, "y2019_company": 0, "y2020": 0, "y2020_individual": 0, "y2020_student": 0, "y2020_company": 0, "y2021": 0, "y2021_individual": 0, "y2021_student": 0, "y2021_company": 0, "y2022": 0, "y2022_individual": 0, "y2022_student": 0, "y2022_company": 0, "y2023": 0, "y2023_individual": 0, "y2023_student": 0, "y2023_company": 0, "y2024": 2, "y2024_individual": 2, "y2024_student": 0, "y2024_company": 0, "y2025": 2, "y2025_individual": 2, "y2025_student": 0, "y2025_company": 0, "y2026": 1, "y2026_individual": 0, "y2026_student": 1, "y2026_company": 0, "total": 6, "student_share": 0.167, "recent_share": 0.833, "first_year": 2019, "last_year": 2026, "n_2026": 1, "reassigned_n": 0, "dominant_type": "Individual", "mix": "Mostly professional", "place": "San Francisco" }, "geometry": { "type": "Polygon", "coordinates": [ [ [ -122.48419, 37.77257 ], [ -122.47561, 37.77296 ], [ -122.47662, 37.7868 ], [ -122.47091, 37.78722 ], [ -122.44943, 37.79164 ], [ -122.44794, 37.7929 ], [ -122.44679, 37.78726 ], [ -122.44762, 37.78508 ], [ -122.44642, 37.78537 ], [ -122.44583, 37.78251 ], [ -122.44444, 37.78268 ], [ -122.4462, 37.78003 ], [ -122.44478, 37.77602 ], [ -122.44938, 37.77634 ], [ -122.4492, 37.77545 ], [ -122.45837, 37.77431 ], [ -122.45567, 37.77284 ], [ -122.45684, 37.77099 ], [ -122.45916, 37.77131 ], [ -122.467, 37.76801 ], [ -122.46976, 37.76921 ], [ -122.47225, 37.76861 ], [ -122.47264, 37.76754 ], [ -122.47272, 37.76846 ], [ -122.47161, 37.76986 ], [ -122.47619, 37.77025 ], [ -122.47614, 37.77099 ], [ -122.47365, 37.77116 ], [ -122.47555, 37.77171 ], [ -122.4799, 37.7705 ], [ -122.48419, 37.77257 ] ] ] } },
{ "type": "Feature", "properties": { "zcta": "95616", "individual": 1, "student": 0, "company": 0, "w2017_19": 1, "w2020_23": 0, "w2024_26": 0, "w2017_19_student": 0, "w2017_19_share": 0.0, "w2017_19_mix": "No students", "w2020_23_student": 0, "w2020_23_share": null, "w2020_23_mix": null, "w2024_26_student": 0, "w2024_26_share": null, "w2024_26_mix": null, "y2017": 0, "y2017_individual": 0, "y2017_student": 0, "y2017_company": 0, "y2018": 1, "y2018_individual": 1, "y2018_student": 0, "y2018_company": 0, "y2019": 0, "y2019_individual": 0, "y2019_student": 0, "y2019_company": 0, "y2020": 0, "y2020_individual": 0, "y2020_student": 0, "y2020_company": 0, "y2021": 0, "y2021_individual": 0, "y2021_student": 0, "y2021_company": 0, "y2022": 0, "y2022_individual": 0, "y2022_student": 0, "y2022_company": 0, "y2023": 0, "y2023_individual": 0, "y2023_student": 0, "y2023_company": 0, "y2024": 0, "y2024_individual": 0, "y2024_student": 0, "y2024_company": 0, "y2025": 0, "y2025_individual": 0, "y2025_student": 0, "y2025_company": 0, "y2026": 0, "y2026_individual": 0, "y2026_student": 0, "y2026_company": 0, "total": 1, "student_share": 0.0, "recent_share": 0.0, "first_year": 2018, "last_year": 2018, "n_2026": 0, "reassigned_n": 0, "dominant_type": "Individual", "mix": "No students", "place": "Davis" }, "geometry": { "type": "Polygon", "coordinates": [ [ [ -121.87691, 38.55082 ], [ -121.87685, 38.59067 ], [ -121.81615, 38.59074 ], [ -121.81841, 38.58854 ], [ -121.81714, 38.58673 ], [ -121.81798, 38.58413 ], [ -121.83203, 38.57611 ], [ -121.80313, 38.5761 ], [ -121.80313, 38.56151 ], [ -121.78614, 38.56111 ], [ -121.78561, 38.59039 ], [ -121.73025, 38.58991 ], [ -121.73116, 38.56137 ], [ -121.72983, 38.55927 ], [ -121.73017, 38.55786 ], [ -121.7277, 38.55749 ], [ -121.72696, 38.55154 ], [ -121.72835, 38.55155 ], [ -121.72838, 38.54966 ], [ -121.72657, 38.54879 ], [ -121.72611, 38.54586 ], [ -121.73077, 38.54391 ], [ -121.74463, 38.53294 ], [ -121.75695, 38.5289 ], [ -121.75692, 38.52197 ], [ -121.76103, 38.51742 ], [ -121.77079, 38.51774 ], [ -121.78191, 38.52335 ], [ -121.78581, 38.52307 ], [ -121.79519, 38.52694 ], [ -121.80921, 38.52688 ], [ -121.81333, 38.52602 ], [ -121.82514, 38.5293 ], [ -121.83256, 38.52976 ], [ -121.83929, 38.53337 ], [ -121.8488, 38.53661 ], [ -121.86267, 38.53838 ], [ -121.87069, 38.55308 ], [ -121.87691, 38.55082 ] ] ] } },
{ "type": "Feature", "properties": { "zcta": "94131", "individual": 3, "student": 1, "company": 0, "w2017_19": 2, "w2020_23": 1, "w2024_26": 1, "w2017_19_student": 0, "w2017_19_share": 0.0, "w2017_19_mix": "No students", "w2020_23_student": 0, "w2020_23_share": 0.0, "w2020_23_mix": "No students", "w2024_26_student": 1, "w2024_26_share": 1.0, "w2024_26_mix": "Mostly students", "y2017": 0, "y2017_individual": 0, "y2017_student": 0, "y2017_company": 0, "y2018": 2, "y2018_individual": 2, "y2018_student": 0, "y2018_company": 0, "y2019": 0, "y2019_individual": 0, "y2019_student": 0, "y2019_company": 0, "y2020": 1, "y2020_individual": 1, "y2020_student": 0, "y2020_company": 0, "y2021": 0, "y2021_individual": 0, "y2021_student": 0, "y2021_company": 0, "y2022": 0, "y2022_individual": 0, "y2022_student": 0, "y2022_company": 0, "y2023": 0, "y2023_individual": 0, "y2023_student": 0, "y2023_company": 0, "y2024": 0, "y2024_individual": 0, "y2024_student": 0, "y2024_company": 0, "y2025": 0, "y2025_individual": 0, "y2025_student": 0, "y2025_company": 0, "y2026": 1, "y2026_individual": 0, "y2026_student": 1, "y2026_company": 0, "total": 4, "student_share": 0.25, "recent_share": 0.25, "first_year": 2018, "last_year": 2026, "n_2026": 1, "reassigned_n": 0, "dominant_type": "Individual", "mix": "Mostly professional", "place": "San Francisco" }, "geometry": { "type": "Polygon", "coordinates": [ [ [ -122.46377, 37.75408 ], [ -122.46192, 37.75553 ], [ -122.46327, 37.75871 ], [ -122.45999, 37.75935 ], [ -122.46084, 37.76263 ], [ -122.45555, 37.76414 ], [ -122.45564, 37.76029 ], [ -122.4538, 37.76172 ], [ -122.45201, 37.76036 ], [ -122.45362, 37.75695 ], [ -122.44448, 37.75635 ], [ -122.44498, 37.7572 ], [ -122.44355, 37.75531 ], [ -122.44224, 37.75675 ], [ -122.44094, 37.7566 ], [ -122.44486, 37.74702 ], [ -122.44396, 37.74676 ], [ -122.44141, 37.74861 ], [ -122.43599, 37.74796 ], [ -122.42552, 37.749 ], [ -122.42432, 37.74223 ], [ -122.42472, 37.73843 ], [ -122.42939, 37.73464 ], [ -122.44428, 37.72826 ], [ -122.44533, 37.73713 ], [ -122.44255, 37.7381 ], [ -122.44286, 37.73977 ], [ -122.44711, 37.74258 ], [ -122.44986, 37.74326 ], [ -122.45169, 37.74563 ], [ -122.44945, 37.74666 ], [ -122.45203, 37.74827 ], [ -122.45213, 37.75124 ], [ -122.45293, 37.75122 ], [ -122.45314, 37.74897 ], [ -122.45439, 37.75128 ], [ -122.46147, 37.75152 ], [ -122.46377, 37.75408 ] ] ] } },
{ "type": "Feature", "properties": { "zcta": "94085", "individual": 2, "student": 0, "company": 0, "w2017_19": 2, "w2020_23": 0, "w2024_26": 0, "w2017_19_student": 0, "w2017_19_share": 0.0, "w2017_19_mix": "No students", "w2020_23_student": 0, "w2020_23_share": null, "w2020_23_mix": null, "w2024_26_student": 0, "w2024_26_share": null, "w2024_26_mix": null, "y2017": 0, "y2017_individual": 0, "y2017_student": 0, "y2017_company": 0, "y2018": 1, "y2018_individual": 1, "y2018_student": 0, "y2018_company": 0, "y2019": 1, "y2019_individual": 1, "y2019_student": 0, "y2019_company": 0, "y2020": 0, "y2020_individual": 0, "y2020_student": 0, "y2020_company": 0, "y2021": 0, "y2021_individual": 0, "y2021_student": 0, "y2021_company": 0, "y2022": 0, "y2022_individual": 0, "y2022_student": 0, "y2022_company": 0, "y2023": 0, "y2023_individual": 0, "y2023_student": 0, "y2023_company": 0, "y2024": 0, "y2024_individual": 0, "y2024_student": 0, "y2024_company": 0, "y2025": 0, "y2025_individual": 0, "y2025_student": 0, "y2025_company": 0, "y2026": 0, "y2026_individual": 0, "y2026_student": 0, "y2026_company": 0, "total": 2, "student_share": 0.0, "recent_share": 0.0, "first_year": 2018, "last_year": 2019, "n_2026": 0, "reassigned_n": 0, "dominant_type": "Individual", "mix": "No students", "place": "Sunnyvale" }, "geometry": { "type": "Polygon", "coordinates": [ [ [ -122.05012, 37.3925 ], [ -122.04654, 37.39493 ], [ -122.04498, 37.39982 ], [ -122.0474, 37.40155 ], [ -122.04687, 37.40301 ], [ -122.00867, 37.39466 ], [ -121.98698, 37.38845 ], [ -121.98697, 37.37778 ], [ -122.00161, 37.37744 ], [ -122.00735, 37.37649 ], [ -122.01758, 37.37972 ], [ -122.0211, 37.38179 ], [ -122.04359, 37.38671 ], [ -122.04657, 37.38644 ], [ -122.04743, 37.38803 ], [ -122.0466, 37.39051 ], [ -122.04806, 37.39035 ], [ -122.05012, 37.3925 ] ] ] } },
{ "type": "Feature", "properties": { "zcta": "94022", "individual": 3, "student": 1, "company": 0, "w2017_19": 3, "w2020_23": 0, "w2024_26": 1, "w2017_19_student": 1, "w2017_19_share": 0.333, "w2017_19_mix": "Mostly professional", "w2020_23_student": 0, "w2020_23_share": null, "w2020_23_mix": null, "w2024_26_student": 0, "w2024_26_share": 0.0, "w2024_26_mix": "No students", "y2017": 0, "y2017_individual": 0, "y2017_student": 0, "y2017_company": 0, "y2018": 1, "y2018_individual": 1, "y2018_student": 0, "y2018_company": 0, "y2019": 2, "y2019_individual": 1, "y2019_student": 1, "y2019_company": 0, "y2020": 0, "y2020_individual": 0, "y2020_student": 0, "y2020_company": 0, "y2021": 0, "y2021_individual": 0, "y2021_student": 0, "y2021_company": 0, "y2022": 0, "y2022_individual": 0, "y2022_student": 0, "y2022_company": 0, "y2023": 0, "y2023_individual": 0, "y2023_student": 0, "y2023_company": 0, "y2024": 1, "y2024_individual": 1, "y2024_student": 0, "y2024_company": 0, "y2025": 0, "y2025_individual": 0, "y2025_student": 0, "y2025_company": 0, "y2026": 0, "y2026_individual": 0, "y2026_student": 0, "y2026_company": 0, "total": 4, "student_share": 0.25, "recent_share": 0.25, "first_year": 2018, "last_year": 2024, "n_2026": 0, "reassigned_n": 0, "dominant_type": "Individual", "mix": "Mostly professional", "place": "Los Altos Hills" }, "geometry": { "type": "Polygon", "coordinates": [ [ [ -122.18546, 37.32374 ], [ -122.18323, 37.32623 ], [ -122.17928, 37.3262 ], [ -122.17855, 37.32516 ], [ -122.17507, 37.32574 ], [ -122.18272, 37.33286 ], [ -122.17419, 37.35834 ], [ -122.17558, 37.35889 ], [ -122.17338, 37.3608 ], [ -122.16782, 37.3775 ], [ -122.17186, 37.37975 ], [ -122.16817, 37.39534 ], [ -122.16296, 37.39199 ], [ -122.16353, 37.38986 ], [ -122.15421, 37.38718 ], [ -122.15164, 37.38819 ], [ -122.14975, 37.39215 ], [ -122.14153, 37.39539 ], [ -122.13882, 37.38966 ], [ -122.13635, 37.38959 ], [ -122.13532, 37.39213 ], [ -122.13215, 37.39094 ], [ -122.13307, 37.39372 ], [ -122.13034, 37.39369 ], [ -122.12711, 37.38876 ], [ -122.12842, 37.39486 ], [ -122.12965, 37.39511 ], [ -122.12483, 37.39921 ], [ -122.12447, 37.40127 ], [ -122.12005, 37.40626 ], [ -122.11354, 37.40113 ], [ -122.10112, 37.39531 ], [ -122.10582, 37.38862 ], [ -122.096, 37.38864 ], [ -122.09598, 37.38553 ], [ -122.0972, 37.3842 ], [ -122.09657, 37.38248 ], [ -122.09789, 37.38138 ], [ -122.10053, 37.38146 ], [ -122.10978, 37.37165 ], [ -122.1097, 37.37005 ], [ -122.09938, 37.36189 ], [ -122.11069, 37.37062 ], [ -122.10959, 37.3696 ], [ -122.11077, 37.3686 ], [ -122.11201, 37.36927 ], [ -122.12023, 37.36112 ], [ -122.11576, 37.35597 ], [ -122.12033, 37.34736 ], [ -122.12342, 37.34868 ], [ -122.12411, 37.34686 ], [ -122.12781, 37.3468 ], [ -122.12885, 37.3489 ], [ -122.13416, 37.34888 ], [ -122.13585, 37.34624 ], [ -122.13722, 37.34896 ], [ -122.14163, 37.34891 ], [ -122.14154, 37.34608 ], [ -122.14355, 37.34604 ], [ -122.1457, 37.33105 ], [ -122.13222, 37.3311 ], [ -122.13274, 37.30953 ], [ -122.13498, 37.30164 ], [ -122.13508, 37.29727 ], [ -122.14326, 37.29764 ], [ -122.14819, 37.30041 ], [ -122.15179, 37.30391 ], [ -122.1543, 37.30479 ], [ -122.16105, 37.31136 ], [ -122.16481, 37.31366 ], [ -122.16484, 37.31657 ], [ -122.16934, 37.31588 ], [ -122.17614, 37.31812 ], [ -122.18113, 37.3177 ], [ -122.18366, 37.32364 ], [ -122.18546, 37.32374 ] ] ] } },
{ "type": "Feature", "properties": { "zcta": "94040", "individual": 1, "student": 0, "company": 0, "w2017_19": 0, "w2020_23": 0, "w2024_26": 1, "w2017_19_student": 0, "w2017_19_share": null, "w2017_19_mix": null, "w2020_23_student": 0, "w2020_23_share": null, "w2020_23_mix": null, "w2024_26_student": 0, "w2024_26_share": 0.0, "w2024_26_mix": "No students", "y2017": 0, "y2017_individual": 0, "y2017_student": 0, "y2017_company": 0, "y2018": 0, "y2018_individual": 0, "y2018_student": 0, "y2018_company": 0, "y2019": 0, "y2019_individual": 0, "y2019_student": 0, "y2019_company": 0, "y2020": 0, "y2020_individual": 0, "y2020_student": 0, "y2020_company": 0, "y2021": 0, "y2021_individual": 0, "y2021_student": 0, "y2021_company": 0, "y2022": 0, "y2022_individual": 0, "y2022_student": 0, "y2022_company": 0, "y2023": 0, "y2023_individual": 0, "y2023_student": 0, "y2023_company": 0, "y2024": 0, "y2024_individual": 0, "y2024_student": 0, "y2024_company": 0, "y2025": 0, "y2025_individual": 0, "y2025_student": 0, "y2025_company": 0, "y2026": 1, "y2026_individual": 1, "y2026_student": 0, "y2026_company": 0, "total": 1, "student_share": 0.0, "recent_share": 1.0, "first_year": 2026, "last_year": 2026, "n_2026": 1, "reassigned_n": 0, "dominant_type": "Individual", "mix": "No students", "place": "Mountain View" }, "geometry": { "type": "Polygon", "coordinates": [ [ [ -122.1181, 37.40469 ], [ -122.11762, 37.40428 ], [ -122.11308, 37.40781 ], [ -122.11729, 37.41065 ], [ -122.11564, 37.4127 ], [ -122.1045, 37.40582 ], [ -122.09131, 37.40053 ], [ -122.09215, 37.39656 ], [ -122.09375, 37.39728 ], [ -122.09457, 37.39595 ], [ -122.09236, 37.39503 ], [ -122.09526, 37.39407 ], [ -122.09133, 37.38934 ], [ -122.07156, 37.37985 ], [ -122.06898, 37.38208 ], [ -122.06968, 37.37903 ], [ -122.06356, 37.37657 ], [ -122.05908, 37.37911 ], [ -122.06033, 37.37535 ], [ -122.05846, 37.3746 ], [ -122.06326, 37.36672 ], [ -122.06199, 37.36462 ], [ -122.06171, 37.36066 ], [ -122.06257, 37.35892 ], [ -122.06092, 37.3573 ], [ -122.06156, 37.35407 ], [ -122.06301, 37.35955 ], [ -122.06571, 37.35951 ], [ -122.06575, 37.35676 ], [ -122.06866, 37.35676 ], [ -122.06868, 37.35792 ], [ -122.07052, 37.35904 ], [ -122.07781, 37.35902 ], [ -122.07785, 37.36617 ], [ -122.08239, 37.36683 ], [ -122.08916, 37.36594 ], [ -122.08977, 37.36685 ], [ -122.09603, 37.3669 ], [ -122.09597, 37.3768 ], [ -122.0932, 37.37677 ], [ -122.09319, 37.37965 ], [ -122.09599, 37.37966 ], [ -122.09598, 37.38139 ], [ -122.08887, 37.38135 ], [ -122.0901, 37.38262 ], [ -122.08952, 37.38458 ], [ -122.09598, 37.38468 ], [ -122.096, 37.38864 ], [ -122.10582, 37.38862 ], [ -122.10112, 37.39531 ], [ -122.11354, 37.40113 ], [ -122.11575, 37.40242 ], [ -122.1181, 37.40469 ] ] ] } },
{ "type": "Feature", "properties": { "zcta": "94087", "individual": 2, "student": 1, "company": 0, "w2017_19": 0, "w2020_23": 1, "w2024_26": 2, "w2017_19_student": 0, "w2017_19_share": null, "w2017_19_mix": null, "w2020_23_student": 0, "w2020_23_share": 0.0, "w2020_23_mix": "No students", "w2024_26_student": 1, "w2024_26_share": 0.5, "w2024_26_mix": "Mixed", "y2017": 0, "y2017_individual": 0, "y2017_student": 0, "y2017_company": 0, "y2018": 0, "y2018_individual": 0, "y2018_student": 0, "y2018_company": 0, "y2019": 0, "y2019_individual": 0, "y2019_student": 0, "y2019_company": 0, "y2020": 1, "y2020_individual": 1, "y2020_student": 0, "y2020_company": 0, "y2021": 0, "y2021_individual": 0, "y2021_student": 0, "y2021_company": 0, "y2022": 0, "y2022_individual": 0, "y2022_student": 0, "y2022_company": 0, "y2023": 0, "y2023_individual": 0, "y2023_student": 0, "y2023_company": 0, "y2024": 0, "y2024_individual": 0, "y2024_student": 0, "y2024_company": 0, "y2025": 0, "y2025_individual": 0, "y2025_student": 0, "y2025_company": 0, "y2026": 2, "y2026_individual": 1, "y2026_student": 1, "y2026_company": 0, "total": 3, "student_share": 0.333, "recent_share": 0.667, "first_year": 2020, "last_year": 2026, "n_2026": 2, "reassigned_n": 0, "dominant_type": "Individual", "mix": "Mostly professional", "place": "Sunnyvale" }, "geometry": { "type": "Polygon", "coordinates": [ [ [ -122.06364, 37.34697 ], [ -122.0647, 37.34895 ], [ -122.06308, 37.35205 ], [ -122.06061, 37.35204 ], [ -122.06156, 37.35407 ], [ -122.06073, 37.35481 ], [ -122.06164, 37.3554 ], [ -122.06092, 37.3573 ], [ -122.06257, 37.35892 ], [ -122.06171, 37.36066 ], [ -122.06199, 37.36462 ], [ -122.06326, 37.36672 ], [ -122.05846, 37.3746 ], [ -122.06028, 37.37552 ], [ -122.05222, 37.37279 ], [ -122.05161, 37.3743 ], [ -122.04825, 37.37256 ], [ -122.04056, 37.37117 ], [ -122.04088, 37.37016 ], [ -122.03308, 37.36826 ], [ -122.02808, 37.36445 ], [ -122.02395, 37.36465 ], [ -122.02475, 37.36213 ], [ -122.02203, 37.36076 ], [ -122.02236, 37.35973 ], [ -122.01883, 37.35928 ], [ -122.01707, 37.35778 ], [ -122.01774, 37.35591 ], [ -122.01403, 37.35317 ], [ -122.01403, 37.35485 ], [ -122.01054, 37.35399 ], [ -122.008, 37.35225 ], [ -122.00802, 37.35324 ], [ -122.00174, 37.3532 ], [ -122.00174, 37.35215 ], [ -122.00032, 37.35217 ], [ -122.00022, 37.34524 ], [ -122.003, 37.34531 ], [ -122.00285, 37.34141 ], [ -121.99581, 37.34146 ], [ -121.99578, 37.33787 ], [ -122.01643, 37.33773 ], [ -122.01645, 37.33314 ], [ -122.01864, 37.33293 ], [ -122.01999, 37.33335 ], [ -122.01962, 37.3377 ], [ -122.03239, 37.33761 ], [ -122.03239, 37.33945 ], [ -122.03676, 37.33943 ], [ -122.03673, 37.33757 ], [ -122.04371, 37.33755 ], [ -122.04369, 37.3342 ], [ -122.04483, 37.33438 ], [ -122.04487, 37.33754 ], [ -122.05053, 37.33754 ], [ -122.05103, 37.3335 ], [ -122.05573, 37.33257 ], [ -122.05948, 37.33753 ], [ -122.0624, 37.33754 ], [ -122.06519, 37.34315 ], [ -122.06364, 37.34697 ] ] ] } },
{ "type": "Feature", "properties": { "zcta": "94114", "individual": 4, "student": 2, "company": 0, "w2017_19": 1, "w2020_23": 2, "w2024_26": 3, "w2017_19_student": 0, "w2017_19_share": 0.0, "w2017_19_mix": "No students", "w2020_23_student": 0, "w2020_23_share": 0.0, "w2020_23_mix": "No students", "w2024_26_student": 2, "w2024_26_share": 0.667, "w2024_26_mix": "Mostly students", "y2017": 1, "y2017_individual": 1, "y2017_student": 0, "y2017_company": 0, "y2018": 0, "y2018_individual": 0, "y2018_student": 0, "y2018_company": 0, "y2019": 0, "y2019_individual": 0, "y2019_student": 0, "y2019_company": 0, "y2020": 1, "y2020_individual": 1, "y2020_student": 0, "y2020_company": 0, "y2021": 1, "y2021_individual": 1, "y2021_student": 0, "y2021_company": 0, "y2022": 0, "y2022_individual": 0, "y2022_student": 0, "y2022_company": 0, "y2023": 0, "y2023_individual": 0, "y2023_student": 0, "y2023_company": 0, "y2024": 0, "y2024_individual": 0, "y2024_student": 0, "y2024_company": 0, "y2025": 1, "y2025_individual": 1, "y2025_student": 0, "y2025_company": 0, "y2026": 2, "y2026_individual": 0, "y2026_student": 2, "y2026_company": 0, "total": 6, "student_share": 0.333, "recent_share": 0.5, "first_year": 2017, "last_year": 2026, "n_2026": 2, "reassigned_n": 0, "dominant_type": "Individual", "mix": "Mostly professional", "place": "San Francisco" }, "geometry": { "type": "Polygon", "coordinates": [ [ [ -122.45377, 37.75747 ], [ -122.44716, 37.75966 ], [ -122.44678, 37.76178 ], [ -122.44339, 37.76348 ], [ -122.44335, 37.76533 ], [ -122.43562, 37.76733 ], [ -122.43579, 37.76906 ], [ -122.42913, 37.76946 ], [ -122.42843, 37.77045 ], [ -122.42822, 37.76944 ], [ -122.4264, 37.7696 ], [ -122.42866, 37.76774 ], [ -122.42724, 37.76783 ], [ -122.42629, 37.76465 ], [ -122.42552, 37.749 ], [ -122.43599, 37.74796 ], [ -122.44141, 37.74861 ], [ -122.44396, 37.74676 ], [ -122.44486, 37.74702 ], [ -122.44094, 37.7566 ], [ -122.44224, 37.75675 ], [ -122.44355, 37.75531 ], [ -122.44498, 37.7572 ], [ -122.44448, 37.75635 ], [ -122.45377, 37.75747 ] ] ] } },
{ "type": "Feature", "properties": { "zcta": "94925", "individual": 7, "student": 0, "company": 1, "w2017_19": 0, "w2020_23": 7, "w2024_26": 1, "w2017_19_student": 0, "w2017_19_share": null, "w2017_19_mix": null, "w2020_23_student": 0, "w2020_23_share": 0.0, "w2020_23_mix": "No students", "w2024_26_student": 0, "w2024_26_share": 0.0, "w2024_26_mix": "No students", "y2017": 0, "y2017_individual": 0, "y2017_student": 0, "y2017_company": 0, "y2018": 0, "y2018_individual": 0, "y2018_student": 0, "y2018_company": 0, "y2019": 0, "y2019_individual": 0, "y2019_student": 0, "y2019_company": 0, "y2020": 1, "y2020_individual": 1, "y2020_student": 0, "y2020_company": 0, "y2021": 6, "y2021_individual": 5, "y2021_student": 0, "y2021_company": 1, "y2022": 0, "y2022_individual": 0, "y2022_student": 0, "y2022_company": 0, "y2023": 0, "y2023_individual": 0, "y2023_student": 0, "y2023_company": 0, "y2024": 0, "y2024_individual": 0, "y2024_student": 0, "y2024_company": 0, "y2025": 1, "y2025_individual": 1, "y2025_student": 0, "y2025_company": 0, "y2026": 0, "y2026_individual": 0, "y2026_student": 0, "y2026_company": 0, "total": 8, "student_share": 0.0, "recent_share": 0.125, "first_year": 2020, "last_year": 2025, "n_2026": 0, "reassigned_n": 0, "dominant_type": "Individual", "mix": "No students", "place": "Corte Madera" }, "geometry": { "type": "Polygon", "coordinates": [ [ [ -122.54638, 37.92589 ], [ -122.54458, 37.92629 ], [ -122.54164, 37.92423 ], [ -122.53969, 37.92392 ], [ -122.53968, 37.92514 ], [ -122.53647, 37.9231 ], [ -122.53502, 37.92684 ], [ -122.53195, 37.92779 ], [ -122.53196, 37.92933 ], [ -122.52715, 37.92934 ], [ -122.52499, 37.93157 ], [ -122.52721, 37.93225 ], [ -122.52718, 37.93389 ], [ -122.52078, 37.93443 ], [ -122.52119, 37.93845 ], [ -122.51588, 37.9404 ], [ -122.51671, 37.93653 ], [ -122.51662, 37.93555 ], [ -122.51567, 37.93575 ], [ -122.51279, 37.93869 ], [ -122.51286, 37.94222 ], [ -122.50989, 37.94143 ], [ -122.50506, 37.9419 ], [ -122.50506, 37.93641 ], [ -122.50306, 37.92875 ], [ -122.49357, 37.92188 ], [ -122.48638, 37.92188 ], [ -122.48522, 37.92099 ], [ -122.48792, 37.91985 ], [ -122.48719, 37.91875 ], [ -122.48908, 37.91792 ], [ -122.48918, 37.91532 ], [ -122.49571, 37.91563 ], [ -122.49594, 37.91173 ], [ -122.50488, 37.91192 ], [ -122.50338, 37.90933 ], [ -122.51076, 37.90923 ], [ -122.51059, 37.90783 ], [ -122.51403, 37.90856 ], [ -122.51835, 37.91776 ], [ -122.5285, 37.91616 ], [ -122.5317, 37.91795 ], [ -122.53324, 37.91782 ], [ -122.53892, 37.92192 ], [ -122.54467, 37.9237 ], [ -122.54638, 37.92589 ] ] ] } },
{ "type": "Feature", "properties": { "zcta": "94901", "individual": 7, "student": 2, "company": 1, "w2017_19": 3, "w2020_23": 5, "w2024_26": 2, "w2017_19_student": 0, "w2017_19_share": 0.0, "w2017_19_mix": "No students", "w2020_23_student": 1, "w2020_23_share": 0.2, "w2020_23_mix": "Mostly professional", "w2024_26_student": 1, "w2024_26_share": 0.5, "w2024_26_mix": "Mixed", "y2017": 1, "y2017_individual": 1, "y2017_student": 0, "y2017_company": 0, "y2018": 2, "y2018_individual": 2, "y2018_student": 0, "y2018_company": 0, "y2019": 0, "y2019_individual": 0, "y2019_student": 0, "y2019_company": 0, "y2020": 2, "y2020_individual": 1, "y2020_student": 1, "y2020_company": 0, "y2021": 0, "y2021_individual": 0, "y2021_student": 0, "y2021_company": 0, "y2022": 2, "y2022_individual": 1, "y2022_student": 0, "y2022_company": 1, "y2023": 1, "y2023_individual": 1, "y2023_student": 0, "y2023_company": 0, "y2024": 0, "y2024_individual": 0, "y2024_student": 0, "y2024_company": 0, "y2025": 1, "y2025_individual": 1, "y2025_student": 0, "y2025_company": 0, "y2026": 1, "y2026_individual": 0, "y2026_student": 1, "y2026_company": 0, "total": 10, "student_share": 0.2, "recent_share": 0.2, "first_year": 2017, "last_year": 2026, "n_2026": 1, "reassigned_n": 0, "dominant_type": "Individual", "mix": "Mostly professional", "place": "San Rafael" }, "geometry": { "type": "Polygon", "coordinates": [ [ [ -122.55951, 37.98447 ], [ -122.55752, 37.99372 ], [ -122.54411, 37.98899 ], [ -122.54513, 37.9881 ], [ -122.53328, 37.98671 ], [ -122.53237, 37.98856 ], [ -122.52908, 37.9906 ], [ -122.52574, 37.99051 ], [ -122.52228, 37.9926 ], [ -122.51816, 37.99135 ], [ -122.51467, 37.99338 ], [ -122.5133, 37.99573 ], [ -122.51001, 37.99708 ], [ -122.50796, 37.99593 ], [ -122.50213, 37.9986 ], [ -122.50134, 37.99683 ], [ -122.49588, 37.99761 ], [ -122.49852, 38.00849 ], [ -122.5017, 38.01593 ], [ -122.49574, 38.01668 ], [ -122.49456, 38.01515 ], [ -122.48747, 38.01436 ], [ -122.48147, 38.00762 ], [ -122.46281, 38.00337 ], [ -122.4507, 37.99223 ], [ -122.4473, 37.98439 ], [ -122.4561, 37.97989 ], [ -122.46371, 37.98148 ], [ -122.46656, 37.98476 ], [ -122.47198, 37.98177 ], [ -122.47464, 37.97764 ], [ -122.47464, 37.97502 ], [ -122.47725, 37.97165 ], [ -122.48442, 37.97055 ], [ -122.49555, 37.97052 ], [ -122.4965, 37.96771 ], [ -122.4903, 37.96475 ], [ -122.4903, 37.95919 ], [ -122.48652, 37.94691 ], [ -122.48048, 37.94544 ], [ -122.47963, 37.94289 ], [ -122.49178, 37.94601 ], [ -122.50019, 37.9469 ], [ -122.50498, 37.9497 ], [ -122.5058, 37.95117 ], [ -122.51177, 37.95255 ], [ -122.51746, 37.95186 ], [ -122.52033, 37.95412 ], [ -122.52256, 37.95418 ], [ -122.52664, 37.95772 ], [ -122.53253, 37.95997 ], [ -122.53382, 37.96178 ], [ -122.54323, 37.96519 ], [ -122.54902, 37.97247 ], [ -122.55091, 37.97219 ], [ -122.55093, 37.97749 ], [ -122.55198, 37.97741 ], [ -122.5504, 37.9808 ], [ -122.55725, 37.98351 ], [ -122.55643, 37.98445 ], [ -122.5576, 37.98501 ], [ -122.55951, 37.98447 ] ] ] } },
{ "type": "Feature", "properties": { "zcta": "95822", "individual": 1, "student": 0, "company": 0, "w2017_19": 0, "w2020_23": 1, "w2024_26": 0, "w2017_19_student": 0, "w2017_19_share": null, "w2017_19_mix": null, "w2020_23_student": 0, "w2020_23_share": 0.0, "w2020_23_mix": "No students", "w2024_26_student": 0, "w2024_26_share": null, "w2024_26_mix": null, "y2017": 0, "y2017_individual": 0, "y2017_student": 0, "y2017_company": 0, "y2018": 0, "y2018_individual": 0, "y2018_student": 0, "y2018_company": 0, "y2019": 0, "y2019_individual": 0, "y2019_student": 0, "y2019_company": 0, "y2020": 0, "y2020_individual": 0, "y2020_student": 0, "y2020_company": 0, "y2021": 0, "y2021_individual": 0, "y2021_student": 0, "y2021_company": 0, "y2022": 0, "y2022_individual": 0, "y2022_student": 0, "y2022_company": 0, "y2023": 1, "y2023_individual": 1, "y2023_student": 0, "y2023_company": 0, "y2024": 0, "y2024_individual": 0, "y2024_student": 0, "y2024_company": 0, "y2025": 0, "y2025_individual": 0, "y2025_student": 0, "y2025_company": 0, "y2026": 0, "y2026_individual": 0, "y2026_student": 0, "y2026_company": 0, "total": 1, "student_share": 0.0, "recent_share": 0.0, "first_year": 2023, "last_year": 2023, "n_2026": 0, "reassigned_n": 0, "dominant_type": "Individual", "mix": "No students", "place": "Sacramento" }, "geometry": { "type": "Polygon", "coordinates": [ [ [ -121.53098, 38.52897 ], [ -121.52977, 38.53121 ], [ -121.52037, 38.53537 ], [ -121.51262, 38.54167 ], [ -121.50992, 38.5404 ], [ -121.50856, 38.5457 ], [ -121.49758, 38.54301 ], [ -121.49675, 38.54192 ], [ -121.49451, 38.54194 ], [ -121.4921, 38.54051 ], [ -121.49283, 38.53813 ], [ -121.48432, 38.53961 ], [ -121.46635, 38.48153 ], [ -121.47535, 38.48147 ], [ -121.47731, 38.48202 ], [ -121.47733, 38.48337 ], [ -121.48034, 38.48345 ], [ -121.48034, 38.48143 ], [ -121.4967, 38.48199 ], [ -121.4967, 38.48137 ], [ -121.49926, 38.48134 ], [ -121.50285, 38.48388 ], [ -121.50535, 38.48324 ], [ -121.50651, 38.49562 ], [ -121.50617, 38.50904 ], [ -121.50722, 38.51336 ], [ -121.51011, 38.5154 ], [ -121.51627, 38.51672 ], [ -121.51831, 38.51671 ], [ -121.51992, 38.51551 ], [ -121.52215, 38.51617 ], [ -121.52185, 38.52316 ], [ -121.52518, 38.52268 ], [ -121.52992, 38.52678 ], [ -121.53098, 38.52897 ] ] ] } },
{ "type": "Feature", "properties": { "zcta": "94924", "individual": 1, "student": 0, "company": 0, "w2017_19": 0, "w2020_23": 1, "w2024_26": 0, "w2017_19_student": 0, "w2017_19_share": null, "w2017_19_mix": null, "w2020_23_student": 0, "w2020_23_share": 0.0, "w2020_23_mix": "No students", "w2024_26_student": 0, "w2024_26_share": null, "w2024_26_mix": null, "y2017": 0, "y2017_individual": 0, "y2017_student": 0, "y2017_company": 0, "y2018": 0, "y2018_individual": 0, "y2018_student": 0, "y2018_company": 0, "y2019": 0, "y2019_individual": 0, "y2019_student": 0, "y2019_company": 0, "y2020": 1, "y2020_individual": 1, "y2020_student": 0, "y2020_company": 0, "y2021": 0, "y2021_individual": 0, "y2021_student": 0, "y2021_company": 0, "y2022": 0, "y2022_individual": 0, "y2022_student": 0, "y2022_company": 0, "y2023": 0, "y2023_individual": 0, "y2023_student": 0, "y2023_company": 0, "y2024": 0, "y2024_individual": 0, "y2024_student": 0, "y2024_company": 0, "y2025": 0, "y2025_individual": 0, "y2025_student": 0, "y2025_company": 0, "y2026": 0, "y2026_individual": 0, "y2026_student": 0, "y2026_company": 0, "total": 1, "student_share": 0.0, "recent_share": 0.0, "first_year": 2020, "last_year": 2020, "n_2026": 0, "reassigned_n": 0, "dominant_type": "Individual", "mix": "No students", "place": "Bolinas" }, "geometry": { "type": "Polygon", "coordinates": [ [ [ -122.81219, 37.9888 ], [ -122.81186, 37.98614 ], [ -122.81116, 37.9877 ], [ -122.80542, 37.98601 ], [ -122.7977, 37.9855 ], [ -122.79288, 37.98413 ], [ -122.79085, 37.98155 ], [ -122.78722, 37.98402 ], [ -122.78535, 37.98302 ], [ -122.77426, 37.98329 ], [ -122.77465, 37.99619 ], [ -122.76374, 37.99645 ], [ -122.76275, 37.99496 ], [ -122.76074, 37.99645 ], [ -122.75982, 37.99461 ], [ -122.75859, 37.99589 ], [ -122.75443, 37.99525 ], [ -122.75459, 37.99675 ], [ -122.74471, 37.99837 ], [ -122.72904, 38.00521 ], [ -122.71638, 37.99149 ], [ -122.71327, 37.98353 ], [ -122.71072, 37.984 ], [ -122.70511, 37.98051 ], [ -122.70379, 37.9774 ], [ -122.697, 37.97205 ], [ -122.69426, 37.96814 ], [ -122.6888, 37.96538 ], [ -122.68628, 37.96237 ], [ -122.68408, 37.96189 ], [ -122.68261, 37.95973 ], [ -122.68364, 37.95894 ], [ -122.68074, 37.95524 ], [ -122.6767, 37.95349 ], [ -122.67588, 37.9513 ], [ -122.67483, 37.95206 ], [ -122.67343, 37.95167 ], [ -122.67248, 37.95019 ], [ -122.669, 37.94899 ], [ -122.66878, 37.94703 ], [ -122.66315, 37.9453 ], [ -122.65968, 37.94166 ], [ -122.66165, 37.93998 ], [ -122.66142, 37.94141 ], [ -122.66378, 37.94234 ], [ -122.66428, 37.94378 ], [ -122.66712, 37.94183 ], [ -122.66808, 37.94203 ], [ -122.66725, 37.94383 ], [ -122.67356, 37.94177 ], [ -122.67664, 37.94405 ], [ -122.67644, 37.94694 ], [ -122.6808, 37.94066 ], [ -122.68545, 37.93678 ], [ -122.68852, 37.93194 ], [ -122.69656, 37.93437 ], [ -122.6984, 37.9332 ], [ -122.69509, 37.92608 ], [ -122.69248, 37.92289 ], [ -122.68964, 37.92289 ], [ -122.68967, 37.92182 ], [ -122.68781, 37.92183 ], [ -122.68828, 37.91579 ], [ -122.68421, 37.91038 ], [ -122.68202, 37.90968 ], [ -122.682, 37.90564 ], [ -122.69357, 37.90117 ], [ -122.69972, 37.89714 ], [ -122.70038, 37.89494 ], [ -122.70264, 37.89382 ], [ -122.71023, 37.89642 ], [ -122.71402, 37.90047 ], [ -122.71897, 37.9022 ], [ -122.72177, 37.90135 ], [ -122.72518, 37.90269 ], [ -122.7273, 37.90463 ], [ -122.7329, 37.92023 ], [ -122.7369, 37.92583 ], [ -122.74875, 37.93108 ], [ -122.75461, 37.93553 ], [ -122.76614, 37.938 ], [ -122.76824, 37.94167 ], [ -122.77178, 37.94402 ], [ -122.77648, 37.94377 ], [ -122.77612, 37.94629 ], [ -122.77928, 37.94827 ], [ -122.78267, 37.9485 ], [ -122.79174, 37.96942 ], [ -122.7974, 37.97666 ], [ -122.80878, 37.98536 ], [ -122.81147, 37.98512 ], [ -122.81326, 37.98721 ], [ -122.81219, 37.9888 ] ] ] } },
{ "type": "Feature", "properties": { "zcta": "94956", "individual": 1, "student": 0, "company": 0, "w2017_19": 0, "w2020_23": 1, "w2024_26": 0, "w2017_19_student": 0, "w2017_19_share": null, "w2017_19_mix": null, "w2020_23_student": 0, "w2020_23_share": 0.0, "w2020_23_mix": "No students", "w2024_26_student": 0, "w2024_26_share": null, "w2024_26_mix": null, "y2017": 0, "y2017_individual": 0, "y2017_student": 0, "y2017_company": 0, "y2018": 0, "y2018_individual": 0, "y2018_student": 0, "y2018_company": 0, "y2019": 0, "y2019_individual": 0, "y2019_student": 0, "y2019_company": 0, "y2020": 1, "y2020_individual": 1, "y2020_student": 0, "y2020_company": 0, "y2021": 0, "y2021_individual": 0, "y2021_student": 0, "y2021_company": 0, "y2022": 0, "y2022_individual": 0, "y2022_student": 0, "y2022_company": 0, "y2023": 0, "y2023_individual": 0, "y2023_student": 0, "y2023_company": 0, "y2024": 0, "y2024_individual": 0, "y2024_student": 0, "y2024_company": 0, "y2025": 0, "y2025_individual": 0, "y2025_student": 0, "y2025_company": 0, "y2026": 0, "y2026_individual": 0, "y2026_student": 0, "y2026_company": 0, "total": 1, "student_share": 0.0, "recent_share": 0.0, "first_year": 2020, "last_year": 2020, "n_2026": 0, "reassigned_n": 0, "dominant_type": "Individual", "mix": "No students", "place": "Inverness" }, "geometry": { "type": "Polygon", "coordinates": [ [ [ -122.87435, 38.09 ], [ -122.86463, 38.08736 ], [ -122.86268, 38.08853 ], [ -122.85277, 38.08579 ], [ -122.8486, 38.08643 ], [ -122.84664, 38.08529 ], [ -122.84458, 38.0862 ], [ -122.84242, 38.08526 ], [ -122.83928, 38.08611 ], [ -122.84285, 38.0891 ], [ -122.84179, 38.09021 ], [ -122.84545, 38.09155 ], [ -122.85045, 38.0955 ], [ -122.85152, 38.09777 ], [ -122.84733, 38.10081 ], [ -122.83658, 38.09303 ], [ -122.82738, 38.08274 ], [ -122.82563, 38.09035 ], [ -122.81878, 38.09073 ], [ -122.81715, 38.09241 ], [ -122.81816, 38.09304 ], [ -122.81482, 38.09391 ], [ -122.8091, 38.10154 ], [ -122.80682, 38.11128 ], [ -122.80525, 38.11233 ], [ -122.79957, 38.11419 ], [ -122.79434, 38.1129 ], [ -122.79089, 38.11569 ], [ -122.791, 38.1125 ], [ -122.79004, 38.11199 ], [ -122.78478, 38.11259 ], [ -122.78315, 38.11485 ], [ -122.785, 38.11675 ], [ -122.7845, 38.11862 ], [ -122.78032, 38.12146 ], [ -122.77375, 38.11748 ], [ -122.77898, 38.11306 ], [ -122.77184, 38.10538 ], [ -122.77073, 38.10208 ], [ -122.77527, 38.09579 ], [ -122.76766, 38.08898 ], [ -122.76745, 38.08381 ], [ -122.76495, 38.08101 ], [ -122.76357, 38.07697 ], [ -122.76493, 38.07466 ], [ -122.77046, 38.07115 ], [ -122.76971, 38.06897 ], [ -122.7723, 38.06838 ], [ -122.7731, 38.06629 ], [ -122.77107, 38.06345 ], [ -122.77078, 38.05923 ], [ -122.76781, 38.05965 ], [ -122.75931, 38.05597 ], [ -122.75895, 38.0499 ], [ -122.7708, 38.0462 ], [ -122.77515, 38.04737 ], [ -122.77889, 38.04453 ], [ -122.7851, 38.0429 ], [ -122.78797, 38.04059 ], [ -122.78891, 38.04368 ], [ -122.79239, 38.04753 ], [ -122.79461, 38.04586 ], [ -122.79186, 38.0426 ], [ -122.78979, 38.04201 ], [ -122.78827, 38.0395 ], [ -122.78604, 38.03905 ], [ -122.78406, 38.0369 ], [ -122.78364, 38.03531 ], [ -122.78587, 38.03023 ], [ -122.78144, 38.02551 ], [ -122.7812, 38.02352 ], [ -122.77683, 38.02145 ], [ -122.77609, 38.01984 ], [ -122.77456, 38.01926 ], [ -122.77004, 38.01341 ], [ -122.76875, 38.01338 ], [ -122.76691, 38.01121 ], [ -122.76664, 38.00937 ], [ -122.76068, 38.00183 ], [ -122.75879, 38.00022 ], [ -122.7563, 37.9999 ], [ -122.75548, 37.99843 ], [ -122.75666, 37.9965 ], [ -122.7592, 37.99648 ], [ -122.75859, 37.99589 ], [ -122.75982, 37.99461 ], [ -122.76074, 37.99645 ], [ -122.76275, 37.99496 ], [ -122.76374, 37.99645 ], [ -122.77465, 37.99619 ], [ -122.77426, 37.98329 ], [ -122.78535, 37.98302 ], [ -122.78722, 37.98402 ], [ -122.79085, 37.98155 ], [ -122.79288, 37.98413 ], [ -122.7977, 37.9855 ], [ -122.80542, 37.98601 ], [ -122.81116, 37.9877 ], [ -122.81186, 37.98614 ], [ -122.81219, 37.9888 ], [ -122.81326, 37.98721 ], [ -122.82138, 37.99673 ], [ -122.85664, 38.01674 ], [ -122.85508, 38.01958 ], [ -122.85668, 38.01785 ], [ -122.87091, 38.02284 ], [ -122.86966, 38.02363 ], [ -122.87282, 38.02543 ], [ -122.87242, 38.03058 ], [ -122.86916, 38.03685 ], [ -122.86532, 38.04051 ], [ -122.86442, 38.04327 ], [ -122.86709, 38.04559 ], [ -122.8654, 38.04556 ], [ -122.86361, 38.04763 ], [ -122.85825, 38.04895 ], [ -122.85374, 38.05277 ], [ -122.85196, 38.05551 ], [ -122.85147, 38.05891 ], [ -122.84841, 38.05886 ], [ -122.846, 38.06008 ], [ -122.84439, 38.0586 ], [ -122.84241, 38.05955 ], [ -122.84877, 38.0635 ], [ -122.85129, 38.06633 ], [ -122.8513, 38.07019 ], [ -122.85003, 38.07128 ], [ -122.84838, 38.07105 ], [ -122.84868, 38.07278 ], [ -122.84626, 38.07179 ], [ -122.84567, 38.07323 ], [ -122.85072, 38.07404 ], [ -122.85196, 38.07697 ], [ -122.85631, 38.07877 ], [ -122.86228, 38.07978 ], [ -122.86444, 38.08213 ], [ -122.86385, 38.08494 ], [ -122.86636, 38.08436 ], [ -122.87435, 38.09 ] ] ] } },
{ "type": "Feature", "properties": { "zcta": "95124", "individual": 2, "student": 1, "company": 0, "w2017_19": 1, "w2020_23": 0, "w2024_26": 2, "w2017_19_student": 1, "w2017_19_share": 1.0, "w2017_19_mix": "Mostly students", "w2020_23_student": 0, "w2020_23_share": null, "w2020_23_mix": null, "w2024_26_student": 0, "w2024_26_share": 0.0, "w2024_26_mix": "No students", "y2017": 0, "y2017_individual": 0, "y2017_student": 0, "y2017_company": 0, "y2018": 0, "y2018_individual": 0, "y2018_student": 0, "y2018_company": 0, "y2019": 1, "y2019_individual": 0, "y2019_student": 1, "y2019_company": 0, "y2020": 0, "y2020_individual": 0, "y2020_student": 0, "y2020_company": 0, "y2021": 0, "y2021_individual": 0, "y2021_student": 0, "y2021_company": 0, "y2022": 0, "y2022_individual": 0, "y2022_student": 0, "y2022_company": 0, "y2023": 0, "y2023_individual": 0, "y2023_student": 0, "y2023_company": 0, "y2024": 0, "y2024_individual": 0, "y2024_student": 0, "y2024_company": 0, "y2025": 1, "y2025_individual": 1, "y2025_student": 0, "y2025_company": 0, "y2026": 1, "y2026_individual": 1, "y2026_student": 0, "y2026_company": 0, "total": 3, "student_share": 0.333, "recent_share": 0.667, "first_year": 2019, "last_year": 2026, "n_2026": 1, "reassigned_n": 0, "dominant_type": "Individual", "mix": "Mostly professional", "place": "San Jose" }, "geometry": { "type": "Polygon", "coordinates": [ [ [ -121.95197, 37.25384 ], [ -121.9334, 37.27523 ], [ -121.93097, 37.27547 ], [ -121.93187, 37.27611 ], [ -121.93024, 37.27759 ], [ -121.93183, 37.27884 ], [ -121.93164, 37.28018 ], [ -121.92705, 37.28148 ], [ -121.92351, 37.28096 ], [ -121.92037, 37.28519 ], [ -121.91827, 37.28501 ], [ -121.91751, 37.2862 ], [ -121.91347, 37.28716 ], [ -121.91232, 37.28034 ], [ -121.90521, 37.27061 ], [ -121.89949, 37.25695 ], [ -121.89855, 37.25776 ], [ -121.89686, 37.25615 ], [ -121.90268, 37.25319 ], [ -121.90845, 37.25167 ], [ -121.9093, 37.25295 ], [ -121.9109, 37.25131 ], [ -121.91034, 37.25044 ], [ -121.90838, 37.25045 ], [ -121.90675, 37.24832 ], [ -121.90782, 37.24783 ], [ -121.90675, 37.2462 ], [ -121.90779, 37.24571 ], [ -121.90658, 37.244 ], [ -121.90477, 37.24366 ], [ -121.90344, 37.24135 ], [ -121.90164, 37.24112 ], [ -121.9038, 37.24014 ], [ -121.90198, 37.23719 ], [ -121.90356, 37.23691 ], [ -121.90347, 37.23417 ], [ -121.89994, 37.23433 ], [ -121.89927, 37.23311 ], [ -121.90174, 37.23229 ], [ -121.90358, 37.22956 ], [ -121.90304, 37.22634 ], [ -121.91285, 37.22532 ], [ -121.91287, 37.22669 ], [ -121.90973, 37.22755 ], [ -121.91122, 37.23631 ], [ -121.92511, 37.23615 ], [ -121.92511, 37.24009 ], [ -121.92333, 37.23983 ], [ -121.92265, 37.24349 ], [ -121.92516, 37.24347 ], [ -121.92549, 37.24115 ], [ -121.92754, 37.24114 ], [ -121.92762, 37.24345 ], [ -121.93381, 37.24342 ], [ -121.93476, 37.23616 ], [ -121.94026, 37.23684 ], [ -121.94033, 37.24339 ], [ -121.94623, 37.24359 ], [ -121.94814, 37.24788 ], [ -121.95003, 37.2465 ], [ -121.95197, 37.25384 ] ], [ [ -121.92217, 37.24347 ], [ -121.9206, 37.24348 ], [ -121.92068, 37.24678 ], [ -121.92205, 37.24668 ], [ -121.92217, 37.24347 ] ], [ [ -121.91879, 37.24352 ], [ -121.91715, 37.24353 ], [ -121.91702, 37.2469 ], [ -121.91746, 37.24578 ], [ -121.91879, 37.24572 ], [ -121.91879, 37.24352 ] ] ] } }
]
}
