cluster,z_slope_Intensity,z_level_Intensity_t5
0,1.1181800685272714,0.7189737637194313
1,-0.02174015538568464,-0.5149514183861503
2,-0.7413489612723745,0.6692061233596753
