cluster,z_slope_Intensity,z_level_Intensity_t5
0,1.1181800685272711,0.7189737637194314
1,-0.021740155385684627,-0.5149514183861503
2,-0.7413489612723744,0.6692061233596754
