K,silhouette,chosen_k,method,chosen_silhouette,feature
2,0.5497275974686083,2,kmeans,0.5497275974686083,CMI_z
3,0.5370240839377239,2,kmeans,0.5497275974686083,CMI_z
