cluster,CMI_z_center,cmi_label
0,-1.0156006419690535,Young
1,0.3817664208002485,Old
