cluster,z_slope_Intensity,z_level_Intensity_t5
0,1.0659431860645674,0.9565695037627651
1,-0.24428117044788775,-0.2128951056084714
