cluster,z_slope_Intensity,z_level_Intensity_t5
0,1.065943186064567,0.9565695037627651
1,-0.2442811704478877,-0.21289510560847136
