K,silhouette,chosen_k,method,chosen_silhouette,feature
2,0.5318992560480164,2,kmeans,0.5308819132906379,CMI_z
3,0.5098939018643411,2,kmeans,0.5308819132906379,CMI_z
