cluster,CMI_z_center,cmi_label
0,-0.9644816773726035,Young
1,0.45889446254557975,Old
